<?xml version="1.0" encoding="iso-8859-1"?>
<!DOCTYPE refentry PUBLIC "-//OASIS//DTD DocBook XML V4.3//EN" 
               "http://www.oasis-open.org/docbook/xml/4.3/docbookx.dtd" [
<!ENTITY version SYSTEM "version.xml">
]>
<refentry id="raptor-section-triples">
<refmeta>
<refentrytitle role="top_of_page">Triples</refentrytitle>
<manvolnum>3</manvolnum>
<refmiscinfo>RAPTOR Library</refmiscinfo>
</refmeta>

<refnamediv>
<refname>Triples</refname>
<refpurpose>RDF Triples</refpurpose>
<!--[<xref linkend="desc" endterm="desc.title"/>]-->
</refnamediv>

<refsynopsisdiv role="synopsis">
<title role="synopsis.title">Synopsis</title>

<synopsis>



enum                <link linkend="raptor-genid-type">raptor_genid_type</link>;
enum                <link linkend="raptor-identifier-type">raptor_identifier_type</link>;
                    <link linkend="raptor-identifier">raptor_identifier</link>;
<link linkend="raptor-identifier">raptor_identifier</link>*  <link linkend="raptor-new-identifier">raptor_new_identifier</link>               (<link linkend="raptor-identifier-type">raptor_identifier_type</link> type,
                                                         <link linkend="raptor-uri">raptor_uri</link> *uri,
                                                         <link linkend="raptor-uri-source">raptor_uri_source</link> uri_source,
                                                         unsigned <link linkend="char">char</link> *id,
                                                         unsigned <link linkend="char">char</link> *literal,
                                                         <link linkend="raptor-uri">raptor_uri</link> *literal_datatype,
                                                         unsigned <link linkend="char">char</link> *literal_language);
<link linkend="int">int</link>                 <link linkend="raptor-copy-identifier">raptor_copy_identifier</link>              (<link linkend="raptor-identifier">raptor_identifier</link> *dest,
                                                         <link linkend="raptor-identifier">raptor_identifier</link> *src);
<link linkend="void">void</link>                <link linkend="raptor-free-identifier">raptor_free_identifier</link>              (<link linkend="raptor-identifier">raptor_identifier</link> *identifier);
                    <link linkend="raptor-statement">raptor_statement</link>;
<link linkend="void">void</link>                <link linkend="raptor-print-statement">raptor_print_statement</link>              (const <link linkend="raptor-statement">raptor_statement</link> *statement,
                                                         <link linkend="FILE:CAPS">FILE</link> *stream);
<link linkend="void">void</link>                <link linkend="raptor-print-statement-as-ntriples">raptor_print_statement_as_ntriples</link>  (const <link linkend="raptor-statement">raptor_statement</link> *statement,
                                                         <link linkend="FILE:CAPS">FILE</link> *stream);
<link linkend="void">void</link>                <link linkend="raptor-print-statement-detailed">raptor_print_statement_detailed</link>     (const <link linkend="raptor-statement">raptor_statement</link> *statement,
                                                         <link linkend="int">int</link> detailed,
                                                         <link linkend="FILE:CAPS">FILE</link> *stream);
unsigned <link linkend="char">char</link>*      <link linkend="raptor-statement-part-as-counted-string">raptor_statement_part_as_counted_string</link>
                                                        (const <link linkend="void">void</link> *term,
                                                         <link linkend="raptor-identifier-type">raptor_identifier_type</link> type,
                                                         <link linkend="raptor-uri">raptor_uri</link> *literal_datatype,
                                                         unsigned <link linkend="char">char</link> *literal_language,
                                                         <link linkend="size-t">size_t</link> *len_p);
unsigned <link linkend="char">char</link>*      <link linkend="raptor-statement-part-as-string">raptor_statement_part_as_string</link>     (const <link linkend="void">void</link> *term,
                                                         <link linkend="raptor-identifier-type">raptor_identifier_type</link> type,
                                                         <link linkend="raptor-uri">raptor_uri</link> *literal_datatype,
                                                         unsigned <link linkend="char">char</link> *literal_language);
</synopsis>
</refsynopsisdiv>









<refsect1 role="desc">
<title role="desc.title">Description</title>
<para>
Representation of RDF triples inside Raptor.  They are a sequence
of three <link linkend="raptor-identifier"><type>raptor_identifier</type></link> which cover the RDF terms of
URI (<link linkend="RAPTOR-IDENTIFIER-TYPE-RESOURCE:CAPS"><literal>RAPTOR_IDENTIFIER_TYPE_RESOURCE</literal></link>),
Literal (<link linkend="RAPTOR-IDENTIFIER-TYPE-LITERAL:CAPS"><literal>RAPTOR_IDENTIFIER_TYPE_LITERAL</literal></link>) and
Blank Node (<link linkend="RAPTOR-IDENTIFIER-TYPE-ANONYMOUS:CAPS"><literal>RAPTOR_IDENTIFIER_TYPE_ANONYMOUS</literal></link>).
Some other <link linkend="raptor-identifer-type"><type>raptor_identifer_type</type></link> forms exist but are deprecated.
</para>
</refsect1>

<refsect1 role="details">
<title role="details.title">Details</title>
<refsect2>
<title><anchor id="raptor-genid-type" role="enum"/>enum raptor_genid_type</title>
<indexterm><primary>raptor_genid_type</primary></indexterm><programlisting>typedef enum {
  RAPTOR_GENID_TYPE_BNODEID,
  RAPTOR_GENID_TYPE_BAGID
} raptor_genid_type;
</programlisting>
<para>
Intended type for a generated identifier asked for by the handler
registered with <link linkend="raptor-set-generate-id-handler"><function>raptor_set_generate_id_handler()</function></link>.</para>
<para>

</para><variablelist role="enum">
<varlistentry>
<term><anchor id="RAPTOR-GENID-TYPE-BNODEID:CAPS" role="constant"/><literal>RAPTOR_GENID_TYPE_BNODEID</literal></term>
<listitem><simpara> Generated ID is for a blank node
</simpara></listitem>
</varlistentry>
<varlistentry>
<term><anchor id="RAPTOR-GENID-TYPE-BAGID:CAPS" role="constant"/><literal>RAPTOR_GENID_TYPE_BAGID</literal></term>
<listitem><simpara> Generated ID is for rdf:bagID
</simpara></listitem>
</varlistentry>
</variablelist></refsect2>
<refsect2>
<title><anchor id="raptor-identifier-type" role="enum"/>enum raptor_identifier_type</title>
<indexterm><primary>raptor_identifier_type</primary></indexterm><programlisting>typedef enum {
  RAPTOR_IDENTIFIER_TYPE_UNKNOWN,
  RAPTOR_IDENTIFIER_TYPE_RESOURCE,
  RAPTOR_IDENTIFIER_TYPE_ANONYMOUS,
  RAPTOR_IDENTIFIER_TYPE_PREDICATE,
  RAPTOR_IDENTIFIER_TYPE_ORDINAL,
  RAPTOR_IDENTIFIER_TYPE_LITERAL,
  RAPTOR_IDENTIFIER_TYPE_XML_LITERAL
} raptor_identifier_type;
</programlisting>
<para>
Type of identifier in a <link linkend="raptor-statement"><type>raptor_statement</type></link></para>
<para>

</para><variablelist role="enum">
<varlistentry>
<term><anchor id="RAPTOR-IDENTIFIER-TYPE-UNKNOWN:CAPS" role="constant"/><literal>RAPTOR_IDENTIFIER_TYPE_UNKNOWN</literal></term>
<listitem><simpara>     Internal
</simpara></listitem>
</varlistentry>
<varlistentry>
<term><anchor id="RAPTOR-IDENTIFIER-TYPE-RESOURCE:CAPS" role="constant"/><literal>RAPTOR_IDENTIFIER_TYPE_RESOURCE</literal></term>
<listitem><simpara>    Resource URI (e.g. <literal>rdf:about</literal>)
</simpara></listitem>
</varlistentry>
<varlistentry>
<term><anchor id="RAPTOR-IDENTIFIER-TYPE-ANONYMOUS:CAPS" role="constant"/><literal>RAPTOR_IDENTIFIER_TYPE_ANONYMOUS</literal></term>
<listitem><simpara>   <literal>_:foo</literal> N-Triples, or generated
</simpara></listitem>
</varlistentry>
<varlistentry>
<term><anchor id="RAPTOR-IDENTIFIER-TYPE-PREDICATE:CAPS" role="constant"/><literal>RAPTOR_IDENTIFIER_TYPE_PREDICATE</literal></term>
<listitem><simpara>   predicate URI.  WARNING: Will not be generated in in Raptor 1.4.9 or newer.  Instead a <link linkend="RAPTOR-IDENTIFIER-TYPE-RESOURCE:CAPS"><type>RAPTOR_IDENTIFIER_TYPE_RESOURCE</type></link> will be returned.
</simpara></listitem>
</varlistentry>
<varlistentry>
<term><anchor id="RAPTOR-IDENTIFIER-TYPE-ORDINAL:CAPS" role="constant"/><literal>RAPTOR_IDENTIFIER_TYPE_ORDINAL</literal></term>
<listitem><simpara>     <literal>rdf:li</literal>, <literal>rdf:_</literal><emphasis>n</emphasis>.  No longer generated in any parser in Raptor 1.4.10+, instead a <link linkend="RAPTOR-IDENTIFIER-TYPE-RESOURCE:CAPS"><type>RAPTOR_IDENTIFIER_TYPE_RESOURCE</type></link> is returned.
</simpara></listitem>
</varlistentry>
<varlistentry>
<term><anchor id="RAPTOR-IDENTIFIER-TYPE-LITERAL:CAPS" role="constant"/><literal>RAPTOR_IDENTIFIER_TYPE_LITERAL</literal></term>
<listitem><simpara>     regular literal
</simpara></listitem>
</varlistentry>
<varlistentry>
<term><anchor id="RAPTOR-IDENTIFIER-TYPE-XML-LITERAL:CAPS" role="constant"/><literal>RAPTOR_IDENTIFIER_TYPE_XML_LITERAL</literal></term>
<listitem><simpara> <literal>rdf:parseType="Literal"</literal>.  No longer generated by any parser in Raptor 1.4.8+, instead a <link linkend="RAPTOR-IDENTIFIER-TYPE-LITERAL:CAPS"><type>RAPTOR_IDENTIFIER_TYPE_LITERAL</type></link> is returned with a datatype of <literal>rdf:XMLLiteral</literal>.
</simpara></listitem>
</varlistentry>
</variablelist></refsect2>
<refsect2>
<title><anchor id="raptor-identifier" role="struct"/>raptor_identifier</title>
<indexterm><primary>raptor_identifier</primary></indexterm><programlisting>typedef struct {
  raptor_identifier_type type;
  raptor_uri *uri;
  raptor_uri_source uri_source;
  const unsigned char *id;
  int ordinal;
  int is_malloced;
  const unsigned char *literal;
  raptor_uri *literal_datatype;
  const unsigned char *literal_language;
} raptor_identifier;
</programlisting>
<para>
Raptor RDF term identifier.</para>
<para>

</para><variablelist role="struct">
<varlistentry>
<term><link linkend="raptor-identifier-type">raptor_identifier_type</link>&nbsp;<structfield>type</structfield>;</term>
<listitem><simpara> Type of identifier
</simpara></listitem>
</varlistentry>
<varlistentry>
<term><link linkend="raptor-uri">raptor_uri</link>&nbsp;*<structfield>uri</structfield>;</term>
<listitem><simpara> URI of identifier for types <link linkend="RAPTOR-IDENTIFIER-TYPE-RESOURCE:CAPS"><literal>RAPTOR_IDENTIFIER_TYPE_RESOURCE</literal></link> and
  <link linkend="RAPTOR-IDENTIFIER-TYPE-PREDICATE:CAPS"><literal>RAPTOR_IDENTIFIER_TYPE_PREDICATE</literal></link>
</simpara></listitem>
</varlistentry>
<varlistentry>
<term><link linkend="raptor-uri-source">raptor_uri_source</link>&nbsp;<structfield>uri_source</structfield>;</term>
<listitem><simpara> where the identifier (URI or blank node) came from
</simpara></listitem>
</varlistentry>
<varlistentry>
<term>const&nbsp;unsigned&nbsp;<link linkend="char">char</link>&nbsp;*<structfield>id</structfield>;</term>
<listitem><simpara> blank node identifier for type <link linkend="RAPTOR-IDENTIFIER-TYPE-ANONYMOUS:CAPS"><literal>RAPTOR_IDENTIFIER_TYPE_ANONYMOUS</literal></link>
</simpara></listitem>
</varlistentry>
<varlistentry>
<term><link linkend="int">int</link>&nbsp;<structfield>ordinal</structfield>;</term>
<listitem><simpara> integer ordinal for type <link linkend="RAPTOR-IDENTIFIER-TYPE-ORDINAL:CAPS"><literal>RAPTOR_IDENTIFIER_TYPE_ORDINAL</literal></link>
</simpara></listitem>
</varlistentry>
<varlistentry>
<term><link linkend="int">int</link>&nbsp;<structfield>is_malloced</structfield>;</term>
<listitem><simpara> internal
</simpara></listitem>
</varlistentry>
<varlistentry>
<term>const&nbsp;unsigned&nbsp;<link linkend="char">char</link>&nbsp;*<structfield>literal</structfield>;</term>
<listitem><simpara> literal string for types <link linkend="RAPTOR-IDENTIFIER-TYPE-LITERAL:CAPS"><literal>RAPTOR_IDENTIFIER_TYPE_LITERAL</literal></link> and
   <link linkend="RAPTOR-IDENTIFIER-TYPE-XML-LITERAL:CAPS"><literal>RAPTOR_IDENTIFIER_TYPE_XML_LITERAL</literal></link>
</simpara></listitem>
</varlistentry>
<varlistentry>
<term><link linkend="raptor-uri">raptor_uri</link>&nbsp;*<structfield>literal_datatype</structfield>;</term>
<listitem><simpara> RDF literal datatype URI for types
  <link linkend="RAPTOR-IDENTIFIER-TYPE-LITERAL:CAPS"><literal>RAPTOR_IDENTIFIER_TYPE_LITERAL</literal></link> and <link linkend="RAPTOR-IDENTIFIER-TYPE-XML-LITERAL:CAPS"><literal>RAPTOR_IDENTIFIER_TYPE_XML_LITERAL</literal></link>
</simpara></listitem>
</varlistentry>
<varlistentry>
<term>const&nbsp;unsigned&nbsp;<link linkend="char">char</link>&nbsp;*<structfield>literal_language</structfield>;</term>
<listitem><simpara> RDF literal language for type
  <link linkend="RAPTOR-IDENTIFIER-TYPE-LITERAL:CAPS"><literal>RAPTOR_IDENTIFIER_TYPE_LITERAL</literal></link>
</simpara></listitem>
</varlistentry>
</variablelist></refsect2>
<refsect2>
<title><anchor id="raptor-new-identifier" role="function"/>raptor_new_identifier ()</title>
<indexterm><primary>raptor_new_identifier</primary></indexterm><programlisting><link linkend="raptor-identifier">raptor_identifier</link>*  raptor_new_identifier               (<link linkend="raptor-identifier-type">raptor_identifier_type</link> type,
                                                         <link linkend="raptor-uri">raptor_uri</link> *uri,
                                                         <link linkend="raptor-uri-source">raptor_uri_source</link> uri_source,
                                                         unsigned <link linkend="char">char</link> *id,
                                                         unsigned <link linkend="char">char</link> *literal,
                                                         <link linkend="raptor-uri">raptor_uri</link> *literal_datatype,
                                                         unsigned <link linkend="char">char</link> *literal_language);</programlisting>
<para>
Constructor - create a raptor_identifier.
</para>
<para>
Constructs a new identifier copying the URI, ID fields.
SHARED means raptor_new_identifier owns this argument after calling.</para>
<para>

</para><variablelist role="params">
<varlistentry><term><parameter>type</parameter>&nbsp;:</term>
<listitem><simpara> raptor_identifier_type of identifier
</simpara></listitem></varlistentry>
<varlistentry><term><parameter>uri</parameter>&nbsp;:</term>
<listitem><simpara> <link linkend="raptor-uri"><type>raptor_uri</type></link> of identifier (if relevant) (SHARED)
</simpara></listitem></varlistentry>
<varlistentry><term><parameter>uri_source</parameter>&nbsp;:</term>
<listitem><simpara> raptor_uri_source of URI (if relevant)
</simpara></listitem></varlistentry>
<varlistentry><term><parameter>id</parameter>&nbsp;:</term>
<listitem><simpara> string for ID or genid (if relevant) (SHARED)
</simpara></listitem></varlistentry>
<varlistentry><term><parameter>literal</parameter>&nbsp;:</term>
<listitem><simpara> string for literal (SHARED)
</simpara></listitem></varlistentry>
<varlistentry><term><parameter>literal_datatype</parameter>&nbsp;:</term>
<listitem><simpara> <link linkend="raptor-uri"><type>raptor_uri</type></link> of identifier (SHARED)
</simpara></listitem></varlistentry>
<varlistentry><term><parameter>literal_language</parameter>&nbsp;:</term>
<listitem><simpara> literal language (SHARED)
</simpara></listitem></varlistentry>
<varlistentry><term><emphasis>Returns</emphasis>&nbsp;:</term><listitem><simpara> a new raptor_identifier object or NULL on failure
</simpara></listitem></varlistentry>
</variablelist></refsect2>
<refsect2>
<title><anchor id="raptor-copy-identifier" role="function"/>raptor_copy_identifier ()</title>
<indexterm><primary>raptor_copy_identifier</primary></indexterm><programlisting><link linkend="int">int</link>                 raptor_copy_identifier              (<link linkend="raptor-identifier">raptor_identifier</link> *dest,
                                                         <link linkend="raptor-identifier">raptor_identifier</link> *src);</programlisting>
<para>
Copy raptor_identifiers.</para>
<para>

</para><variablelist role="params">
<varlistentry><term><parameter>dest</parameter>&nbsp;:</term>
<listitem><simpara> destination <link linkend="raptor-identifier"><type>raptor_identifier</type></link> (previously created)
</simpara></listitem></varlistentry>
<varlistentry><term><parameter>src</parameter>&nbsp;:</term>
<listitem><simpara>  source <link linkend="raptor-identifier"><type>raptor_identifier</type></link>
</simpara></listitem></varlistentry>
<varlistentry><term><emphasis>Returns</emphasis>&nbsp;:</term><listitem><simpara> Non 0 on failure
</simpara></listitem></varlistentry>
</variablelist></refsect2>
<refsect2>
<title><anchor id="raptor-free-identifier" role="function"/>raptor_free_identifier ()</title>
<indexterm><primary>raptor_free_identifier</primary></indexterm><programlisting><link linkend="void">void</link>                raptor_free_identifier              (<link linkend="raptor-identifier">raptor_identifier</link> *identifier);</programlisting>
<para>
Destructor - destroy a raptor_identifier object.</para>
<para>

</para><variablelist role="params">
<varlistentry><term><parameter>identifier</parameter>&nbsp;:</term>
<listitem><simpara> <link linkend="raptor-identifier"><type>raptor_identifier</type></link> object
</simpara></listitem></varlistentry>
</variablelist></refsect2>
<refsect2>
<title><anchor id="raptor-statement" role="struct"/>raptor_statement</title>
<indexterm><primary>raptor_statement</primary></indexterm><programlisting>typedef struct {
  const void *subject;
  raptor_identifier_type subject_type;
  const void *predicate;
  raptor_identifier_type predicate_type;
  const void *object;
  raptor_identifier_type object_type;
  raptor_uri *object_literal_datatype;
  const unsigned char *object_literal_language;
} raptor_statement;
</programlisting>
<para>
An RDF triple
</para>
<para>
See <link linkend="raptor-identifier"><type>raptor_identifier</type></link> for a description of how the fields may be used.
As returned by a parser statement_handler.</para>
<para>

</para><variablelist role="struct">
<varlistentry>
<term>const&nbsp;<link linkend="void">void</link>&nbsp;*<structfield>subject</structfield>;</term>
<listitem><simpara> triple subject data
</simpara></listitem>
</varlistentry>
<varlistentry>
<term><link linkend="raptor-identifier-type">raptor_identifier_type</link>&nbsp;<structfield>subject_type</structfield>;</term>
<listitem><simpara> triple subject type
</simpara></listitem>
</varlistentry>
<varlistentry>
<term>const&nbsp;<link linkend="void">void</link>&nbsp;*<structfield>predicate</structfield>;</term>
<listitem><simpara> triple predicate data
</simpara></listitem>
</varlistentry>
<varlistentry>
<term><link linkend="raptor-identifier-type">raptor_identifier_type</link>&nbsp;<structfield>predicate_type</structfield>;</term>
<listitem><simpara> triple predicate type
</simpara></listitem>
</varlistentry>
<varlistentry>
<term>const&nbsp;<link linkend="void">void</link>&nbsp;*<structfield>object</structfield>;</term>
<listitem><simpara> triple object literal string
</simpara></listitem>
</varlistentry>
<varlistentry>
<term><link linkend="raptor-identifier-type">raptor_identifier_type</link>&nbsp;<structfield>object_type</structfield>;</term>
<listitem><simpara> triple object type
</simpara></listitem>
</varlistentry>
<varlistentry>
<term><link linkend="raptor-uri">raptor_uri</link>&nbsp;*<structfield>object_literal_datatype</structfield>;</term>
<listitem><simpara> triple object literal datatype URI (or NULL)
</simpara></listitem>
</varlistentry>
<varlistentry>
<term>const&nbsp;unsigned&nbsp;<link linkend="char">char</link>&nbsp;*<structfield>object_literal_language</structfield>;</term>
<listitem><simpara> triple object literal language string (or NULL)
</simpara></listitem>
</varlistentry>
</variablelist></refsect2>
<refsect2>
<title><anchor id="raptor-print-statement" role="function"/>raptor_print_statement ()</title>
<indexterm><primary>raptor_print_statement</primary></indexterm><programlisting><link linkend="void">void</link>                raptor_print_statement              (const <link linkend="raptor-statement">raptor_statement</link> *statement,
                                                         <link linkend="FILE:CAPS">FILE</link> *stream);</programlisting>
<para>
Print a raptor_statement to a stream.</para>
<para>

</para><variablelist role="params">
<varlistentry><term><parameter>statement</parameter>&nbsp;:</term>
<listitem><simpara> <link linkend="raptor-statement"><type>raptor_statement</type></link> object to print
</simpara></listitem></varlistentry>
<varlistentry><term><parameter>stream</parameter>&nbsp;:</term>
<listitem><simpara> <link linkend="FILE:CAPS"><type>FILE</type></link>* stream
</simpara></listitem></varlistentry>
</variablelist></refsect2>
<refsect2>
<title><anchor id="raptor-print-statement-as-ntriples" role="function"/>raptor_print_statement_as_ntriples ()</title>
<indexterm><primary>raptor_print_statement_as_ntriples</primary></indexterm><programlisting><link linkend="void">void</link>                raptor_print_statement_as_ntriples  (const <link linkend="raptor-statement">raptor_statement</link> *statement,
                                                         <link linkend="FILE:CAPS">FILE</link> *stream);</programlisting>
<para>
Print a raptor_statement in N-Triples form.</para>
<para>

</para><variablelist role="params">
<varlistentry><term><parameter>statement</parameter>&nbsp;:</term>
<listitem><simpara> <link linkend="raptor-statement"><type>raptor_statement</type></link> to print
</simpara></listitem></varlistentry>
<varlistentry><term><parameter>stream</parameter>&nbsp;:</term>
<listitem><simpara> <link linkend="FILE:CAPS"><type>FILE</type></link>* stream
</simpara></listitem></varlistentry>
</variablelist></refsect2>
<refsect2>
<title><anchor id="raptor-print-statement-detailed" role="function"/>raptor_print_statement_detailed ()</title>
<indexterm><primary>raptor_print_statement_detailed</primary></indexterm><programlisting><link linkend="void">void</link>                raptor_print_statement_detailed     (const <link linkend="raptor-statement">raptor_statement</link> *statement,
                                                         <link linkend="int">int</link> detailed,
                                                         <link linkend="FILE:CAPS">FILE</link> *stream);</programlisting>
<para>
Print a raptor_statement to a stream in a detailed fashion.
</para>
<para>
No current difference from calling <link linkend="raptor-print-statement"><function>raptor_print_statement()</function></link>.</para>
<para>

</para><variablelist role="params">
<varlistentry><term><parameter>statement</parameter>&nbsp;:</term>
<listitem><simpara> <link linkend="raptor-statement"><type>raptor_statement</type></link> object to print
</simpara></listitem></varlistentry>
<varlistentry><term><parameter>detailed</parameter>&nbsp;:</term>
<listitem><simpara> unused
</simpara></listitem></varlistentry>
<varlistentry><term><parameter>stream</parameter>&nbsp;:</term>
<listitem><simpara> <link linkend="FILE:CAPS"><type>FILE</type></link>* stream
</simpara></listitem></varlistentry>
</variablelist></refsect2>
<refsect2>
<title><anchor id="raptor-statement-part-as-counted-string" role="function"/>raptor_statement_part_as_counted_string ()</title>
<indexterm><primary>raptor_statement_part_as_counted_string</primary></indexterm><programlisting>unsigned <link linkend="char">char</link>*      raptor_statement_part_as_counted_string
                                                        (const <link linkend="void">void</link> *term,
                                                         <link linkend="raptor-identifier-type">raptor_identifier_type</link> type,
                                                         <link linkend="raptor-uri">raptor_uri</link> *literal_datatype,
                                                         unsigned <link linkend="char">char</link> *literal_language,
                                                         <link linkend="size-t">size_t</link> *len_p);</programlisting>
<para>
Turns part of raptor statement into a N-Triples format counted string.
</para>
<para>
Turns the given <parameter>term</parameter> into an N-Triples escaped string using all the
escapes as defined in http://www.w3.org/TR/rdf-testcases/<link linkend="ntriples"><type>ntriples</type></link>
</para>
<para>
The part (subject, predicate, object) of the raptor_statement is
typically passed in as <parameter>term</parameter>, the part type (subject_type,
predicate_type, object_type) is passed in as <parameter>type</parameter>.  When the part
is a literal, the <parameter>literal_datatype</parameter> and <parameter>literal_language</parameter> fields
are set, otherwise NULL (usually object_datatype,
object_literal_language).</para>
<para>

</para><variablelist role="params">
<varlistentry><term><parameter>term</parameter>&nbsp;:</term>
<listitem><simpara> <link linkend="raptor-statement"><type>raptor_statement</type></link> part (subject, predicate, object)
</simpara></listitem></varlistentry>
<varlistentry><term><parameter>type</parameter>&nbsp;:</term>
<listitem><simpara> <link linkend="raptor-statement"><type>raptor_statement</type></link> part type
</simpara></listitem></varlistentry>
<varlistentry><term><parameter>literal_datatype</parameter>&nbsp;:</term>
<listitem><simpara> <link linkend="raptor-statement"><type>raptor_statement</type></link> part datatype
</simpara></listitem></varlistentry>
<varlistentry><term><parameter>literal_language</parameter>&nbsp;:</term>
<listitem><simpara> <link linkend="raptor-statement"><type>raptor_statement</type></link> part language
</simpara></listitem></varlistentry>
<varlistentry><term><parameter>len_p</parameter>&nbsp;:</term>
<listitem><simpara> Pointer to location to store length of new string (if not NULL)
</simpara></listitem></varlistentry>
<varlistentry><term><emphasis>Returns</emphasis>&nbsp;:</term><listitem><simpara> the new string or NULL on failure.  The length of
the new string is returned in *<parameter>len_p</parameter> if len_p is not NULL.
</simpara></listitem></varlistentry>
</variablelist></refsect2>
<refsect2>
<title><anchor id="raptor-statement-part-as-string" role="function"/>raptor_statement_part_as_string ()</title>
<indexterm><primary>raptor_statement_part_as_string</primary></indexterm><programlisting>unsigned <link linkend="char">char</link>*      raptor_statement_part_as_string     (const <link linkend="void">void</link> *term,
                                                         <link linkend="raptor-identifier-type">raptor_identifier_type</link> type,
                                                         <link linkend="raptor-uri">raptor_uri</link> *literal_datatype,
                                                         unsigned <link linkend="char">char</link> *literal_language);</programlisting>
<para>
Turns part of raptor statement into a N-Triples format string.
</para>
<para>
Turns the given <parameter>term</parameter> into an N-Triples escaped string using all the
escapes as defined in http://www.w3.org/TR/rdf-testcases/<link linkend="ntriples"><type>ntriples</type></link>
</para>
<para>
The part (subject, predicate, object) of the raptor_statement is
typically passed in as <parameter>term</parameter>, the part type (subject_type,
predicate_type, object_type) is passed in as <parameter>type</parameter>.  When the part
is a literal, the <parameter>literal_datatype</parameter> and <parameter>literal_language</parameter> fields
are set, otherwise NULL (usually object_datatype,
object_literal_language).</para>
<para>

</para><variablelist role="params">
<varlistentry><term><parameter>term</parameter>&nbsp;:</term>
<listitem><simpara> <link linkend="raptor-statement"><type>raptor_statement</type></link> part (subject, predicate, object)
</simpara></listitem></varlistentry>
<varlistentry><term><parameter>type</parameter>&nbsp;:</term>
<listitem><simpara> <link linkend="raptor-statement"><type>raptor_statement</type></link> part type
</simpara></listitem></varlistentry>
<varlistentry><term><parameter>literal_datatype</parameter>&nbsp;:</term>
<listitem><simpara> <link linkend="raptor-statement"><type>raptor_statement</type></link> part datatype
</simpara></listitem></varlistentry>
<varlistentry><term><parameter>literal_language</parameter>&nbsp;:</term>
<listitem><simpara> <link linkend="raptor-statement"><type>raptor_statement</type></link> part language
</simpara></listitem></varlistentry>
<varlistentry><term><emphasis>Returns</emphasis>&nbsp;:</term><listitem><simpara> the new string or NULL on failure.
</simpara></listitem></varlistentry>
</variablelist></refsect2>

</refsect1>




</refentry>
