﻿<?xml version="1.0" encoding="utf-8"?>
<UrlList>
    <Url Source="file:///O:/My Documents/COMET Graphics/AOI_Select_Rectangle.gif" />
    <Url Source="file:///O:/My Documents/COMET Graphics/sec_markings1.jpg" />
    <Url Source="file:///O:/My Documents/COMET Graphics/ShapeFileExport.gif" />
    <Url Source="file:///O:/My Documents/COMET Graphics/Tutorial2TextBox.gif" />
    <Url Source="file:///O:/My Documents/COMET Help Project/COMET Help/Content/image417.gif" />
    <Url Source="file:///O:/My Documents/COMET Help Project/COMET Help/Content/Menu_Location.gif" />
    <Url Source="file:///O:/My Documents/COMET Help Project/COMET Help/Content/Rename_AOI.gif" />
    <Url Source="file:///O:/My Documents/COMET Graphics/New_Layer_AOI.gif" />
    <Url Source="image15.jpg" />
    <Url Source="image10.jpg" />
    <Url Source="file:///O:/My Documents/COMET Graphics/Import_geo_features.gif" />
    <Url Source="file:///O:/My Documents/COMET Graphics/Geo_dialog.gif" />
    <Url Source="file:///O:/My Documents/COMET Graphics/Save_PCA_Transform.gif" />
    <Url Source="file:///O:/My Documents/COMET Graphics/Band_Selection_Tutorial.gif" />
    <Url Source="file:///O:/My Documents/COMET Graphics/Advance_end_button.gif" />
    <Url Source="file:///O:/My Documents/COMET Graphics/Rewind_Beginning_Button.gif" />
    <Url Source="file:///O:/My Documents/COMET Graphics/Reset_Button.gif" />
    <Url Source="file:///O:/My Documents/COMET Graphics/Brightness_layer.gif" />
    <Url Source="file:///O:/My Documents/COMET Help Project/COMET Help/Content/Tutorials/scenario10_files/image038.jpg" />
    <Url Source="file:///O:/My Documents/COMET Help Project/COMET Help/Content/Tutorials/scenario10_files/image032.jpg" />
    <Url Source="Tutorials/scenario10_files/image028.jpg" />
    <Url Source="file:///O:/My Documents/COMET Graphics/Tutorial_Change_Color.gif" />
    <Url Source="file:///O:/My Documents/COMET Graphics/Tutorial_Product_Display.gif" />
    <Url Source="file:///O:/My Documents/COMET Graphics/Font_size.gif" />
    <Url Source="file:///O:/My Documents/COMET Graphics/Select_Text_Box.gif" />
    <Url Source="file:///O:/My Documents/COMET Help Project/COMET Help/Content/Resources/Images/Select_Text_Box.gif" />
    <Url Source="file:///O:/My Documents/COMET Graphics/Import_Shape_2.gif" />
    <Url Source="file:///O:/My Documents/COMET Help Project/COMET Help/Content/Resources/Images/Import_Shape_2.gif" />
    <Url Source="Resources/Images/Change_template.gif" />
    <Url Source="image317.gif" />
    <Url Source="file:///O:/My Documents/COMET Help Project/COMET Help/Content/image438.gif" />
    <Url Source="file:///O:/My Documents/COMET Help Project/COMET Help/Content/image435.gif" />
    <Url Source="image16.jpg" />
    <Url Source="image360.gif" />
    <Url Source="file:///O:/My Documents/COMET Graphics/Geofeature_4.gif" />
    <Url Source="file:///O:/My Documents/COMET Graphics/Geofeature_3.gif" />
    <Url Source="file:///O:/My Documents/COMET Help Project/COMET Help/Content/Resources/Images/Geofeature_3.gif" />
    <Url Source="Resources/Images/geodb_display.gif" />
    <Url Source="file:///O:/My Documents/COMET Graphics/Results_Exporter_tab.gif" />
    <Url Source="file:///O:/My Documents/COMET Graphics/Results_Exporter_Subset.gif" />
    <Url Source="file:///O:/My Documents/COMET Graphics/nitf_classification_export.gif" />
    <Url Source="file:///O:/My Documents/COMET Graphics/NITF_Import_Metadata.gif" />
    <Url Source="file:///O:/My Documents/COMET Graphics/NITF_Importer.gif" />
    <Url Source="image322.gif" />
    <Url Source="file:///O:/My Documents/COMET Graphics/Tutorial_2_SessionExplorer.gif" />
    <Url Source="file:///O:/My Documents/COMET Help Project/COMET Help/Content/image509.gif" />
    <Url Source="file:///O:/My Documents/COMET Graphics/Import_Shape_3.gif" />
    <Url Source="file:///O:/My Documents/COMET Graphics/Import_Shape_1.gif" />
    <Url Source="file:///O:/My Documents/COMET Graphics/Export_Movie_Options.gif" />
    <Url Source="Resources/Images/Minus_box_gray.gif" />
    <Url Source="Resources/Images/Plus_box_gray.gif" />
    <Url Source="file:///O:/My Documents/COMET Help Project/COMET Help/Content/Resources/Images/Plus_box_gray.gif" />
    <Url Source="file:///O:/My Documents/COMET Graphics/Compression_Option_JPEG.gif" />
    <Url Source="file:///O:/My Documents/COMET Graphics/Options_geotiff.gif" />
    <Url Source="file:///O:/My Documents/COMET Graphics/Compression_Options_JPEG.gif" />
    <Url Source="file:///O:/My Documents/COMET Graphics/Compression_Option_GeoTIFF.gif" />
    <Url Source="file:///O:/My Documents/COMET Help Project/COMET Help/Content/Resources/Images/Compression_Option_GeoTIFF.gif" />
    <Url Source="file:///O:/My Documents/COMET Graphics/Compression Option GeoTIFF.gif" />
    <Url Source="file:///O:/My Documents/COMET Graphics/Export_Product.gif" />
    <Url Source="file:///O:/My Documents/COMET Graphics/Browse_for_Folder.gif" />
    <Url Source="file:///O:/My Documents/COMET Help Project/COMET Help/Content/Resources/Images/Browse_for_Folder.gif" />
    <Url Source="file:///O:/My Documents/COMET Graphics/Band Selection Options.gif" />
    <Url Source="file:///O:/My Documents/COMET Graphics/Raster Layer Properties2.gif" />
    <Url Source="file:///O:/My Documents/COMET Graphics/Raster Layer Properties Select.gif" />
    <Url Source="file:///O:/My Documents/COMET Graphics/Cube Layer Properties select.gif" />
    <Url Source="file:///O:/My Documents/COMET Graphics/Shape File Importer 3.gif" />
    <Url Source="file:///O:/My Documents/COMET Graphics/Shape File Importer 2.gif" />
    <Url Source="file:///O:/My Documents/COMET Graphics/Shape File Importer 1.gif" />
    <Url Source="file:///O:/My Documents/COMET Graphics/Auto Importer 3.gif" />
    <Url Source="file:///O:/My Documents/COMET Graphics/Auto Importer 2.gif" />
    <Url Source="file:///O:/My Documents/COMET Graphics/Auto Importer 1.gif" />
    <Url Source="file:///O:/My Documents/COMET Graphics/Import Options 4.png" />
    <Url Source="file:///O:/My Documents/COMET Graphics/Import Options 2.gif" />
    <Url Source="file:///O:/My Documents/COMET Graphics/Import Options 3.gif" />
    <Url Source="file:///O:/My Documents/COMET Help Project/COMET Help/Content/Resources/Images/Import Options 3.gif" />
    <Url Source="file:///O:/My Documents/COMET Graphics/Import Options 1.gif" />
    <Url Source="file:///O:/My Documents/COMET Graphics/Import Options.gif" />
    <Url Source="file:///O:/My Documents/COMET Graphics/JPEG Exporter.gif" />
    <Url Source="file:///O:/My Documents/COMET Graphics/Data Elements Properties 4.gif" />
    <Url Source="file:///O:/My Documents/COMET Graphics/Data Elements Properties 3.gif" />
    <Url Source="file:///O:/My Documents/COMET Graphics/Data Elements Properties.gif" />
    <Url Source="file:///O:/My Documents/COMET Graphics/Data Elements Properties 2.gif" />
    <Url Source="file:///O:/My Documents/COMET Graphics/ASPAM Importer.gif" />
    <Url Source="file:///O:/My Documents/COMET Help Project/COMET Help/Content/Resources/Images/ASPAM Importer.gif" />
    <Url Source="file:///O:/My Documents/COMET Graphics/Session Explorer Button.gif" />
    <Url Source="file:///O:/My Documents/COMET Graphics/Change template.gif" />
    <Url Source="file:///O:/My Documents/COMET Graphics/File Location select.gif" />
    <Url Source="file:///O:/My Documents/COMET Graphics/Nautical Miles button.gif" />
    <Url Source="file:///O:/My Documents/COMET Graphics/Main Window.gif" />
    <Url Source="file:///O:/My Documents/COMET Graphics/No symbol.gif" />
    <Url Source="file:///O:/My Documents/COMET Graphics/Animations Tab.gif" />
    <Url Source="file:///O:/My Documents/COMET Graphics/Step Forward button.gif" />
    <Url Source="file:///O:/My Documents/COMET Graphics/Step Back button.gif" />
    <Url Source="file:///O:/My Documents/COMET Graphics/Product Class Properties.gif" />
    <Url Source="file:///O:/My Documents/COMET Graphics/Product Properties.gif" />
    <Url Source="file:///O:/My Documents/COMET Graphics/Scripting Prop Dialog.gif" />
    <Url Source="file:///O:/My Documents/COMET Graphics/Scripting Window Select.gif" />
    <Url Source="file:///O:/My Documents/COMET Graphics/Geo Results Select.gif" />
    <Url Source="file:///O:/My Documents/COMET Graphics/Geo Properties.gif" />
    <Url Source="file:///O:/My Documents/COMET Graphics/Cube Layer Properties.gif" />
    <Url Source="file:///O:/My Documents/COMET Graphics/Set Zoom Trail.gif" />
    <Url Source="file:///O:/My Documents/COMET Graphics/Set Opacity.gif" />
    <Url Source="file:///O:/My Documents/COMET Help Project/COMET Help/Content/Resources/Images/Set Opacity.gif" />
    <Url Source="file:///O:/My Documents/COMET Graphics/Options Layers Annotation.gif" />
    <Url Source="file:///O:/My Documents/COMET Graphics/Movie Product window.gif" />
    <Url Source="file:///O:/My Documents/COMET Graphics/Compression Option JPEG.gif" />
    <Url Source="file:///O:/My Documents/COMET Graphics/Options Open.gif" />
    <Url Source="file:///O:/My Documents/COMET Graphics/Minus box gray.gif" />
    <Url Source="file:///O:/My Documents/COMET Graphics/Plus box gray.gif" />
    <Url Source="file:///O:/My Documents/COMET Graphics/Import Data.gif" />
    <Url Source="file:///O:/My Documents/COMET Graphics/Annotation Layer Properties.gif" />
    <Url Source="file:///O:/My Documents/COMET Graphics/Create Layer.gif" />
    <Url Source="file:///O:/My Documents/COMET Graphics/Raster Layer Properties.gif" />
    <Url Source="file:///O:/My Documents/COMET Graphics/Metadata dialog.gif" />
    <Url Source="file:///O:/My Documents/COMET Graphics/Metadata.gif" />
    <Url Source="file:///O:/My Documents/COMET Graphics/SE Elements.gif" />
    <Url Source="file:///O:/My Documents/COMET Graphics/Message Log Window SE.gif" />
    <Url Source="file:///O:/My Documents/COMET Graphics/Geofeature 3.gif" />
    <Url Source="file:///O:/My Documents/COMET Graphics/Geofeature 2.gif" />
    <Url Source="file:///O:/My Documents/COMET Graphics/Geofeature 1.gif" />
    <Url Source="file:///O:/My Documents/COMET Graphics/Plug-Ins Properties.gif" />
    <Url Source="file:///O:/My Documents/COMET Graphics/Plug-Ins Select.gif" />
    <Url Source="file:///O:/My Documents/COMET Graphics/Plug-Ins Tab.gif" />
    <Url Source="file:///O:/My Documents/COMET Graphics/GCP Layer Properties dialog.gif" />
    <Url Source="file:///O:/My Documents/COMET Graphics/GCP Layer Properties.gif" />
    <Url Source="file:///O:/My Documents/COMET Graphics/Activate Band.gif" />
    <Url Source="file:///O:/My Documents/COMET Graphics/Colormap Editor Example.gif" />
    <Url Source="file:///O:/My Documents/COMET Graphics/Colormap Editor.gif" />
    <Url Source="file:///O:/My Documents/COMET Graphics/Colormap Select Layer.gif" />
    <Url Source="file:///O:/My Documents/COMET Graphics/X button.gif" />
    <Url Source="file:///O:/My Documents/COMET Graphics/Image Properties.gif" />
    <Url Source="file:///O:/My Documents/COMET Graphics/Image Display Properties.gif" />
    <Url Source="file:///O:/My Documents/COMET Graphics/CC Properties dialog.gif" />
    <Url Source="file:///O:/My Documents/COMET Graphics/Corner Coordinates Layer Properties.gif" />
    <Url Source="file:///O:/My Documents/COMET Graphics/Custom Zoom.gif" />
    <Url Source="file:///O:/My Documents/COMET Graphics/Activate Layer 2.gif" />
    <Url Source="file:///O:/My Documents/COMET Graphics/Activate Layer 1.gif" />
    <Url Source="file:///O:/My Documents/COMET Graphics/Units button.gif" />
    <Url Source="file:///O:/My Documents/COMET Graphics/Layer button.gif" />
    <Url Source="file:///O:/My Documents/COMET Graphics/Spatial Sampling.gif" />
    <Url Source="file:///O:/My Documents/COMET Graphics/Hist Window select 2.gif" />
    <Url Source="file:///O:/My Documents/COMET Graphics/Hist Window Plot View.gif" />
    <Url Source="file:///O:/My Documents/COMET Graphics/Hist Window select.gif" />
    <Url Source="file:///O:/My Documents/COMET Graphics/GCP marker symbol.gif" />
    <Url Source="file:///O:/My Documents/COMET Graphics/Save options.gif" />
    <Url Source="file:///O:/My Documents/COMET Graphics/General options.gif" />
    <Url Source="file:///O:/My Documents/COMET Graphics/Browse for Folder.gif" />
    <Url Source="file:///O:/My Documents/COMET Graphics/Browse button.gif" />
    <Url Source="file:///O:/My Documents/COMET Graphics/File Location.gif" />
    <Url Source="file:///O:/My Documents/COMET Graphics/Current Shortcuts.gif" />
    <Url Source="file:///O:/My Documents/COMET Graphics/Minus box.gif" />
    <Url Source="file:///O:/My Documents/COMET Graphics/Plus box.gif" />
    <Url Source="file:///O:/My Documents/COMET Graphics/Keyboard Shortcut Select.gif" />
    <Url Source="file:///O:/My Documents/COMET Graphics/Scale button.gif" />
    <Url Source="file:///O:/My Documents/COMET Graphics/File image button.gif" />
    <Url Source="file:///O:/My Documents/COMET Graphics/Text Object.gif" />
    <Url Source="file:///O:/My Documents/COMET Graphics/Frame Label button.gif" />
    <Url Source="file:///O:/My Documents/COMET Graphics/Ann Object create button.gif" />
    <Url Source="file:///O:/My Documents/COMET Graphics/Lock button.gif" />
    <Url Source="file:///O:/My Documents/COMET Graphics/AOI Pixels.gif" />
    <Url Source="file:///O:/My Documents/COMET Graphics/Edit mode on button.gif" />
    <Url Source="file:///O:/My Documents/COMET Graphics/Edit Mode Off button.gif" />
    <Url Source="file:///O:/My Documents/COMET Graphics/Message Log Window.gif" />
    <Url Source="file:///O:/My Documents/COMET Graphics/Tie Point Layer Properties.gif" />
    <Url Source="file:///O:/My Documents/COMET Graphics/Session Explorer Tie Point Layer.gif" />
    <Url Source="file:///O:/My Documents/COMET Graphics/GCP Editor.gif" />
    <Url Source="file:///O:/My Documents/COMET Graphics/Session Explorer GCP List.gif" />
    <Url Source="file:///O:/My Documents/COMET Graphics/Session Explorer AOI Layer.gif" />
    <Url Source="file:///O:/My Documents/COMET Graphics/Session Explorer Annotation Layer.gif" />
    <Url Source="file:///O:/My Documents/COMET Graphics/AOI Layer Properties.gif" />
    <Url Source="file:///O:/My Documents/COMET Graphics/New Layer Added.gif" />
    <Url Source="file:///O:/My Documents/COMET Graphics/New Layer.gif" />
    <Url Source="file:///O:/My Documents/COMET Graphics/Save Session Close.gif" />
    <Url Source="file:///O:/My Documents/COMET Graphics/Session Explorer Plug-Ins Tab.gif" />
    <Url Source="file:///O:/My Documents/COMET Graphics/Session Explorer Elements Tab.gif" />
    <Url Source="file:///O:/My Documents/COMET Graphics/Session Explorer Windows Tab.gif" />
    <Url Source="file:///O:/My Documents/COMET Graphics/Properties Spatial Data View tab.gif" />
    <Url Source="file:///O:/My Documents/COMET Graphics/Properties View tab.gif" />
    <Url Source="file:///O:/My Documents/COMET Graphics/Open Session dialog.gif" />
    <Url Source="file:///O:/My Documents/COMET Graphics/Save Session As dialog.gif" />
    <Url Source="file:///O:/My Documents/COMET Graphics/Close Session dialog.gif" />
    <Url Source="file:///O:/My Documents/COMET Graphics/Link Unlink Step 3.gif" />
    <Url Source="file:///O:/My Documents/COMET Graphics/Link Unlink Views.gif" />
    <Url Source="file:///O:/My Documents/COMET Graphics/Link Unlink Layers.gif" />
    <Url Source="file:///O:/My Documents/COMET Graphics/Link Unlink Step 1.gif" />
    <Url Source="file:///O:/My Documents/COMET Graphics/Options Window Workspace Cube.gif" />
    <Url Source="file:///O:/My Documents/COMET Graphics/Options Windows Workspace All.gif" />
    <Url Source="file:///O:/My Documents/COMET Graphics/Options Windows Status Bar.gif" />
    <Url Source="file:///O:/My Documents/COMET Graphics/Options Window Overview.gif" />
    <Url Source="file:///O:/My Documents/COMET Graphics/Options Layers Tie Points.gif" />
    <Url Source="file:///O:/My Documents/COMET Graphics/Options Layers Threshold.gif" />
    <Url Source="file:///O:/My Documents/COMET Graphics/Options Layers Raster.gif" />
    <Url Source="file:///O:/My Documents/COMET Graphics/Options Layers Pseudocolor.gif" />
    <Url Source="file:///O:/My Documents/COMET Graphics/Options Layers Lat Lon.gif" />
    <Url Source="file:///O:/My Documents/COMET Graphics/Options Layers GCP.gif" />
    <Url Source="file:///O:/My Documents/COMET Graphics/Options Layers AOI.gif" />
    <Url Source="file:///O:/My Documents/COMET Graphics/Keyboard Shortcut 3.gif" />
    <Url Source="file:///O:/My Documents/COMET Graphics/Keyboard Shortcut 2.gif" />
    <Url Source="file:///O:/My Documents/COMET Graphics/Keyboard Shortcuts.gif" />
    <Url Source="file:///O:/My Documents/COMET Graphics/Session Explorer 1.gif" />
</UrlList>