﻿<?xml version="1.0" encoding="utf-8"?>
<UrlList>
    <Url Source="Resources/Images/Browse_button.gif" />
    <Url Source="Resources/Images/IDMATS/Browse_for_Path.png" />
    <Url Source="Resources/Images/IDMATS/Annotation_Image_Options2.gif" />
    <Url Source="Resources/Images/Wizard_Builder_Callouts.png" />
    <Url Source="Resources/Images/Create_tie_points.png" />
    <Url Source="Resources/Images/Select_ROI.gif" />
    <Url Source="Resources/Images/Copy_Layers.gif" />
    <Url Source="Resources/Images/Quick_Look_Data_Fusion.gif" />
    <Url Source="Resources/Images/ENVI_Importer.gif" />
    <Url Source="Resources/Images/Select_color.png" />
    <Url Source="Resources/Images/Select_Color.gif" />
    <Url Source="Resources/Images/PCA_Eigen.gif" />
    <Url Source="Resources/Images/PCA_2.gif" />
    <Url Source="Resources/Images/PCA_3.gif" />
    <Url Source="Resources/Images/PCA_1.gif" />
    <Url Source="Resources/Images/Band_Math.gif" />
    <Url Source="Resources/Images/Edit_Metadata.gif" />
    <Url Source="Resources/Images/Add_Child.gif" />
    <Url Source="Resources/Images/Modify_Values.gif" />
    <Url Source="Resources/Images/Import_Options_4.gif" />
    <Url Source="Resources/Images/Georeference.gif" />
    <Url Source="Resources/Images/Merge_AOIs.gif" />
    <Url Source="Resources/Images/IDMATS/Remove_Palette_Path.gif" />
    <Url Source="Resources/Images/IDMATS/Annotation_Image_Options3.gif" />
    <Url Source="Resources/Images/IDMATS/Palette_Path.gif" />
    <Url Source="Resources/Images/IDMATS/Annotation_Image_Options1.gif" />
    <Url Source="Resources/Images/IDMATS/Flatten_annotation.gif" />
    <Url Source="Resources/Images/IDMATS/RangeProfile3.gif" />
    <Url Source="Resources/Images/IDMATS/RangeProfile2.gif" />
    <Url Source="Resources/Images/IDMATS/RangeProfile1.gif" />
    <Url Source="Resources/Images/IDMATS/RangeProfileWindow.gif" />
    <Url Source="Resources/Images/IDMATS/ViewRangeProfiles.gif" />
    <Url Source="Resources/Images/IDMATS/ImportRangeProfile.gif" />
    <Url Source="Resources/Images/IDMATS/Convolution_Matrix_Editor.gif" />
    <Url Source="Resources/Images/IDMATS/New_Direction.gif" />
    <Url Source="Resources/Images/IDMATS/Change_Up_dialog.gif" />
    <Url Source="Resources/Images/IDMATS/Change_Up.gif" />
    <Url Source="Resources/Images/IDMATS/Draw_Arrow.gif" />
    <Url Source="Resources/Images/IDMATS/Add_New_Object.gif" />
    <Url Source="Resources/Images/IDMATS/Rotate_Object.gif" />
    <Url Source="Resources/Images/IDMATS/Move_object.gif" />
    <Url Source="Resources/Images/IDMATS/Drag_drop.gif" />
    <Url Source="Resources/Images/IDMATS/IDMATS_Options5.gif" />
    <Url Source="Resources/Images/IDMATS/IDMATS_Options4.gif" />
    <Url Source="Resources/Images/IDMATS/Browse_Button.gif" />
    <Url Source="Resources/Images/IDMATS/Unlocked_Button.gif" />
    <Url Source="Resources/Images/IDMATS/Locked_Button.gif" />
    <Url Source="Resources/Images/IDMATS/IDMATS_Options3.gif" />
    <Url Source="Resources/Images/IDMATS/IDMATS_Options2.gif" />
    <Url Source="Resources/Images/IDMATS/IDMATS_Options1.gif" />
    <Url Source="Resources/Images/Shape_File_Export_Options.gif" />
    <Url Source="Resources/Images/Export_Shape_File_Dialog.gif" />
    <Url Source="Resources/Images/Export_Shape_File.gif" />
    <Url Source="Resources/Images/Zoom_Pan_Limits.gif" />
    <Url Source="Resources/Images/JPEG_Exporter.gif" />
    <Url Source="Resources/Images/Advanced_Options.gif" />
    <Url Source="Resources/Images/AVI_Exporter_Options.gif" />
    <Url Source="Resources/Images/MPEG-1_Product_Exporter.gif" />
    <Url Source="Resources/Images/GeoTIFF_Viewer_Export_Options.gif" />
    <Url Source="Resources/Images/Results_Exporter_Options_2.gif" />
    <Url Source="Resources/Images/Results_Exporter_Options_1.gif" />
    <Url Source="Resources/Images/NITF_Exporter_Options_1.gif" />
    <Url Source="Resources/Images/Band_Selection_Options.gif" />
    <Url Source="Resources/Images/SEBASS_Image_Exporter_Options.gif" />
    <Url Source="Resources/Images/NITF_Exporter_Options_2.gif" />
    <Url Source="Resources/Images/Ice_Exporter_Options.gif" />
    <Url Source="Resources/Images/GeoTIFF_Export_Options_2.gif" />
    <Url Source="Resources/Images/GeoTIFF_Export_Options_1.gif" />
    <Url Source="Resources/Images/ENVI_Exporter_Options_2.gif" />
    <Url Source="Resources/Images/ENVI_Exporter_Options_1.gif" />
    <Url Source="Resources/Images/Export_Shape_File1.gif" />
    <Url Source="Resources/Images/Animation_Options.gif" />
    <Url Source="Resources/Images/Animation_Cycle_Options.gif" />
    <Url Source="Resources/Images/Change_Direction.gif" />
    <Url Source="Resources/Images/Animation_Cycle.gif" />
    <Url Source="Resources/Images/Speed_Up.gif" />
    <Url Source="Resources/Images/Slow_Down_Button.gif" />
    <Url Source="Resources/Images/Hist_Window_Display.gif" />
    <Url Source="Resources/Images/Set_Spatial_Sampling.gif" />
    <Url Source="Resources/Images/Hist_Window_Save.gif" />
    <Url Source="Resources/Images/Histogram_Print.gif" />
    <Url Source="Resources/Images/Hist_Window_Mouse_Mode.gif" />
    <Url Source="Resources/Images/Histogram.gif" />
    <Url Source="Resources/Images/Displayed_Band.gif" />
    <Url Source="Resources/Images/Display_Gridlines.gif" />
    <Url Source="Resources/Images/Custom_Zoom_Select.gif" />
    <Url Source="Resources/Images/Activate_Band.gif" />
    <Url Source="Resources/Images/Band_Bad_Values.gif" />
    <Url Source="Resources/Images/Show_Hide_Layers2.gif" />
    <Url Source="Resources/Images/Show_Hide_Layers1.gif" />
    <Url Source="../../../COMET Graphics/AOI_Select_Rectangle.gif" />
    <Url Source="../../../COMET Graphics/sec_markings1.jpg" />
    <Url Source="../../../COMET Graphics/ShapeFileExport.gif" />
    <Url Source="../../../COMET Graphics/Tutorial2TextBox.gif" />
    <Url Source="image417.gif" />
    <Url Source="Menu_Location.gif" />
    <Url Source="Rename_AOI.gif" />
    <Url Source="../../../COMET Graphics/New_Layer_AOI.gif" />
    <Url Source="image15.jpg" />
    <Url Source="image10.jpg" />
    <Url Source="../../../COMET Graphics/Import_geo_features.gif" />
    <Url Source="../../../COMET Graphics/Geo_dialog.gif" />
    <Url Source="../../../COMET Graphics/Save_PCA_Transform.gif" />
    <Url Source="../../../COMET Graphics/Band_Selection_Tutorial.gif" />
    <Url Source="../../../COMET Graphics/Advance_end_button.gif" />
    <Url Source="../../../COMET Graphics/Rewind_Beginning_Button.gif" />
    <Url Source="../../../COMET Graphics/Reset_Button.gif" />
    <Url Source="../../../COMET Graphics/Brightness_layer.gif" />
    <Url Source="Tutorials/scenario10_files/image038.jpg" />
    <Url Source="Tutorials/scenario10_files/image032.jpg" />
    <Url Source="Tutorials/scenario10_files/image028.jpg" />
    <Url Source="../../../COMET Graphics/Tutorial_Change_Color.gif" />
    <Url Source="../../../COMET Graphics/Tutorial_Product_Display.gif" />
    <Url Source="../../../COMET Graphics/Font_size.gif" />
    <Url Source="../../../COMET Graphics/Select_Text_Box.gif" />
    <Url Source="Resources/Images/Select_Text_Box.gif" />
    <Url Source="../../../COMET Graphics/Import_Shape_2.gif" />
    <Url Source="Resources/Images/Import_Shape_2.gif" />
    <Url Source="Resources/Images/Change_template.gif" />
    <Url Source="image317.gif" />
    <Url Source="image438.gif" />
    <Url Source="image435.gif" />
    <Url Source="image16.jpg" />
    <Url Source="image360.gif" />
    <Url Source="../../../COMET Graphics/Geofeature_4.gif" />
    <Url Source="../../../COMET Graphics/Geofeature_3.gif" />
    <Url Source="Resources/Images/Geofeature_3.gif" />
    <Url Source="Resources/Images/geodb_display.gif" />
    <Url Source="../../../COMET Graphics/Results_Exporter_tab.gif" />
    <Url Source="../../../COMET Graphics/Results_Exporter_Subset.gif" />
    <Url Source="../../../COMET Graphics/nitf_classification_export.gif" />
    <Url Source="../../../COMET Graphics/NITF_Import_Metadata.gif" />
    <Url Source="../../../COMET Graphics/NITF_Importer.gif" />
    <Url Source="image322.gif" />
    <Url Source="../../../COMET Graphics/Tutorial_2_SessionExplorer.gif" />
    <Url Source="image509.gif" />
    <Url Source="../../../COMET Graphics/Import_Shape_3.gif" />
    <Url Source="../../../COMET Graphics/Import_Shape_1.gif" />
    <Url Source="../../../COMET Graphics/Export_Movie_Options.gif" />
    <Url Source="Resources/Images/Minus_box_gray.gif" />
    <Url Source="Resources/Images/Plus_box_gray.gif" />
    <Url Source="Resources/Images/Plus_box_gray.gif" />
    <Url Source="../../../COMET Graphics/Compression_Option_JPEG.gif" />
    <Url Source="../../../COMET Graphics/Options_geotiff.gif" />
    <Url Source="../../../COMET Graphics/Compression_Options_JPEG.gif" />
    <Url Source="../../../COMET Graphics/Compression_Option_GeoTIFF.gif" />
    <Url Source="Resources/Images/Compression_Option_GeoTIFF.gif" />
    <Url Source="../../../COMET Graphics/Compression Option GeoTIFF.gif" />
    <Url Source="../../../COMET Graphics/Export_Product.gif" />
    <Url Source="../../../COMET Graphics/Browse_for_Folder.gif" />
    <Url Source="Resources/Images/Browse_for_Folder.gif" />
    <Url Source="../../../COMET Graphics/Band Selection Options.gif" />
    <Url Source="../../../COMET Graphics/Raster Layer Properties2.gif" />
    <Url Source="../../../COMET Graphics/Raster Layer Properties Select.gif" />
    <Url Source="../../../COMET Graphics/Cube Layer Properties select.gif" />
    <Url Source="../../../COMET Graphics/Shape File Importer 3.gif" />
    <Url Source="../../../COMET Graphics/Shape File Importer 2.gif" />
    <Url Source="../../../COMET Graphics/Shape File Importer 1.gif" />
    <Url Source="../../../COMET Graphics/Auto Importer 3.gif" />
    <Url Source="../../../COMET Graphics/Auto Importer 2.gif" />
    <Url Source="../../../COMET Graphics/Auto Importer 1.gif" />
    <Url Source="../../../COMET Graphics/Import Options 4.png" />
    <Url Source="../../../COMET Graphics/Import Options 2.gif" />
    <Url Source="../../../COMET Graphics/Import Options 3.gif" />
    <Url Source="Resources/Images/Import Options 3.gif" />
    <Url Source="../../../COMET Graphics/Import Options 1.gif" />
    <Url Source="../../../COMET Graphics/Import Options.gif" />
    <Url Source="../../../COMET Graphics/JPEG Exporter.gif" />
    <Url Source="../../../COMET Graphics/Data Elements Properties 4.gif" />
    <Url Source="../../../COMET Graphics/Data Elements Properties 3.gif" />
    <Url Source="../../../COMET Graphics/Data Elements Properties.gif" />
    <Url Source="../../../COMET Graphics/Data Elements Properties 2.gif" />
    <Url Source="../../../COMET Graphics/ASPAM Importer.gif" />
    <Url Source="Resources/Images/ASPAM Importer.gif" />
    <Url Source="../../../COMET Graphics/Session Explorer Button.gif" />
    <Url Source="../../../COMET Graphics/Change template.gif" />
    <Url Source="../../../COMET Graphics/File Location select.gif" />
    <Url Source="../../../COMET Graphics/Nautical Miles button.gif" />
    <Url Source="../../../COMET Graphics/Main Window.gif" />
    <Url Source="../../../COMET Graphics/No symbol.gif" />
    <Url Source="../../../COMET Graphics/Animations Tab.gif" />
    <Url Source="../../../COMET Graphics/Step Forward button.gif" />
    <Url Source="../../../COMET Graphics/Step Back button.gif" />
    <Url Source="../../../COMET Graphics/Product Class Properties.gif" />
    <Url Source="../../../COMET Graphics/Product Properties.gif" />
    <Url Source="../../../COMET Graphics/Scripting Prop Dialog.gif" />
    <Url Source="../../../COMET Graphics/Scripting Window Select.gif" />
    <Url Source="../../../COMET Graphics/Geo Results Select.gif" />
    <Url Source="../../../COMET Graphics/Geo Properties.gif" />
    <Url Source="../../../COMET Graphics/Cube Layer Properties.gif" />
    <Url Source="../../../COMET Graphics/Set Zoom Trail.gif" />
    <Url Source="../../../COMET Graphics/Set Opacity.gif" />
    <Url Source="Resources/Images/Set Opacity.gif" />
    <Url Source="../../../COMET Graphics/Options Layers Annotation.gif" />
    <Url Source="../../../COMET Graphics/Movie Product window.gif" />
    <Url Source="../../../COMET Graphics/Compression Option JPEG.gif" />
    <Url Source="../../../COMET Graphics/Options Open.gif" />
    <Url Source="../../../COMET Graphics/Minus box gray.gif" />
    <Url Source="../../../COMET Graphics/Plus box gray.gif" />
    <Url Source="../../../COMET Graphics/Import Data.gif" />
    <Url Source="../../../COMET Graphics/Annotation Layer Properties.gif" />
    <Url Source="../../../COMET Graphics/Create Layer.gif" />
    <Url Source="../../../COMET Graphics/Raster Layer Properties.gif" />
    <Url Source="../../../COMET Graphics/Metadata dialog.gif" />
    <Url Source="../../../COMET Graphics/Metadata.gif" />
    <Url Source="../../../COMET Graphics/SE Elements.gif" />
    <Url Source="../../../COMET Graphics/Message Log Window SE.gif" />
    <Url Source="../../../COMET Graphics/Geofeature 3.gif" />
    <Url Source="../../../COMET Graphics/Geofeature 2.gif" />
    <Url Source="../../../COMET Graphics/Geofeature 1.gif" />
    <Url Source="../../../COMET Graphics/Plug-Ins Properties.gif" />
    <Url Source="../../../COMET Graphics/Plug-Ins Select.gif" />
    <Url Source="../../../COMET Graphics/Plug-Ins Tab.gif" />
    <Url Source="../../../COMET Graphics/GCP Layer Properties dialog.gif" />
    <Url Source="../../../COMET Graphics/GCP Layer Properties.gif" />
    <Url Source="../../../COMET Graphics/Activate Band.gif" />
    <Url Source="../../../COMET Graphics/Colormap Editor Example.gif" />
    <Url Source="../../../COMET Graphics/Colormap Editor.gif" />
    <Url Source="../../../COMET Graphics/Colormap Select Layer.gif" />
    <Url Source="../../../COMET Graphics/X button.gif" />
    <Url Source="../../../COMET Graphics/Image Properties.gif" />
    <Url Source="../../../COMET Graphics/Image Display Properties.gif" />
    <Url Source="../../../COMET Graphics/CC Properties dialog.gif" />
    <Url Source="../../../COMET Graphics/Corner Coordinates Layer Properties.gif" />
    <Url Source="../../../COMET Graphics/Custom Zoom.gif" />
    <Url Source="../../../COMET Graphics/Activate Layer 2.gif" />
    <Url Source="../../../COMET Graphics/Activate Layer 1.gif" />
    <Url Source="../../../COMET Graphics/Units button.gif" />
    <Url Source="../../../COMET Graphics/Layer button.gif" />
    <Url Source="../../../COMET Graphics/Spatial Sampling.gif" />
    <Url Source="../../../COMET Graphics/Hist Window select 2.gif" />
    <Url Source="../../../COMET Graphics/Hist Window Plot View.gif" />
    <Url Source="../../../COMET Graphics/Hist Window select.gif" />
    <Url Source="../../../COMET Graphics/GCP marker symbol.gif" />
    <Url Source="../../../COMET Graphics/Save options.gif" />
    <Url Source="../../../COMET Graphics/General options.gif" />
    <Url Source="../../../COMET Graphics/Browse for Folder.gif" />
    <Url Source="../../../COMET Graphics/Browse button.gif" />
    <Url Source="../../../COMET Graphics/File Location.gif" />
    <Url Source="../../../COMET Graphics/Current Shortcuts.gif" />
    <Url Source="../../../COMET Graphics/Minus box.gif" />
    <Url Source="../../../COMET Graphics/Plus box.gif" />
    <Url Source="../../../COMET Graphics/Keyboard Shortcut Select.gif" />
    <Url Source="../../../COMET Graphics/Scale button.gif" />
    <Url Source="../../../COMET Graphics/File image button.gif" />
    <Url Source="../../../COMET Graphics/Text Object.gif" />
    <Url Source="../../../COMET Graphics/Frame Label button.gif" />
    <Url Source="../../../COMET Graphics/Ann Object create button.gif" />
    <Url Source="../../../COMET Graphics/Lock button.gif" />
    <Url Source="../../../COMET Graphics/AOI Pixels.gif" />
    <Url Source="../../../COMET Graphics/Edit mode on button.gif" />
    <Url Source="../../../COMET Graphics/Edit Mode Off button.gif" />
    <Url Source="../../../COMET Graphics/Message Log Window.gif" />
    <Url Source="../../../COMET Graphics/Tie Point Layer Properties.gif" />
    <Url Source="../../../COMET Graphics/Session Explorer Tie Point Layer.gif" />
    <Url Source="../../../COMET Graphics/GCP Editor.gif" />
    <Url Source="../../../COMET Graphics/Session Explorer GCP List.gif" />
    <Url Source="../../../COMET Graphics/Session Explorer AOI Layer.gif" />
    <Url Source="../../../COMET Graphics/Session Explorer Annotation Layer.gif" />
    <Url Source="../../../COMET Graphics/AOI Layer Properties.gif" />
    <Url Source="../../../COMET Graphics/New Layer Added.gif" />
    <Url Source="../../../COMET Graphics/New Layer.gif" />
    <Url Source="../../../COMET Graphics/Save Session Close.gif" />
    <Url Source="../../../COMET Graphics/Session Explorer Plug-Ins Tab.gif" />
    <Url Source="../../../COMET Graphics/Session Explorer Elements Tab.gif" />
    <Url Source="../../../COMET Graphics/Session Explorer Windows Tab.gif" />
    <Url Source="../../../COMET Graphics/Properties Spatial Data View tab.gif" />
    <Url Source="../../../COMET Graphics/Properties View tab.gif" />
    <Url Source="../../../COMET Graphics/Open Session dialog.gif" />
    <Url Source="../../../COMET Graphics/Save Session As dialog.gif" />
    <Url Source="../../../COMET Graphics/Close Session dialog.gif" />
    <Url Source="../../../COMET Graphics/Link Unlink Step 3.gif" />
    <Url Source="../../../COMET Graphics/Link Unlink Views.gif" />
    <Url Source="../../../COMET Graphics/Link Unlink Layers.gif" />
    <Url Source="../../../COMET Graphics/Link Unlink Step 1.gif" />
    <Url Source="../../../COMET Graphics/Options Window Workspace Cube.gif" />
    <Url Source="../../../COMET Graphics/Options Windows Workspace All.gif" />
    <Url Source="../../../COMET Graphics/Options Windows Status Bar.gif" />
    <Url Source="../../../COMET Graphics/Options Window Overview.gif" />
    <Url Source="../../../COMET Graphics/Options Layers Tie Points.gif" />
    <Url Source="../../../COMET Graphics/Options Layers Threshold.gif" />
    <Url Source="../../../COMET Graphics/Options Layers Raster.gif" />
    <Url Source="../../../COMET Graphics/Options Layers Pseudocolor.gif" />
    <Url Source="../../../COMET Graphics/Options Layers Lat Lon.gif" />
    <Url Source="../../../COMET Graphics/Options Layers GCP.gif" />
    <Url Source="../../../COMET Graphics/Options Layers AOI.gif" />
    <Url Source="../../../COMET Graphics/Keyboard Shortcut 3.gif" />
    <Url Source="../../../COMET Graphics/Keyboard Shortcut 2.gif" />
    <Url Source="../../../COMET Graphics/Keyboard Shortcuts.gif" />
    <Url Source="../../../COMET Graphics/Session Explorer 1.gif" />
</UrlList>