﻿<?xml version="1.0" encoding="utf-8"?><CatapultTargetIndex Count="446" Char_97="0" Char_65="8" Char_66="38" Char_98="39" Char_67="49" Char_99="50" Char_68="85" Char_100="86" Char_101="108" Char_69="113" Char_102="134" Char_70="136" Char_71="142" Char_103="149" Char_104="160" Char_73="169" Char_105="172" Char_74="190" Char_107="192" Char_108="194" Char_76="195" Char_77="213" Char_109="216" Char_110="233" Char_78="239" Char_111="243" Char_79="261" Char_112="262" Char_80="269" Char_81="307" Char_114="310" Char_82="311" Char_115="323" Char_83="330" Char_116="363" Char_84="369" Char_117="394" Char_85="395" Char_118="397" Char_86="399" Char_87="401" Char_119="406" Char_122="444"><Chunks><Chunk FirstTerm="activate a histogram plot" Link="Index_Chunk1.xml" Start="0" Count="102" /><Chunk FirstTerm="Displayed Band" Link="Index_Chunk2.xml" Start="102" Count="99" /><Chunk FirstTerm="layer exporters" Link="Index_Chunk3.xml" Start="201" Count="105" /><Chunk FirstTerm="pseudocolor layer options" Link="Index_Chunk4.xml" Start="306" Count="97" /><Chunk FirstTerm="Wavelengths Tab" Link="Index_Chunk5.xml" Start="403" Count="43" /></Chunks><IndexEntry><Entries></Entries><Links /><SeeAlsoLinks /><IndexControlLinks /></IndexEntry></CatapultTargetIndex>