<?xml version="1.0" encoding="utf-8"?><CatapultTargetIndex><IndexEntry><Entries><IndexEntry Term="snapshot"><Entries><IndexEntry Term="copy"><Entries /><Links><IndexLink Title="Copy Snapshot" Link="/Content/View/Copy_Snapshot.htm#kanchor102" UsedConditions="" LocalConditions="" /></Links><SeeAlsoLinks /><IndexControlLinks /><SortAsLinks /></IndexEntry></Entries><Links /><SeeAlsoLinks /><IndexControlLinks /><SortAsLinks /></IndexEntry><IndexEntry Term="Spatial Sampling"><Entries /><Links><IndexLink Title="Set Spatial Sampling" Link="/Content/Tools/Histogram_Window/Set_Spatial_Sampling.htm#kanchor163" UsedConditions="" LocalConditions="" /></Links><SeeAlsoLinks /><IndexControlLinks /><SortAsLinks /></IndexEntry><IndexEntry Term="special formatting for annotation text"><Entries /><Links><IndexLink Title="Special Formatting for Annotation Text" Link="/Content/Annotation/Special_Formatting_for_Annotation_Text.htm#kanchor132" UsedConditions="" LocalConditions="" /></Links><SeeAlsoLinks /><IndexControlLinks /><SortAsLinks /></IndexEntry><IndexEntry Term="Standard Toolbar"><Entries /><Links><IndexLink Title="Standard Toolbar" Link="/Content/Toolbars/Standard_Toolbar.htm#kanchor9" UsedConditions="" LocalConditions="" /></Links><SeeAlsoLinks /><IndexControlLinks /><SortAsLinks /></IndexEntry><IndexEntry Term="statistics"><Entries /><Links><IndexLink Title="Statistics" Link="/Content/Tools/Histogram_Window/Statistics.htm#kanchor170" UsedConditions="" LocalConditions="" /><IndexLink Title="AOI Statistics" Link="/Content/Tools/Histogram_Window/AOI_Statistics.htm#kanchor171" UsedConditions="" LocalConditions="" /></Links><SeeAlsoLinks /><IndexControlLinks /><SortAsLinks /></IndexEntry><IndexEntry Term="status bar options"><Entries /><Links><IndexLink Title="Status Bar Options" Link="/Content/Options/Status_Bar_Options.htm#kanchor181" UsedConditions="" LocalConditions="" /></Links><SeeAlsoLinks /><IndexControlLinks /><SortAsLinks /></IndexEntry><IndexEntry Term="stretch reset"><Entries /><Links><IndexLink Title="Stretch Reset" Link="/Content/Tools/Histogram_Window/Stretch_Reset.htm#kanchor156" UsedConditions="" LocalConditions="" /></Links><SeeAlsoLinks /><IndexControlLinks /><SortAsLinks /></IndexEntry><IndexEntry Term="stretch type"><Entries /><Links><IndexLink Title="Stretch Type" Link="/Content/Tools/Histogram_Window/Stretch_Type.htm#kanchor155" UsedConditions="" LocalConditions="" /></Links><SeeAlsoLinks /><IndexControlLinks /><SortAsLinks /></IndexEntry><IndexEntry Term="stretch units"><Entries /><Links><IndexLink Title="Stretch Units" Link="/Content/Tools/Histogram_Window/Stretch_Units.htm#kanchor372" UsedConditions="" LocalConditions="" /></Links><SeeAlsoLinks /><IndexControlLinks /><SortAsLinks /></IndexEntry><IndexEntry Term="subset statistics"><Entries /><Links><IndexLink Title="AOI Statistics" Link="/Content/Tools/Histogram_Window/AOI_Statistics.htm#kanchor171" UsedConditions="" LocalConditions="" /></Links><SeeAlsoLinks /><IndexControlLinks /><SortAsLinks /></IndexEntry><IndexEntry Term="Subset tab"><Entries /><Links><IndexLink Title="Subset Tab" Link="/Content/Importers_Exporters/Options/Subset_Tab.htm#kanchor43" UsedConditions="" LocalConditions="" /></Links><SeeAlsoLinks /><IndexControlLinks /><SortAsLinks /></IndexEntry><IndexEntry Term="template"><Entries><IndexEntry Term="load"><Entries /><Links><IndexLink Title="Load a Template" Link="/Content/Products/Load_a_Template.htm#kanchor253" UsedConditions="" LocalConditions="" /></Links><SeeAlsoLinks /><IndexControlLinks /><SortAsLinks /></IndexEntry><IndexEntry Term="save"><Entries /><Links><IndexLink Title="Save a Template" Link="/Content/Products/Save_a_Template.htm#kanchor256" UsedConditions="" LocalConditions="" /></Links><SeeAlsoLinks /><IndexControlLinks /><SortAsLinks /></IndexEntry></Entries><Links /><SeeAlsoLinks /><IndexControlLinks /><SortAsLinks /></IndexEntry><IndexEntry Term="text boxes"><Entries><IndexEntry Term="annotation"><Entries /><Links><IndexLink Title="Working with Annotation Text Boxes" Link="/Content/Annotation/Working_with_Annotation_Text_Boxes.htm#kanchor130" UsedConditions="" LocalConditions="" /></Links><SeeAlsoLinks /><IndexControlLinks /><SortAsLinks /></IndexEntry></Entries><Links /><SeeAlsoLinks /><IndexControlLinks /><SortAsLinks /></IndexEntry><IndexEntry Term="threshold layer options"><Entries /><Links><IndexLink Title="Threshold Layer Options" Link="/Content/Options/Threshold_Layer_Options.htm#kanchor83" UsedConditions="" LocalConditions="" /></Links><SeeAlsoLinks /><IndexControlLinks /><SortAsLinks /></IndexEntry><IndexEntry Term="threshold layer properties"><Entries /><Links><IndexLink Title="Threshold Layer Properties" Link="/Content/Properties/Threshold_Layer_Properties.htm#kanchor286" UsedConditions="" LocalConditions="" /></Links><SeeAlsoLinks /><IndexControlLinks /><SortAsLinks /></IndexEntry><IndexEntry Term="Tie Point Editor"><Entries /><Links><IndexLink Title="Tie Point Editor" Link="/Content/Tie_Points/Tie_Point_Editor.htm#kanchor147" UsedConditions="" LocalConditions="" /></Links><SeeAlsoLinks /><IndexControlLinks /><SortAsLinks /></IndexEntry><IndexEntry Term="Tie Point Layer Options"><Entries /><Links><IndexLink Title="Tie Point Layer Options" Link="/Content/Options/Tie_Point_Layer_Options.htm#kanchor84" UsedConditions="" LocalConditions="" /></Links><SeeAlsoLinks /><IndexControlLinks /><SortAsLinks /></IndexEntry><IndexEntry Term="Tie Point Layer Properties"><Entries /><Links><IndexLink Title="Tie Point Layer Properties" Link="/Content/Properties/Tie_Point_Layer_Properties.htm#kanchor282" UsedConditions="" LocalConditions="" /></Links><SeeAlsoLinks /><IndexControlLinks /><SortAsLinks /></IndexEntry><IndexEntry Term="Tie Point Toolbar"><Entries /><Links><IndexLink Title="Tie Point Toolbar" Link="/Content/Toolbars/Tie_Point_Toolbar.htm#kanchor20" UsedConditions="" LocalConditions="" /></Links><SeeAlsoLinks /><IndexControlLinks /><SortAsLinks /></IndexEntry><IndexEntry Term="tie points"><Entries><IndexEntry Term="create"><Entries /><Links><IndexLink Title="Creating Tie Points" Link="/Content/QuickLookDataFusion/creating_tie_points.htm#kanchor304" UsedConditions="" LocalConditions="" /></Links><SeeAlsoLinks /><IndexControlLinks /><SortAsLinks /></IndexEntry><IndexEntry Term="delete"><Entries /><Links><IndexLink Title="Delete Tie Points" Link="/Content/Tie_Points/Delete_Tie_Points.htm#kanchor148" UsedConditions="" LocalConditions="" /></Links><SeeAlsoLinks /><IndexControlLinks /><SortAsLinks /></IndexEntry></Entries><Links><IndexLink Title="Tie Points" Link="/Content/Tie_Points/Tie_Points.htm#kanchor146" UsedConditions="" LocalConditions="" /></Links><SeeAlsoLinks /><IndexControlLinks /><SortAsLinks /></IndexEntry><IndexEntry Term="toolbars"><Entries><IndexEntry Term="Animation"><Entries /><Links><IndexLink Title="Animation Toolbar" Link="/Content/Animation/Animation_Toolbar.htm#kanchor29" UsedConditions="" LocalConditions="" /></Links><SeeAlsoLinks /><IndexControlLinks /><SortAsLinks /></IndexEntry><IndexEntry Term="Annotation"><Entries /><Links><IndexLink Title="Annotation Toolbar" Link="/Content/Toolbars/Annotation_Toolbar.htm#kanchor23" UsedConditions="" LocalConditions="" /></Links><SeeAlsoLinks /><IndexControlLinks /><SortAsLinks /></IndexEntry><IndexEntry Term="AOI"><Entries /><Links><IndexLink Title="AOI Toolbar" Link="/Content/Toolbars/AOI_Toolbar.htm#kanchor17" UsedConditions="" LocalConditions="" /></Links><SeeAlsoLinks /><IndexControlLinks /><SortAsLinks /></IndexEntry><IndexEntry Term="Brightness"><Entries /><Links><IndexLink Title="Brightness Toolbar" Link="/Content/Toolbars/Brightness_Toolbar.htm#kanchor26" UsedConditions="" LocalConditions="" /></Links><SeeAlsoLinks /><IndexControlLinks /><SortAsLinks /></IndexEntry><IndexEntry Term="Display"><Entries /><Links><IndexLink Title="Display Toolbar" Link="/Content/Toolbars/Display_Toolbar.htm#kanchor15" UsedConditions="" LocalConditions="" /></Links><SeeAlsoLinks /><IndexControlLinks /><SortAsLinks /></IndexEntry><IndexEntry Term="displaying"><Entries /><Links><IndexLink Title="Toolbars" Link="/Content/Toolbars/Toolbars.htm#kanchor8" UsedConditions="" LocalConditions="" /></Links><SeeAlsoLinks /><IndexControlLinks /><SortAsLinks /></IndexEntry><IndexEntry Term="Geo"><Entries /><Links><IndexLink Title="Geo Toolbar" Link="/Content/Toolbars/Geo_Toolbar.htm#kanchor19" UsedConditions="" LocalConditions="" /></Links><SeeAlsoLinks /><IndexControlLinks /><SortAsLinks /></IndexEntry><IndexEntry Term="Measurement"><Entries /><Links><IndexLink Title="Measurement Toolbar" Link="/Content/Toolbars/Measurement_Toolbar.htm#kanchor28" UsedConditions="" LocalConditions="" /></Links><SeeAlsoLinks /><IndexControlLinks /><SortAsLinks /></IndexEntry><IndexEntry Term="Standard"><Entries /><Links><IndexLink Title="Standard Toolbar" Link="/Content/Toolbars/Standard_Toolbar.htm#kanchor10" UsedConditions="" LocalConditions="" /></Links><SeeAlsoLinks /><IndexControlLinks /><SortAsLinks /></IndexEntry><IndexEntry Term="Tie Point"><Entries /><Links><IndexLink Title="Tie Point Toolbar" Link="/Content/Toolbars/Tie_Point_Toolbar.htm#kanchor21" UsedConditions="" LocalConditions="" /></Links><SeeAlsoLinks /><IndexControlLinks /><SortAsLinks /></IndexEntry><IndexEntry Term="Toolbox"><Entries /><Links><IndexLink Title="Toolbox Toolbar" Link="/Content/Toolbars/Toolbox_Toolbar.htm#kanchor13" UsedConditions="" LocalConditions="" /></Links><SeeAlsoLinks /><IndexControlLinks /><SortAsLinks /></IndexEntry><IndexEntry Term="Wizard Builder"><Entries /><Links><IndexLink Title="Using the Wizard Builder" Link="/Content/Wizard_Builder/Using_the_Wizard_Builder.htm#kanchor193" UsedConditions="" LocalConditions="" /><IndexLink Title="Wizard Builder Toolbar" Link="/Content/Wizard_Builder/Wizard_Builder_Toolbar.htm#kanchor208" UsedConditions="" LocalConditions="" /></Links><SeeAlsoLinks /><IndexControlLinks /><SortAsLinks /></IndexEntry></Entries><Links><IndexLink Title="Working with the Main Application Window" Link="/Content/Working_with_the_Main_Application_Window.htm#kanchor2" UsedConditions="" LocalConditions="" /><IndexLink Title="Toolbars" Link="/Content/Toolbars/Toolbars.htm#kanchor7" UsedConditions="" LocalConditions="" /></Links><SeeAlsoLinks /><IndexControlLinks /><SortAsLinks /></IndexEntry><IndexEntry Term="Toolbox Toolbar"><Entries /><Links><IndexLink Title="Toolbox Toolbar" Link="/Content/Toolbars/Toolbox_Toolbar.htm#kanchor12" UsedConditions="" LocalConditions="" /></Links><SeeAlsoLinks /><IndexControlLinks /><SortAsLinks /></IndexEntry><IndexEntry Term="Top + Bottom Tab"><Entries /><Links><IndexLink Title="Classification Tab" Link="/Content/Importers_Exporters/Options/Classification_Tab.htm#kanchor41" UsedConditions="" LocalConditions="" /><IndexLink Title="Classification Tab" Link="/Content/Importers_Exporters/Options/Classification_Tab.htm#kanchor42" UsedConditions="" LocalConditions="" /></Links><SeeAlsoLinks /><IndexControlLinks /><SortAsLinks /></IndexEntry><IndexEntry Term="tutorials"><Entries /><Links><IndexLink Title="Tutorials" Link="/Content/Tutorials/Tutorials.htm#kanchor312" UsedConditions="" LocalConditions="" /><IndexLink Title="Tutorial: Image Manipulation and Export" Link="/Content/Tutorials/Tutorial_Image_Manipulation.htm#kanchor315" UsedConditions="" LocalConditions="" /><IndexLink Title="Tutorial: Georeference, Measurement Tool, Band Math" Link="/Content/Tutorials/tutorial_georeference.htm#kanchor322" UsedConditions="" LocalConditions="" /><IndexLink Title="Tutorial: Georeference, Measurement Tool, Band Math" Link="/Content/Tutorials/tutorial_georeference.htm#kanchor323" UsedConditions="" LocalConditions="" /><IndexLink Title="Tutorial: Subsetting, AOI, and PCA" Link="/Content/Tutorials/tutorial_subsetting_aoi_pca.htm#kanchor329" UsedConditions="" LocalConditions="" /><IndexLink Title="Tutorial: Quick-Look Data Fusion Plug-In" Link="/Content/Tutorials/tutorial_quick_look_fusion.htm#kanchor331" UsedConditions="" LocalConditions="" /><IndexLink Title="Tutorial: Quick-Look Data Fusion Plug-In" Link="/Content/Tutorials/tutorial_quick_look_fusion.htm#kanchor332" UsedConditions="" LocalConditions="" /><IndexLink Title="Tutorial: Import/Display Shape Files" Link="/Content/Tutorials/tutorial_import_display_shape_files.htm#kanchor334" UsedConditions="" LocalConditions="" /><IndexLink Title="Tutorial: Export Shape Files" Link="/Content/Tutorials/tutorial_export_shape_files.htm#kanchor337" UsedConditions="" LocalConditions="" /><IndexLink Title="Tutorial: Product Mode" Link="/Content/Tutorials/tutorial_product_mode.htm#kanchor341" UsedConditions="" LocalConditions="" /><IndexLink Title="Tutorial: Wizard Builder" Link="/Content/Tutorials/tutorial_wizard_builder.htm#kanchor342" UsedConditions="" LocalConditions="" /><IndexLink Title="Tutorial: Run a Wizard in Batch Mode" Link="/Content/Tutorials/tutorial_batch_mode.htm#kanchor343" UsedConditions="" LocalConditions="" /></Links><SeeAlsoLinks /><IndexControlLinks /><SortAsLinks /></IndexEntry><IndexEntry Term="type"><Entries><IndexEntry Term="wizard item"><Entries /><Links><IndexLink Title="Wizard Items" Link="/Content/Wizard_Builder/Items/Wizard_Items.htm#kanchor226" UsedConditions="" LocalConditions="" /></Links><SeeAlsoLinks /><IndexControlLinks /><SortAsLinks /></IndexEntry></Entries><Links /><SeeAlsoLinks /><IndexControlLinks /><SortAsLinks /></IndexEntry><IndexEntry Term="unlink"><Entries /><Links><IndexLink Title="Link/Unlink" Link="/Content/Tools/Link_Unlink.htm#kanchor99" UsedConditions="" LocalConditions="" /></Links><SeeAlsoLinks /><IndexControlLinks /><SortAsLinks /></IndexEntry><IndexEntry Term="Update Wizard List"><Entries /><Links><IndexLink Title="Update Wizard List" Link="/Content/Wizard_Builder/Update_Wizard_List.htm#kanchor220" UsedConditions="" LocalConditions="" /></Links><SeeAlsoLinks /><IndexControlLinks /><SortAsLinks /></IndexEntry><IndexEntry Term="using the Wizard Builder"><Entries /><Links><IndexLink Title="Using the Wizard Builder" Link="/Content/Wizard_Builder/Using_the_Wizard_Builder.htm#kanchor192" UsedConditions="" LocalConditions="" /></Links><SeeAlsoLinks /><IndexControlLinks /><SortAsLinks /></IndexEntry><IndexEntry Term="value item"><Entries><IndexEntry Term="types"><Entries /><Links><IndexLink Title="Value Item Types" Link="/Content/Wizard_Builder/Items/Value_Item_Types.htm#kanchor395" UsedConditions="" LocalConditions="" /></Links><SeeAlsoLinks /><IndexControlLinks /><SortAsLinks /></IndexEntry></Entries><Links><IndexLink Title="Add/Edit a Value Item" Link="/Content/Wizard_Builder/Items/Add_Edit_a_Value_Item.htm#kanchor240" UsedConditions="" LocalConditions="" /></Links><SeeAlsoLinks /><IndexControlLinks /><SortAsLinks /></IndexEntry><IndexEntry Term="View menu"><Entries><IndexEntry Term="Wizard Builder"><Entries /><Links><IndexLink Title="Wizard Builder: View Menu" Link="/Content/Wizard_Builder/Wizard_Builder_View_Menu.htm#kanchor377" UsedConditions="" LocalConditions="" /></Links><SeeAlsoLinks /><IndexControlLinks /><SortAsLinks /></IndexEntry></Entries><Links /><SeeAlsoLinks /><IndexControlLinks /><SortAsLinks /></IndexEntry><IndexEntry Term="Wavelength Importer"><Entries /><Links><IndexLink Title="Tutorial: Using the Wavelengths Tab and Wavelength Importer" Link="/Content/Tutorials/tutorial_wavelength_tab.htm#kanchor338" UsedConditions="" LocalConditions="" /></Links><SeeAlsoLinks /><IndexControlLinks /><SortAsLinks /></IndexEntry><IndexEntry Term="Wavelength Tab"><Entries /><Links><IndexLink Title="Tutorial: Using the Wavelengths Tab and Wavelength Importer" Link="/Content/Tutorials/tutorial_wavelength_tab.htm#kanchor338" UsedConditions="" LocalConditions="" /></Links><SeeAlsoLinks /><IndexControlLinks /><SortAsLinks /></IndexEntry><IndexEntry Term="Wavelengths Tab"><Entries><IndexEntry Term="Import Options"><Entries /><Links><IndexLink Title="Wavelengths Tab: Import Options" Link="/Content/Importers_Exporters/Options/Wavelengths_Tab_Import_Options.htm#kanchor45" UsedConditions="" LocalConditions="" /></Links><SeeAlsoLinks /><IndexControlLinks /><SortAsLinks /></IndexEntry><IndexEntry Term="Properties Window"><Entries /><Links><IndexLink Title="Wavelengths Tab: Properties Window" Link="/Content/Wavelengths/wavelengths_tab_properties.htm#kanchor376" UsedConditions="" LocalConditions="" /></Links><SeeAlsoLinks /><IndexControlLinks /><SortAsLinks /></IndexEntry></Entries><Links><IndexLink Title="Wavelengths Tab: Import Options" Link="/Content/Importers_Exporters/Options/Wavelengths_Tab_Import_Options.htm#kanchor45" UsedConditions="" LocalConditions="" /><IndexLink Title="Wavelengths Tab: Properties Window" Link="/Content/Wavelengths/wavelengths_tab_properties.htm#kanchor376" UsedConditions="" LocalConditions="" /></Links><SeeAlsoLinks /><IndexControlLinks /><SortAsLinks /></IndexEntry><IndexEntry Term="websites"><Entries /><Links><IndexLink Title="Opticks Websites" Link="/Content/Opticks_Websites.htm#kanchor344" UsedConditions="" LocalConditions="" /></Links><SeeAlsoLinks /><IndexControlLinks /><SortAsLinks /></IndexEntry><IndexEntry Term="window"><Entries><IndexEntry Term="close"><Entries /><Links><IndexLink Title="Close a Window" Link="/Content/Close_a_Window.htm#kanchor104" UsedConditions="" LocalConditions="" /></Links><SeeAlsoLinks /><IndexControlLinks /><SortAsLinks /></IndexEntry></Entries><Links /><SeeAlsoLinks /><IndexControlLinks /><SortAsLinks /></IndexEntry><IndexEntry Term="windows options"><Entries /><Links><IndexLink Title="Windows Options" Link="/Content/Options/Windows_Options.htm#kanchor179" UsedConditions="" LocalConditions="" /></Links><SeeAlsoLinks /><IndexControlLinks /><SortAsLinks /></IndexEntry><IndexEntry Term="windows overview options"><Entries /><Links><IndexLink Title="Overview Window Options" Link="/Content/Options/Overview_Window_Options.htm#kanchor180" UsedConditions="" LocalConditions="" /></Links><SeeAlsoLinks /><IndexControlLinks /><SortAsLinks /></IndexEntry><IndexEntry Term="windows status bar options"><Entries /><Links><IndexLink Title="Status Bar Options" Link="/Content/Options/Status_Bar_Options.htm#kanchor181" UsedConditions="" LocalConditions="" /></Links><SeeAlsoLinks /><IndexControlLinks /><SortAsLinks /></IndexEntry><IndexEntry Term="windows workspace options"><Entries><IndexEntry Term="all"><Entries /><Links><IndexLink Title="Workspace Options - All" Link="/Content/Options/Workspace_Options_All.htm#kanchor182" UsedConditions="" LocalConditions="" /></Links><SeeAlsoLinks /><IndexControlLinks /><SortAsLinks /></IndexEntry><IndexEntry Term="cube"><Entries /><Links><IndexLink Title="Workspace Options - Cube" Link="/Content/Options/Workspace_Options_Cube.htm#kanchor183" UsedConditions="" LocalConditions="" /></Links><SeeAlsoLinks /><IndexControlLinks /><SortAsLinks /></IndexEntry></Entries><Links /><SeeAlsoLinks /><IndexControlLinks /><SortAsLinks /></IndexEntry><IndexEntry Term="wizard"><Entries><IndexEntry Term="create"><Entries /><Links><IndexLink Title="Create a Wizard" Link="/Content/Wizard_Builder/Create_a_Wizard.htm#kanchor212" UsedConditions="" LocalConditions="" /></Links><SeeAlsoLinks /><IndexControlLinks /><SortAsLinks /></IndexEntry><IndexEntry Term="execute"><Entries /><Links><IndexLink Title="Create a Wizard" Link="/Content/Wizard_Builder/Create_a_Wizard.htm#kanchor213" UsedConditions="" LocalConditions="" /></Links><SeeAlsoLinks /><IndexControlLinks /><SortAsLinks /></IndexEntry><IndexEntry Term="execution mode"><Entries /><Links><IndexLink Title="Wizard Execution Mode" Link="/Content/Wizard_Builder/Wizard_Execution_Mode.htm#kanchor221" UsedConditions="" LocalConditions="" /></Links><SeeAlsoLinks /><IndexControlLinks /><SortAsLinks /></IndexEntry><IndexEntry Term="menu location"><Entries /><Links><IndexLink Title="Wizard Menu Location" Link="/Content/Wizard_Builder/Wizard_Menu_Location.htm#kanchor224" UsedConditions="" LocalConditions="" /></Links><SeeAlsoLinks /><IndexControlLinks /><SortAsLinks /></IndexEntry><IndexEntry Term="open"><Entries /><Links><IndexLink Title="Open a Wizard" Link="/Content/Wizard_Builder/Open_a_Wizard.htm#kanchor214" UsedConditions="" LocalConditions="" /></Links><SeeAlsoLinks /><IndexControlLinks /><SortAsLinks /></IndexEntry><IndexEntry Term="run"><Entries /><Links><IndexLink Title="Run a Wizard" Link="/Content/Wizard_Builder/Run_a_Wizard.htm#kanchor217" UsedConditions="" LocalConditions="" /></Links><SeeAlsoLinks /><IndexControlLinks /><SortAsLinks /></IndexEntry><IndexEntry Term="save"><Entries /><Links><IndexLink Title="Save a Wizard" Link="/Content/Wizard_Builder/Save_a_Wizard.htm#kanchor219" UsedConditions="" LocalConditions="" /></Links><SeeAlsoLinks /><IndexControlLinks /><SortAsLinks /></IndexEntry></Entries><Links /><SeeAlsoLinks /><IndexControlLinks /><SortAsLinks /></IndexEntry><IndexEntry Term="Wizard Builder"><Entries><IndexEntry Term="canvas"><Entries /><Links><IndexLink Title="Using the Wizard Builder" Link="/Content/Wizard_Builder/Using_the_Wizard_Builder.htm#kanchor203" UsedConditions="" LocalConditions="" /></Links><SeeAlsoLinks /><IndexControlLinks /><SortAsLinks /></IndexEntry><IndexEntry Term="drop-down menus"><Entries /><Links><IndexLink Title="Using the Wizard Builder" Link="/Content/Wizard_Builder/Using_the_Wizard_Builder.htm#kanchor201" UsedConditions="" LocalConditions="" /></Links><SeeAlsoLinks /><IndexControlLinks /><SortAsLinks /></IndexEntry><IndexEntry Term="Edit menu"><Entries /><Links><IndexLink Title="Wizard Builder: Edit Menu" Link="/Content/Wizard_Builder/Wizard_Builder__Edit_Menu.htm#kanchor382" UsedConditions="" LocalConditions="" /></Links><SeeAlsoLinks /><IndexControlLinks /><SortAsLinks /></IndexEntry><IndexEntry Term="File menu"><Entries /><Links><IndexLink Title="Wizard Builder: File Menu" Link="/Content/Wizard_Builder/Wizard_Builder__File_Menu.htm#kanchor388" UsedConditions="" LocalConditions="" /></Links><SeeAlsoLinks /><IndexControlLinks /><SortAsLinks /></IndexEntry><IndexEntry Term="Item Menu"><Entries /><Links><IndexLink Title="Wizard Builder: Item Menu" Link="/Content/Wizard_Builder/Wizard_Builder__Item_Menu.htm#kanchor393" UsedConditions="" LocalConditions="" /></Links><SeeAlsoLinks /><IndexControlLinks /><SortAsLinks /></IndexEntry><IndexEntry Term="open"><Entries /><Links><IndexLink Title="Using the Wizard Builder" Link="/Content/Wizard_Builder/Using_the_Wizard_Builder.htm#kanchor199" UsedConditions="" LocalConditions="" /></Links><SeeAlsoLinks /><IndexControlLinks /><SortAsLinks /></IndexEntry><IndexEntry Term="properties"><Entries /><Links><IndexLink Title="Using the Wizard Builder" Link="/Content/Wizard_Builder/Using_the_Wizard_Builder.htm#kanchor206" UsedConditions="" LocalConditions="" /></Links><SeeAlsoLinks /><IndexControlLinks /><SortAsLinks /></IndexEntry><IndexEntry Term="toolbar"><Entries /><Links><IndexLink Title="Using the Wizard Builder" Link="/Content/Wizard_Builder/Using_the_Wizard_Builder.htm#kanchor204" UsedConditions="" LocalConditions="" /><IndexLink Title="Wizard Builder Toolbar" Link="/Content/Wizard_Builder/Wizard_Builder_Toolbar.htm#kanchor209" UsedConditions="" LocalConditions="" /></Links><SeeAlsoLinks /><IndexControlLinks /><SortAsLinks /></IndexEntry><IndexEntry Term="using"><Entries /><Links><IndexLink Title="Using the Wizard Builder" Link="/Content/Wizard_Builder/Using_the_Wizard_Builder.htm#kanchor198" UsedConditions="" LocalConditions="" /></Links><SeeAlsoLinks /><IndexControlLinks /><SortAsLinks /></IndexEntry><IndexEntry Term="window"><Entries /><Links><IndexLink Title="Using the Wizard Builder" Link="/Content/Wizard_Builder/Using_the_Wizard_Builder.htm#kanchor200" UsedConditions="" LocalConditions="" /></Links><SeeAlsoLinks /><IndexControlLinks /><SortAsLinks /></IndexEntry></Entries><Links><IndexLink Title="Using the Wizard Builder" Link="/Content/Wizard_Builder/Using_the_Wizard_Builder.htm#kanchor197" UsedConditions="" LocalConditions="" /><IndexLink Title="Tutorial: Wizard Builder" Link="/Content/Tutorials/tutorial_wizard_builder.htm#kanchor342" UsedConditions="" LocalConditions="" /></Links><SeeAlsoLinks /><IndexControlLinks /><SortAsLinks /></IndexEntry><IndexEntry Term="Wizard Builder View Menu"><Entries /><Links><IndexLink Title="Wizard Builder: View Menu" Link="/Content/Wizard_Builder/Wizard_Builder_View_Menu.htm#kanchor377" UsedConditions="" LocalConditions="" /></Links><SeeAlsoLinks /><IndexControlLinks /><SortAsLinks /></IndexEntry><IndexEntry Term="wizard canvas"><Entries /><Links><IndexLink Title="Using the Wizard Builder" Link="/Content/Wizard_Builder/Using_the_Wizard_Builder.htm#kanchor202" UsedConditions="" LocalConditions="" /></Links><SeeAlsoLinks /><IndexControlLinks /><SortAsLinks /></IndexEntry><IndexEntry Term="Wizard Item Palette"><Entries /><Links><IndexLink Title="Using the Wizard Builder" Link="/Content/Wizard_Builder/Using_the_Wizard_Builder.htm#kanchor205" UsedConditions="" LocalConditions="" /></Links><SeeAlsoLinks /><IndexControlLinks /><SortAsLinks /></IndexEntry></Entries></IndexEntry></CatapultTargetIndex>