<?xml version="1.0" encoding="utf-8"?><CatapultTargetIndex><IndexEntry><Entries><IndexEntry Term="Wizard Item Properties"><Entries /><Links><IndexLink Title="Using the Wizard Builder" Link="/Content/Wizard_Builder/Using_the_Wizard_Builder.htm#kanchor207" UsedConditions="" LocalConditions="" /></Links><SeeAlsoLinks /><IndexControlLinks /><SortAsLinks /></IndexEntry><IndexEntry Term="wizard items"><Entries><IndexEntry Term="connect"><Entries /><Links><IndexLink Title="Connect Wizard Items" Link="/Content/Wizard_Builder/Items/Connect_Wizard_Items.htm#kanchor243" UsedConditions="" LocalConditions="" /></Links><SeeAlsoLinks /><IndexControlLinks /><SortAsLinks /></IndexEntry><IndexEntry Term="execution mode"><Entries /><Links><IndexLink Title="Wizard Items" Link="/Content/Wizard_Builder/Items/Wizard_Items.htm#kanchor232" UsedConditions="" LocalConditions="" /><IndexLink Title="Execution Mode of Wizard Items" Link="/Content/Wizard_Builder/Items/Execution_Mode_of_Wizard_Items.htm#kanchor246" UsedConditions="" LocalConditions="" /></Links><SeeAlsoLinks /><IndexControlLinks /><SortAsLinks /></IndexEntry><IndexEntry Term="name"><Entries /><Links><IndexLink Title="Wizard Items" Link="/Content/Wizard_Builder/Items/Wizard_Items.htm#kanchor231" UsedConditions="" LocalConditions="" /></Links><SeeAlsoLinks /><IndexControlLinks /><SortAsLinks /></IndexEntry><IndexEntry Term="value"><Entries /><Links><IndexLink Title="Add/Edit a Value Item" Link="/Content/Wizard_Builder/Items/Add_Edit_a_Value_Item.htm#kanchor241" UsedConditions="" LocalConditions="" /></Links><SeeAlsoLinks /><IndexControlLinks /><SortAsLinks /></IndexEntry></Entries><Links><IndexLink Title="Wizard Items" Link="/Content/Wizard_Builder/Items/Wizard_Items.htm#kanchor228" UsedConditions="" LocalConditions="" /></Links><SeeAlsoLinks /><IndexControlLinks /><SortAsLinks /></IndexEntry><IndexEntry Term="Wizard List update"><Entries /><Links><IndexLink Title="Update Wizard List" Link="/Content/Wizard_Builder/Update_Wizard_List.htm#kanchor220" UsedConditions="" LocalConditions="" /></Links><SeeAlsoLinks /><IndexControlLinks /><SortAsLinks /></IndexEntry><IndexEntry Term="zoom"><Entries><IndexEntry Term="custom"><Entries /><Links><IndexLink Title="Custom Zoom" Link="/Content/Tools/Histogram_Window/Custom_Zoom.htm#kanchor169" UsedConditions="" LocalConditions="" /></Links><SeeAlsoLinks /><IndexControlLinks /><SortAsLinks /></IndexEntry></Entries><Links><IndexLink Title="Zoom" Link="/Content/View/Zoom.htm#kanchor90" UsedConditions="" LocalConditions="" /></Links><SeeAlsoLinks /><IndexControlLinks /><SortAsLinks /></IndexEntry></Entries></IndexEntry></CatapultTargetIndex>