﻿<?xml version="1.0" encoding="utf-8"?><CatapultTargetIndex Count="454" Char_97="0" Char_65="8" Char_66="38" Char_98="39" Char_67="51" Char_99="52" Char_68="87" Char_100="88" Char_101="110" Char_69="115" Char_102="136" Char_70="138" Char_71="144" Char_103="151" Char_104="163" Char_73="172" Char_105="175" Char_74="194" Char_107="196" Char_108="198" Char_76="199" Char_77="217" Char_109="220" Char_110="237" Char_78="243" Char_111="247" Char_79="265" Char_112="266" Char_80="273" Char_81="312" Char_114="315" Char_82="316" Char_115="329" Char_83="336" Char_116="370" Char_84="377" Char_117="402" Char_85="403" Char_118="405" Char_86="407" Char_87="409" Char_119="414" Char_122="452"><Chunks><Chunk FirstTerm="activate a histogram plot" Link="Index_Chunk1.xml" Start="0" Count="100" /><Chunk FirstTerm="delete tie points" Link="Index_Chunk2.xml" Start="100" Count="95" /><Chunk FirstTerm="JPEG2000 Exporter options" Link="Index_Chunk3.xml" Start="195" Count="116" /><Chunk FirstTerm="pseudocolor layer options" Link="Index_Chunk4.xml" Start="311" Count="96" /><Chunk FirstTerm="View menu" Link="Index_Chunk5.xml" Start="407" Count="47" /></Chunks><IndexEntry><Entries></Entries><Links /><SeeAlsoLinks /><IndexControlLinks /></IndexEntry></CatapultTargetIndex>