﻿<?xml version="1.0" encoding="utf-8"?><index><stem n="list"><phr n="list"><ent r="4" t="1" w="290" /><ent r="4" t="1" w="336" /><ent r="4" t="4" w="145" /><ent r="4" t="4" w="193" /><ent r="7" t="5" w="205" /><ent r="7" t="5" w="212" /><ent r="7" t="5" w="251" /><ent r="7" t="5" w="258" /><ent r="7" t="7" w="100" /><ent r="7" t="13" w="154" /><ent r="7" t="13" w="180" /><ent r="6" t="14" w="200" /><ent r="6" t="14" w="226" /><ent r="4" t="17" w="151" /><ent r="3" t="17" w="206" /><ent r="3" t="17" w="231" /><ent r="3" t="20" w="46" /><ent r="4" t="23" w="60" /><ent r="4" t="27" w="144" /><ent r="5" t="27" w="471" /><ent r="5" t="27" w="512" /><ent r="4" t="32" w="144" /><ent r="4" t="33" w="180" /><ent r="4" t="45" w="133" /><ent r="4" t="45" w="184" /><ent r="4" t="45" w="239" /><ent r="4" t="45" w="328" /><ent r="4" t="45" w="402" /><ent r="3" t="45" w="648" /><ent r="4" t="49" w="165" /><ent r="4" t="49" w="345" /><ent r="4" t="49" w="526" /><ent r="4" t="49" w="539" /><ent r="3" t="50" w="99" /><ent r="4" t="50" w="223" /><ent r="3" t="60" w="69" /><ent r="4" t="61" w="75" /><ent r="4" t="61" w="139" /><ent r="4" t="66" w="52" /><ent r="4" t="66" w="203" /><ent r="4" t="66" w="234" /><ent r="4" t="66" w="279" /><ent r="4" t="67" w="115" /><ent r="4" t="68" w="190" /><ent r="4" t="68" w="208" /><ent r="4" t="71" w="54" /><ent r="4" t="71" w="236" /><ent r="4" t="71" w="250" /><ent r="3" t="75" w="283" /><ent r="3" t="76" w="12" /><ent r="3" t="78" w="362" /><ent r="4" t="93" w="132" /><ent r="4" t="95" w="114" /><ent r="4" t="95" w="116" /><ent r="3" t="100" w="103" /><ent r="3" t="105" w="49" /><ent r="3" t="105" w="63" /><ent r="3" t="105" w="110" /><ent r="3" t="105" w="165" /><ent r="4" t="107" w="168" /><ent r="4" t="108" w="110" /><ent r="4" t="109" w="123" /><ent r="4" t="109" w="466" /><ent r="4" t="110" w="124" /><ent r="3" t="111" w="347" /><ent r="4" t="111" w="374" /><ent r="4" t="111" w="382" /><ent r="4" t="111" w="512" /><ent r="3" t="122" w="155" /><ent r="3" t="124" w="40" /><ent r="3" t="124" w="45" /><ent r="4" t="125" w="216" /><ent r="3" t="129" w="116" /><ent r="3" t="132" w="347" /><ent r="3" t="132" w="413" /><ent r="4" t="132" w="449" /><ent r="4" t="139" w="69" /><ent r="3" t="146" w="102" /><ent r="4" t="147" w="78" /><ent r="3" t="147" w="376" /><ent r="3" t="147" w="412" /><ent r="3" t="147" w="587" /><ent r="3" t="148" w="149" /><ent r="3" t="148" w="182" /><ent r="3" t="148" w="279" /><ent r="3" t="148" w="298" /><ent r="3" t="148" w="316" /><ent r="3" t="148" w="330" /><ent r="3" t="148" w="355" /><ent r="3" t="148" w="367" /><ent r="4" t="150" w="117" /><ent r="4" t="151" w="117" /><ent r="4" t="151" w="134" /><ent r="3" t="151" w="151" /><ent r="4" t="152" w="131" /><ent r="4" t="152" w="143" /><ent r="3" t="152" w="170" /><ent r="3" t="152" w="182" /><ent r="4" t="153" w="128" /><ent r="4" t="154" w="119" /><ent r="4" t="155" w="119" /><ent r="4" t="155" w="138" /><ent r="4" t="156" w="113" /><ent r="4" t="156" w="339" /><ent r="4" t="156" w="565" /><ent r="4" t="156" w="774" /><ent r="4" t="156" w="1000" /><ent r="4" t="157" w="116" /><ent r="3" t="157" w="168" /><ent r="3" t="157" w="185" /><ent r="4" t="158" w="124" /><ent r="4" t="158" w="147" /><ent r="3" t="158" w="159" /><ent r="4" t="159" w="245" /><ent r="4" t="159" w="264" /><ent r="4" t="159" w="359" /><ent r="4" t="159" w="367" /><ent r="4" t="159" w="381" /><ent r="4" t="159" w="424" /><ent r="4" t="159" w="478" /><ent r="4" t="159" w="534" /><ent r="4" t="159" w="546" /><ent r="4" t="159" w="591" /><ent r="4" t="159" w="636" /><ent r="3" t="159" w="716" /><ent r="3" t="159" w="738" /><ent r="3" t="159" w="746" /><ent r="3" t="160" w="29" /><ent r="4" t="160" w="350" /><ent r="4" t="160" w="358" /><ent r="4" t="160" w="372" /><ent r="4" t="160" w="412" /><ent r="4" t="160" w="466" /><ent r="4" t="160" w="522" /><ent r="4" t="160" w="534" /><ent r="4" t="160" w="579" /><ent r="4" t="160" w="624" /><ent r="3" t="160" w="704" /><ent r="3" t="160" w="726" /><ent r="3" t="160" w="734" /><ent r="4" t="161" w="349" /><ent r="4" t="161" w="357" /><ent r="4" t="161" w="371" /><ent r="4" t="161" w="411" /><ent r="4" t="161" w="465" /><ent r="4" t="161" w="521" /><ent r="4" t="161" w="533" /><ent r="4" t="161" w="578" /><ent r="4" t="161" w="623" /><ent r="3" t="161" w="703" /><ent r="3" t="161" w="725" /><ent r="3" t="161" w="733" /><ent r="3" t="164" w="51" /><ent r="3" t="164" w="207" /><ent r="3" t="165" w="143" /><ent r="4" t="166" w="167" /><ent r="3" t="166" w="195" /><ent r="3" t="166" w="210" /><ent r="3" t="167" w="121" /><ent r="4" t="168" w="416" /><ent r="4" t="168" w="603" /><ent r="4" t="169" w="66" /><ent r="3" t="169" w="82" /><ent r="3" t="169" w="140" /><ent r="4" t="170" w="394" /><ent r="4" t="170" w="568" /><ent r="4" t="170" w="605" /><ent r="4" t="170" w="609" /><ent r="4" t="171" w="283" /><ent r="4" t="171" w="297" /><ent r="4" t="171" w="330" /><ent r="4" t="171" w="344" /><ent r="4" t="172" w="106" /><ent r="3" t="174" w="124" /><ent r="4" t="177" w="177" /><ent r="4" t="177" w="187" /><ent r="4" t="178" w="148" /><ent r="4" t="178" w="182" /><ent r="4" t="178" w="235" /><ent r="4" t="179" w="120" /><ent r="4" t="185" w="356" /><ent r="4" t="185" w="404" /><ent r="4" t="186" w="505" /><ent r="4" t="186" w="553" /><ent r="4" t="186" w="1773" /><ent r="4" t="187" w="221" /><ent r="4" t="187" w="269" /><ent r="4" t="187" w="468" /><ent r="4" t="187" w="1267" /><ent r="4" t="188" w="181" /><ent r="4" t="188" w="229" /><ent r="4" t="188" w="571" /><ent r="4" t="188" w="588" /><ent r="4" t="188" w="948" /><ent r="4" t="189" w="419" /><ent r="4" t="189" w="467" /><ent r="4" t="190" w="408" /><ent r="4" t="190" w="456" /><ent r="4" t="190" w="1051" /><ent r="4" t="192" w="332" /><ent r="4" t="192" w="380" /><ent r="4" t="192" w="1071" /><ent r="3" t="193" w="332" /><ent r="4" t="193" w="635" /><ent r="4" t="193" w="720" /><ent r="3" t="193" w="943" /><ent r="3" t="193" w="1738" /><ent r="4" t="194" w="241" /><ent r="4" t="194" w="289" /><ent r="4" t="194" w="520" /><ent r="3" t="194" w="883" /><ent r="4" t="195" w="69" /><ent r="4" t="195" w="117" /><ent r="4" t="195" w="120" /><ent r="4" t="207" w="101" /><ent r="4" t="207" w="116" /><ent r="3" t="207" w="128" /><ent r="3" t="207" w="165" /><ent r="4" t="207" w="243" /><ent r="4" t="207" w="295" /><ent r="4" t="215" w="219" /><ent r="4" t="215" w="333" /><ent r="4" t="215" w="481" /><ent r="4" t="215" w="489" /><ent r="4" t="215" w="503" /><ent r="4" t="215" w="546" /><ent r="4" t="215" w="600" /><ent r="4" t="215" w="655" /><ent r="4" t="215" w="667" /><ent r="4" t="215" w="712" /><ent r="4" t="215" w="757" /><ent r="3" t="215" w="842" /><ent r="3" t="215" w="864" /><ent r="3" t="215" w="872" /><ent r="3" t="221" w="196" /><ent r="4" t="221" w="225" /><ent r="4" t="221" w="254" /><ent r="3" t="222" w="105" /><ent r="4" t="222" w="119" /><ent r="4" t="222" w="134" /><ent r="4" t="225" w="137" /><ent r="4" t="225" w="213" /><ent r="6" t="226" w="431" /><ent r="4" t="228" w="139" /><ent r="4" t="228" w="290" /><ent r="3" t="233" w="211" /><ent r="3" t="233" w="238" /><ent r="3" t="233" w="252" /><ent r="3" t="233" w="267" /><ent r="5" t="241" w="265" /><ent r="6" t="241" w="290" /><ent r="6" t="241" w="298" /><ent r="5" t="241" w="306" /><ent r="6" t="241" w="314" /><ent r="6" t="241" w="322" /><ent r="5" t="241" w="330" /><ent r="6" t="241" w="338" /><ent r="6" t="241" w="347" /><ent r="5" t="241" w="355" /><ent r="5" t="241" w="363" /><ent r="5" t="241" w="371" /><ent r="6" t="241" w="379" /><ent r="5" t="241" w="387" /></phr><phr n="List"><ent r="7" t="8" w="190" /><ent r="4" t="56" w="91" /><ent r="3" t="75" w="288" /><ent r="3" t="75" w="292" /><ent r="64" t="120" w="278" /><ent r="4" t="122" w="169" /><ent r="1000" t="124" w="3" /><ent r="102" t="124" w="7" /><ent r="100" t="124" w="11" /><ent r="100" t="124" w="14" /><ent r="3" t="124" w="19" /><ent r="3" t="124" w="25" /><ent r="4" t="124" w="64" /><ent r="4" t="126" w="121" /><ent r="5" t="126" w="285" /><ent r="5" t="126" w="563" /><ent r="3" t="164" w="38" /><ent r="4" t="185" w="2298" /><ent r="4" t="186" w="904" /><ent r="3" t="186" w="2342" /><ent r="4" t="193" w="1749" /><ent r="5" t="193" w="1898" /><ent r="7" t="202" w="471" /><ent r="3" t="233" w="231" /></phr><phr n="listing"><ent r="4" t="27" w="79" /></phr><phr n="lists"><ent r="3" t="27" w="318" /><ent r="5" t="50" w="402" /><ent r="100" t="76" w="5" /><ent r="3" t="76" w="24" /><ent r="3" t="78" w="194" /><ent r="4" t="78" w="296" /><ent r="3" t="78" w="341" /><ent r="3" t="78" w="382" /><ent r="3" t="82" w="208" /><ent r="3" t="118" w="291" /><ent r="3" t="128" w="642" /><ent r="4" t="153" w="141" /><ent r="3" t="160" w="256" /><ent r="3" t="160" w="751" /><ent r="3" t="169" w="94" /><ent r="3" t="174" w="113" /><ent r="4" t="176" w="165" /><ent r="4" t="195" w="104" /><ent r="3" t="203" w="250" /><ent r="3" t="204" w="181" /><ent r="3" t="205" w="140" /><ent r="3" t="206" w="179" /><ent r="3" t="217" w="27" /><ent r="3" t="218" w="18" /><ent r="3" t="219" w="91" /></phr><phr n="listed"><ent r="3" t="45" w="414" /><ent r="4" t="49" w="192" /><ent r="3" t="82" w="358" /><ent r="3" t="184" w="57" /><ent r="3" t="215" w="89" /></phr><phr n="Lists"><ent r="1000" t="76" w="2" /><ent r="102" t="76" w="8" /><ent r="5" t="195" w="98" /><ent r="4" t="195" w="139" /><ent r="7" t="202" w="408" /><ent r="7" t="202" w="600" /><ent r="7" t="202" w="625" /><ent r="7" t="202" w="650" /></phr></stem><stem n="activ"><phr n="Active"><ent r="4" t="1" w="295" /><ent r="4" t="1" w="343" /><ent r="4" t="4" w="150" /><ent r="4" t="4" w="200" /><ent r="1000" t="52" w="3" /><ent r="102" t="52" w="12" /><ent r="64" t="139" w="91" /><ent r="4" t="185" w="361" /><ent r="4" t="185" w="411" /><ent r="4" t="186" w="510" /><ent r="4" t="186" w="560" /><ent r="4" t="187" w="226" /><ent r="4" t="187" w="276" /><ent r="4" t="188" w="186" /><ent r="4" t="188" w="236" /><ent r="4" t="189" w="424" /><ent r="4" t="189" w="474" /><ent r="4" t="190" w="413" /><ent r="4" t="190" w="463" /><ent r="4" t="192" w="337" /><ent r="4" t="192" w="387" /><ent r="3" t="193" w="337" /><ent r="4" t="194" w="246" /><ent r="4" t="194" w="296" /></phr><phr n="Activates"><ent r="6" t="3" w="117" /><ent r="6" t="13" w="208" /><ent r="4" t="54" w="62" /></phr><phr n="activate"><ent r="3" t="4" w="77" /><ent r="4" t="10" w="42" /><ent r="3" t="36" w="20" /><ent r="3" t="38" w="27" /><ent r="3" t="38" w="58" /><ent r="100" t="55" w="9" /><ent r="100" t="55" w="14" /><ent r="3" t="55" w="17" /><ent r="4" t="55" w="37" /><ent r="3" t="59" w="132" /><ent r="3" t="64" w="58" /><ent r="3" t="70" w="30" /><ent r="4" t="71" w="129" /><ent r="65" t="73" w="62" /><ent r="4" t="75" w="114" /><ent r="3" t="78" w="107" /><ent r="100" t="89" w="11" /><ent r="100" t="89" w="18" /><ent r="3" t="89" w="21" /><ent r="4" t="89" w="41" /><ent r="3" t="159" w="153" /><ent r="3" t="171" w="14" /><ent r="65" t="180" w="89" /><ent r="3" t="185" w="1295" /><ent r="4" t="186" w="1114" /><ent r="4" t="186" w="1910" /><ent r="4" t="186" w="2012" /><ent r="4" t="189" w="715" /><ent r="4" t="189" w="842" /><ent r="3" t="189" w="925" /><ent r="4" t="190" w="891" /></phr><phr n="active"><ent r="3" t="4" w="97" /><ent r="7" t="5" w="42" /><ent r="7" t="5" w="56" /><ent r="7" t="5" w="81" /><ent r="7" t="5" w="88" /><ent r="7" t="5" w="117" /><ent r="7" t="5" w="124" /><ent r="7" t="5" w="154" /><ent r="7" t="5" w="161" /><ent r="5" t="6" w="153" /><ent r="5" t="6" w="170" /><ent r="3" t="8" w="33" /><ent r="7" t="8" w="122" /><ent r="64" t="10" w="25" /><ent r="3" t="10" w="54" /><ent r="4" t="11" w="32" /><ent r="6" t="13" w="218" /><ent r="3" t="31" w="27" /><ent r="4" t="50" w="121" /><ent r="3" t="51" w="77" /><ent r="100" t="52" w="7" /><ent r="3" t="52" w="27" /><ent r="3" t="52" w="33" /><ent r="3" t="52" w="46" /><ent r="4" t="54" w="73" /><ent r="4" t="55" w="62" /><ent r="4" t="55" w="80" /><ent r="3" t="56" w="122" /><ent r="3" t="57" w="23" /><ent r="3" t="57" w="33" /><ent r="5" t="65" w="48" /><ent r="4" t="66" w="25" /><ent r="3" t="68" w="33" /><ent r="3" t="72" w="37" /><ent r="3" t="78" w="165" /><ent r="3" t="85" w="23" /><ent r="4" t="85" w="73" /><ent r="4" t="87" w="69" /><ent r="3" t="88" w="180" /><ent r="4" t="89" w="69" /><ent r="3" t="89" w="88" /><ent r="3" t="91" w="94" /><ent r="4" t="92" w="204" /><ent r="4" t="92" w="311" /><ent r="4" t="93" w="75" /><ent r="3" t="94" w="119" /><ent r="4" t="95" w="59" /><ent r="4" t="96" w="140" /><ent r="4" t="98" w="58" /><ent r="3" t="101" w="39" /><ent r="3" t="101" w="45" /><ent r="3" t="101" w="72" /><ent r="3" t="109" w="335" /><ent r="3" t="133" w="87" /><ent r="3" t="135" w="41" /><ent r="3" t="135" w="67" /><ent r="3" t="135" w="78" /><ent r="4" t="140" w="43" /><ent r="3" t="140" w="75" /><ent r="3" t="147" w="142" /><ent r="3" t="147" w="245" /><ent r="3" t="147" w="449" /><ent r="3" t="147" w="613" /><ent r="3" t="170" w="233" /><ent r="4" t="185" w="899" /><ent r="3" t="185" w="1283" /><ent r="4" t="187" w="689" /><ent r="4" t="192" w="136" /><ent r="4" t="192" w="201" /><ent r="3" t="203" w="57" /><ent r="3" t="203" w="67" /><ent r="3" t="208" w="44" /><ent r="3" t="212" w="49" /></phr><phr n="Activate"><ent r="64" t="4" w="106" /><ent r="64" t="8" w="43" /><ent r="64" t="11" w="42" /><ent r="5" t="54" w="60" /><ent r="65" t="54" w="77" /><ent r="1000" t="55" w="1" /><ent r="102" t="55" w="5" /><ent r="5" t="55" w="47" /><ent r="64" t="56" w="137" /><ent r="64" t="59" w="138" /><ent r="64" t="64" w="63" /><ent r="66" t="65" w="51" /><ent r="65" t="66" w="28" /><ent r="64" t="68" w="36" /><ent r="1000" t="89" w="1" /><ent r="102" t="89" w="6" /><ent r="4" t="89" w="55" /><ent r="4" t="185" w="948" /><ent r="4" t="186" w="841" /><ent r="4" t="189" w="949" /></phr><phr n="activated"><ent r="3" t="38" w="99" /><ent r="4" t="55" w="87" /><ent r="4" t="59" w="244" /><ent r="3" t="70" w="83" /><ent r="3" t="134" w="205" /><ent r="4" t="151" w="247" /><ent r="3" t="171" w="87" /><ent r="3" t="171" w="108" /><ent r="4" t="187" w="730" /><ent r="4" t="188" w="1177" /><ent r="3" t="216" w="142" /><ent r="4" t="221" w="219" /></phr><phr n="activates"><ent r="4" t="71" w="196" /><ent r="3" t="140" w="79" /><ent r="4" t="186" w="2821" /><ent r="4" t="187" w="712" /><ent r="4" t="235" w="568" /></phr><phr n="activity"><ent r="3" t="77" w="15" /></phr><phr n="activation"><ent r="5" t="110" w="425" /></phr></stem><stem n="checkmark"><phr n="checkmark"><ent r="4" t="1" w="299" /><ent r="4" t="1" w="347" /><ent r="4" t="1" w="397" /><ent r="4" t="4" w="154" /><ent r="4" t="4" w="204" /><ent r="3" t="103" w="209" /><ent r="3" t="144" w="85" /><ent r="4" t="185" w="365" /><ent r="4" t="185" w="415" /><ent r="4" t="186" w="514" /><ent r="4" t="186" w="564" /><ent r="3" t="186" w="2563" /><ent r="4" t="187" w="230" /><ent r="4" t="187" w="280" /><ent r="4" t="188" w="190" /><ent r="4" t="188" w="240" /><ent r="4" t="189" w="428" /><ent r="4" t="189" w="478" /><ent r="4" t="190" w="417" /><ent r="4" t="190" w="467" /><ent r="4" t="192" w="341" /><ent r="4" t="192" w="391" /><ent r="3" t="193" w="341" /><ent r="4" t="194" w="250" /><ent r="4" t="194" w="300" /></phr></stem><stem n="front"><phr n="front"><ent r="4" t="1" w="301" /><ent r="4" t="1" w="349" /><ent r="4" t="1" w="383" /><ent r="4" t="4" w="156" /><ent r="4" t="4" w="206" /><ent r="4" t="58" w="44" /><ent r="3" t="58" w="103" /><ent r="4" t="110" w="440" /><ent r="3" t="126" w="361" /><ent r="3" t="144" w="89" /><ent r="3" t="146" w="89" /><ent r="3" t="147" w="574" /><ent r="4" t="185" w="367" /><ent r="4" t="185" w="417" /><ent r="4" t="185" w="453" /><ent r="4" t="186" w="516" /><ent r="4" t="186" w="566" /><ent r="4" t="186" w="602" /><ent r="4" t="186" w="1491" /><ent r="4" t="187" w="232" /><ent r="4" t="187" w="282" /><ent r="4" t="187" w="318" /><ent r="4" t="188" w="192" /><ent r="4" t="188" w="242" /><ent r="4" t="188" w="278" /><ent r="4" t="189" w="430" /><ent r="4" t="189" w="480" /><ent r="4" t="189" w="516" /><ent r="4" t="190" w="419" /><ent r="4" t="190" w="469" /><ent r="4" t="190" w="505" /><ent r="4" t="192" w="343" /><ent r="4" t="192" w="393" /><ent r="4" t="192" w="429" /><ent r="3" t="193" w="343" /><ent r="4" t="194" w="252" /><ent r="4" t="194" w="302" /><ent r="4" t="194" w="338" /></phr><phr n="Front"><ent r="3" t="65" w="133" /></phr></stem><stem n="them"><phr n="them"><ent r="4" t="1" w="303" /><ent r="4" t="1" w="351" /><ent r="3" t="1" w="413" /><ent r="4" t="4" w="158" /><ent r="4" t="4" w="208" /><ent r="4" t="20" w="520" /><ent r="3" t="45" w="696" /><ent r="3" t="71" w="36" /><ent r="3" t="92" w="47" /><ent r="3" t="114" w="34" /><ent r="3" t="114" w="41" /><ent r="3" t="121" w="26" /><ent r="3" t="128" w="173" /><ent r="3" t="128" w="179" /><ent r="3" t="128" w="210" /><ent r="3" t="128" w="584" /><ent r="3" t="145" w="358" /><ent r="3" t="145" w="651" /><ent r="4" t="170" w="894" /><ent r="3" t="173" w="47" /><ent r="3" t="173" w="224" /><ent r="3" t="173" w="600" /><ent r="4" t="185" w="369" /><ent r="4" t="185" w="419" /><ent r="4" t="186" w="518" /><ent r="4" t="186" w="568" /><ent r="4" t="187" w="234" /><ent r="4" t="187" w="284" /><ent r="4" t="187" w="1497" /><ent r="4" t="188" w="194" /><ent r="4" t="188" w="244" /><ent r="3" t="189" w="375" /><ent r="4" t="189" w="432" /><ent r="4" t="189" w="482" /><ent r="3" t="190" w="365" /><ent r="4" t="190" w="421" /><ent r="4" t="190" w="471" /><ent r="3" t="191" w="165" /><ent r="4" t="192" w="345" /><ent r="4" t="192" w="395" /><ent r="3" t="193" w="287" /><ent r="3" t="193" w="345" /><ent r="3" t="193" w="1575" /><ent r="4" t="194" w="254" /><ent r="4" t="194" w="304" /><ent r="4" t="194" w="612" /><ent r="3" t="195" w="19" /><ent r="3" t="208" w="140" /><ent r="3" t="212" w="145" /></phr></stem><stem n="name"><phr n="name"><ent r="4" t="1" w="307" /><ent r="4" t="1" w="355" /><ent r="4" t="1" w="386" /><ent r="4" t="4" w="162" /><ent r="4" t="4" w="212" /><ent r="3" t="18" w="83" /><ent r="3" t="18" w="120" /><ent r="5" t="21" w="282" /><ent r="4" t="21" w="286" /><ent r="4" t="23" w="63" /><ent r="4" t="24" w="42" /><ent r="3" t="24" w="61" /><ent r="4" t="27" w="104" /><ent r="5" t="27" w="151" /><ent r="4" t="27" w="172" /><ent r="5" t="28" w="34" /><ent r="4" t="28" w="70" /><ent r="4" t="30" w="83" /><ent r="3" t="31" w="55" /><ent r="4" t="33" w="228" /><ent r="4" t="45" w="123" /><ent r="4" t="45" w="167" /><ent r="4" t="45" w="287" /><ent r="4" t="45" w="586" /><ent r="3" t="45" w="606" /><ent r="4" t="50" w="647" /><ent r="4" t="51" w="151" /><ent r="4" t="51" w="206" /><ent r="4" t="54" w="199" /><ent r="4" t="55" w="30" /><ent r="4" t="55" w="66" /><ent r="4" t="56" w="37" /><ent r="4" t="56" w="54" /><ent r="4" t="56" w="100" /><ent r="3" t="56" w="119" /><ent r="4" t="58" w="38" /><ent r="4" t="58" w="48" /><ent r="3" t="58" w="75" /><ent r="3" t="58" w="113" /><ent r="4" t="59" w="157" /><ent r="4" t="59" w="198" /><ent r="4" t="61" w="147" /><ent r="4" t="63" w="55" /><ent r="3" t="63" w="167" /><ent r="5" t="69" w="75" /><ent r="5" t="69" w="81" /><ent r="4" t="69" w="85" /><ent r="5" t="69" w="92" /><ent r="5" t="69" w="99" /><ent r="4" t="69" w="103" /><ent r="3" t="69" w="170" /><ent r="3" t="78" w="98" /><ent r="3" t="78" w="265" /><ent r="4" t="79" w="115" /><ent r="4" t="81" w="82" /><ent r="4" t="81" w="111" /><ent r="4" t="81" w="115" /><ent r="4" t="81" w="118" /><ent r="4" t="81" w="124" /><ent r="4" t="81" w="158" /><ent r="4" t="81" w="207" /><ent r="4" t="86" w="109" /><ent r="4" t="86" w="192" /><ent r="4" t="89" w="46" /><ent r="3" t="89" w="75" /><ent r="5" t="91" w="641" /><ent r="4" t="96" w="250" /><ent r="3" t="97" w="292" /><ent r="5" t="100" w="59" /><ent r="4" t="100" w="64" /><ent r="4" t="100" w="85" /><ent r="4" t="102" w="180" /><ent r="3" t="104" w="43" /><ent r="3" t="105" w="77" /><ent r="4" t="111" w="497" /><ent r="3" t="118" w="479" /><ent r="4" t="120" w="85" /><ent r="4" t="120" w="95" /><ent r="4" t="120" w="114" /><ent r="4" t="123" w="80" /><ent r="4" t="123" w="111" /><ent r="3" t="123" w="130" /><ent r="3" t="126" w="256" /><ent r="3" t="126" w="314" /><ent r="3" t="126" w="365" /><ent r="3" t="126" w="397" /><ent r="3" t="126" w="446" /><ent r="3" t="126" w="483" /><ent r="3" t="126" w="502" /><ent r="3" t="126" w="534" /><ent r="3" t="126" w="590" /><ent r="100" t="128" w="13" /><ent r="100" t="128" w="98" /><ent r="3" t="128" w="109" /><ent r="3" t="128" w="230" /><ent r="3" t="128" w="238" /><ent r="3" t="128" w="301" /><ent r="3" t="128" w="552" /><ent r="4" t="129" w="92" /><ent r="3" t="129" w="195" /><ent r="4" t="136" w="68" /><ent r="4" t="138" w="66" /><ent r="3" t="140" w="72" /><ent r="3" t="141" w="53" /><ent r="3" t="141" w="107" /><ent r="4" t="142" w="36" /><ent r="6" t="145" w="215" /><ent r="4" t="145" w="254" /><ent r="3" t="145" w="396" /><ent r="3" t="145" w="514" /><ent r="3" t="145" w="614" /><ent r="3" t="145" w="688" /><ent r="3" t="159" w="151" /><ent r="4" t="159" w="586" /><ent r="4" t="159" w="631" /><ent r="4" t="160" w="92" /><ent r="4" t="160" w="95" /><ent r="3" t="160" w="187" /><ent r="4" t="160" w="574" /><ent r="4" t="160" w="619" /><ent r="3" t="161" w="122" /><ent r="4" t="161" w="573" /><ent r="4" t="161" w="618" /><ent r="3" t="164" w="47" /><ent r="4" t="164" w="88" /><ent r="4" t="165" w="77" /><ent r="4" t="166" w="69" /><ent r="4" t="167" w="85" /><ent r="4" t="168" w="101" /><ent r="3" t="168" w="350" /><ent r="4" t="169" w="148" /><ent r="4" t="170" w="884" /><ent r="3" t="170" w="969" /><ent r="3" t="170" w="991" /><ent r="3" t="170" w="1002" /><ent r="4" t="171" w="247" /><ent r="4" t="171" w="290" /><ent r="4" t="171" w="337" /><ent r="5" t="183" w="96" /><ent r="4" t="183" w="100" /><ent r="4" t="185" w="373" /><ent r="4" t="185" w="423" /><ent r="4" t="185" w="2168" /><ent r="4" t="186" w="522" /><ent r="4" t="186" w="572" /><ent r="4" t="186" w="2512" /><ent r="4" t="186" w="2786" /><ent r="3" t="186" w="2970" /><ent r="4" t="187" w="238" /><ent r="4" t="187" w="288" /><ent r="4" t="187" w="814" /><ent r="5" t="187" w="935" /><ent r="4" t="187" w="958" /><ent r="4" t="187" w="1328" /><ent r="4" t="188" w="198" /><ent r="4" t="188" w="248" /><ent r="4" t="189" w="436" /><ent r="4" t="189" w="486" /><ent r="4" t="190" w="425" /><ent r="4" t="190" w="475" /><ent r="4" t="190" w="814" /><ent r="4" t="190" w="886" /><ent r="4" t="190" w="1032" /><ent r="3" t="190" w="1219" /><ent r="4" t="192" w="349" /><ent r="4" t="192" w="399" /><ent r="3" t="193" w="349" /><ent r="3" t="193" w="850" /><ent r="3" t="193" w="1395" /><ent r="3" t="193" w="1414" /><ent r="3" t="193" w="1432" /><ent r="3" t="193" w="1469" /><ent r="3" t="193" w="1482" /><ent r="3" t="193" w="1501" /><ent r="3" t="193" w="1513" /><ent r="3" t="193" w="1532" /><ent r="3" t="193" w="1553" /><ent r="3" t="193" w="1561" /><ent r="4" t="194" w="258" /><ent r="4" t="194" w="308" /><ent r="7" t="202" w="416" /><ent r="4" t="207" w="203" /><ent r="4" t="207" w="282" /><ent r="4" t="215" w="707" /><ent r="4" t="215" w="752" /><ent r="3" t="216" w="28" /><ent r="3" t="225" w="50" /><ent r="3" t="225" w="63" /><ent r="3" t="225" w="175" /><ent r="6" t="226" w="329" /><ent r="4" t="228" w="129" /><ent r="7" t="239" w="169" /></phr><phr n="names"><ent r="3" t="18" w="58" /><ent r="3" t="18" w="122" /><ent r="3" t="45" w="596" /><ent r="3" t="63" w="179" /><ent r="3" t="78" w="395" /><ent r="4" t="112" w="171" /><ent r="3" t="128" w="295" /><ent r="3" t="146" w="93" /><ent r="3" t="147" w="578" /><ent r="4" t="187" w="762" /><ent r="7" t="202" w="584" /><ent r="7" t="202" w="590" /><ent r="3" t="202" w="781" /><ent r="4" t="207" w="213" /><ent r="6" t="241" w="721" /></phr><phr n="Name"><ent r="4" t="44" w="117" /><ent r="5" t="54" w="194" /><ent r="5" t="61" w="127" /><ent r="5" t="91" w="636" /><ent r="4" t="111" w="505" /><ent r="5" t="120" w="79" /><ent r="82" t="128" w="221" /><ent r="5" t="129" w="100" /><ent r="4" t="161" w="823" /><ent r="7" t="186" w="1672" /><ent r="4" t="186" w="3211" /><ent r="4" t="190" w="1026" /><ent r="3" t="190" w="1215" /><ent r="5" t="193" w="623" /><ent r="5" t="193" w="708" /><ent r="3" t="194" w="690" /><ent r="3" t="194" w="703" /><ent r="3" t="194" w="729" /><ent r="4" t="194" w="1344" /><ent r="5" t="207" w="207" /><ent r="5" t="207" w="291" /><ent r="3" t="216" w="88" /><ent r="5" t="228" w="123" /></phr><phr n="NAME"><ent r="7" t="193" w="1110" /><ent r="7" t="193" w="1114" /><ent r="7" t="194" w="940" /><ent r="7" t="194" w="944" /></phr></stem><stem n="mous"><phr n="mouse"><ent r="4" t="1" w="319" /><ent r="4" t="1" w="334" /><ent r="4" t="1" w="447" /><ent r="4" t="1" w="457" /><ent r="4" t="1" w="470" /><ent r="3" t="1" w="571" /><ent r="3" t="1" w="576" /><ent r="3" t="2" w="28" /><ent r="100" t="3" w="4" /><ent r="6" t="3" w="28" /><ent r="6" t="3" w="32" /><ent r="5" t="3" w="53" /><ent r="4" t="4" w="174" /><ent r="4" t="4" w="191" /><ent r="5" t="6" w="154" /><ent r="6" t="7" w="36" /><ent r="6" t="7" w="51" /><ent r="6" t="7" w="231" /><ent r="6" t="13" w="210" /><ent r="3" t="18" w="203" /><ent r="4" t="37" w="73" /><ent r="100" t="38" w="5" /><ent r="100" t="38" w="11" /><ent r="3" t="38" w="25" /><ent r="3" t="38" w="29" /><ent r="3" t="38" w="60" /><ent r="4" t="38" w="70" /><ent r="4" t="38" w="74" /><ent r="4" t="38" w="87" /><ent r="3" t="38" w="101" /><ent r="3" t="38" w="110" /><ent r="3" t="38" w="120" /><ent r="3" t="38" w="135" /><ent r="3" t="38" w="141" /><ent r="3" t="38" w="150" /><ent r="100" t="39" w="7" /><ent r="3" t="39" w="20" /><ent r="3" t="39" w="44" /><ent r="3" t="39" w="51" /><ent r="6" t="39" w="69" /><ent r="6" t="39" w="79" /><ent r="3" t="39" w="133" /><ent r="7" t="40" w="176" /><ent r="4" t="41" w="138" /><ent r="64" t="42" w="18" /><ent r="3" t="48" w="102" /><ent r="4" t="50" w="170" /><ent r="3" t="50" w="241" /><ent r="4" t="50" w="469" /><ent r="3" t="50" w="552" /><ent r="3" t="50" w="564" /><ent r="4" t="59" w="173" /><ent r="3" t="59" w="281" /><ent r="7" t="60" w="114" /><ent r="7" t="60" w="131" /><ent r="7" t="60" w="177" /><ent r="7" t="60" w="194" /><ent r="3" t="65" w="86" /><ent r="3" t="65" w="107" /><ent r="4" t="66" w="75" /><ent r="4" t="66" w="113" /><ent r="4" t="66" w="127" /><ent r="4" t="66" w="140" /><ent r="4" t="66" w="156" /><ent r="4" t="66" w="165" /><ent r="4" t="66" w="178" /><ent r="4" t="68" w="140" /><ent r="4" t="68" w="149" /><ent r="4" t="68" w="163" /><ent r="3" t="75" w="22" /><ent r="3" t="82" w="547" /><ent r="4" t="82" w="552" /><ent r="3" t="82" w="561" /><ent r="3" t="82" w="572" /><ent r="4" t="82" w="587" /><ent r="3" t="82" w="597" /><ent r="3" t="82" w="605" /><ent r="4" t="85" w="78" /><ent r="4" t="85" w="97" /><ent r="4" t="86" w="77" /><ent r="4" t="86" w="114" /><ent r="4" t="86" w="160" /><ent r="4" t="86" w="197" /><ent r="4" t="86" w="260" /><ent r="3" t="87" w="85" /><ent r="3" t="88" w="176" /><ent r="4" t="90" w="87" /><ent r="3" t="91" w="45" /><ent r="7" t="91" w="221" /><ent r="100" t="92" w="6" /><ent r="100" t="92" w="18" /><ent r="3" t="92" w="30" /><ent r="3" t="92" w="58" /><ent r="4" t="92" w="94" /><ent r="4" t="92" w="117" /><ent r="3" t="92" w="222" /><ent r="3" t="92" w="261" /><ent r="3" t="93" w="92" /><ent r="4" t="94" w="65" /><ent r="3" t="95" w="88" /><ent r="4" t="101" w="83" /><ent r="4" t="102" w="85" /><ent r="3" t="110" w="179" /><ent r="3" t="110" w="334" /><ent r="3" t="111" w="109" /><ent r="3" t="111" w="209" /><ent r="3" t="111" w="227" /><ent r="3" t="111" w="576" /><ent r="3" t="128" w="558" /><ent r="4" t="131" w="63" /><ent r="4" t="131" w="68" /><ent r="4" t="131" w="81" /><ent r="3" t="131" w="112" /><ent r="4" t="170" w="1097" /><ent r="4" t="170" w="1101" /><ent r="4" t="180" w="66" /><ent r="4" t="185" w="385" /><ent r="4" t="185" w="402" /><ent r="3" t="185" w="665" /><ent r="3" t="185" w="688" /><ent r="3" t="185" w="905" /><ent r="4" t="185" w="946" /><ent r="4" t="185" w="954" /><ent r="4" t="185" w="967" /><ent r="3" t="185" w="999" /><ent r="4" t="185" w="1046" /><ent r="4" t="185" w="1055" /><ent r="4" t="185" w="1431" /><ent r="4" t="185" w="1631" /><ent r="4" t="185" w="1639" /><ent r="3" t="185" w="1702" /><ent r="3" t="185" w="1708" /><ent r="3" t="185" w="1717" /><ent r="4" t="185" w="1758" /><ent r="4" t="185" w="1762" /><ent r="4" t="185" w="2228" /><ent r="4" t="185" w="2237" /><ent r="4" t="185" w="2253" /><ent r="4" t="186" w="534" /><ent r="4" t="186" w="551" /><ent r="3" t="186" w="1102" /><ent r="3" t="186" w="2942" /><ent r="3" t="186" w="2959" /><ent r="4" t="187" w="250" /><ent r="4" t="187" w="267" /><ent r="4" t="187" w="578" /><ent r="4" t="187" w="1364" /><ent r="4" t="188" w="210" /><ent r="4" t="188" w="227" /><ent r="4" t="189" w="448" /><ent r="4" t="189" w="465" /><ent r="4" t="190" w="437" /><ent r="4" t="190" w="454" /><ent r="4" t="190" w="911" /><ent r="4" t="190" w="921" /><ent r="4" t="190" w="932" /><ent r="4" t="192" w="361" /><ent r="4" t="192" w="378" /><ent r="3" t="192" w="1056" /><ent r="3" t="193" w="841" /><ent r="3" t="193" w="930" /><ent r="3" t="193" w="1059" /><ent r="3" t="193" w="1064" /><ent r="3" t="193" w="1070" /><ent r="4" t="194" w="270" /><ent r="4" t="194" w="287" /><ent r="3" t="194" w="870" /><ent r="3" t="194" w="912" /><ent r="3" t="194" w="917" /><ent r="7" t="198" w="94" /><ent r="7" t="198" w="111" /><ent r="7" t="198" w="130" /><ent r="7" t="198" w="147" /><ent r="3" t="233" w="100" /><ent r="3" t="233" w="136" /><ent r="3" t="233" w="281" /></phr><phr n="Mouse"><ent r="92" t="1" w="565" /><ent r="64" t="1" w="593" /><ent r="1000" t="3" w="1" /><ent r="102" t="3" w="7" /><ent r="6" t="3" w="10" /><ent r="5" t="3" w="73" /><ent r="5" t="3" w="101" /><ent r="64" t="11" w="62" /><ent r="64" t="36" w="61" /><ent r="64" t="37" w="96" /><ent r="1000" t="38" w="1" /><ent r="102" t="38" w="13" /><ent r="64" t="38" w="189" /><ent r="1000" t="39" w="1" /><ent r="102" t="39" w="4" /><ent r="3" t="39" w="10" /><ent r="64" t="59" w="291" /><ent r="4" t="82" w="537" /><ent r="7" t="91" w="209" /><ent r="68" t="91" w="225" /><ent r="5" t="91" w="237" /><ent r="66" t="91" w="251" /><ent r="1000" t="92" w="3" /><ent r="102" t="92" w="13" /><ent r="3" t="92" w="50" /><ent r="5" t="92" w="213" /><ent r="4" t="92" w="240" /><ent r="3" t="92" w="248" /><ent r="4" t="92" w="272" /><ent r="5" t="92" w="321" /><ent r="3" t="92" w="326" /><ent r="4" t="110" w="326" /><ent r="4" t="185" w="925" /><ent r="4" t="185" w="932" /><ent r="5" t="185" w="1614" /><ent r="4" t="185" w="1674" /><ent r="5" t="185" w="1733" /><ent r="3" t="185" w="1807" /><ent r="4" t="190" w="848" /></phr></stem></index>