﻿<?xml version="1.0" encoding="utf-8"?><index><stem n="around"><phr n="around"><ent r="3" t="1" w="367" /><ent r="3" t="1" w="476" /><ent r="6" t="7" w="146" /><ent r="3" t="35" w="14" /><ent r="4" t="38" w="95" /><ent r="4" t="38" w="120" /><ent r="3" t="40" w="112" /><ent r="3" t="42" w="337" /><ent r="5" t="81" w="114" /><ent r="3" t="103" w="403" /><ent r="3" t="161" w="127" /><ent r="4" t="161" w="1013" /><ent r="4" t="161" w="1027" /><ent r="4" t="161" w="2199" /><ent r="4" t="162" w="2630" /><ent r="4" t="163" w="561" /><ent r="4" t="165" w="1044" /><ent r="3" t="167" w="617" /><ent r="4" t="167" w="700" /><ent r="4" t="167" w="802" /><ent r="4" t="168" w="1318" /><ent r="3" t="169" w="994" /></phr></stem><stem n="along"><phr n="along"><ent r="3" t="1" w="374" /><ent r="4" t="166" w="943" /><ent r="3" t="168" w="1136" /></phr></stem><stem n="ani"><phr n="any"><ent r="3" t="1" w="375" /><ent r="3" t="13" w="39" /><ent r="4" t="25" w="90" /><ent r="4" t="26" w="575" /><ent r="4" t="28" w="79" /><ent r="4" t="28" w="118" /><ent r="4" t="28" w="172" /><ent r="4" t="28" w="243" /><ent r="3" t="69" w="114" /><ent r="3" t="71" w="259" /><ent r="3" t="91" w="73" /><ent r="4" t="92" w="185" /><ent r="4" t="92" w="233" /><ent r="3" t="97" w="512" /><ent r="4" t="97" w="527" /><ent r="4" t="97" w="542" /><ent r="3" t="119" w="20" /><ent r="3" t="139" w="19" /><ent r="3" t="140" w="281" /><ent r="3" t="152" w="177" /><ent r="3" t="154" w="95" /><ent r="3" t="154" w="118" /><ent r="3" t="157" w="101" /><ent r="3" t="160" w="116" /><ent r="3" t="160" w="157" /><ent r="3" t="166" w="816" /><ent r="4" t="176" w="281" /><ent r="3" t="188" w="14" /><ent r="3" t="190" w="102" /><ent r="3" t="190" w="121" /><ent r="4" t="191" w="325" /><ent r="3" t="199" w="41" /><ent r="4" t="205" w="130" /><ent r="4" t="205" w="141" /></phr><phr n="Any"><ent r="3" t="22" w="45" /><ent r="3" t="109" w="67" /><ent r="4" t="154" w="257" /><ent r="3" t="161" w="1313" /><ent r="4" t="167" w="203" /></phr></stem><stem n="side"><phr n="side"><ent r="3" t="1" w="376" /><ent r="4" t="57" w="105" /><ent r="4" t="58" w="125" /><ent r="4" t="94" w="149" /><ent r="4" t="95" w="91" /><ent r="4" t="96" w="104" /><ent r="4" t="97" w="105" /><ent r="3" t="112" w="60" /><ent r="3" t="112" w="507" /><ent r="3" t="112" w="532" /><ent r="4" t="127" w="314" /><ent r="4" t="127" w="331" /><ent r="4" t="129" w="61" /><ent r="4" t="131" w="100" /><ent r="4" t="132" w="100" /><ent r="4" t="133" w="114" /><ent r="4" t="134" w="109" /><ent r="4" t="135" w="100" /><ent r="4" t="136" w="96" /><ent r="4" t="137" w="97" /><ent r="4" t="138" w="107" /><ent r="3" t="152" w="106" /><ent r="4" t="154" w="208" /><ent r="4" t="154" w="210" /><ent r="4" t="154" w="223" /><ent r="4" t="154" w="225" /><ent r="4" t="158" w="242" /><ent r="4" t="158" w="244" /><ent r="3" t="159" w="31" /><ent r="3" t="159" w="33" /><ent r="3" t="159" w="294" /><ent r="3" t="159" w="296" /><ent r="4" t="159" w="304" /><ent r="4" t="159" w="306" /><ent r="4" t="159" w="381" /><ent r="4" t="159" w="383" /><ent r="4" t="159" w="401" /><ent r="4" t="159" w="403" /><ent r="4" t="161" w="1377" /><ent r="4" t="161" w="1386" /><ent r="4" t="162" w="1747" /><ent r="4" t="162" w="2158" /><ent r="4" t="162" w="2160" /><ent r="4" t="164" w="786" /><ent r="3" t="164" w="1470" /><ent r="3" t="164" w="1472" /><ent r="4" t="164" w="1514" /><ent r="4" t="164" w="1516" /><ent r="3" t="164" w="1546" /><ent r="3" t="164" w="1548" /><ent r="4" t="167" w="987" /><ent r="4" t="167" w="989" /><ent r="3" t="168" w="1010" /><ent r="4" t="203" w="102" /><ent r="4" t="205" w="101" /></phr><phr n="sides"><ent r="3" t="103" w="384" /></phr><phr n="Side"><ent r="3" t="158" w="51" /><ent r="3" t="158" w="53" /><ent r="5" t="158" w="144" /><ent r="5" t="158" w="146" /><ent r="92" t="159" w="286" /><ent r="92" t="159" w="288" /><ent r="3" t="164" w="1001" /><ent r="3" t="164" w="1003" /><ent r="92" t="164" w="1462" /><ent r="92" t="164" w="1464" /></phr></stem><stem n="float"><phr n="float"><ent r="3" t="1" w="385" /><ent r="6" t="217" w="138" /></phr><phr n="floating"><ent r="3" t="151" w="647" /><ent r="7" t="177" w="212" /><ent r="7" t="177" w="220" /><ent r="7" t="177" w="348" /></phr></stem><stem n="anywher"><phr n="anywhere"><ent r="3" t="1" w="386" /><ent r="3" t="1" w="515" /><ent r="3" t="75" w="69" /></phr></stem><stem n="desktop"><phr n="desktop"><ent r="3" t="1" w="389" /><ent r="3" t="19" w="128" /><ent r="3" t="168" w="193" /><ent r="4" t="168" w="577" /><ent r="3" t="168" w="1544" /><ent r="3" t="169" w="1259" /></phr><phr n="Desktop"><ent r="3" t="115" w="190" /><ent r="4" t="168" w="56" /><ent r="4" t="168" w="200" /><ent r="92" t="168" w="539" /><ent r="4" t="168" w="550" /><ent r="4" t="169" w="79" /><ent r="5" t="169" w="538" /></phr></stem><stem n="even"><phr n="even"><ent r="3" t="1" w="390" /><ent r="3" t="56" w="203" /><ent r="3" t="154" w="52" /><ent r="3" t="164" w="125" /></phr></stem><stem n="outsid"><phr n="outside"><ent r="3" t="1" w="391" /><ent r="3" t="42" w="315" /><ent r="4" t="110" w="88" /><ent r="4" t="162" w="1936" /><ent r="3" t="165" w="139" /><ent r="3" t="166" w="129" /></phr><phr n="Outside"><ent r="6" t="26" w="482" /><ent r="6" t="26" w="507" /><ent r="5" t="137" w="348" /></phr></stem><stem n="hold"><phr n="hold"><ent r="4" t="1" w="404" /><ent r="3" t="18" w="102" /><ent r="4" t="52" w="58" /><ent r="3" t="112" w="191" /><ent r="4" t="151" w="1024" /><ent r="4" t="161" w="1670" /><ent r="4" t="161" w="2187" /><ent r="4" t="162" w="1153" /><ent r="4" t="163" w="1031" /><ent r="3" t="168" w="1026" /><ent r="3" t="168" w="1115" /><ent r="3" t="169" w="873" /><ent r="4" t="186" w="343" /><ent r="4" t="186" w="370" /></phr><phr n="holding"><ent r="4" t="1" w="415" /><ent r="4" t="161" w="1017" /><ent r="3" t="162" w="1363" /><ent r="4" t="168" w="1300" /><ent r="3" t="169" w="971" /></phr><phr n="Hold"><ent r="3" t="56" w="93" /><ent r="4" t="57" w="111" /><ent r="4" t="57" w="123" /><ent r="4" t="57" w="161" /><ent r="4" t="58" w="131" /><ent r="4" t="58" w="143" /><ent r="4" t="58" w="181" /><ent r="3" t="161" w="961" /><ent r="3" t="161" w="1614" /><ent r="4" t="176" w="269" /></phr></stem><stem n="left"><phr n="left"><ent r="4" t="1" w="406" /><ent r="4" t="2" w="77" /><ent r="6" t="7" w="179" /><ent r="7" t="13" w="52" /><ent r="7" t="37" w="107" /><ent r="7" t="51" w="97" /><ent r="7" t="51" w="159" /><ent r="4" t="57" w="126" /><ent r="4" t="57" w="164" /><ent r="4" t="58" w="146" /><ent r="4" t="58" w="184" /><ent r="4" t="60" w="57" /><ent r="4" t="60" w="239" /><ent r="4" t="71" w="57" /><ent r="4" t="74" w="77" /><ent r="3" t="90" w="141" /><ent r="3" t="90" w="230" /><ent r="4" t="94" w="148" /><ent r="3" t="95" w="41" /><ent r="4" t="95" w="90" /><ent r="4" t="96" w="103" /><ent r="4" t="97" w="104" /><ent r="3" t="103" w="383" /><ent r="3" t="112" w="59" /><ent r="3" t="112" w="506" /><ent r="3" t="126" w="32" /><ent r="4" t="126" w="89" /><ent r="3" t="126" w="184" /><ent r="3" t="126" w="616" /><ent r="3" t="126" w="674" /><ent r="4" t="127" w="313" /><ent r="4" t="128" w="138" /><ent r="4" t="129" w="60" /><ent r="4" t="131" w="99" /><ent r="4" t="132" w="99" /><ent r="4" t="133" w="113" /><ent r="4" t="134" w="108" /><ent r="4" t="135" w="99" /><ent r="4" t="136" w="95" /><ent r="4" t="137" w="96" /><ent r="4" t="138" w="106" /><ent r="3" t="141" w="239" /><ent r="3" t="141" w="242" /><ent r="3" t="146" w="147" /><ent r="4" t="151" w="1027" /><ent r="3" t="153" w="57" /><ent r="3" t="161" w="630" /><ent r="4" t="161" w="932" /><ent r="3" t="161" w="964" /><ent r="4" t="161" w="1020" /><ent r="3" t="161" w="1296" /><ent r="3" t="161" w="1616" /><ent r="4" t="161" w="1672" /><ent r="4" t="161" w="1678" /><ent r="4" t="161" w="1793" /><ent r="4" t="161" w="2057" /><ent r="4" t="161" w="2190" /><ent r="4" t="161" w="2207" /><ent r="4" t="163" w="564" /><ent r="4" t="165" w="1035" /><ent r="4" t="166" w="931" /><ent r="4" t="166" w="952" /><ent r="3" t="168" w="594" /><ent r="4" t="168" w="663" /><ent r="3" t="168" w="834" /><ent r="3" t="168" w="1007" /><ent r="4" t="168" w="1348" /><ent r="7" t="171" w="93" /><ent r="7" t="171" w="128" /><ent r="5" t="202" w="82" /><ent r="4" t="203" w="101" /><ent r="4" t="205" w="100" /><ent r="6" t="206" w="130" /></phr><phr n="Left"><ent r="6" t="3" w="17" /><ent r="6" t="3" w="28" /><ent r="7" t="37" w="74" /><ent r="3" t="40" w="86" /><ent r="3" t="56" w="148" /><ent r="3" t="56" w="182" /><ent r="4" t="96" w="480" /><ent r="4" t="96" w="483" /><ent r="5" t="126" w="109" /><ent r="5" t="126" w="214" /><ent r="4" t="126" w="292" /><ent r="4" t="159" w="327" /></phr></stem><stem n="button"><phr n="button"><ent r="4" t="1" w="408" /><ent r="4" t="1" w="418" /><ent r="4" t="1" w="431" /><ent r="6" t="3" w="18" /><ent r="6" t="3" w="29" /><ent r="6" t="3" w="39" /><ent r="6" t="7" w="212" /><ent r="7" t="8" w="93" /><ent r="7" t="8" w="120" /><ent r="7" t="8" w="135" /><ent r="7" t="14" w="113" /><ent r="7" t="14" w="137" /><ent r="7" t="14" w="151" /><ent r="6" t="14" w="480" /><ent r="3" t="18" w="65" /><ent r="3" t="18" w="152" /><ent r="4" t="18" w="171" /><ent r="3" t="18" w="216" /><ent r="4" t="20" w="275" /><ent r="4" t="21" w="270" /><ent r="4" t="21" w="428" /><ent r="4" t="21" w="439" /><ent r="4" t="21" w="484" /><ent r="4" t="21" w="522" /><ent r="3" t="23" w="112" /><ent r="3" t="24" w="100" /><ent r="4" t="24" w="127" /><ent r="4" t="26" w="153" /><ent r="4" t="26" w="184" /><ent r="4" t="26" w="276" /><ent r="4" t="26" w="293" /><ent r="3" t="27" w="111" /><ent r="4" t="27" w="141" /><ent r="4" t="29" w="96" /><ent r="4" t="29" w="115" /><ent r="3" t="30" w="85" /><ent r="4" t="30" w="92" /><ent r="3" t="31" w="38" /><ent r="3" t="32" w="128" /><ent r="4" t="32" w="190" /><ent r="3" t="35" w="52" /><ent r="3" t="37" w="59" /><ent r="3" t="38" w="71" /><ent r="3" t="39" w="62" /><ent r="3" t="40" w="66" /><ent r="3" t="41" w="109" /><ent r="4" t="41" w="316" /><ent r="3" t="42" w="157" /><ent r="3" t="42" w="295" /><ent r="3" t="42" w="344" /><ent r="3" t="42" w="389" /><ent r="4" t="43" w="262" /><ent r="4" t="43" w="265" /><ent r="4" t="43" w="275" /><ent r="3" t="44" w="84" /><ent r="4" t="44" w="115" /><ent r="3" t="44" w="122" /><ent r="3" t="45" w="73" /><ent r="3" t="45" w="80" /><ent r="4" t="50" w="243" /><ent r="7" t="51" w="99" /><ent r="7" t="51" w="115" /><ent r="7" t="51" w="161" /><ent r="7" t="51" w="177" /><ent r="4" t="52" w="40" /><ent r="4" t="53" w="37" /><ent r="3" t="54" w="134" /><ent r="4" t="54" w="198" /><ent r="3" t="54" w="216" /><ent r="3" t="54" w="232" /><ent r="3" t="56" w="72" /><ent r="3" t="56" w="108" /><ent r="4" t="57" w="128" /><ent r="4" t="57" w="141" /><ent r="4" t="57" w="166" /><ent r="4" t="57" w="179" /><ent r="4" t="58" w="59" /><ent r="4" t="58" w="148" /><ent r="4" t="58" w="161" /><ent r="4" t="58" w="186" /><ent r="4" t="58" w="200" /><ent r="4" t="58" w="317" /><ent r="4" t="58" w="321" /><ent r="4" t="58" w="326" /><ent r="3" t="59" w="126" /><ent r="3" t="59" w="141" /><ent r="3" t="60" w="100" /><ent r="4" t="60" w="105" /><ent r="4" t="60" w="131" /><ent r="4" t="60" w="164" /><ent r="4" t="60" w="171" /><ent r="4" t="60" w="213" /><ent r="4" t="60" w="292" /><ent r="4" t="62" w="119" /><ent r="3" t="64" w="82" /><ent r="4" t="64" w="126" /><ent r="4" t="64" w="139" /><ent r="4" t="64" w="172" /><ent r="4" t="64" w="195" /><ent r="4" t="64" w="215" /><ent r="3" t="64" w="307" /><ent r="3" t="64" w="335" /><ent r="4" t="67" w="73" /><ent r="4" t="68" w="94" /><ent r="4" t="70" w="146" /><ent r="4" t="70" w="223" /><ent r="4" t="70" w="242" /><ent r="4" t="71" w="154" /><ent r="4" t="71" w="167" /><ent r="4" t="71" w="174" /><ent r="3" t="71" w="194" /><ent r="3" t="71" w="340" /><ent r="3" t="73" w="113" /><ent r="4" t="73" w="230" /><ent r="4" t="73" w="264" /><ent r="4" t="73" w="312" /><ent r="4" t="74" w="79" /><ent r="4" t="74" w="98" /><ent r="3" t="77" w="86" /><ent r="4" t="85" w="139" /><ent r="4" t="85" w="263" /><ent r="3" t="86" w="167" /><ent r="4" t="86" w="243" /><ent r="3" t="86" w="259" /><ent r="3" t="86" w="271" /><ent r="3" t="86" w="313" /><ent r="3" t="86" w="325" /><ent r="4" t="88" w="163" /><ent r="4" t="89" w="173" /><ent r="3" t="90" w="187" /><ent r="3" t="90" w="226" /><ent r="3" t="90" w="244" /><ent r="3" t="91" w="120" /><ent r="4" t="92" w="197" /><ent r="4" t="92" w="206" /><ent r="4" t="92" w="244" /><ent r="4" t="92" w="253" /><ent r="4" t="98" w="297" /><ent r="3" t="99" w="155" /><ent r="3" t="105" w="201" /><ent r="3" t="105" w="218" /><ent r="3" t="105" w="242" /><ent r="3" t="106" w="100" /><ent r="4" t="106" w="120" /><ent r="4" t="107" w="38" /><ent r="4" t="107" w="105" /><ent r="3" t="108" w="61" /><ent r="4" t="108" w="137" /><ent r="3" t="112" w="575" /><ent r="3" t="112" w="602" /><ent r="4" t="113" w="173" /><ent r="4" t="114" w="64" /><ent r="4" t="114" w="82" /><ent r="3" t="114" w="176" /><ent r="4" t="117" w="159" /><ent r="3" t="124" w="29" /><ent r="3" t="124" w="78" /><ent r="3" t="124" w="84" /><ent r="4" t="126" w="104" /><ent r="4" t="126" w="143" /><ent r="3" t="126" w="326" /><ent r="4" t="126" w="358" /><ent r="4" t="126" w="441" /><ent r="3" t="126" w="472" /><ent r="3" t="126" w="567" /><ent r="3" t="126" w="636" /><ent r="4" t="127" w="378" /><ent r="4" t="127" w="434" /><ent r="3" t="127" w="613" /><ent r="3" t="127" w="669" /><ent r="4" t="128" w="276" /><ent r="3" t="128" w="298" /><ent r="3" t="139" w="90" /><ent r="4" t="139" w="335" /><ent r="3" t="139" w="349" /><ent r="3" t="139" w="364" /><ent r="5" t="140" w="138" /><ent r="3" t="140" w="157" /><ent r="3" t="140" w="173" /><ent r="4" t="141" w="173" /><ent r="3" t="141" w="191" /><ent r="3" t="141" w="207" /><ent r="5" t="142" w="177" /><ent r="3" t="142" w="195" /><ent r="3" t="142" w="211" /><ent r="6" t="143" w="75" /><ent r="3" t="143" w="94" /><ent r="3" t="143" w="110" /><ent r="3" t="143" w="209" /><ent r="3" t="143" w="246" /><ent r="4" t="144" w="94" /><ent r="3" t="144" w="112" /><ent r="3" t="144" w="128" /><ent r="4" t="145" w="117" /><ent r="3" t="145" w="215" /><ent r="4" t="145" w="249" /><ent r="3" t="145" w="267" /><ent r="3" t="145" w="283" /><ent r="4" t="146" w="106" /><ent r="3" t="146" w="178" /><ent r="3" t="146" w="196" /><ent r="3" t="146" w="212" /><ent r="4" t="147" w="112" /><ent r="3" t="147" w="130" /><ent r="3" t="147" w="146" /><ent r="3" t="148" w="156" /><ent r="4" t="148" w="208" /><ent r="3" t="148" w="226" /><ent r="3" t="148" w="242" /><ent r="4" t="149" w="189" /><ent r="3" t="149" w="207" /><ent r="3" t="149" w="223" /><ent r="3" t="150" w="172" /><ent r="3" t="151" w="364" /><ent r="3" t="151" w="751" /><ent r="3" t="151" w="830" /><ent r="3" t="151" w="841" /><ent r="3" t="151" w="853" /><ent r="3" t="152" w="191" /><ent r="4" t="152" w="272" /><ent r="3" t="152" w="285" /><ent r="3" t="152" w="298" /><ent r="3" t="152" w="312" /><ent r="3" t="153" w="86" /><ent r="3" t="153" w="107" /><ent r="3" t="153" w="165" /><ent r="3" t="153" w="182" /><ent r="4" t="153" w="244" /><ent r="4" t="153" w="260" /><ent r="4" t="153" w="291" /><ent r="4" t="153" w="307" /><ent r="4" t="153" w="338" /><ent r="4" t="155" w="139" /><ent r="4" t="155" w="310" /><ent r="4" t="156" w="86" /><ent r="4" t="156" w="189" /><ent r="4" t="156" w="243" /><ent r="4" t="156" w="290" /><ent r="3" t="157" w="109" /><ent r="4" t="157" w="149" /><ent r="4" t="158" w="305" /><ent r="4" t="158" w="331" /><ent r="4" t="159" w="226" /><ent r="4" t="159" w="233" /><ent r="4" t="159" w="243" /><ent r="4" t="159" w="266" /><ent r="4" t="161" w="577" /><ent r="4" t="161" w="589" /><ent r="3" t="161" w="621" /><ent r="3" t="161" w="632" /><ent r="3" t="161" w="655" /><ent r="3" t="161" w="771" /><ent r="4" t="161" w="847" /><ent r="4" t="161" w="852" /><ent r="3" t="161" w="876" /><ent r="4" t="161" w="892" /><ent r="4" t="161" w="899" /><ent r="4" t="161" w="934" /><ent r="4" t="161" w="943" /><ent r="3" t="161" w="966" /><ent r="4" t="161" w="986" /><ent r="4" t="161" w="1007" /><ent r="4" t="161" w="1022" /><ent r="4" t="161" w="1064" /><ent r="3" t="161" w="1155" /><ent r="3" t="161" w="1618" /><ent r="3" t="161" w="1633" /><ent r="4" t="161" w="1674" /><ent r="4" t="161" w="1831" /><ent r="3" t="161" w="1975" /><ent r="3" t="161" w="2096" /><ent r="4" t="161" w="2129" /><ent r="3" t="161" w="2155" /><ent r="4" t="161" w="2179" /><ent r="4" t="161" w="2192" /><ent r="4" t="161" w="2209" /><ent r="4" t="161" w="2247" /><ent r="4" t="161" w="2281" /><ent r="4" t="161" w="2302" /><ent r="4" t="161" w="2361" /><ent r="6" t="162" w="758" /><ent r="3" t="162" w="1005" /><ent r="4" t="162" w="1107" /><ent r="3" t="162" w="1177" /><ent r="5" t="162" w="1184" /><ent r="3" t="162" w="1192" /><ent r="3" t="162" w="1229" /><ent r="4" t="162" w="1255" /><ent r="4" t="162" w="1588" /><ent r="6" t="162" w="1594" /><ent r="6" t="162" w="1630" /><ent r="4" t="162" w="1717" /><ent r="4" t="162" w="1886" /><ent r="4" t="162" w="1915" /><ent r="4" t="162" w="1938" /><ent r="4" t="162" w="1943" /><ent r="4" t="162" w="1950" /><ent r="4" t="162" w="1962" /><ent r="4" t="162" w="1992" /><ent r="6" t="162" w="2013" /><ent r="4" t="162" w="2191" /><ent r="4" t="162" w="2210" /><ent r="6" t="162" w="2242" /><ent r="5" t="162" w="2362" /><ent r="6" t="162" w="2390" /><ent r="4" t="162" w="2641" /><ent r="3" t="162" w="2658" /><ent r="4" t="162" w="2666" /><ent r="4" t="162" w="2743" /><ent r="4" t="162" w="2855" /><ent r="3" t="162" w="2873" /><ent r="4" t="162" w="2937" /><ent r="3" t="163" w="426" /><ent r="4" t="163" w="472" /><ent r="4" t="163" w="490" /><ent r="4" t="163" w="508" /><ent r="4" t="163" w="517" /><ent r="4" t="163" w="590" /><ent r="4" t="163" w="600" /><ent r="4" t="163" w="626" /><ent r="4" t="163" w="644" /><ent r="4" t="163" w="709" /><ent r="4" t="163" w="925" /><ent r="4" t="163" w="961" /><ent r="4" t="163" w="1038" /><ent r="4" t="163" w="1457" /><ent r="4" t="164" w="386" /><ent r="4" t="164" w="694" /><ent r="4" t="164" w="805" /><ent r="3" t="164" w="904" /><ent r="4" t="164" w="957" /><ent r="4" t="164" w="1090" /><ent r="4" t="164" w="1132" /><ent r="4" t="164" w="1171" /><ent r="4" t="164" w="1307" /><ent r="4" t="164" w="1321" /><ent r="4" t="164" w="1346" /><ent r="4" t="164" w="1364" /><ent r="3" t="164" w="1378" /><ent r="3" t="164" w="1459" /><ent r="4" t="165" w="657" /><ent r="3" t="165" w="731" /><ent r="4" t="165" w="813" /><ent r="6" t="165" w="832" /><ent r="6" t="165" w="892" /><ent r="4" t="165" w="905" /><ent r="4" t="165" w="1057" /><ent r="6" t="166" w="653" /><ent r="4" t="166" w="747" /><ent r="4" t="166" w="922" /><ent r="4" t="166" w="933" /><ent r="4" t="166" w="954" /><ent r="4" t="166" w="1028" /><ent r="3" t="166" w="1085" /><ent r="4" t="166" w="1106" /><ent r="4" t="166" w="1123" /><ent r="6" t="166" w="1137" /><ent r="4" t="166" w="1144" /><ent r="4" t="166" w="1170" /><ent r="3" t="166" w="1228" /><ent r="4" t="167" w="550" /><ent r="3" t="167" w="581" /><ent r="3" t="167" w="609" /><ent r="3" t="167" w="647" /><ent r="4" t="167" w="739" /><ent r="4" t="167" w="959" /><ent r="4" t="167" w="1078" /><ent r="3" t="167" w="1098" /><ent r="3" t="167" w="1140" /><ent r="4" t="167" w="1193" /><ent r="4" t="167" w="1222" /><ent r="3" t="167" w="1253" /><ent r="4" t="168" w="552" /><ent r="4" t="168" w="584" /><ent r="4" t="168" w="619" /><ent r="4" t="168" w="652" /><ent r="4" t="168" w="774" /><ent r="4" t="168" w="823" /><ent r="4" t="168" w="880" /><ent r="4" t="168" w="928" /><ent r="4" t="168" w="1252" /><ent r="4" t="168" w="1270" /><ent r="4" t="168" w="1369" /><ent r="6" t="168" w="1470" /><ent r="4" t="168" w="1498" /><ent r="4" t="168" w="1516" /><ent r="4" t="168" w="1601" /><ent r="4" t="168" w="2020" /><ent r="4" t="169" w="492" /><ent r="4" t="169" w="541" /><ent r="6" t="169" w="578" /><ent r="4" t="169" w="595" /><ent r="4" t="169" w="632" /><ent r="4" t="169" w="678" /><ent r="4" t="169" w="708" /><ent r="3" t="169" w="762" /><ent r="3" t="169" w="918" /><ent r="3" t="169" w="937" /><ent r="3" t="169" w="1221" /><ent r="6" t="169" w="1606" /><ent r="4" t="170" w="88" /><ent r="4" t="170" w="143" /><ent r="7" t="171" w="95" /><ent r="7" t="171" w="111" /><ent r="7" t="171" w="130" /><ent r="7" t="171" w="146" /><ent r="3" t="176" w="199" /><ent r="3" t="176" w="214" /><ent r="4" t="176" w="288" /><ent r="4" t="176" w="297" /><ent r="4" t="176" w="384" /><ent r="4" t="178" w="121" /><ent r="3" t="186" w="158" /><ent r="3" t="189" w="48" /><ent r="3" t="189" w="65" /><ent r="3" t="190" w="62" /><ent r="3" t="190" w="82" /><ent r="3" t="191" w="121" /><ent r="4" t="191" w="202" /><ent r="4" t="191" w="219" /><ent r="3" t="192" w="57" /><ent r="4" t="192" w="138" /><ent r="4" t="192" w="155" /><ent r="4" t="193" w="91" /><ent r="4" t="193" w="108" /><ent r="3" t="194" w="55" /><ent r="4" t="194" w="136" /><ent r="4" t="194" w="153" /><ent r="4" t="195" w="49" /><ent r="4" t="195" w="104" /><ent r="3" t="195" w="137" /><ent r="4" t="195" w="185" /><ent r="4" t="195" w="265" /><ent r="3" t="196" w="84" /><ent r="3" t="196" w="87" /><ent r="4" t="197" w="52" /><ent r="4" t="197" w="55" /><ent r="4" t="197" w="65" /><ent r="3" t="198" w="88" /><ent r="3" t="198" w="91" /><ent r="4" t="199" w="73" /><ent r="4" t="199" w="76" /><ent r="4" t="199" w="118" /><ent r="4" t="200" w="84" /><ent r="4" t="200" w="87" /><ent r="4" t="200" w="243" /><ent r="4" t="201" w="53" /><ent r="4" t="201" w="56" /><ent r="4" t="201" w="66" /><ent r="3" t="203" w="137" /><ent r="4" t="203" w="198" /><ent r="4" t="203" w="243" /><ent r="4" t="204" w="199" /><ent r="4" t="207" w="54" /><ent r="4" t="207" w="71" /><ent r="4" t="207" w="83" /><ent r="4" t="207" w="168" /><ent r="4" t="207" w="174" /><ent r="4" t="207" w="180" /><ent r="4" t="207" w="187" /><ent r="4" t="207" w="208" /><ent r="4" t="207" w="229" /><ent r="4" t="207" w="235" /><ent r="4" t="207" w="241" /><ent r="4" t="207" w="254" /><ent r="4" t="207" w="297" /><ent r="4" t="207" w="303" /><ent r="4" t="207" w="309" /><ent r="4" t="207" w="316" /><ent r="6" t="217" w="189" /><ent r="6" t="217" w="506" /></phr><phr n="buttons"><ent r="3" t="1" w="597" /><ent r="3" t="26" w="325" /><ent r="3" t="64" w="228" /><ent r="3" t="99" w="118" /><ent r="4" t="127" w="485" /><ent r="4" t="127" w="530" /><ent r="3" t="189" w="97" /><ent r="3" t="191" w="251" /><ent r="3" t="192" w="187" /><ent r="3" t="193" w="140" /><ent r="3" t="194" w="185" /></phr><phr n="Button"><ent r="7" t="5" w="13" /><ent r="7" t="6" w="13" /><ent r="6" t="7" w="13" /><ent r="7" t="8" w="48" /><ent r="7" t="9" w="13" /><ent r="6" t="10" w="58" /><ent r="7" t="11" w="71" /><ent r="7" t="12" w="16" /><ent r="7" t="13" w="46" /><ent r="6" t="14" w="79" /><ent r="6" t="37" w="67" /><ent r="6" t="104" w="17" /><ent r="82" t="176" w="194" /><ent r="82" t="176" w="209" /><ent r="6" t="213" w="62" /><ent r="6" t="214" w="68" /><ent r="6" t="215" w="65" /><ent r="6" t="216" w="43" /></phr></stem><stem n="handl"><phr n="handle"><ent r="4" t="1" w="412" /><ent r="4" t="57" w="116" /><ent r="4" t="57" w="132" /><ent r="4" t="58" w="136" /><ent r="4" t="58" w="152" /><ent r="3" t="168" w="210" /></phr><phr n="handles"><ent r="4" t="57" w="95" /><ent r="4" t="58" w="115" /><ent r="4" t="114" w="143" /></phr></stem><stem n="continu"><phr n="Continue"><ent r="4" t="1" w="414" /><ent r="5" t="161" w="2245" /></phr><phr n="continue"><ent r="4" t="41" w="307" /><ent r="3" t="98" w="394" /><ent r="3" t="151" w="836" /><ent r="3" t="151" w="848" /><ent r="4" t="151" w="1049" /><ent r="4" t="159" w="376" /></phr><phr n="continuously"><ent r="4" t="151" w="1011" /></phr><phr n="continues"><ent r="6" t="172" w="67" /></phr></stem><stem n="desir"><phr n="desired"><ent r="4" t="1" w="425" /><ent r="4" t="18" w="126" /><ent r="3" t="18" w="148" /><ent r="4" t="21" w="266" /><ent r="4" t="98" w="433" /><ent r="4" t="127" w="247" /><ent r="4" t="151" w="1007" /><ent r="4" t="156" w="229" /><ent r="4" t="158" w="76" /><ent r="4" t="159" w="159" /><ent r="4" t="164" w="1295" /><ent r="4" t="164" w="1531" /><ent r="3" t="165" w="1077" /><ent r="4" t="170" w="124" /></phr></stem><stem n="locat"><phr n="location"><ent r="4" t="1" w="426" /><ent r="7" t="13" w="101" /><ent r="4" t="26" w="543" /><ent r="4" t="42" w="191" /><ent r="4" t="42" w="435" /><ent r="4" t="71" w="140" /><ent r="4" t="71" w="147" /><ent r="4" t="71" w="161" /><ent r="5" t="81" w="223" /><ent r="4" t="89" w="163" /><ent r="3" t="96" w="433" /><ent r="4" t="96" w="469" /><ent r="4" t="103" w="485" /><ent r="4" t="105" w="112" /><ent r="4" t="107" w="59" /><ent r="3" t="107" w="134" /><ent r="3" t="107" w="149" /><ent r="3" t="107" w="180" /><ent r="4" t="108" w="82" /><ent r="3" t="108" w="123" /><ent r="100" t="111" w="6" /><ent r="100" t="111" w="11" /><ent r="4" t="111" w="80" /><ent r="4" t="111" w="238" /><ent r="4" t="111" w="381" /><ent r="4" t="111" w="520" /><ent r="4" t="117" w="151" /><ent r="4" t="117" w="169" /><ent r="3" t="140" w="260" /><ent r="3" t="141" w="221" /><ent r="3" t="141" w="224" /><ent r="4" t="151" w="817" /><ent r="3" t="152" w="43" /><ent r="4" t="158" w="77" /><ent r="3" t="161" w="707" /><ent r="4" t="161" w="909" /><ent r="4" t="161" w="924" /><ent r="4" t="161" w="2119" /><ent r="3" t="162" w="348" /><ent r="4" t="162" w="1481" /><ent r="4" t="162" w="2425" /><ent r="4" t="163" w="803" /><ent r="3" t="164" w="743" /><ent r="4" t="168" w="76" /><ent r="3" t="168" w="1656" /><ent r="3" t="168" w="1679" /><ent r="4" t="168" w="1718" /><ent r="3" t="168" w="1904" /><ent r="4" t="168" w="1984" /><ent r="4" t="168" w="1995" /><ent r="4" t="168" w="2072" /><ent r="3" t="169" w="1521" /><ent r="3" t="169" w="1634" /><ent r="3" t="169" w="1648" /><ent r="3" t="187" w="24" /><ent r="6" t="206" w="118" /><ent r="100" t="209" w="4" /><ent r="3" t="212" w="331" /><ent r="3" t="212" w="345" /><ent r="3" t="212" w="373" /></phr><phr n="Location"><ent r="7" t="13" w="109" /><ent r="68" t="13" w="131" /><ent r="4" t="71" w="150" /><ent r="5" t="96" w="459" /><ent r="65" t="103" w="501" /><ent r="4" t="105" w="106" /><ent r="65" t="105" w="133" /><ent r="64" t="107" w="139" /><ent r="1000" t="111" w="3" /><ent r="102" t="111" w="15" /><ent r="3" t="111" w="19" /><ent r="5" t="111" w="243" /><ent r="5" t="111" w="386" /><ent r="5" t="111" w="525" /><ent r="4" t="117" w="130" /><ent r="4" t="139" w="203" /><ent r="92" t="168" w="1648" /><ent r="3" t="168" w="1664" /><ent r="3" t="168" w="1832" /><ent r="3" t="168" w="1857" /><ent r="3" t="168" w="1893" /><ent r="3" t="168" w="1914" /><ent r="3" t="168" w="1938" /><ent r="92" t="186" w="186" /><ent r="3" t="186" w="229" /><ent r="3" t="186" w="291" /><ent r="4" t="186" w="302" /><ent r="1000" t="209" w="1" /><ent r="102" t="209" w="7" /><ent r="3" t="209" w="18" /><ent r="6" t="217" w="265" /></phr><phr n="located"><ent r="4" t="60" w="151" /><ent r="3" t="63" w="76" /><ent r="3" t="63" w="92" /><ent r="3" t="95" w="37" /><ent r="3" t="111" w="212" /><ent r="3" t="112" w="503" /><ent r="3" t="112" w="528" /><ent r="4" t="170" w="90" /></phr><phr n="Locations"><ent r="4" t="71" w="74" /><ent r="92" t="71" w="122" /><ent r="3" t="71" w="126" /><ent r="4" t="108" w="98" /><ent r="5" t="117" w="123" /></phr><phr n="locations"><ent r="3" t="71" w="131" /><ent r="3" t="109" w="111" /><ent r="3" t="168" w="1823" /><ent r="3" t="212" w="385" /></phr><phr n="Locate"><ent r="6" t="81" w="135" /></phr><phr n="locator"><ent r="4" t="156" w="125" /></phr></stem></index>