﻿<?xml version="1.0" encoding="utf-8"?><index><stem n="f970620t01p02_r03_sc01.a.bip"><phr n="f970620t01p02_r03_sc01.a.bip"><ent r="5" t="203" w="550" /><ent r="5" t="203" w="546" /><ent r="4" t="209" w="296" /><ent r="4" t="209" w="292" /><ent r="6" t="209" w="553" /><ent r="6" t="209" w="549" /></phr></stem><stem n="f970620t01p02_r03_sc01.a.bip."><phr n="f970620t01p02_r03_sc01.a.bip."><ent r="5" t="203" w="550" /><ent r="5" t="203" w="546" /></phr></stem><stem n="_r03_sc01.a.bip."><phr n="_r03_sc01.a.bip."><ent r="5" t="203" w="551" /></phr></stem><stem n="f970620t01p02_r03_sc01.a.hdr"><phr n="f970620t01p02_r03_sc01.a.hdr"><ent r="4" t="203" w="563" /><ent r="4" t="203" w="559" /><ent r="5" t="205" w="422" /><ent r="5" t="205" w="418" /><ent r="5" t="209" w="278" /><ent r="5" t="209" w="274" /></phr></stem><stem n="(f970620t01p02_r03_sc01.a.hdr)"><phr n="(f970620t01p02_r03_sc01.a.hdr)"><ent r="4" t="203" w="564" /></phr></stem><stem n="outlin"><phr n="outlining"><ent r="3" t="203" w="727" /></phr><phr n="outline"><ent r="4" t="207" w="920" /></phr><phr n="outlined"><ent r="4" t="207" w="964" /><ent r="3" t="211" w="561" /></phr></stem><stem n="-size"><phr n="-size"><ent r="3" t="203" w="749" /><ent r="3" t="203" w="749" /></phr></stem><stem n="full-siz"><phr n="full-size"><ent r="3" t="203" w="749" /></phr></stem><stem n="(gcps)"><phr n="(GCPs)"><ent r="3" t="203" w="762" /></phr></stem><stem n="-spatial"><phr n="-spatial"><ent r="3" t="203" w="768" /><ent r="3" t="203" w="768" /></phr></stem><stem n="geo-spati"><phr n="geo-spatial"><ent r="3" t="203" w="768" /></phr></stem><stem n="enlarg"><phr n="enlarge"><ent r="4" t="203" w="962" /><ent r="4" t="205" w="640" /><ent r="4" t="210" w="1130" /></phr></stem><stem n="180"><phr n="180"><ent r="4" t="203" w="1026" /></phr></stem><stem n="horizontal-axi"><phr n="horizontal-axis"><ent r="4" t="203" w="1030" /></phr></stem><stem n="represent"><phr n="representation"><ent r="4" t="203" w="1124" /><ent r="7" t="220" w="189" /></phr></stem><stem n="windo"><phr n="Windo"><ent r="5" t="203" w="1182" /></phr></stem><stem n="white"><phr n="white"><ent r="3" t="203" w="1287" /><ent r="4" t="203" w="2242" /><ent r="3" t="210" w="616" /><ent r="4" t="210" w="1125" /><ent r="3" t="245" w="224" /></phr></stem><stem n="inact"><phr n="inactive"><ent r="3" t="203" w="1289" /></phr></stem><stem n="approxim"><phr n="approximately"><ent r="3" t="203" w="1332" /></phr><phr n="approximate"><ent r="3" t="243" w="124" /></phr></stem><stem n="260"><phr n="260"><ent r="3" t="203" w="1333" /></phr></stem><stem n="1780"><phr n="1780"><ent r="3" t="203" w="1337" /></phr></stem><stem n="meet"><phr n="meeting"><ent r="3" t="203" w="1354" /></phr></stem><stem n="experi"><phr n="Experiment"><ent r="3" t="203" w="1472" /><ent r="4" t="203" w="1950" /><ent r="4" t="203" w="2034" /></phr></stem><stem n="observ"><phr n="observing"><ent r="3" t="203" w="1482" /></phr><phr n="observe"><ent r="4" t="203" w="1909" /><ent r="4" t="203" w="1940" /></phr></stem><stem n="(red,"><phr n="(Red,"><ent r="3" t="203" w="1491" /></phr></stem><stem n="spreadsheet"><phr n="spreadsheets"><ent r="3" t="203" w="1605" /></phr></stem><stem n="(click"><phr n="(click"><ent r="4" t="203" w="1796" /><ent r="4" t="205" w="899" /></phr><phr n="(Click"><ent r="3" t="205" w="912" /></phr></stem><stem n="feel"><phr n="feel"><ent r="4" t="203" w="1970" /></phr></stem><stem n="relationship"><phr n="relationship"><ent r="4" t="203" w="1973" /></phr></stem><stem n="-grai"><phr n="-Gray"><ent r="4" t="203" w="2006" /><ent r="4" t="203" w="2006" /></phr></stem><stem n="1-grai"><phr n="1-Gray"><ent r="4" t="203" w="2006" /></phr></stem><stem n="69"><phr n="69"><ent r="5" t="203" w="2106" /></phr></stem><stem n="veget"><phr n="vegetative"><ent r="4" t="203" w="2112" /><ent r="3" t="204" w="2307" /><ent r="4" t="204" w="2910" /></phr><phr n="Vegetation"><ent r="3" t="204" w="283" /><ent r="3" t="204" w="2107" /><ent r="92" t="204" w="2727" /><ent r="4" t="204" w="2997" /></phr><phr n="vegetation"><ent r="3" t="204" w="291" /><ent r="3" t="204" w="302" /></phr></stem><stem n="(top)"><phr n="(top)"><ent r="4" t="203" w="2124" /></phr></stem><stem n="(bottom)"><phr n="(bottom)"><ent r="4" t="203" w="2127" /></phr></stem><stem n="(assum"><phr n="(assuming"><ent r="4" t="203" w="2128" /></phr><phr n="(assumes"><ent r="4" t="245" w="72" /><ent r="4" t="245" w="164" /></phr></stem><stem n="assum"><phr n="assuming"><ent r="4" t="203" w="2128" /><ent r="3" t="245" w="255" /></phr><phr n="assumes"><ent r="4" t="245" w="72" /><ent r="4" t="245" w="92" /><ent r="4" t="245" w="164" /><ent r="4" t="245" w="184" /></phr></stem><stem n="–"><phr n="–"><ent r="92" t="203" w="2189" /><ent r="3" t="243" w="197" /><ent r="3" t="243" w="215" /></phr></stem><stem n="reload"><phr n="Reload"><ent r="92" t="203" w="2373" /><ent r="4" t="212" w="68" /><ent r="92" t="212" w="408" /></phr><phr n="reload"><ent r="3" t="205" w="150" /></phr></stem><stem n="f970620t01p02_r03_sc01.re"><phr n="f970620t01p02_r03_sc01.re"><ent r="6" t="203" w="2394" /><ent r="6" t="203" w="2391" /></phr></stem><stem n="f970620t01p02_r03_sc01.re.ic"><phr n="f970620t01p02_r03_sc01.re.ice"><ent r="6" t="203" w="2395" /><ent r="6" t="203" w="2391" /></phr></stem><stem n="_r03_sc01.re.ice.h5"><phr n="_r03_sc01.re.ice.h5"><ent r="6" t="203" w="2396" /></phr></stem><stem n="f970620t01p02_r03_sc01.re.ice.h5"><phr n="f970620t01p02_r03_sc01.re.ice.h5"><ent r="6" t="203" w="2396" /><ent r="6" t="203" w="2391" /></phr></stem><stem n="/review"><phr n="/Review"><ent r="4" t="203" w="2421" /><ent r="4" t="205" w="1558" /><ent r="4" t="207" w="1158" /><ent r="4" t="208" w="1339" /><ent r="4" t="210" w="1207" /><ent r="4" t="211" w="1913" /></phr></stem><stem n="summary/review"><phr n="Summary/Review"><ent r="4" t="203" w="2421" /><ent r="4" t="203" w="2420" /><ent r="4" t="205" w="1558" /><ent r="4" t="205" w="1557" /><ent r="4" t="207" w="1158" /><ent r="4" t="207" w="1157" /><ent r="4" t="208" w="1339" /><ent r="4" t="208" w="1338" /><ent r="4" t="209" w="580" /><ent r="4" t="209" w="579" /><ent r="4" t="210" w="1207" /><ent r="4" t="210" w="1206" /><ent r="4" t="211" w="1913" /><ent r="4" t="211" w="1912" /></phr></stem><stem n="/annot"><phr n="/annotations"><ent r="4" t="204" w="122" /></phr></stem><stem n="(gcps)."><phr n="(GCPs)."><ent r="3" t="204" w="155" /></phr></stem><stem n="unitless"><phr n="unitless"><ent r="3" t="204" w="198" /></phr></stem><stem n="length"><phr n="lengths"><ent r="3" t="204" w="200" /></phr><phr n="length"><ent r="3" t="204" w="208" /><ent r="4" t="204" w="1987" /></phr></stem><stem n="equival"><phr n="equivalent"><ent r="3" t="204" w="205" /></phr></stem><stem n="form"><phr n="formed"><ent r="3" t="204" w="272" /></phr><phr n="form"><ent r="3" t="207" w="235" /><ent r="3" t="208" w="225" /></phr></stem><stem n="index"><phr n="Index"><ent r="3" t="204" w="284" /><ent r="3" t="204" w="2108" /></phr><phr n="index"><ent r="6" t="236" w="36" /></phr></stem><stem n="ndvi"><phr n="NDVI"><ent r="3" t="204" w="285" /><ent r="3" t="204" w="2109" /></phr></stem><stem n="(ndvi)"><phr n="(NDVI)"><ent r="3" t="204" w="286" /><ent r="3" t="204" w="2110" /></phr></stem><stem n="classifi"><phr n="classify"><ent r="3" t="204" w="290" /></phr><phr n="classified"><ent r="3" t="225" w="249" /><ent r="3" t="225" w="253" /></phr></stem><stem n="reli"><phr n="relies"><ent r="3" t="204" w="300" /></phr></stem><stem n="low"><phr n="low"><ent r="3" t="204" w="304" /><ent r="3" t="230" w="175" /></phr></stem><stem n="-ir"><phr n="-IR"><ent r="3" t="204" w="315" /><ent r="3" t="204" w="315" /></phr></stem><stem n="near-ir"><phr n="near-IR"><ent r="3" t="204" w="315" /></phr></stem><stem n="materi"><phr n="materials"><ent r="3" t="204" w="323" /><ent r="3" t="204" w="3271" /></phr></stem><stem n="reus"><phr n="reused"><ent r="3" t="204" w="416" /></phr></stem><stem n="callout"><phr n="callouts"><ent r="3" t="204" w="435" /></phr></stem><stem n="&quot;automat"><phr n="&quot;Automatically"><ent r="92" t="204" w="674" /></phr></stem><stem n="you'll"><phr n="you'll"><ent r="3" t="204" w="696" /><ent r="3" t="204" w="695" /></phr></stem><stem n="p014r033"><phr n="p014r033"><ent r="5" t="204" w="783" /><ent r="6" t="204" w="1222" /><ent r="5" t="204" w="1845" /><ent r="5" t="204" w="2478" /><ent r="5" t="204" w="2674" /></phr></stem><stem n="p014r033_7t19990923"><phr n="p014r033_7t19990923"><ent r="5" t="204" w="784" /><ent r="5" t="204" w="783" /><ent r="6" t="204" w="1223" /><ent r="6" t="204" w="1222" /><ent r="5" t="204" w="1846" /><ent r="5" t="204" w="1845" /><ent r="5" t="204" w="2479" /><ent r="5" t="204" w="2478" /><ent r="5" t="204" w="2675" /><ent r="5" t="204" w="2674" /></phr></stem><stem n="7t19990923"><phr n="7t19990923"><ent r="5" t="204" w="784" /><ent r="6" t="204" w="1223" /><ent r="5" t="204" w="1846" /><ent r="5" t="204" w="2479" /><ent r="5" t="204" w="2675" /></phr></stem><stem n="p014r033_7t19990923_z18"><phr n="p014r033_7t19990923_z18"><ent r="5" t="204" w="785" /><ent r="5" t="204" w="783" /><ent r="6" t="204" w="1224" /><ent r="6" t="204" w="1222" /><ent r="5" t="204" w="1847" /><ent r="5" t="204" w="1845" /><ent r="5" t="204" w="2480" /><ent r="5" t="204" w="2478" /><ent r="5" t="204" w="2676" /><ent r="5" t="204" w="2674" /></phr></stem><stem n="z18"><phr n="z18"><ent r="5" t="204" w="785" /><ent r="6" t="204" w="1224" /><ent r="5" t="204" w="1847" /><ent r="5" t="204" w="2480" /><ent r="5" t="204" w="2676" /></phr></stem><stem n="p014r033_7t19990923_z18_spectral"><phr n="p014r033_7t19990923_z18_spectral"><ent r="5" t="204" w="786" /><ent r="5" t="204" w="783" /><ent r="6" t="204" w="1225" /><ent r="6" t="204" w="1222" /><ent r="5" t="204" w="1848" /><ent r="5" t="204" w="1845" /><ent r="5" t="204" w="2481" /><ent r="5" t="204" w="2478" /><ent r="5" t="204" w="2677" /><ent r="5" t="204" w="2674" /></phr></stem><stem n="p014r033_7t19990923_z18_spectral.r"><phr n="p014r033_7t19990923_z18_spectral.re"><ent r="5" t="204" w="787" /><ent r="5" t="204" w="783" /><ent r="6" t="204" w="1226" /><ent r="6" t="204" w="1222" /><ent r="5" t="204" w="1849" /><ent r="5" t="204" w="1845" /></phr></stem><stem n="p014r033_7t19990923_z18_spectral.re.ic"><phr n="p014r033_7t19990923_z18_spectral.re.ice"><ent r="5" t="204" w="788" /><ent r="5" t="204" w="783" /><ent r="6" t="204" w="1227" /><ent r="6" t="204" w="1222" /><ent r="5" t="204" w="1850" /><ent r="5" t="204" w="1845" /></phr></stem><stem n="_7t19990923_z18_spectral.re.ice.h5"><phr n="_7t19990923_z18_spectral.re.ice.h5"><ent r="5" t="204" w="789" /><ent r="6" t="204" w="1228" /><ent r="5" t="204" w="1851" /></phr></stem><stem n="p014r033_7t19990923_z18_spectral.re.ice.h5"><phr n="p014r033_7t19990923_z18_spectral.re.ice.h5"><ent r="5" t="204" w="789" /><ent r="5" t="204" w="783" /><ent r="6" t="204" w="1228" /><ent r="6" t="204" w="1222" /><ent r="5" t="204" w="1851" /><ent r="5" t="204" w="1845" /></phr></stem><stem n="five"><phr n="five"><ent r="3" t="204" w="956" /><ent r="4" t="204" w="1305" /></phr></stem><stem n="(more"><phr n="(More"><ent r="3" t="204" w="969" /></phr></stem><stem n="inaccur"><phr n="inaccurate"><ent r="3" t="204" w="982" /></phr></stem><stem n="came"><phr n="came"><ent r="4" t="204" w="1158" /></phr></stem><stem n="reopen"><phr n="Reopen"><ent r="4" t="204" w="1219" /><ent r="4" t="204" w="1842" /></phr></stem><stem n="reappear"><phr n="reappear"><ent r="4" t="204" w="1239" /></phr></stem><stem n="7842"><phr n="7842"><ent r="4" t="204" w="1422" /><ent r="7" t="204" w="1719" /></phr></stem><stem n="tell"><phr n="tell"><ent r="3" t="204" w="1426" /></phr></stem><stem n="0°"><phr n="0°"><ent r="5" t="204" w="1486" /><ent r="5" t="204" w="1503" /><ent r="5" t="204" w="1664" /></phr></stem><stem n="backspac"><phr n="Backspace"><ent r="4" t="204" w="1490" /><ent r="4" t="204" w="1669" /></phr></stem><stem n="blank"><phr n="blank"><ent r="4" t="204" w="1507" /><ent r="4" t="210" w="71" /><ent r="4" t="210" w="229" /><ent r="4" t="210" w="890" /><ent r="4" t="210" w="899" /><ent r="3" t="210" w="938" /><ent r="3" t="210" w="1037" /></phr><phr n="Blank"><ent r="92" t="210" w="925" /></phr></stem><stem n="n37d52m"><phr n="N37d52m"><ent r="5" t="204" w="1516" /></phr></stem><stem n="n37°52"><phr n="N37°52"><ent r="5" t="204" w="1537" /></phr></stem><stem n="&quot;."><phr n="&quot;."><ent r="4" t="204" w="1539" /></phr></stem><stem n="0176"><phr n="0176"><ent r="3" t="204" w="1572" /></phr></stem><stem n="keypad"><phr n="keypad"><ent r="3" t="204" w="1583" /></phr></stem><stem n="numlock"><phr n="NumLock"><ent r="4" t="204" w="1587" /></phr></stem><stem n="letter"><phr n="letters"><ent r="3" t="204" w="1616" /></phr></stem><stem n="m"><phr n="m"><ent r="4" t="204" w="1621" /></phr></stem><stem n="south"><phr n="South"><ent r="3" t="204" w="1627" /><ent r="7" t="220" w="442" /></phr></stem><stem n="107°46"><phr n="107°46"><ent r="3" t="204" w="1644" /></phr></stem><stem n="107°46'37"><phr n="107°46'37"><ent r="3" t="204" w="1645" /><ent r="3" t="204" w="1644" /></phr></stem><stem n="37"><phr n="37"><ent r="3" t="204" w="1645" /></phr></stem><stem n="107°46'37.798"><phr n="107°46'37.798"><ent r="3" t="204" w="1646" /><ent r="3" t="204" w="1644" /></phr></stem><stem n="798"><phr n="798"><ent r="3" t="204" w="1646" /></phr><phr n="798s"><ent r="3" t="204" w="1653" /></phr></stem><stem n="'37.798&quot;"><phr n="'37.798&quot;"><ent r="3" t="204" w="1647" /></phr></stem><stem n="107d46m37"><phr n="107d46m37"><ent r="3" t="204" w="1652" /></phr></stem><stem n="-107d46m37.798"><phr n="-107d46m37.798s"><ent r="3" t="204" w="1653" /><ent r="3" t="204" w="1653" /></phr></stem><stem n="107d46m37.798"><phr n="107d46m37.798s"><ent r="3" t="204" w="1653" /><ent r="3" t="204" w="1652" /></phr></stem><stem n="w76d46m"><phr n="W76d46m"><ent r="5" t="204" w="1675" /></phr></stem><stem n="-refer"><phr n="-Reference"><ent r="7" t="204" w="1693" /><ent r="7" t="204" w="1693" /><ent r="7" t="204" w="1696" /><ent r="7" t="204" w="1696" /></phr></stem><stem n="x-refer"><phr n="X-Reference"><ent r="7" t="204" w="1693" /></phr></stem><stem n="y-refer"><phr n="Y-Reference"><ent r="7" t="204" w="1696" /></phr></stem><stem n="n37°43"><phr n="N37°43"><ent r="8" t="204" w="1710" /></phr></stem><stem n="w76°47"><phr n="W76°47"><ent r="8" t="204" w="1712" /></phr></stem><stem n="8732"><phr n="8732"><ent r="8" t="204" w="1717" /></phr></stem><stem n="n37°53"><phr n="N37°53"><ent r="8" t="204" w="1721" /></phr></stem><stem n="w73°54"><phr n="W73°54"><ent r="8" t="204" w="1723" /></phr></stem><stem n="pair"><phr n="pairings"><ent r="3" t="204" w="1830" /><ent r="3" t="204" w="2395" /></phr><phr n="pair"><ent r="3" t="211" w="874" /><ent r="6" t="220" w="229" /><ent r="6" t="220" w="242" /></phr></stem><stem n="ruler"><phr n="ruler"><ent r="4" t="204" w="1970" /></phr></stem><stem n="diamet"><phr n="diameter"><ent r="4" t="204" w="1989" /><ent r="4" t="218" w="88" /><ent r="4" t="218" w="112" /></phr></stem><stem n="8000"><phr n="8000"><ent r="4" t="204" w="1993" /></phr></stem><stem n="11"><phr n="11"><ent r="4" t="204" w="1995" /><ent r="3" t="220" w="838" /><ent r="4" t="226" w="218" /></phr></stem><stem n=",000"><phr n=",000"><ent r="4" t="204" w="1996" /></phr></stem><stem n="11,000"><phr n="11,000"><ent r="4" t="204" w="1996" /><ent r="4" t="204" w="1995" /></phr></stem><stem n="formula"><phr n="formula"><ent r="3" t="204" w="2101" /><ent r="4" t="204" w="2221" /><ent r="3" t="243" w="185" /></phr></stem><stem n="nir-r"><phr n="NIR-Red"><ent r="3" t="204" w="2119" /></phr></stem><stem n="nir+r"><phr n="NIR+Red"><ent r="3" t="204" w="2121" /></phr></stem><stem n="(nir-red)/(nir+red)"><phr n="(NIR-Red)/(NIR+Red)"><ent r="3" t="204" w="2122" /></phr></stem><stem n="b4"><phr n="b4"><ent r="3" t="204" w="2125" /><ent r="3" t="204" w="2141" /><ent r="3" t="204" w="2177" /><ent r="3" t="204" w="2229" /><ent r="5" t="211" w="651" /></phr></stem><stem n="b4-b3"><phr n="b4-b3"><ent r="3" t="204" w="2125" /><ent r="3" t="204" w="2177" /><ent r="3" t="204" w="2229" /><ent r="5" t="211" w="651" /></phr></stem><stem n="b3"><phr n="b3"><ent r="3" t="204" w="2126" /><ent r="3" t="204" w="2178" /><ent r="3" t="204" w="2230" /><ent r="5" t="211" w="652" /></phr></stem><stem n="b4+b3"><phr n="b4+b3"><ent r="3" t="204" w="2127" /><ent r="3" t="204" w="2231" /><ent r="5" t="211" w="653" /></phr></stem><stem n="(b4-b3)/(b4+b3)."><phr n="(b4-b3)/(b4+b3)."><ent r="3" t="204" w="2128" /><ent r="5" t="211" w="654" /></phr></stem><stem n="parenthes"><phr n="parentheses"><ent r="4" t="204" w="2131" /><ent r="4" t="204" w="2183" /><ent r="5" t="204" w="2194" /><ent r="7" t="217" w="104" /><ent r="7" t="217" w="107" /></phr></stem><stem n="(b4)"><phr n="(b4)"><ent r="3" t="204" w="2142" /></phr></stem><stem n="subtract"><phr n="subtraction"><ent r="4" t="204" w="2160" /></phr><phr n="Subtract"><ent r="7" t="217" w="15" /></phr><phr n="subtracted"><ent r="4" t="245" w="82" /><ent r="4" t="245" w="174" /></phr></stem><stem n="(b4-b3)."><phr n="(b4-b3)."><ent r="3" t="204" w="2179" /></phr></stem><stem n="divis"><phr n="division"><ent r="4" t="204" w="2188" /></phr></stem><stem n="(b4-b3)/(b4+b3)"><phr n="(b4-b3)/(b4+b3)"><ent r="3" t="204" w="2232" /></phr></stem><stem n="highli"><phr n="highly"><ent r="3" t="204" w="2306" /><ent r="4" t="204" w="2909" /><ent r="3" t="206" w="788" /></phr></stem><stem n="-math-gener"><phr n="-math-generated"><ent r="3" t="204" w="2327" /><ent r="3" t="204" w="2328" /></phr></stem><stem n="band-math"><phr n="band-math"><ent r="3" t="204" w="2327" /><ent r="4" t="204" w="2814" /><ent r="4" t="204" w="2826" /></phr></stem><stem n="band-math-gener"><phr n="band-math-generated"><ent r="3" t="204" w="2327" /></phr></stem><stem n="math-gener"><phr n="math-generated"><ent r="3" t="204" w="2328" /></phr></stem><stem n="-by-side,"><phr n="-by-side,"><ent r="4" t="204" w="2412" /><ent r="4" t="204" w="2413" /><ent r="4" t="210" w="907" /><ent r="4" t="210" w="908" /></phr></stem><stem n="p014r033_7t19990923_z18_spectral.ic"><phr n="p014r033_7t19990923_z18_spectral.ice"><ent r="5" t="204" w="2482" /><ent r="5" t="204" w="2478" /><ent r="5" t="204" w="2678" /><ent r="5" t="204" w="2674" /></phr></stem><stem n="_7t19990923_z18_spectral.ice.h5"><phr n="_7t19990923_z18_spectral.ice.h5"><ent r="5" t="204" w="2483" /><ent r="5" t="204" w="2679" /></phr></stem><stem n="p014r033_7t19990923_z18_spectral.ice.h5"><phr n="p014r033_7t19990923_z18_spectral.ice.h5"><ent r="5" t="204" w="2483" /><ent r="5" t="204" w="2478" /><ent r="5" t="204" w="2679" /><ent r="5" t="204" w="2674" /></phr></stem><stem n="pixel-bas"><phr n="pixel-based"><ent r="4" t="204" w="2561" /></phr></stem><stem n="(pixel-based)"><phr n="(pixel-based)"><ent r="4" t="204" w="2563" /></phr></stem><stem n="aren"><phr n="aren"><ent r="4" t="204" w="2567" /><ent r="3" t="206" w="1487" /></phr></stem><stem n="aren't"><phr n="aren't"><ent r="4" t="204" w="2568" /><ent r="4" t="204" w="2567" /><ent r="3" t="206" w="1488" /><ent r="3" t="206" w="1487" /></phr></stem><stem n="latitiud"><phr n="Latitiude"><ent r="4" t="204" w="2571" /></phr></stem><stem n="latitiude/longitud"><phr n="Latitiude/Longitude"><ent r="4" t="204" w="2572" /><ent r="4" t="204" w="2571" /></phr></stem><stem n="/pan"><phr n="/Pan"><ent r="4" t="204" w="2660" /></phr></stem><stem n="zoom/pan"><phr n="Zoom/Pan"><ent r="4" t="204" w="2660" /><ent r="4" t="204" w="2659" /></phr></stem><stem n="water"><phr n="water"><ent r="4" t="204" w="2687" /></phr></stem><stem n="inlet"><phr n="inlet"><ent r="4" t="204" w="2688" /><ent r="4" t="204" w="2862" /></phr></stem><stem n="layer'"><phr n="layer's"><ent r="3" t="204" w="2765" /><ent r="3" t="204" w="2764" /></phr></stem><stem n="-math"><phr n="-math"><ent r="4" t="204" w="2814" /><ent r="4" t="204" w="2814" /><ent r="4" t="204" w="2826" /><ent r="4" t="204" w="2826" /></phr></stem><stem n="dot"><phr n="dotted"><ent r="4" t="204" w="2923" /></phr><phr n="dots"><ent r="4" t="211" w="816" /><ent r="3" t="211" w="901" /><ent r="7" t="211" w="1148" /><ent r="3" t="212" w="840" /></phr><phr n="dot"><ent r="3" t="211" w="848" /><ent r="3" t="211" w="911" /><ent r="3" t="211" w="937" /><ent r="3" t="212" w="850" /><ent r="3" t="212" w="877" /><ent r="3" t="212" w="1053" /><ent r="3" t="212" w="1056" /><ent r="6" t="236" w="441" /></phr></stem><stem n="thicker"><phr n="thicker"><ent r="3" t="204" w="2947" /></phr></stem><stem n="(to"><phr n="(to"><ent r="4" t="204" w="3027" /></phr></stem><stem n="72"><phr n="72"><ent r="4" t="204" w="3045" /></phr></stem><stem n="mysampl"><phr n="MySample"><ent r="5" t="204" w="3229" /></phr></stem><stem n="mysample-geo"><phr n="MySample-Geo"><ent r="5" t="204" w="3229" /></phr></stem><stem n="-geo.jpg"><phr n="-Geo.jpg"><ent r="5" t="204" w="3231" /><ent r="5" t="204" w="3231" /></phr></stem><stem n="mysample-geo.jpg"><phr n="MySample-Geo.jpg"><ent r="5" t="204" w="3231" /><ent r="5" t="204" w="3230" /></phr></stem><stem n="jpg"><phr n="jpg"><ent r="5" t="204" w="3231" /></phr></stem><stem n="(both"><phr n="(both"><ent r="3" t="205" w="48" /></phr></stem><stem n="(aoi),"><phr n="(AOI),"><ent r="3" t="205" w="58" /></phr></stem><stem n="unwant"><phr n="unwanted"><ent r="4" t="205" w="93" /></phr></stem><stem n="/reload"><phr n="/reload"><ent r="3" t="205" w="150" /></phr></stem><stem n="load/reload"><phr n="load/reload"><ent r="3" t="205" w="150" /><ent r="3" t="205" w="149" /></phr></stem><stem n="_r03_sc01.a.hdr"><phr n="_r03_sc01.a.hdr"><ent r="5" t="205" w="422" /><ent r="5" t="209" w="278" /></phr></stem><stem n="…"><phr n="…"><ent r="4" t="205" w="429" /><ent r="4" t="212" w="1477" /></phr></stem><stem n="(refer"><phr n="(referred"><ent r="4" t="205" w="442" /></phr></stem><stem n="&quot;)"><phr n="&quot;)"><ent r="4" t="205" w="447" /></phr></stem><stem n="&quot;subset&quot;"><phr n="&quot;Subset&quot;"><ent r="4" t="205" w="479" /></phr></stem><stem n="“point.”"><phr n="“Point.”"><ent r="3" t="205" w="744" /></phr></stem><stem n="“rectangle.”"><phr n="“Rectangle.”"><ent r="4" t="205" w="893" /></phr></stem><stem n="“swath"><phr n="“Swath"><ent r="4" t="205" w="909" /></phr></stem><stem n="swath"><phr n="Swath"><ent r="4" t="205" w="909" /><ent r="4" t="205" w="969" /><ent r="5" t="207" w="729" /><ent r="5" t="211" w="1857" /><ent r="4" t="212" w="719" /><ent r="4" t="212" w="744" /><ent r="4" t="212" w="773" /></phr></stem><stem n="hint"><phr n="hint"><ent r="5" t="205" w="916" /></phr></stem><stem n="adjac"><phr n="adjacent"><ent r="4" t="205" w="1256" /><ent r="3" t="243" w="17" /></phr></stem><stem n="old"><phr n="old"><ent r="4" t="205" w="1348" /></phr></stem><stem n="dictat"><phr n="dictate"><ent r="4" t="205" w="1387" /></phr><phr n="dictates"><ent r="3" t="211" w="1435" /></phr></stem><stem n="&quot;princip"><phr n="&quot;Principal"><ent r="4" t="205" w="1435" /></phr></stem><stem n="few"><phr n="few"><ent r="4" t="205" w="1484" /></phr></stem><stem n="greatest"><phr n="greatest"><ent r="4" t="205" w="1492" /></phr></stem><stem n="varianc"><phr n="variance"><ent r="4" t="205" w="1495" /></phr></stem><stem n="543"><phr n="543"><ent r="3" t="205" w="1506" /></phr></stem><stem n="gun"><phr n="gun"><ent r="3" t="205" w="1518" /><ent r="3" t="205" w="1527" /><ent r="3" t="205" w="1537" /></phr></stem><stem n="hot"><phr n="hot"><ent r="3" t="205" w="1546" /></phr></stem><stem n="r5g4b3t"><phr n="r5g4b3t"><ent r="3" t="205" w="1550" /></phr></stem><stem n="examin"><phr n="examine"><ent r="3" t="206" w="41" /></phr></stem><stem n="construct"><phr n="construction"><ent r="3" t="206" w="42" /></phr></stem><stem n="site"><phr n="site"><ent r="3" t="206" w="50" /><ent r="4" t="213" w="66" /><ent r="4" t="213" w="95" /><ent r="4" t="213" w="140" /><ent r="4" t="213" w="147" /><ent r="4" t="213" w="166" /><ent r="4" t="213" w="172" /><ent r="4" t="213" w="197" /></phr></stem><stem n="-month"><phr n="-month"><ent r="3" t="206" w="53" /><ent r="3" t="206" w="53" /></phr></stem><stem n="18"><phr n="18"><ent r="3" t="206" w="53" /></phr></stem><stem n="18-month"><phr n="18-month"><ent r="3" t="206" w="53" /></phr></stem><stem n="'ss.ss&quot;"><phr n="'SS.SS&quot;"><ent r="5" t="206" w="460" /><ent r="5" t="207" w="698" /><ent r="5" t="208" w="687" /></phr></stem><stem n="ir_bushehr"><phr n="ir_bushehr"><ent r="5" t="206" w="475" /><ent r="5" t="206" w="474" /><ent r="5" t="206" w="483" /><ent r="5" t="206" w="482" /><ent r="5" t="206" w="494" /><ent r="5" t="206" w="493" /><ent r="5" t="206" w="517" /><ent r="5" t="206" w="516" /><ent r="5" t="206" w="620" /><ent r="5" t="206" w="619" /><ent r="5" t="206" w="637" /><ent r="5" t="206" w="636" /></phr></stem><stem n="bushehr"><phr n="bushehr"><ent r="5" t="206" w="475" /><ent r="5" t="206" w="483" /><ent r="5" t="206" w="494" /><ent r="5" t="206" w="517" /><ent r="5" t="206" w="620" /><ent r="5" t="206" w="637" /></phr></stem><stem n="ir_bushehr_06jun02"><phr n="ir_bushehr_06jun02"><ent r="5" t="206" w="476" /><ent r="5" t="206" w="474" /><ent r="5" t="206" w="495" /><ent r="5" t="206" w="493" /><ent r="5" t="206" w="621" /><ent r="5" t="206" w="619" /></phr></stem><stem n="06jun02"><phr n="06jun02"><ent r="5" t="206" w="476" /><ent r="5" t="206" w="495" /><ent r="5" t="206" w="621" /></phr></stem><stem n="ir_bushehr_06jun02_p"><phr n="ir_bushehr_06jun02_ps"><ent r="5" t="206" w="477" /><ent r="5" t="206" w="474" /><ent r="5" t="206" w="496" /><ent r="5" t="206" w="493" /><ent r="5" t="206" w="622" /><ent r="5" t="206" w="619" /></phr></stem><stem n="ps"><phr n="ps"><ent r="5" t="206" w="477" /><ent r="5" t="206" w="485" /><ent r="5" t="206" w="496" /><ent r="5" t="206" w="519" /><ent r="5" t="206" w="622" /><ent r="5" t="206" w="639" /></phr></stem><stem n="_bushehr_06jun02_ps.tif"><phr n="_bushehr_06jun02_ps.tif"><ent r="5" t="206" w="478" /><ent r="5" t="206" w="497" /><ent r="5" t="206" w="623" /></phr></stem><stem n="ir_bushehr_06jun02_ps.tif"><phr n="ir_bushehr_06jun02_ps.tif"><ent r="5" t="206" w="478" /><ent r="5" t="206" w="474" /><ent r="5" t="206" w="497" /><ent r="5" t="206" w="493" /><ent r="5" t="206" w="623" /><ent r="5" t="206" w="619" /></phr></stem><stem n="ir_bushehr_28feb04"><phr n="ir_bushehr_28feb04"><ent r="5" t="206" w="484" /><ent r="5" t="206" w="482" /><ent r="5" t="206" w="518" /><ent r="5" t="206" w="516" /><ent r="5" t="206" w="638" /><ent r="5" t="206" w="636" /></phr></stem><stem n="28feb04"><phr n="28feb04"><ent r="5" t="206" w="484" /><ent r="5" t="206" w="518" /><ent r="5" t="206" w="638" /></phr></stem><stem n="ir_bushehr_28feb04_p"><phr n="ir_bushehr_28feb04_ps"><ent r="5" t="206" w="485" /><ent r="5" t="206" w="482" /><ent r="5" t="206" w="519" /><ent r="5" t="206" w="516" /><ent r="5" t="206" w="639" /><ent r="5" t="206" w="636" /></phr></stem><stem n="_bushehr_28feb04_ps.tif"><phr n="_bushehr_28feb04_ps.tif"><ent r="5" t="206" w="486" /><ent r="5" t="206" w="520" /><ent r="5" t="206" w="640" /></phr></stem><stem n="ir_bushehr_28feb04_ps.tif"><phr n="ir_bushehr_28feb04_ps.tif"><ent r="5" t="206" w="486" /><ent r="5" t="206" w="482" /><ent r="5" t="206" w="520" /><ent r="5" t="206" w="516" /><ent r="5" t="206" w="640" /><ent r="5" t="206" w="636" /></phr></stem><stem n="repeat"><phr n="Repeat"><ent r="4" t="206" w="510" /><ent r="4" t="208" w="995" /><ent r="7" t="215" w="72" /></phr><phr n="repeated"><ent r="5" t="212" w="157" /></phr></stem><stem n="diagon"><phr n="diagonal"><ent r="4" t="206" w="551" /></phr></stem><stem n="degrad"><phr n="degraded"><ent r="3" t="206" w="715" /></phr></stem><stem n="(typic"><phr n="(typically"><ent r="3" t="206" w="790" /></phr></stem><stem n="&quot;fusion"><phr n="&quot;Fusion"><ent r="4" t="206" w="1226" /></phr></stem><stem n="(frame"><phr n="(frames"><ent r="4" t="206" w="1537" /></phr></stem><stem n="finer"><phr n="finer"><ent r="3" t="206" w="1680" /></phr></stem><stem n="-run"><phr n="-run"><ent r="4" t="206" w="1721" /><ent r="4" t="206" w="1721" /></phr></stem></index>