<?xml version="1.0" encoding="utf-8"?><index><stem n="point"><phr n="point"><ent r="6" t="3" w="24" /><ent r="5" t="3" w="49" /><ent r="6" t="3" w="64" /><ent r="6" t="3" w="92" /><ent r="6" t="7" w="119" /><ent r="7" t="8" w="108" /><ent r="7" t="10" w="74" /><ent r="7" t="10" w="92" /><ent r="7" t="13" w="141" /><ent r="3" t="21" w="185" /><ent r="4" t="41" w="122" /><ent r="4" t="41" w="142" /><ent r="7" t="60" w="124" /><ent r="7" t="60" w="187" /><ent r="3" t="83" w="12" /><ent r="3" t="84" w="26" /><ent r="4" t="84" w="194" /><ent r="3" t="84" w="200" /><ent r="3" t="84" w="222" /><ent r="4" t="84" w="246" /><ent r="4" t="84" w="284" /><ent r="4" t="84" w="301" /><ent r="4" t="84" w="318" /><ent r="3" t="85" w="61" /><ent r="3" t="111" w="72" /><ent r="4" t="151" w="259" /><ent r="3" t="158" w="209" /><ent r="3" t="167" w="36" /><ent r="3" t="170" w="648" /><ent r="3" t="170" w="717" /><ent r="4" t="177" w="269" /><ent r="4" t="177" w="302" /><ent r="3" t="178" w="31" /><ent r="3" t="178" w="36" /><ent r="3" t="178" w="62" /><ent r="3" t="178" w="80" /><ent r="4" t="178" w="194" /><ent r="3" t="178" w="208" /><ent r="4" t="178" w="226" /><ent r="4" t="178" w="250" /><ent r="4" t="178" w="263" /><ent r="3" t="186" w="158" /><ent r="4" t="186" w="2872" /><ent r="3" t="188" w="702" /><ent r="3" t="188" w="749" /><ent r="3" t="188" w="757" /><ent r="3" t="188" w="783" /><ent r="4" t="188" w="827" /><ent r="4" t="188" w="835" /><ent r="3" t="188" w="855" /><ent r="3" t="188" w="858" /><ent r="3" t="188" w="889" /><ent r="3" t="188" w="998" /><ent r="3" t="188" w="1097" /><ent r="4" t="188" w="1679" /><ent r="3" t="189" w="205" /><ent r="3" t="189" w="212" /><ent r="3" t="189" w="215" /><ent r="3" t="190" w="195" /><ent r="3" t="190" w="202" /><ent r="3" t="190" w="205" /><ent r="4" t="190" w="915" /><ent r="4" t="190" w="928" /><ent r="4" t="190" w="947" /><ent r="3" t="190" w="1267" /><ent r="3" t="190" w="1270" /><ent r="7" t="197" w="104" /><ent r="7" t="197" w="140" /><ent r="4" t="204" w="98" /><ent r="4" t="204" w="103" /><ent r="3" t="204" w="171" /><ent r="3" t="204" w="190" /><ent r="7" t="205" w="213" /><ent r="7" t="205" w="221" /><ent r="7" t="205" w="349" /><ent r="100" t="236" w="152" /><ent r="3" t="236" w="159" /><ent r="3" t="236" w="446" /><ent r="6" t="241" w="48" /><ent r="5" t="241" w="61" /><ent r="6" t="241" w="74" /><ent r="6" t="241" w="86" /><ent r="6" t="241" w="99" /><ent r="6" t="241" w="111" /><ent r="6" t="241" w="124" /><ent r="6" t="241" w="136" /><ent r="6" t="241" w="149" /><ent r="5" t="241" w="162" /><ent r="5" t="241" w="174" /><ent r="5" t="241" w="186" /><ent r="5" t="241" w="199" /><ent r="6" t="241" w="210" /><ent r="6" t="241" w="222" /><ent r="6" t="241" w="403" /><ent r="5" t="241" w="422" /><ent r="6" t="241" w="441" /><ent r="6" t="241" w="459" /><ent r="6" t="241" w="478" /><ent r="6" t="241" w="496" /><ent r="6" t="241" w="515" /><ent r="6" t="241" w="533" /><ent r="6" t="241" w="552" /><ent r="5" t="241" w="571" /><ent r="5" t="241" w="589" /><ent r="5" t="241" w="607" /><ent r="5" t="241" w="626" /><ent r="6" t="241" w="644" /><ent r="6" t="241" w="662" /></phr><phr n="Point"><ent r="3" t="4" w="103" /><ent r="64" t="4" w="239" /><ent r="7" t="8" w="90" /><ent r="1000" t="10" w="2" /><ent r="100" t="10" w="6" /><ent r="100" t="10" w="11" /><ent r="102" t="10" w="14" /><ent r="4" t="10" w="21" /><ent r="4" t="10" w="30" /><ent r="3" t="10" w="48" /><ent r="7" t="10" w="65" /><ent r="7" t="10" w="112" /><ent r="7" t="10" w="120" /><ent r="68" t="10" w="125" /><ent r="7" t="13" w="133" /><ent r="4" t="21" w="141" /><ent r="4" t="21" w="143" /><ent r="5" t="41" w="111" /><ent r="5" t="41" w="207" /><ent r="4" t="56" w="94" /><ent r="3" t="74" w="10" /><ent r="3" t="75" w="14" /><ent r="64" t="83" w="80" /><ent r="64" t="83" w="84" /><ent r="1000" t="84" w="2" /><ent r="100" t="84" w="6" /><ent r="102" t="84" w="10" /><ent r="3" t="84" w="15" /><ent r="3" t="84" w="56" /><ent r="3" t="84" w="98" /><ent r="64" t="84" w="105" /><ent r="3" t="84" w="111" /><ent r="4" t="84" w="126" /><ent r="3" t="84" w="132" /><ent r="3" t="85" w="20" /><ent r="65" t="85" w="69" /><ent r="64" t="149" w="59" /><ent r="1000" t="158" w="2" /><ent r="102" t="158" w="7" /><ent r="100" t="158" w="12" /><ent r="100" t="158" w="18" /><ent r="3" t="158" w="23" /><ent r="4" t="158" w="78" /><ent r="5" t="158" w="130" /><ent r="3" t="158" w="241" /><ent r="1000" t="167" w="2" /><ent r="100" t="167" w="7" /><ent r="100" t="167" w="13" /><ent r="102" t="167" w="17" /><ent r="3" t="167" w="24" /><ent r="4" t="167" w="66" /><ent r="4" t="167" w="83" /><ent r="3" t="167" w="100" /><ent r="4" t="176" w="164" /><ent r="5" t="177" w="223" /><ent r="3" t="177" w="235" /><ent r="3" t="177" w="256" /><ent r="3" t="177" w="318" /><ent r="3" t="177" w="336" /><ent r="3" t="187" w="743" /><ent r="4" t="188" w="695" /><ent r="4" t="188" w="795" /><ent r="92" t="188" w="840" /><ent r="4" t="188" w="1007" /><ent r="4" t="188" w="1021" /><ent r="3" t="190" w="1166" /><ent r="3" t="190" w="1181" /><ent r="3" t="190" w="1184" /></phr><phr n="points"><ent r="7" t="8" w="101" /><ent r="3" t="13" w="24" /><ent r="3" t="21" w="191" /><ent r="7" t="60" w="93" /><ent r="7" t="60" w="103" /><ent r="7" t="60" w="156" /><ent r="7" t="60" w="169" /><ent r="4" t="73" w="93" /><ent r="100" t="83" w="5" /><ent r="3" t="83" w="35" /><ent r="3" t="83" w="51" /><ent r="3" t="83" w="56" /><ent r="3" t="83" w="73" /><ent r="3" t="84" w="22" /><ent r="3" t="84" w="35" /><ent r="3" t="84" w="42" /><ent r="3" t="84" w="47" /><ent r="3" t="84" w="257" /><ent r="3" t="84" w="290" /><ent r="100" t="85" w="6" /><ent r="100" t="85" w="11" /><ent r="3" t="85" w="31" /><ent r="3" t="85" w="50" /><ent r="4" t="85" w="92" /><ent r="4" t="85" w="101" /><ent r="4" t="105" w="189" /><ent r="3" t="158" w="36" /><ent r="4" t="177" w="206" /><ent r="100" t="178" w="7" /><ent r="3" t="178" w="26" /><ent r="3" t="178" w="50" /><ent r="100" t="178" w="73" /><ent r="4" t="178" w="278" /><ent r="3" t="183" w="20" /><ent r="3" t="183" w="32" /><ent r="3" t="185" w="742" /><ent r="3" t="186" w="153" /><ent r="3" t="186" w="967" /><ent r="3" t="186" w="977" /><ent r="4" t="186" w="3072" /><ent r="3" t="188" w="872" /><ent r="3" t="189" w="191" /><ent r="3" t="189" w="193" /><ent r="3" t="189" w="222" /><ent r="3" t="189" w="304" /><ent r="3" t="190" w="181" /><ent r="3" t="190" w="183" /><ent r="3" t="190" w="212" /><ent r="3" t="190" w="293" /><ent r="3" t="190" w="771" /><ent r="3" t="190" w="783" /><ent r="3" t="190" w="797" /><ent r="7" t="197" w="73" /><ent r="7" t="197" w="86" /><ent r="7" t="197" w="119" /><ent r="7" t="197" w="155" /><ent r="5" t="197" w="225" /><ent r="5" t="197" w="240" /><ent r="4" t="204" w="127" /><ent r="4" t="204" w="136" /><ent r="4" t="204" w="157" /><ent r="4" t="204" w="165" /><ent r="3" t="204" w="176" /></phr><phr n="Points"><ent r="4" t="22" w="190" /><ent r="4" t="22" w="196" /><ent r="1000" t="83" w="2" /><ent r="102" t="83" w="8" /><ent r="64" t="83" w="89" /><ent r="1000" t="85" w="3" /><ent r="102" t="85" w="15" /><ent r="3" t="111" w="32" /><ent r="64" t="177" w="344" /><ent r="1000" t="178" w="3" /><ent r="102" t="178" w="11" /><ent r="3" t="186" w="944" /><ent r="4" t="186" w="1281" /><ent r="3" t="186" w="3053" /><ent r="4" t="188" w="91" /><ent r="4" t="188" w="678" /><ent r="3" t="189" w="197" /><ent r="3" t="190" w="187" /><ent r="93" t="236" w="148" /></phr><phr n="pointing"><ent r="3" t="73" w="156" /><ent r="4" t="186" w="2881" /></phr></stem><stem n="drag"><phr n="dragging"><ent r="6" t="3" w="26" /><ent r="6" t="7" w="229" /><ent r="7" t="11" w="167" /><ent r="3" t="18" w="198" /><ent r="3" t="50" w="549" /><ent r="3" t="88" w="167" /><ent r="3" t="90" w="58" /><ent r="4" t="189" w="971" /><ent r="4" t="190" w="1153" /><ent r="3" t="193" w="1062" /><ent r="3" t="194" w="915" /></phr><phr n="drag"><ent r="6" t="14" w="332" /><ent r="3" t="18" w="117" /><ent r="3" t="48" w="89" /><ent r="3" t="70" w="102" /><ent r="3" t="78" w="218" /><ent r="3" t="78" w="236" /><ent r="3" t="118" w="364" /><ent r="3" t="118" w="373" /><ent r="3" t="128" w="172" /><ent r="3" t="128" w="209" /><ent r="3" t="128" w="248" /><ent r="3" t="129" w="36" /><ent r="4" t="129" w="69" /><ent r="4" t="129" w="322" /><ent r="4" t="131" w="66" /><ent r="3" t="185" w="651" /><ent r="3" t="185" w="984" /><ent r="4" t="185" w="1402" /><ent r="3" t="185" w="1504" /><ent r="3" t="185" w="1520" /><ent r="4" t="185" w="2222" /><ent r="4" t="186" w="1955" /><ent r="4" t="186" w="2868" /><ent r="4" t="187" w="559" /><ent r="4" t="187" w="901" /><ent r="3" t="192" w="1042" /><ent r="4" t="192" w="1128" /><ent r="4" t="193" w="462" /><ent r="4" t="193" w="505" /><ent r="4" t="193" w="603" /><ent r="4" t="193" w="688" /><ent r="4" t="194" w="559" /><ent r="4" t="194" w="595" /><ent r="4" t="194" w="645" /></phr><phr n="Drag"><ent r="4" t="38" w="72" /><ent r="4" t="129" w="330" /><ent r="4" t="185" w="597" /><ent r="4" t="222" w="93" /></phr></stem><stem n="independ"><phr n="independent"><ent r="6" t="3" w="29" /><ent r="5" t="3" w="50" /></phr><phr n="independently"><ent r="3" t="167" w="53" /><ent r="3" t="171" w="115" /><ent r="3" t="202" w="180" /></phr></stem><stem n="mode"><phr n="mode"><ent r="6" t="3" w="33" /><ent r="5" t="3" w="54" /><ent r="7" t="3" w="149" /><ent r="7" t="3" w="164" /><ent r="5" t="6" w="150" /><ent r="5" t="6" w="157" /><ent r="5" t="6" w="161" /><ent r="5" t="6" w="176" /><ent r="6" t="7" w="285" /><ent r="6" t="13" w="211" /><ent r="6" t="13" w="215" /><ent r="7" t="14" w="100" /><ent r="7" t="14" w="109" /><ent r="7" t="14" w="119" /><ent r="7" t="14" w="143" /><ent r="100" t="37" w="5" /><ent r="3" t="37" w="30" /><ent r="4" t="37" w="53" /><ent r="100" t="38" w="7" /><ent r="100" t="38" w="10" /><ent r="3" t="38" w="31" /><ent r="3" t="38" w="34" /><ent r="3" t="38" w="62" /><ent r="3" t="38" w="102" /><ent r="3" t="38" w="137" /><ent r="3" t="38" w="152" /><ent r="3" t="38" w="175" /><ent r="100" t="39" w="8" /><ent r="3" t="39" w="11" /><ent r="3" t="39" w="45" /><ent r="3" t="39" w="52" /><ent r="3" t="39" w="134" /><ent r="100" t="42" w="10" /><ent r="64" t="42" w="19" /><ent r="64" t="42" w="25" /><ent r="3" t="57" w="27" /><ent r="3" t="57" w="54" /><ent r="3" t="57" w="67" /><ent r="3" t="59" w="283" /><ent r="3" t="82" w="615" /><ent r="3" t="88" w="177" /><ent r="5" t="91" w="405" /><ent r="6" t="91" w="446" /><ent r="100" t="92" w="7" /><ent r="100" t="92" w="19" /><ent r="3" t="92" w="31" /><ent r="4" t="92" w="95" /><ent r="4" t="92" w="118" /><ent r="3" t="92" w="262" /><ent r="3" t="96" w="41" /><ent r="3" t="109" w="257" /><ent r="3" t="118" w="484" /><ent r="3" t="118" w="541" /><ent r="4" t="120" w="146" /><ent r="4" t="120" w="153" /><ent r="4" t="120" w="174" /><ent r="100" t="125" w="7" /><ent r="5" t="125" w="25" /><ent r="4" t="125" w="28" /><ent r="4" t="125" w="51" /><ent r="5" t="125" w="63" /><ent r="100" t="125" w="66" /><ent r="4" t="125" w="70" /><ent r="4" t="125" w="80" /><ent r="3" t="125" w="105" /><ent r="3" t="125" w="117" /><ent r="3" t="125" w="136" /><ent r="3" t="125" w="146" /><ent r="3" t="125" w="162" /><ent r="3" t="125" w="172" /><ent r="3" t="125" w="195" /><ent r="4" t="125" w="221" /><ent r="100" t="128" w="5" /><ent r="100" t="128" w="103" /><ent r="3" t="128" w="121" /><ent r="100" t="128" w="735" /><ent r="5" t="128" w="739" /><ent r="100" t="128" w="742" /><ent r="4" t="128" w="745" /><ent r="4" t="128" w="769" /><ent r="100" t="128" w="780" /><ent r="5" t="128" w="784" /><ent r="100" t="128" w="787" /><ent r="4" t="128" w="790" /><ent r="3" t="128" w="812" /><ent r="3" t="128" w="823" /><ent r="3" t="128" w="835" /><ent r="3" t="128" w="844" /><ent r="3" t="128" w="858" /><ent r="3" t="128" w="868" /><ent r="3" t="128" w="879" /><ent r="3" t="128" w="889" /><ent r="4" t="129" w="223" /><ent r="3" t="131" w="183" /><ent r="3" t="131" w="190" /><ent r="3" t="131" w="212" /><ent r="3" t="131" w="221" /><ent r="3" t="131" w="227" /><ent r="100" t="132" w="7" /><ent r="100" t="132" w="10" /><ent r="100" t="132" w="15" /><ent r="100" t="132" w="24" /><ent r="5" t="132" w="40" /><ent r="4" t="132" w="43" /><ent r="4" t="132" w="67" /><ent r="5" t="132" w="79" /><ent r="4" t="132" w="82" /><ent r="3" t="132" w="95" /><ent r="3" t="132" w="107" /><ent r="3" t="132" w="126" /><ent r="3" t="132" w="136" /><ent r="3" t="132" w="152" /><ent r="3" t="132" w="162" /><ent r="3" t="132" w="165" /><ent r="3" t="132" w="213" /><ent r="3" t="132" w="224" /><ent r="3" t="132" w="227" /><ent r="3" t="132" w="239" /><ent r="3" t="132" w="255" /><ent r="3" t="132" w="267" /><ent r="3" t="132" w="270" /><ent r="3" t="132" w="311" /><ent r="3" t="132" w="320" /><ent r="3" t="132" w="328" /><ent r="3" t="132" w="342" /><ent r="3" t="132" w="390" /><ent r="3" t="132" w="408" /><ent r="4" t="132" w="444" /><ent r="3" t="140" w="29" /><ent r="3" t="140" w="94" /><ent r="3" t="160" w="211" /><ent r="3" t="173" w="320" /><ent r="3" t="173" w="562" /><ent r="3" t="173" w="569" /><ent r="3" t="185" w="1213" /><ent r="3" t="185" w="1235" /><ent r="3" t="185" w="1806" /><ent r="4" t="185" w="2122" /><ent r="3" t="190" w="733" /><ent r="100" t="192" w="6" /><ent r="3" t="193" w="588" /><ent r="100" t="194" w="10" /><ent r="3" t="194" w="40" /><ent r="5" t="194" w="177" /><ent r="4" t="194" w="531" /><ent r="3" t="206" w="56" /><ent r="5" t="224" w="286" /><ent r="5" t="224" w="306" /></phr><phr n="Mode"><ent r="66" t="6" w="164" /><ent r="5" t="6" w="169" /><ent r="66" t="6" w="180" /><ent r="7" t="8" w="59" /><ent r="7" t="8" w="64" /><ent r="7" t="8" w="69" /><ent r="64" t="11" w="63" /><ent r="5" t="13" w="64" /><ent r="64" t="36" w="59" /><ent r="64" t="36" w="63" /><ent r="1000" t="37" w="2" /><ent r="102" t="37" w="8" /><ent r="3" t="37" w="12" /><ent r="5" t="37" w="48" /><ent r="64" t="37" w="98" /><ent r="1000" t="38" w="3" /><ent r="102" t="38" w="15" /><ent r="64" t="38" w="190" /><ent r="1000" t="39" w="2" /><ent r="102" t="39" w="5" /><ent r="6" t="39" w="111" /><ent r="67" t="39" w="118" /><ent r="6" t="39" w="121" /><ent r="3" t="39" w="138" /><ent r="1000" t="42" w="2" /><ent r="102" t="42" w="6" /><ent r="3" t="42" w="30" /><ent r="5" t="50" w="439" /><ent r="1000" t="57" w="3" /><ent r="102" t="57" w="7" /><ent r="3" t="57" w="12" /><ent r="3" t="57" w="46" /><ent r="3" t="57" w="71" /><ent r="100" t="59" w="234" /><ent r="4" t="59" w="241" /><ent r="64" t="59" w="293" /><ent r="7" t="91" w="210" /><ent r="68" t="91" w="226" /><ent r="5" t="91" w="238" /><ent r="66" t="91" w="252" /><ent r="1000" t="92" w="4" /><ent r="102" t="92" w="14" /><ent r="3" t="92" w="51" /><ent r="5" t="92" w="214" /><ent r="4" t="92" w="241" /><ent r="3" t="92" w="249" /><ent r="4" t="92" w="273" /><ent r="5" t="92" w="322" /><ent r="3" t="92" w="327" /><ent r="64" t="118" w="503" /><ent r="4" t="120" w="160" /><ent r="65" t="120" w="188" /><ent r="1000" t="125" w="3" /><ent r="102" t="125" w="11" /><ent r="64" t="125" w="178" /><ent r="92" t="125" w="187" /><ent r="4" t="125" w="209" /><ent r="3" t="127" w="23" /><ent r="82" t="128" w="722" /><ent r="64" t="128" w="897" /><ent r="64" t="131" w="201" /><ent r="64" t="131" w="239" /><ent r="1000" t="132" w="2" /><ent r="102" t="132" w="18" /><ent r="92" t="132" w="295" /><ent r="5" t="132" w="372" /><ent r="92" t="132" w="384" /><ent r="5" t="132" w="438" /><ent r="64" t="132" w="463" /><ent r="5" t="168" w="182" /><ent r="64" t="184" w="382" /><ent r="64" t="184" w="390" /><ent r="5" t="185" w="1597" /><ent r="4" t="185" w="1657" /><ent r="5" t="185" w="1716" /><ent r="3" t="185" w="1790" /><ent r="5" t="185" w="2253" /><ent r="4" t="186" w="1939" /><ent r="4" t="187" w="722" /><ent r="4" t="190" w="900" /><ent r="1000" t="192" w="3" /><ent r="103" t="192" w="12" /><ent r="4" t="192" w="994" /><ent r="5" t="193" w="543" /><ent r="1000" t="194" w="7" /><ent r="103" t="194" w="20" /><ent r="4" t="194" w="106" /><ent r="5" t="194" w="509" /><ent r="4" t="194" w="1360" /><ent r="92" t="194" w="1417" /></phr><phr n="modes"><ent r="3" t="37" w="61" /><ent r="3" t="38" w="160" /><ent r="3" t="92" w="59" /><ent r="4" t="120" w="183" /><ent r="3" t="125" w="22" /><ent r="3" t="128" w="733" /><ent r="3" t="132" w="37" /><ent r="3" t="132" w="185" /></phr></stem><stem n="(clicked)"><phr n="(clicked)"><ent r="5" t="3" w="38" /></phr></stem><stem n="pan"><phr n="Pans"><ent r="5" t="3" w="39" /></phr><phr n="pan"><ent r="6" t="7" w="117" /><ent r="100" t="36" w="3" /><ent r="3" t="36" w="21" /><ent r="100" t="37" w="4" /><ent r="3" t="37" w="24" /><ent r="3" t="37" w="29" /><ent r="4" t="37" w="52" /><ent r="3" t="37" w="60" /><ent r="4" t="37" w="82" /><ent r="100" t="38" w="9" /><ent r="3" t="38" w="90" /><ent r="3" t="38" w="104" /><ent r="3" t="38" w="115" /><ent r="3" t="38" w="124" /><ent r="3" t="38" w="129" /><ent r="64" t="38" w="182" /><ent r="3" t="47" w="39" /><ent r="3" t="47" w="104" /><ent r="3" t="47" w="154" /><ent r="3" t="47" w="167" /><ent r="64" t="48" w="110" /><ent r="3" t="48" w="125" /><ent r="3" t="49" w="55" /><ent r="3" t="49" w="226" /><ent r="4" t="49" w="260" /><ent r="4" t="49" w="365" /><ent r="64" t="50" w="68" /><ent r="3" t="50" w="532" /><ent r="3" t="50" w="582" /><ent r="64" t="88" w="185" /><ent r="4" t="92" w="67" /><ent r="3" t="107" w="81" /><ent r="3" t="110" w="246" /><ent r="3" t="110" w="251" /><ent r="4" t="110" w="270" /><ent r="4" t="110" w="283" /><ent r="3" t="110" w="335" /><ent r="3" t="110" w="347" /><ent r="3" t="137" w="43" /><ent r="4" t="178" w="258" /><ent r="4" t="178" w="275" /><ent r="4" t="185" w="62" /><ent r="3" t="185" w="126" /><ent r="3" t="185" w="2427" /><ent r="3" t="186" w="349" /><ent r="4" t="188" w="1697" /></phr><phr n="Pan"><ent r="6" t="7" w="123" /><ent r="67" t="7" w="135" /><ent r="1000" t="36" w="1" /><ent r="102" t="36" w="5" /><ent r="3" t="36" w="7" /><ent r="4" t="36" w="38" /><ent r="3" t="36" w="51" /><ent r="64" t="36" w="58" /><ent r="1000" t="37" w="1" /><ent r="102" t="37" w="7" /><ent r="3" t="37" w="11" /><ent r="5" t="37" w="47" /><ent r="4" t="37" w="64" /><ent r="4" t="37" w="75" /><ent r="64" t="37" w="94" /><ent r="6" t="39" w="94" /><ent r="67" t="39" w="99" /><ent r="5" t="41" w="205" /><ent r="5" t="92" w="62" /><ent r="92" t="110" w="232" /><ent r="3" t="110" w="236" /><ent r="4" t="110" w="327" /><ent r="5" t="110" w="586" /><ent r="5" t="159" w="800" /><ent r="4" t="181" w="335" /><ent r="4" t="185" w="958" /><ent r="4" t="185" w="974" /><ent r="4" t="185" w="1625" /><ent r="5" t="185" w="1719" /><ent r="4" t="185" w="1722" /><ent r="4" t="186" w="2635" /><ent r="4" t="186" w="2832" /><ent r="4" t="190" w="842" /></phr><phr n="Panning"><ent r="64" t="36" w="62" /><ent r="64" t="37" w="97" /><ent r="1000" t="38" w="2" /><ent r="102" t="38" w="14" /><ent r="64" t="59" w="292" /><ent r="92" t="110" w="581" /></phr><phr n="panning"><ent r="100" t="38" w="6" /><ent r="3" t="38" w="30" /><ent r="3" t="38" w="33" /><ent r="3" t="38" w="61" /><ent r="3" t="38" w="136" /><ent r="3" t="38" w="151" /><ent r="3" t="38" w="174" /><ent r="3" t="47" w="120" /><ent r="3" t="59" w="282" /><ent r="3" t="110" w="317" /><ent r="4" t="110" w="593" /><ent r="3" t="110" w="605" /><ent r="3" t="110" w="626" /></phr><phr n="panned"><ent r="4" t="38" w="81" /><ent r="4" t="159" w="811" /></phr></stem><stem n="speed"><phr n="speed"><ent r="5" t="3" w="44" /><ent r="6" t="14" w="183" /><ent r="6" t="14" w="190" /><ent r="7" t="14" w="194" /><ent r="6" t="14" w="205" /><ent r="5" t="14" w="240" /><ent r="5" t="14" w="247" /><ent r="3" t="38" w="105" /><ent r="3" t="38" w="130" /><ent r="64" t="38" w="183" /><ent r="3" t="47" w="105" /><ent r="3" t="47" w="109" /><ent r="3" t="110" w="252" /><ent r="3" t="110" w="318" /><ent r="3" t="140" w="98" /><ent r="3" t="140" w="116" /><ent r="100" t="143" w="8" /><ent r="3" t="143" w="12" /><ent r="3" t="143" w="56" /><ent r="3" t="143" w="117" /><ent r="3" t="143" w="203" /><ent r="3" t="143" w="223" /><ent r="3" t="144" w="25" /><ent r="3" t="215" w="255" /><ent r="3" t="215" w="281" /><ent r="3" t="225" w="193" /><ent r="3" t="225" w="207" /><ent r="4" t="225" w="230" /><ent r="3" t="225" w="247" /><ent r="4" t="225" w="251" /></phr><phr n="Speed"><ent r="67" t="14" w="212" /><ent r="6" t="14" w="234" /><ent r="92" t="110" w="233" /><ent r="3" t="110" w="237" /><ent r="1000" t="143" w="2" /><ent r="102" t="143" w="5" /><ent r="6" t="143" w="78" /></phr><phr n="speeds"><ent r="3" t="143" w="72" /><ent r="5" t="146" w="170" /><ent r="3" t="225" w="26" /><ent r="3" t="225" w="52" /><ent r="3" t="225" w="178" /><ent r="3" t="225" w="183" /><ent r="3" t="225" w="186" /></phr></stem><stem n="rel"><phr n="relative"><ent r="5" t="3" w="45" /><ent r="7" t="14" w="477" /><ent r="4" t="110" w="208" /><ent r="4" t="110" w="540" /><ent r="3" t="112" w="28" /><ent r="5" t="156" w="432" /><ent r="5" t="156" w="867" /><ent r="4" t="157" w="410" /><ent r="4" t="159" w="885" /><ent r="5" t="168" w="469" /><ent r="3" t="199" w="100" /><ent r="4" t="234" w="68" /></phr><phr n="Relative"><ent r="4" t="110" w="222" /></phr></stem><stem n="wheel"><phr n="Wheel"><ent r="6" t="3" w="56" /><ent r="5" t="3" w="74" /><ent r="6" t="3" w="84" /><ent r="5" t="3" w="102" /><ent r="4" t="82" w="538" /></phr><phr n="wheel"><ent r="3" t="50" w="565" /><ent r="4" t="82" w="553" /><ent r="3" t="82" w="562" /><ent r="3" t="82" w="573" /><ent r="4" t="82" w="588" /><ent r="3" t="82" w="598" /><ent r="3" t="82" w="606" /><ent r="3" t="185" w="889" /></phr></stem><stem n="up"><phr n="up"><ent r="6" t="3" w="57" /><ent r="100" t="73" w="6" /><ent r="4" t="73" w="104" /><ent r="4" t="97" w="138" /><ent r="3" t="114" w="30" /><ent r="4" t="145" w="447" /><ent r="6" t="173" w="522" /><ent r="3" t="175" w="83" /><ent r="4" t="185" w="1747" /><ent r="4" t="185" w="2084" /><ent r="3" t="186" w="3045" /><ent r="3" t="188" w="1574" /><ent r="3" t="189" w="299" /><ent r="4" t="189" w="917" /><ent r="4" t="206" w="615" /><ent r="4" t="206" w="641" /><ent r="3" t="218" w="153" /><ent r="3" t="220" w="158" /><ent r="5" t="224" w="114" /></phr><phr n="Up"><ent r="66" t="7" w="251" /><ent r="66" t="7" w="269" /><ent r="6" t="14" w="235" /><ent r="64" t="15" w="28" /><ent r="1000" t="43" w="2" /><ent r="102" t="43" w="5" /><ent r="100" t="43" w="8" /><ent r="3" t="43" w="12" /><ent r="4" t="43" w="44" /><ent r="1000" t="44" w="2" /><ent r="102" t="44" w="5" /><ent r="100" t="44" w="8" /><ent r="3" t="44" w="11" /><ent r="3" t="44" w="183" /><ent r="3" t="44" w="205" /><ent r="3" t="65" w="146" /><ent r="1000" t="73" w="2" /><ent r="102" t="73" w="10" /><ent r="3" t="73" w="14" /><ent r="5" t="73" w="117" /><ent r="4" t="73" w="124" /><ent r="3" t="84" w="74" /></phr></stem><stem n="out"><phr n="out"><ent r="6" t="3" w="62" /><ent r="6" t="3" w="90" /><ent r="6" t="7" w="29" /><ent r="6" t="7" w="49" /><ent r="6" t="39" w="77" /><ent r="3" t="41" w="20" /><ent r="4" t="41" w="94" /><ent r="4" t="41" w="119" /><ent r="3" t="50" w="561" /><ent r="3" t="59" w="270" /><ent r="3" t="82" w="578" /><ent r="3" t="82" w="602" /><ent r="3" t="105" w="114" /><ent r="4" t="110" w="660" /><ent r="5" t="119" w="193" /><ent r="3" t="185" w="124" /><ent r="4" t="185" w="921" /><ent r="4" t="186" w="2684" /><ent r="3" t="189" w="702" /><ent r="4" t="194" w="1605" /><ent r="3" t="224" w="32" /><ent r="5" t="224" w="361" /><ent r="7" t="240" w="113" /></phr><phr n="Out"><ent r="4" t="41" w="109" /><ent r="4" t="41" w="134" /><ent r="5" t="110" w="654" /><ent r="5" t="159" w="832" /><ent r="4" t="181" w="322" /><ent r="4" t="185" w="867" /><ent r="4" t="185" w="912" /><ent r="3" t="186" w="3141" /><ent r="7" t="240" w="110" /></phr></stem><stem n="base"><phr n="based"><ent r="6" t="3" w="65" /><ent r="6" t="3" w="93" /><ent r="5" t="7" w="257" /><ent r="3" t="44" w="16" /><ent r="4" t="50" w="206" /><ent r="3" t="73" w="25" /><ent r="3" t="82" w="264" /><ent r="3" t="82" w="478" /><ent r="4" t="82" w="668" /><ent r="4" t="110" w="375" /><ent r="3" t="111" w="20" /><ent r="3" t="118" w="282" /><ent r="3" t="118" w="401" /><ent r="3" t="132" w="252" /><ent r="3" t="135" w="64" /><ent r="3" t="143" w="61" /><ent r="3" t="143" w="122" /><ent r="4" t="156" w="710" /><ent r="4" t="156" w="1145" /><ent r="3" t="157" w="283" /><ent r="3" t="166" w="265" /><ent r="3" t="168" w="38" /><ent r="4" t="168" w="745" /><ent r="3" t="170" w="82" /><ent r="4" t="185" w="922" /><ent r="3" t="186" w="148" /><ent r="4" t="186" w="2537" /><ent r="3" t="189" w="185" /><ent r="3" t="190" w="175" /><ent r="4" t="191" w="84" /><ent r="3" t="191" w="344" /><ent r="3" t="191" w="358" /><ent r="6" t="198" w="45" /><ent r="3" t="199" w="72" /><ent r="3" t="202" w="611" /><ent r="4" t="202" w="753" /><ent r="3" t="206" w="173" /><ent r="3" t="211" w="27" /><ent r="3" t="216" w="231" /><ent r="3" t="236" w="394" /></phr><phr n="Based"><ent r="4" t="20" w="66" /></phr><phr n="Base"><ent r="4" t="190" w="1025" /></phr></stem><stem n="valu"><phr n="value"><ent r="6" t="3" w="67" /><ent r="6" t="3" w="95" /><ent r="6" t="14" w="335" /><ent r="6" t="14" w="358" /><ent r="7" t="14" w="408" /><ent r="5" t="27" w="414" /><ent r="5" t="27" w="419" /><ent r="5" t="27" w="431" /><ent r="5" t="27" w="436" /><ent r="5" t="27" w="447" /><ent r="5" t="27" w="488" /><ent r="4" t="44" w="96" /><ent r="3" t="44" w="150" /><ent r="3" t="44" w="155" /><ent r="3" t="45" w="467" /><ent r="3" t="45" w="495" /><ent r="4" t="45" w="519" /><ent r="4" t="45" w="528" /><ent r="4" t="45" w="544" /><ent r="3" t="49" w="279" /><ent r="3" t="82" w="168" /><ent r="4" t="84" w="216" /><ent r="5" t="90" w="127" /><ent r="5" t="90" w="129" /><ent r="5" t="90" w="137" /><ent r="5" t="90" w="159" /><ent r="5" t="90" w="190" /><ent r="4" t="95" w="124" /><ent r="4" t="110" w="474" /><ent r="3" t="111" w="222" /><ent r="3" t="118" w="433" /><ent r="3" t="127" w="45" /><ent r="3" t="128" w="250" /><ent r="3" t="128" w="271" /><ent r="3" t="128" w="279" /><ent r="3" t="128" w="491" /><ent r="100" t="129" w="15" /><ent r="100" t="129" w="17" /><ent r="100" t="129" w="22" /><ent r="4" t="129" w="95" /><ent r="3" t="129" w="105" /><ent r="4" t="129" w="139" /><ent r="3" t="129" w="164" /><ent r="4" t="129" w="207" /><ent r="4" t="129" w="229" /><ent r="3" t="129" w="263" /><ent r="4" t="129" w="299" /><ent r="4" t="129" w="341" /><ent r="4" t="129" w="356" /><ent r="3" t="129" w="370" /><ent r="4" t="129" w="375" /><ent r="4" t="129" w="412" /><ent r="3" t="130" w="12" /><ent r="3" t="143" w="57" /><ent r="3" t="143" w="118" /><ent r="5" t="156" w="465" /><ent r="5" t="156" w="488" /><ent r="5" t="156" w="529" /><ent r="5" t="156" w="535" /><ent r="5" t="156" w="539" /><ent r="5" t="156" w="549" /><ent r="5" t="156" w="553" /><ent r="5" t="156" w="588" /><ent r="5" t="156" w="594" /><ent r="5" t="156" w="629" /><ent r="5" t="156" w="663" /><ent r="5" t="156" w="693" /><ent r="5" t="156" w="900" /><ent r="5" t="156" w="923" /><ent r="5" t="156" w="964" /><ent r="5" t="156" w="970" /><ent r="5" t="156" w="974" /><ent r="5" t="156" w="984" /><ent r="5" t="156" w="988" /><ent r="5" t="156" w="1023" /><ent r="5" t="156" w="1029" /><ent r="5" t="156" w="1064" /><ent r="5" t="156" w="1098" /><ent r="5" t="156" w="1128" /><ent r="4" t="157" w="297" /><ent r="4" t="157" w="302" /><ent r="4" t="157" w="305" /><ent r="4" t="157" w="317" /><ent r="4" t="157" w="322" /><ent r="4" t="157" w="325" /><ent r="4" t="157" w="336" /><ent r="4" t="157" w="341" /><ent r="4" t="157" w="347" /><ent r="4" t="157" w="356" /><ent r="4" t="157" w="361" /><ent r="4" t="157" w="367" /><ent r="4" t="157" w="443" /><ent r="4" t="157" w="466" /><ent r="4" t="157" w="506" /><ent r="4" t="157" w="512" /><ent r="4" t="157" w="515" /><ent r="4" t="157" w="525" /><ent r="4" t="157" w="528" /><ent r="3" t="166" w="290" /><ent r="3" t="168" w="29" /><ent r="4" t="168" w="223" /><ent r="5" t="168" w="502" /><ent r="5" t="168" w="525" /><ent r="5" t="168" w="566" /><ent r="5" t="168" w="572" /><ent r="5" t="168" w="576" /><ent r="5" t="168" w="586" /><ent r="5" t="168" w="590" /><ent r="5" t="168" w="620" /><ent r="5" t="168" w="626" /><ent r="5" t="168" w="662" /><ent r="5" t="168" w="691" /><ent r="5" t="168" w="725" /><ent r="3" t="170" w="663" /><ent r="3" t="170" w="667" /><ent r="3" t="170" w="675" /><ent r="3" t="170" w="680" /><ent r="3" t="170" w="691" /><ent r="3" t="170" w="732" /><ent r="3" t="170" w="736" /><ent r="3" t="170" w="744" /><ent r="3" t="170" w="749" /><ent r="3" t="170" w="760" /><ent r="4" t="170" w="1072" /><ent r="4" t="170" w="1094" /><ent r="3" t="171" w="139" /><ent r="3" t="171" w="150" /><ent r="4" t="185" w="1122" /><ent r="4" t="185" w="1140" /><ent r="4" t="185" w="1146" /><ent r="3" t="185" w="1311" /><ent r="3" t="185" w="1350" /><ent r="4" t="186" w="1406" /><ent r="4" t="186" w="1465" /><ent r="4" t="186" w="1643" /><ent r="4" t="187" w="1177" /><ent r="4" t="187" w="1376" /><ent r="3" t="191" w="363" /><ent r="3" t="193" w="236" /><ent r="3" t="193" w="1265" /><ent r="3" t="193" w="1300" /><ent r="3" t="193" w="1322" /><ent r="3" t="194" w="623" /><ent r="4" t="194" w="640" /><ent r="3" t="194" w="665" /><ent r="3" t="194" w="669" /><ent r="3" t="194" w="1116" /><ent r="3" t="194" w="1151" /><ent r="3" t="194" w="1173" /><ent r="4" t="194" w="1194" /><ent r="4" t="194" w="1222" /><ent r="4" t="196" w="121" /><ent r="3" t="202" w="293" /><ent r="3" t="202" w="295" /><ent r="3" t="202" w="606" /><ent r="3" t="202" w="658" /><ent r="7" t="203" w="99" /><ent r="7" t="205" w="433" /><ent r="7" t="205" w="437" /><ent r="3" t="206" w="135" /><ent r="3" t="206" w="246" /><ent r="3" t="206" w="674" /><ent r="3" t="207" w="108" /><ent r="3" t="207" w="110" /><ent r="3" t="222" w="172" /><ent r="3" t="222" w="182" /><ent r="6" t="228" w="32" /><ent r="6" t="228" w="47" /><ent r="6" t="228" w="56" /><ent r="6" t="228" w="332" /><ent r="4" t="229" w="145" /><ent r="4" t="229" w="163" /><ent r="4" t="229" w="222" /><ent r="3" t="230" w="66" /><ent r="4" t="234" w="101" /><ent r="4" t="234" w="124" /><ent r="4" t="234" w="165" /><ent r="4" t="234" w="171" /><ent r="4" t="234" w="175" /><ent r="4" t="234" w="185" /><ent r="4" t="234" w="189" /><ent r="3" t="236" w="114" /><ent r="100" t="241" w="5" /></phr><phr n="Values"><ent r="7" t="12" w="30" /><ent r="7" t="12" w="43" /><ent r="4" t="44" w="78" /><ent r="1000" t="46" w="4" /><ent r="102" t="46" w="9" /><ent r="7" t="91" w="324" /><ent r="68" t="91" w="342" /><ent r="1000" t="93" w="3" /><ent r="102" t="93" w="14" /><ent r="3" t="93" w="18" /><ent r="5" t="93" w="85" /><ent r="4" t="93" w="109" /><ent r="4" t="93" w="115" /><ent r="5" t="93" w="127" /><ent r="4" t="93" w="158" /><ent r="1000" t="127" w="3" /><ent r="102" t="127" w="11" /><ent r="65" t="129" w="239" /><ent r="64" t="132" w="467" /><ent r="5" t="156" w="298" /><ent r="5" t="156" w="733" /><ent r="5" t="168" w="366" /><ent r="7" t="205" w="509" /><ent r="7" t="205" w="525" /><ent r="3" t="206" w="99" /><ent r="4" t="229" w="53" /><ent r="5" t="229" w="187" /><ent r="5" t="229" w="269" /><ent r="5" t="229" w="337" /><ent r="5" t="234" w="17" /></phr><phr n="values"><ent r="7" t="12" w="67" /><ent r="6" t="12" w="94" /><ent r="3" t="13" w="44" /><ent r="6" t="14" w="219" /><ent r="4" t="20" w="252" /><ent r="4" t="20" w="278" /><ent r="4" t="20" w="511" /><ent r="4" t="27" w="84" /><ent r="3" t="45" w="433" /><ent r="3" t="45" w="459" /><ent r="3" t="45" w="473" /><ent r="4" t="45" w="624" /><ent r="3" t="45" w="704" /><ent r="3" t="46" w="19" /><ent r="3" t="68" w="51" /><ent r="3" t="69" w="33" /><ent r="3" t="82" w="256" /><ent r="3" t="83" w="70" /><ent r="3" t="84" w="38" /><ent r="4" t="84" w="180" /><ent r="3" t="84" w="201" /><ent r="4" t="84" w="279" /><ent r="7" t="91" w="305" /><ent r="7" t="91" w="334" /><ent r="6" t="91" w="487" /><ent r="100" t="93" w="6" /><ent r="100" t="93" w="10" /><ent r="3" t="93" w="25" /><ent r="3" t="93" w="40" /><ent r="4" t="93" w="122" /><ent r="4" t="93" w="135" /><ent r="4" t="93" w="150" /><ent r="4" t="93" w="173" /><ent r="4" t="93" w="181" /><ent r="4" t="98" w="83" /><ent r="4" t="111" w="534" /><ent r="3" t="118" w="443" /><ent r="3" t="127" w="42" /><ent r="3" t="128" w="329" /><ent r="3" t="128" w="499" /><ent r="3" t="128" w="524" /><ent r="3" t="140" w="117" /><ent r="4" t="143" w="113" /><ent r="3" t="145" w="546" /><ent r="3" t="145" w="568" /><ent r="4" t="146" w="295" /><ent r="3" t="147" w="148" /><ent r="3" t="147" w="251" /><ent r="3" t="147" w="455" /><ent r="3" t="147" w="619" /><ent r="6" t="156" w="290" /><ent r="4" t="156" w="302" /><ent r="4" t="156" w="307" /><ent r="4" t="156" w="320" /><ent r="4" t="156" w="358" /><ent r="5" t="156" w="409" /><ent r="5" t="156" w="418" /><ent r="5" t="156" w="424" /><ent r="5" t="156" w="439" /><ent r="5" t="156" w="449" /><ent r="5" t="156" w="473" /><ent r="5" t="156" w="513" /><ent r="5" t="156" w="608" /><ent r="4" t="156" w="713" /><ent r="6" t="156" w="725" /><ent r="4" t="156" w="737" /><ent r="4" t="156" w="742" /><ent r="4" t="156" w="755" /><ent r="4" t="156" w="793" /><ent r="5" t="156" w="844" /><ent r="5" t="156" w="853" /><ent r="5" t="156" w="859" /><ent r="5" t="156" w="874" /><ent r="5" t="156" w="884" /><ent r="5" t="156" w="908" /><ent r="5" t="156" w="948" /><ent r="5" t="156" w="1043" /><ent r="4" t="156" w="1148" /><ent r="3" t="157" w="287" /><ent r="3" t="157" w="383" /><ent r="4" t="157" w="402" /><ent r="4" t="157" w="417" /><ent r="4" t="157" w="427" /><ent r="4" t="157" w="451" /><ent r="4" t="157" w="490" /><ent r="3" t="166" w="298" /><ent r="3" t="168" w="41" /><ent r="3" t="168" w="62" /><ent r="3" t="168" w="71" /><ent r="4" t="168" w="370" /><ent r="4" t="168" w="375" /><ent r="4" t="168" w="388" /><ent r="4" t="168" w="409" /><ent r="5" t="168" w="446" /><ent r="5" t="168" w="455" /><ent r="5" t="168" w="461" /><ent r="5" t="168" w="476" /><ent r="5" t="168" w="486" /><ent r="5" t="168" w="510" /><ent r="5" t="168" w="550" /><ent r="5" t="168" w="640" /><ent r="4" t="168" w="748" /><ent r="3" t="170" w="18" /><ent r="4" t="170" w="480" /><ent r="4" t="170" w="590" /><ent r="3" t="170" w="634" /><ent r="3" t="170" w="654" /><ent r="3" t="170" w="723" /><ent r="6" t="171" w="217" /><ent r="3" t="173" w="57" /><ent r="3" t="173" w="72" /><ent r="3" t="173" w="85" /><ent r="4" t="173" w="417" /><ent r="4" t="173" w="437" /><ent r="4" t="173" w="457" /><ent r="6" t="173" w="515" /><ent r="3" t="173" w="585" /><ent r="3" t="173" w="619" /><ent r="3" t="185" w="2066" /><ent r="3" t="186" w="1422" /><ent r="3" t="186" w="2279" /><ent r="3" t="191" w="348" /><ent r="3" t="193" w="191" /><ent r="3" t="193" w="896" /><ent r="5" t="194" w="164" /><ent r="3" t="194" w="679" /><ent r="3" t="194" w="835" /><ent r="3" t="200" w="64" /><ent r="3" t="200" w="82" /><ent r="3" t="200" w="97" /><ent r="3" t="201" w="25" /><ent r="3" t="202" w="281" /><ent r="3" t="202" w="388" /><ent r="4" t="202" w="556" /><ent r="4" t="202" w="586" /><ent r="4" t="202" w="592" /><ent r="3" t="202" w="684" /><ent r="3" t="202" w="768" /><ent r="7" t="205" w="516" /><ent r="7" t="205" w="620" /><ent r="7" t="205" w="646" /><ent r="7" t="205" w="671" /><ent r="3" t="206" w="228" /><ent r="3" t="206" w="341" /><ent r="3" t="207" w="96" /><ent r="3" t="207" w="203" /><ent r="3" t="218" w="50" /><ent r="3" t="220" w="55" /><ent r="4" t="225" w="257" /><ent r="6" t="228" w="89" /><ent r="6" t="228" w="641" /><ent r="3" t="234" w="13" /><ent r="4" t="234" w="45" /><ent r="4" t="234" w="54" /><ent r="4" t="234" w="60" /><ent r="4" t="234" w="75" /><ent r="4" t="234" w="85" /><ent r="4" t="234" w="109" /><ent r="4" t="234" w="149" /><ent r="3" t="236" w="425" /><ent r="3" t="241" w="14" /><ent r="6" t="241" w="405" /><ent r="5" t="241" w="424" /><ent r="6" t="241" w="443" /><ent r="6" t="241" w="461" /><ent r="6" t="241" w="480" /><ent r="6" t="241" w="498" /><ent r="6" t="241" w="517" /><ent r="6" t="241" w="535" /><ent r="6" t="241" w="554" /><ent r="5" t="241" w="573" /><ent r="5" t="241" w="591" /><ent r="5" t="241" w="609" /><ent r="5" t="241" w="628" /><ent r="6" t="241" w="646" /><ent r="6" t="241" w="664" /><ent r="6" t="241" w="682" /><ent r="6" t="241" w="697" /></phr><phr n="Value"><ent r="4" t="44" w="109" /><ent r="4" t="44" w="125" /><ent r="3" t="82" w="203" /><ent r="7" t="119" w="215" /><ent r="68" t="119" w="222" /><ent r="3" t="128" w="241" /><ent r="3" t="128" w="257" /><ent r="64" t="128" w="286" /><ent r="6" t="128" w="451" /><ent r="3" t="128" w="475" /><ent r="1000" t="129" w="4" /><ent r="100" t="129" w="8" /><ent r="100" t="129" w="11" /><ent r="102" t="129" w="27" /><ent r="3" t="129" w="33" /><ent r="4" t="129" w="57" /><ent r="4" t="129" w="62" /><ent r="3" t="129" w="83" /><ent r="64" t="129" w="131" /><ent r="5" t="129" w="143" /><ent r="3" t="129" w="188" /><ent r="5" t="129" w="211" /><ent r="4" t="129" w="284" /><ent r="4" t="129" w="347" /><ent r="4" t="129" w="406" /><ent r="64" t="129" w="425" /><ent r="1000" t="130" w="1" /><ent r="102" t="130" w="6" /><ent r="4" t="130" w="40" /><ent r="3" t="132" w="193" /><ent r="6" t="143" w="138" /><ent r="4" t="157" w="537" /><ent r="4" t="157" w="542" /><ent r="5" t="170" w="623" /><ent r="5" t="170" w="701" /><ent r="5" t="187" w="1230" /><ent r="5" t="187" w="1238" /><ent r="4" t="187" w="1360" /><ent r="4" t="193" w="220" /><ent r="92" t="193" w="591" /><ent r="4" t="193" w="613" /><ent r="5" t="193" w="646" /><ent r="3" t="193" w="663" /><ent r="4" t="193" w="698" /><ent r="5" t="193" w="731" /><ent r="4" t="193" w="746" /><ent r="4" t="193" w="1097" /><ent r="7" t="193" w="1154" /><ent r="5" t="193" w="1169" /><ent r="4" t="193" w="1228" /><ent r="3" t="193" w="1376" /><ent r="3" t="193" w="1380" /><ent r="4" t="194" w="82" /><ent r="92" t="194" w="615" /><ent r="4" t="194" w="628" /><ent r="4" t="194" w="683" /><ent r="3" t="194" w="693" /><ent r="4" t="194" w="696" /><ent r="3" t="194" w="706" /><ent r="4" t="194" w="722" /><ent r="3" t="194" w="732" /><ent r="3" t="194" w="754" /><ent r="3" t="194" w="763" /><ent r="4" t="194" w="785" /><ent r="7" t="194" w="946" /><ent r="7" t="194" w="957" /><ent r="7" t="194" w="970" /><ent r="7" t="194" w="980" /><ent r="7" t="194" w="991" /><ent r="3" t="194" w="1245" /><ent r="3" t="194" w="1254" /><ent r="3" t="194" w="1258" /><ent r="3" t="194" w="1262" /><ent r="3" t="194" w="1270" /><ent r="3" t="200" w="192" /><ent r="3" t="200" w="215" /><ent r="3" t="200" w="228" /><ent r="3" t="206" w="123" /><ent r="3" t="229" w="114" /><ent r="65" t="229" w="149" /><ent r="5" t="229" w="157" /><ent r="3" t="229" w="213" /><ent r="7" t="239" w="91" /><ent r="7" t="239" w="96" /><ent r="68" t="239" w="109" /><ent r="1000" t="241" w="1" /><ent r="102" t="241" w="9" /><ent r="64" t="241" w="25" /><ent r="6" t="241" w="29" /></phr></stem></index>