<?xml version="1.0" encoding="utf-8"?><index><stem n="taken"><phr n="taken"><ent r="3" t="50" w="40" /><ent r="3" t="52" w="74" /><ent r="3" t="177" w="56" /><ent r="3" t="189" w="46" /><ent r="3" t="189" w="129" /><ent r="3" t="206" w="52" /></phr></stem><stem n="duplic"><phr n="duplicate"><ent r="3" t="50" w="64" /><ent r="4" t="50" w="143" /></phr></stem><stem n="link/unlink."><phr n="Link/Unlink."><ent r="5" t="50" w="94" /><ent r="5" t="50" w="93" /></phr></stem><stem n="/unlink..."><phr n="/Unlink..."><ent r="5" t="50" w="95" /></phr></stem><stem n="sourc"><phr n="source"><ent r="4" t="50" w="121" /><ent r="3" t="50" w="242" /><ent r="3" t="50" w="254" /><ent r="3" t="62" w="102" /><ent r="3" t="62" w="119" /><ent r="3" t="175" w="46" /><ent r="3" t="190" w="1095" /></phr><phr n="Source"><ent r="4" t="187" w="2404" /><ent r="4" t="187" w="2442" /><ent r="3" t="187" w="2515" /></phr></stem><stem n="next&gt;"><phr n="Next&gt;"><ent r="5" t="50" w="133" /><ent r="4" t="50" w="263" /><ent r="5" t="178" w="308" /><ent r="5" t="179" w="288" /><ent r="4" t="180" w="102" /><ent r="5" t="187" w="2410" /><ent r="4" t="187" w="2530" /><ent r="5" t="189" w="788" /><ent r="5" t="189" w="1016" /><ent r="4" t="189" w="1058" /><ent r="5" t="189" w="1205" /></phr></stem><stem n="individu"><phr n="individual"><ent r="4" t="50" w="163" /><ent r="3" t="79" w="395" /><ent r="3" t="85" w="45" /><ent r="4" t="121" w="172" /><ent r="3" t="126" w="107" /><ent r="3" t="126" w="163" /><ent r="3" t="129" w="875" /><ent r="3" t="132" w="131" /><ent r="3" t="133" w="97" /><ent r="3" t="133" w="153" /><ent r="3" t="186" w="211" /><ent r="3" t="188" w="744" /><ent r="3" t="245" w="383" /></phr><phr n="individually"><ent r="3" t="152" w="204" /><ent r="3" t="158" w="242" /><ent r="3" t="159" w="218" /></phr></stem><stem n="both"><phr n="both"><ent r="3" t="50" w="191" /><ent r="4" t="62" w="117" /><ent r="3" t="76" w="27" /><ent r="4" t="83" w="85" /><ent r="5" t="92" w="175" /><ent r="4" t="132" w="146" /><ent r="3" t="168" w="55" /><ent r="3" t="172" w="95" /><ent r="3" t="174" w="316" /><ent r="4" t="181" w="134" /><ent r="3" t="187" w="179" /><ent r="3" t="187" w="2209" /><ent r="3" t="187" w="2313" /><ent r="4" t="187" w="2364" /><ent r="3" t="187" w="2524" /><ent r="3" t="188" w="48" /><ent r="4" t="189" w="518" /><ent r="3" t="189" w="767" /><ent r="4" t="189" w="912" /><ent r="4" t="189" w="1192" /><ent r="3" t="189" w="1318" /><ent r="4" t="193" w="815" /><ent r="3" t="206" w="40" /><ent r="3" t="222" w="101" /><ent r="3" t="245" w="287" /></phr><phr n="Both"><ent r="4" t="189" w="1688" /><ent r="4" t="193" w="913" /></phr></stem><stem n="mirror"><phr n="Mirror"><ent r="5" t="50" w="203" /><ent r="4" t="187" w="2470" /></phr></stem><stem n="/longitud"><phr n="/Longitude"><ent r="5" t="50" w="206" /><ent r="5" t="76" w="238" /><ent r="1000" t="154" w="2" /><ent r="1000" t="167" w="2" /><ent r="100" t="167" w="7" /><ent r="102" t="167" w="17" /><ent r="5" t="167" w="158" /><ent r="4" t="187" w="1004" /><ent r="3" t="187" w="1061" /><ent r="4" t="187" w="2482" /><ent r="3" t="187" w="2962" /><ent r="6" t="237" w="250" /><ent r="6" t="237" w="312" /><ent r="6" t="237" w="461" /></phr><phr n="/longitude"><ent r="4" t="50" w="216" /><ent r="4" t="77" w="44" /><ent r="4" t="77" w="67" /><ent r="4" t="149" w="251" /><ent r="100" t="154" w="12" /><ent r="3" t="187" w="168" /><ent r="3" t="187" w="1770" /><ent r="3" t="187" w="2309" /><ent r="4" t="190" w="669" /><ent r="3" t="245" w="88" /><ent r="3" t="245" w="112" /><ent r="3" t="245" w="173" /><ent r="3" t="245" w="206" /><ent r="3" t="245" w="325" /><ent r="3" t="245" w="377" /><ent r="3" t="245" w="390" /><ent r="3" t="245" w="441" /><ent r="3" t="245" w="462" /></phr></stem><stem n="-wai"><phr n="-Way"><ent r="4" t="50" w="235" /><ent r="4" t="50" w="235" /><ent r="4" t="187" w="2502" /><ent r="4" t="187" w="2502" /></phr></stem><stem n="two-wai"><phr n="Two-Way"><ent r="4" t="50" w="235" /><ent r="4" t="187" w="2502" /></phr></stem><stem n="destin"><phr n="destination"><ent r="3" t="50" w="246" /><ent r="3" t="50" w="250" /><ent r="4" t="50" w="273" /><ent r="3" t="77" w="18" /><ent r="3" t="112" w="508" /><ent r="3" t="245" w="219" /><ent r="3" t="245" w="290" /></phr><phr n="Destination"><ent r="3" t="187" w="2520" /><ent r="4" t="187" w="2552" /></phr></stem><stem n="third"><phr n="third"><ent r="4" t="50" w="268" /><ent r="4" t="201" w="139" /><ent r="4" t="201" w="204" /></phr></stem><stem n="disabl"><phr n="disabled"><ent r="4" t="50" w="301" /><ent r="3" t="133" w="290" /><ent r="3" t="136" w="82" /><ent r="3" t="167" w="286" /><ent r="4" t="182" w="353" /></phr><phr n="disable"><ent r="5" t="147" w="237" /><ent r="4" t="182" w="195" /><ent r="3" t="236" w="21" /><ent r="4" t="236" w="148" /></phr></stem><stem n="corner"><phr n="Corner"><ent r="3" t="51" w="96" /><ent r="3" t="161" w="973" /><ent r="3" t="165" w="41" /><ent r="3" t="165" w="43" /><ent r="3" t="175" w="48" /><ent r="4" t="187" w="919" /><ent r="4" t="187" w="2283" /><ent r="4" t="187" w="2998" /></phr><phr n="corner"><ent r="3" t="54" w="85" /><ent r="7" t="61" w="80" /><ent r="4" t="77" w="32" /><ent r="3" t="104" w="231" /><ent r="3" t="109" w="42" /><ent r="4" t="186" w="601" /><ent r="4" t="186" w="768" /><ent r="4" t="186" w="1733" /><ent r="4" t="187" w="1143" /><ent r="4" t="188" w="528" /><ent r="4" t="188" w="625" /><ent r="4" t="189" w="906" /><ent r="4" t="190" w="975" /><ent r="4" t="193" w="1204" /></phr><phr n="corners"><ent r="7" t="61" w="90" /><ent r="7" t="61" w="143" /><ent r="4" t="67" w="101" /><ent r="7" t="197" w="51" /><ent r="7" t="197" w="76" /><ent r="7" t="197" w="122" /></phr></stem><stem n="warn"><phr n="warning"><ent r="3" t="51" w="101" /><ent r="4" t="178" w="100" /><ent r="4" t="188" w="1454" /><ent r="3" t="189" w="603" /><ent r="3" t="189" w="1348" /><ent r="4" t="202" w="729" /></phr><phr n="warns"><ent r="4" t="73" w="79" /></phr><phr n="warnings"><ent r="3" t="104" w="71" /></phr></stem><stem n="exact"><phr n="exact"><ent r="4" t="51" w="178" /></phr></stem><stem n="cursor"><phr n="cursor"><ent r="4" t="51" w="190" /><ent r="4" t="111" w="365" /><ent r="3" t="112" w="210" /><ent r="4" t="132" w="48" /><ent r="4" t="186" w="2168" /><ent r="4" t="187" w="1893" /><ent r="4" t="188" w="561" /><ent r="3" t="189" w="1605" /><ent r="3" t="193" w="1033" /><ent r="3" t="193" w="1155" /><ent r="4" t="234" w="217" /><ent r="3" t="245" w="101" /></phr></stem><stem n="(in"><phr n="(in"><ent r="4" t="51" w="192" /><ent r="4" t="187" w="3012" /><ent r="4" t="188" w="961" /></phr></stem><stem n="“custom”"><phr n="“Custom”"><ent r="4" t="51" w="204" /></phr></stem><stem n="hover"><phr n="hover"><ent r="3" t="51" w="239" /></phr></stem><stem n="tip"><phr n="tip"><ent r="3" t="51" w="247" /><ent r="4" t="111" w="361" /><ent r="3" t="129" w="559" /><ent r="3" t="129" w="589" /></phr><phr n="Tip"><ent r="5" t="111" w="355" /></phr><phr n="tips"><ent r="3" t="225" w="261" /></phr></stem><stem n="advanc"><phr n="Advanced"><ent r="4" t="51" w="291" /><ent r="92" t="227" w="163" /><ent r="92" t="229" w="168" /></phr><phr n="advanced"><ent r="3" t="227" w="171" /><ent r="3" t="229" w="176" /></phr></stem><stem n="“creat"><phr n="“Create"><ent r="4" t="51" w="444" /></phr></stem><stem n=".”"><phr n=".”"><ent r="4" t="51" w="447" /><ent r="3" t="165" w="43" /><ent r="3" t="171" w="431" /><ent r="4" t="188" w="765" /><ent r="4" t="188" w="909" /></phr></stem><stem n="“export"><phr n="“Export"><ent r="4" t="51" w="447" /><ent r="4" t="51" w="633" /></phr></stem><stem n="”"><phr n="”"><ent r="4" t="51" w="450" /><ent r="4" t="60" w="257" /><ent r="3" t="62" w="108" /><ent r="6" t="92" w="488" /><ent r="4" t="94" w="165" /><ent r="3" t="127" w="192" /><ent r="3" t="127" w="406" /><ent r="4" t="157" w="359" /><ent r="4" t="157" w="794" /><ent r="3" t="165" w="39" /><ent r="3" t="165" w="45" /><ent r="4" t="169" w="411" /><ent r="3" t="174" w="196" /><ent r="3" t="174" w="249" /><ent r="4" t="177" w="281" /><ent r="4" t="177" w="286" /><ent r="4" t="191" w="924" /><ent r="3" t="191" w="1232" /><ent r="6" t="237" w="406" /></phr></stem><stem n="extent"><phr n="extents"><ent r="3" t="51" w="501" /><ent r="4" t="110" w="271" /><ent r="3" t="111" w="534" /><ent r="3" t="167" w="269" /><ent r="3" t="190" w="370" /><ent r="3" t="191" w="357" /></phr><phr n="Extents"><ent r="3" t="111" w="514" /><ent r="3" t="111" w="526" /></phr><phr n="extent"><ent r="3" t="187" w="339" /></phr></stem><stem n="case"><phr n="case"><ent r="3" t="51" w="503" /><ent r="3" t="171" w="283" /><ent r="4" t="188" w="963" /><ent r="3" t="190" w="1081" /><ent r="4" t="215" w="598" /><ent r="3" t="239" w="80" /></phr><phr n="Case"><ent r="3" t="239" w="72" /></phr></stem><stem n=".."><phr n=".."><ent r="3" t="51" w="554" /><ent r="3" t="146" w="578" /></phr></stem><stem n="tri"><phr n="tries"><ent r="3" t="51" w="568" /></phr></stem><stem n="becom"><phr n="become"><ent r="3" t="51" w="589" /><ent r="3" t="162" w="854" /><ent r="4" t="182" w="352" /><ent r="3" t="194" w="228" /></phr></stem><stem n="off-cent"><phr n="off-center"><ent r="3" t="51" w="590" /></phr></stem><stem n="-center."><phr n="-center."><ent r="3" t="51" w="592" /><ent r="3" t="51" w="592" /></phr></stem><stem n="ensur"><phr n="ensure"><ent r="3" t="51" w="617" /><ent r="3" t="121" w="232" /><ent r="3" t="187" w="967" /><ent r="3" t="187" w="977" /></phr></stem><stem n="chose"><phr n="chose"><ent r="4" t="51" w="632" /><ent r="3" t="113" w="249" /></phr></stem><stem n=",”"><phr n=",”"><ent r="4" t="51" w="636" /></phr></stem><stem n=":copi"><phr n=":copy"><ent r="100" t="52" w="9" /></phr><phr n=":copying"><ent r="100" t="180" w="5" /></phr></stem><stem n=":snapshot"><phr n=":snapshot"><ent r="100" t="52" w="12" /></phr></stem><stem n="microsoft"><phr n="Microsoft"><ent r="4" t="52" w="21" /><ent r="3" t="52" w="58" /><ent r="3" t="52" w="61" /></phr></stem><stem n="word"><phr n="Word"><ent r="3" t="52" w="59" /></phr><phr n="words"><ent r="3" t="80" w="51" /><ent r="3" t="240" w="54" /></phr><phr n="word"><ent r="3" t="220" w="79" /></phr></stem><stem n="powerpoint"><phr n="PowerPoint"><ent r="3" t="52" w="62" /></phr></stem><stem n="either"><phr n="either"><ent r="3" t="52" w="83" /><ent r="4" t="62" w="98" /><ent r="3" t="75" w="22" /><ent r="4" t="82" w="112" /><ent r="3" t="126" w="168" /><ent r="3" t="129" w="880" /><ent r="3" t="133" w="158" /><ent r="3" t="149" w="97" /><ent r="3" t="171" w="805" /><ent r="3" t="174" w="69" /><ent r="4" t="182" w="268" /><ent r="4" t="186" w="554" /><ent r="3" t="186" w="1217" /><ent r="3" t="187" w="2511" /><ent r="4" t="188" w="1294" /><ent r="3" t="189" w="1088" /><ent r="3" t="189" w="1576" /><ent r="3" t="190" w="199" /><ent r="4" t="193" w="532" /><ent r="4" t="193" w="860" /><ent r="3" t="194" w="102" /><ent r="4" t="202" w="709" /><ent r="3" t="215" w="273" /><ent r="3" t="245" w="181" /><ent r="3" t="245" w="304" /></phr><phr n="Either"><ent r="3" t="75" w="100" /></phr></stem><stem n="(be"><phr n="(Be"><ent r="4" t="52" w="159" /><ent r="4" t="52" w="213" /><ent r="4" t="189" w="1000" /></phr></stem><stem n="&quot;copi"><phr n="&quot;Copy"><ent r="4" t="52" w="165" /><ent r="4" t="52" w="219" /></phr></stem><stem n="entri"><phr n="entry"><ent r="4" t="52" w="167" /><ent r="4" t="52" w="221" /><ent r="3" t="164" w="146" /><ent r="3" t="164" w="152" /><ent r="4" t="187" w="1499" /><ent r="4" t="188" w="691" /><ent r="4" t="188" w="701" /><ent r="4" t="202" w="569" /><ent r="7" t="206" w="548" /><ent r="7" t="206" w="603" /></phr><phr n="entries"><ent r="3" t="83" w="371" /><ent r="4" t="94" w="139" /><ent r="3" t="240" w="21" /></phr></stem><stem n="height"><phr n="Height"><ent r="5" t="52" w="242" /><ent r="4" t="110" w="356" /><ent r="3" t="110" w="388" /><ent r="4" t="148" w="170" /><ent r="4" t="148" w="273" /><ent r="4" t="148" w="477" /><ent r="4" t="148" w="641" /><ent r="4" t="227" w="72" /><ent r="5" t="228" w="38" /><ent r="4" t="229" w="77" /><ent r="4" t="230" w="57" /><ent r="5" t="231" w="68" /><ent r="5" t="232" w="41" /></phr><phr n="height"><ent r="7" t="61" w="197" /><ent r="3" t="148" w="191" /><ent r="3" t="148" w="294" /><ent r="3" t="148" w="498" /><ent r="3" t="148" w="662" /></phr></stem><stem n="ratio"><phr n="ratio"><ent r="4" t="52" w="256" /><ent r="3" t="110" w="408" /><ent r="3" t="148" w="214" /><ent r="3" t="148" w="317" /><ent r="3" t="148" w="521" /><ent r="3" t="148" w="685" /><ent r="3" t="187" w="277" /><ent r="3" t="187" w="298" /><ent r="3" t="227" w="81" /><ent r="4" t="228" w="49" /><ent r="3" t="229" w="86" /><ent r="4" t="230" w="67" /><ent r="4" t="231" w="54" /><ent r="4" t="231" w="79" /><ent r="4" t="231" w="103" /><ent r="4" t="232" w="52" /></phr><phr n="Ratio"><ent r="4" t="52" w="261" /><ent r="3" t="227" w="86" /><ent r="4" t="228" w="54" /><ent r="3" t="229" w="91" /><ent r="4" t="230" w="72" /><ent r="4" t="231" w="84" /><ent r="4" t="232" w="57" /></phr></stem><stem n=":activ"><phr n=":active"><ent r="100" t="53" w="7" /></phr><phr n=":activate"><ent r="100" t="56" w="14" /><ent r="100" t="90" w="18" /></phr></stem><stem n="p"><phr n="P"><ent r="4" t="53" w="70" /><ent r="4" t="53" w="97" /><ent r="4" t="102" w="159" /><ent r="5" t="233" w="126" /><ent r="5" t="233" w="175" /><ent r="5" t="233" w="201" /><ent r="7" t="247" w="190" /></phr></stem><stem n="printer"><phr n="printer"><ent r="4" t="53" w="106" /><ent r="3" t="53" w="134" /><ent r="4" t="102" w="175" /></phr></stem><stem n="sent"><phr n="sent"><ent r="3" t="53" w="130" /></phr></stem><stem n="directli"><phr n="directly"><ent r="3" t="53" w="131" /><ent r="3" t="86" w="51" /><ent r="3" t="93" w="38" /><ent r="5" t="157" w="412" /><ent r="5" t="157" w="847" /><ent r="5" t="169" w="450" /><ent r="3" t="174" w="620" /><ent r="4" t="179" w="128" /><ent r="3" t="194" w="1518" /><ent r="3" t="202" w="229" /><ent r="4" t="243" w="48" /></phr></stem><stem n=":close"><phr n=":close"><ent r="100" t="54" w="6" /></phr></stem><stem n=":window"><phr n=":window"><ent r="100" t="54" w="9" /><ent r="100" t="119" w="84" /></phr></stem><stem n="upper"><phr n="upper"><ent r="3" t="54" w="83" /><ent r="5" t="91" w="183" /><ent r="5" t="91" w="194" /><ent r="5" t="91" w="216" /><ent r="5" t="91" w="247" /><ent r="3" t="104" w="229" /><ent r="5" t="157" w="591" /><ent r="5" t="157" w="601" /><ent r="5" t="157" w="628" /><ent r="5" t="157" w="662" /><ent r="5" t="157" w="1026" /><ent r="5" t="157" w="1036" /><ent r="5" t="157" w="1063" /><ent r="5" t="157" w="1097" /><ent r="3" t="162" w="238" /><ent r="5" t="169" w="624" /><ent r="5" t="169" w="634" /><ent r="5" t="169" w="662" /><ent r="5" t="169" w="691" /><ent r="4" t="186" w="766" /><ent r="4" t="186" w="1731" /><ent r="4" t="187" w="1844" /><ent r="4" t="187" w="2757" /><ent r="4" t="188" w="526" /><ent r="4" t="188" w="568" /><ent r="4" t="188" w="623" /><ent r="4" t="189" w="905" /><ent r="4" t="190" w="973" /><ent r="4" t="193" w="1202" /><ent r="4" t="201" w="133" /><ent r="4" t="201" w="208" /><ent r="6" t="237" w="132" /></phr><phr n="Upper"><ent r="4" t="110" w="480" /><ent r="5" t="157" w="297" /><ent r="4" t="157" w="319" /><ent r="5" t="157" w="732" /><ent r="4" t="157" w="754" /><ent r="4" t="169" w="388" /></phr></stem><stem n="&quot;prompt"><phr n="&quot;Prompt"><ent r="3" t="54" w="96" /></phr></stem><stem n="prompt"><phr n="Prompt"><ent r="3" t="54" w="96" /><ent r="92" t="195" w="1372" /></phr><phr n="prompted"><ent r="3" t="54" w="103" /></phr><phr n="prompt"><ent r="3" t="105" w="18" /><ent r="3" t="105" w="40" /><ent r="3" t="128" w="70" /><ent r="4" t="188" w="1291" /><ent r="3" t="189" w="1331" /><ent r="3" t="195" w="1449" /><ent r="4" t="195" w="1514" /></phr></stem><stem n="convert"><phr n="Convert"><ent r="5" t="55" w="101" /></phr><phr n="convert"><ent r="4" t="55" w="106" /><ent r="3" t="187" w="385" /><ent r="3" t="187" w="2642" /></phr><phr n="converted"><ent r="4" t="55" w="147" /><ent r="3" t="191" w="821" /><ent r="3" t="191" w="1268" /><ent r="3" t="191" w="1278" /><ent r="6" t="250" w="263" /></phr><phr n="converts"><ent r="3" t="202" w="311" /><ent r="3" t="216" w="129" /></phr></stem><stem n="underli"><phr n="underlying"><ent r="4" t="55" w="126" /><ent r="3" t="71" w="157" /></phr></stem><stem n="renam"><phr n="Rename"><ent r="5" t="55" w="159" /><ent r="5" t="188" w="779" /><ent r="4" t="188" w="904" /><ent r="6" t="188" w="928" /><ent r="5" t="191" w="918" /></phr><phr n="rename"><ent r="4" t="55" w="164" /><ent r="4" t="57" w="105" /><ent r="3" t="187" w="2650" /></phr></stem><stem n="(thi"><phr n="(This"><ent r="4" t="56" w="50" /><ent r="4" t="90" w="57" /><ent r="4" t="110" w="231" /><ent r="3" t="188" w="1548" /></phr></stem><stem n=":new"><phr n=":new"><ent r="100" t="57" w="12" /><ent r="100" t="81" w="12" /></phr></stem><stem n=":creat"><phr n=":create"><ent r="100" t="57" w="16" /><ent r="100" t="81" w="16" /><ent r="100" t="81" w="21" /><ent r="100" t="98" w="38" /><ent r="100" t="121" w="13" /><ent r="100" t="135" w="7" /><ent r="100" t="141" w="11" /><ent r="100" t="179" w="74" /><ent r="100" t="235" w="15" /></phr></stem><stem n="-menu,"><phr n="-menu,"><ent r="4" t="57" w="71" /><ent r="4" t="57" w="71" /><ent r="4" t="60" w="185" /><ent r="4" t="60" w="185" /><ent r="4" t="91" w="167" /><ent r="4" t="91" w="167" /></phr></stem><stem n="goe"><phr n="goes"><ent r="3" t="58" w="51" /></phr></stem><stem n=":show"><phr n=":show"><ent r="100" t="59" w="16" /></phr></stem><stem n=":hide"><phr n=":hide"><ent r="100" t="59" w="19" /></phr></stem><stem n="hidden"><phr n="hidden"><ent r="4" t="59" w="67" /><ent r="3" t="59" w="112" /></phr></stem><stem n="interest"><phr n="Interest"><ent r="100" t="60" w="15" /><ent r="3" t="60" w="20" /><ent r="5" t="171" w="382" /><ent r="3" t="171" w="430" /><ent r="3" t="180" w="63" /><ent r="4" t="180" w="150" /><ent r="3" t="188" w="56" /><ent r="92" t="188" w="667" /><ent r="5" t="188" w="1248" /><ent r="4" t="189" w="1024" /></phr><phr n="interest"><ent r="4" t="60" w="51" /><ent r="4" t="60" w="89" /><ent r="3" t="65" w="29" /><ent r="3" t="171" w="422" /><ent r="3" t="181" w="37" /><ent r="4" t="189" w="1158" /></phr><phr n="Interests"><ent r="4" t="189" w="96" /></phr></stem><stem n="(aoi)"><phr n="(AOI)"><ent r="3" t="60" w="22" /><ent r="92" t="188" w="669" /><ent r="4" t="189" w="1026" /></phr></stem><stem n="poi"><phr n="POI"><ent r="4" t="60" w="52" /></phr><phr n="POIs"><ent r="4" t="60" w="53" /></phr></stem><stem n="(poi)."><phr n="(POI)."><ent r="4" t="60" w="53" /></phr></stem><stem n="roi"><phr n="ROI"><ent r="4" t="60" w="90" /><ent r="5" t="171" w="383" /><ent r="4" t="171" w="389" /><ent r="3" t="171" w="397" /><ent r="3" t="171" w="437" /><ent r="4" t="180" w="151" /><ent r="64" t="180" w="161" /><ent r="1000" t="181" w="3" /><ent r="100" t="181" w="12" /><ent r="102" t="181" w="17" /><ent r="3" t="181" w="38" /><ent r="3" t="181" w="46" /><ent r="3" t="181" w="59" /><ent r="4" t="181" w="107" /><ent r="4" t="181" w="348" /><ent r="5" t="188" w="1249" /></phr><phr n="ROIs"><ent r="4" t="60" w="91" /></phr></stem><stem n="(roi)."><phr n="(ROI)."><ent r="4" t="60" w="91" /></phr></stem><stem n="elimin"><phr n="eliminate"><ent r="4" t="60" w="95" /><ent r="6" t="194" w="1194" /><ent r="3" t="195" w="1043" /></phr><phr n="eliminates"><ent r="4" t="183" w="58" /><ent r="4" t="183" w="121" /><ent r="4" t="183" w="159" /></phr><phr n="eliminating"><ent r="5" t="231" w="139" /></phr></stem><stem n="unnecessari"><phr n="unnecessary"><ent r="4" t="60" w="96" /></phr></stem><stem n="reduc"><phr n="reduces"><ent r="4" t="60" w="109" /><ent r="3" t="119" w="68" /><ent r="5" t="231" w="131" /></phr><phr n="reduce"><ent r="3" t="171" w="49" /><ent r="3" t="171" w="67" /><ent r="3" t="174" w="30" /><ent r="3" t="188" w="163" /></phr><phr n="reduced"><ent r="4" t="204" w="162" /></phr></stem><stem n="least"><phr n="least"><ent r="3" t="60" w="127" /><ent r="4" t="160" w="836" /><ent r="4" t="189" w="809" /><ent r="3" t="189" w="829" /><ent r="3" t="207" w="140" /><ent r="3" t="245" w="397" /></phr><phr n="Least"><ent r="7" t="206" w="361" /></phr></stem><stem n="&quot;aoi"><phr n="&quot;AOI"><ent r="4" t="60" w="202" /><ent r="4" t="60" w="205" /></phr></stem><stem n=",&quot;"><phr n=",&quot;"><ent r="4" t="60" w="204" /><ent r="4" t="60" w="207" /><ent r="4" t="188" w="1480" /></phr></stem><stem n="insert"><phr n="inserts"><ent r="4" t="60" w="252" /><ent r="3" t="235" w="184" /></phr><phr n="Insert"><ent r="4" t="72" w="98" /><ent r="7" t="203" w="103" /></phr><phr n="inserted"><ent r="3" t="75" w="104" /><ent r="3" t="194" w="182" /></phr><phr n="insert"><ent r="7" t="197" w="177" /><ent r="7" t="197" w="215" /></phr></stem><stem n="“aoi"><phr n="“AOI"><ent r="4" t="60" w="255" /><ent r="4" t="188" w="763" /><ent r="4" t="191" w="922" /></phr></stem><stem n="singl"><phr n="single"><ent r="7" t="61" w="69" /><ent r="3" t="66" w="77" /><ent r="3" t="83" w="239" /><ent r="3" t="113" w="20" /><ent r="3" t="113" w="60" /><ent r="3" t="119" w="431" /><ent r="3" t="129" w="41" /><ent r="3" t="129" w="478" /><ent r="3" t="134" w="36" /><ent r="3" t="136" w="61" /><ent r="3" t="138" w="28" /><ent r="3" t="162" w="25" /><ent r="3" t="164" w="144" /><ent r="3" t="164" w="149" /><ent r="3" t="174" w="50" /><ent r="3" t="175" w="21" /><ent r="4" t="175" w="219" /><ent r="3" t="187" w="210" /><ent r="3" t="187" w="237" /><ent r="3" t="187" w="254" /><ent r="3" t="190" w="211" /><ent r="3" t="190" w="226" /><ent r="3" t="190" w="237" /><ent r="3" t="190" w="276" /><ent r="3" t="191" w="200" /><ent r="3" t="191" w="215" /><ent r="3" t="191" w="226" /><ent r="3" t="191" w="265" /><ent r="3" t="193" w="87" /><ent r="3" t="194" w="1304" /><ent r="3" t="195" w="1122" /><ent r="4" t="215" w="372" /><ent r="3" t="240" w="30" /><ent r="3" t="240" w="66" /><ent r="4" t="244" w="32" /></phr><phr n="Single"><ent r="5" t="175" w="87" /><ent r="3" t="175" w="99" /><ent r="6" t="250" w="40" /><ent r="6" t="250" w="53" /><ent r="6" t="250" w="65" /><ent r="6" t="250" w="78" /><ent r="6" t="250" w="90" /><ent r="6" t="250" w="103" /><ent r="6" t="250" w="115" /><ent r="6" t="250" w="128" /><ent r="5" t="250" w="141" /><ent r="5" t="250" w="153" /><ent r="5" t="250" w="165" /><ent r="5" t="250" w="178" /><ent r="6" t="250" w="190" /><ent r="6" t="250" w="202" /><ent r="6" t="250" w="225" /><ent r="6" t="250" w="234" /><ent r="5" t="250" w="254" /><ent r="6" t="250" w="279" /><ent r="6" t="250" w="287" /><ent r="5" t="250" w="295" /><ent r="6" t="250" w="303" /><ent r="6" t="250" w="311" /><ent r="5" t="250" w="319" /><ent r="6" t="250" w="327" /><ent r="6" t="250" w="336" /><ent r="5" t="250" w="344" /><ent r="5" t="250" w="352" /><ent r="5" t="250" w="360" /><ent r="6" t="250" w="368" /></phr></stem><stem n="grab"><phr n="grab"><ent r="7" t="61" w="76" /><ent r="7" t="61" w="86" /><ent r="7" t="61" w="107" /><ent r="7" t="61" w="139" /><ent r="7" t="61" w="152" /><ent r="7" t="61" w="170" /><ent r="7" t="197" w="72" /><ent r="7" t="197" w="85" /><ent r="7" t="197" w="103" /><ent r="7" t="197" w="118" /><ent r="7" t="197" w="139" /><ent r="7" t="197" w="154" /></phr></stem><stem n="variabl"><phr n="variable"><ent r="7" t="61" w="146" /><ent r="3" t="70" w="169" /><ent r="3" t="70" w="173" /><ent r="3" t="129" w="112" /><ent r="3" t="129" w="462" /><ent r="7" t="197" w="79" /></phr></stem><stem n=":merg"><phr n=":merge"><ent r="100" t="62" w="8" /></phr></stem><stem n="method"><phr n="Method"><ent r="5" t="62" w="81" /><ent r="4" t="110" w="365" /><ent r="3" t="148" w="177" /><ent r="3" t="148" w="280" /><ent r="3" t="148" w="484" /><ent r="3" t="148" w="648" /><ent r="3" t="206" w="704" /></phr><phr n="methods"><ent r="3" t="112" w="25" /><ent r="3" t="112" w="29" /><ent r="3" t="112" w="54" /><ent r="3" t="171" w="219" /><ent r="3" t="188" w="1140" /><ent r="4" t="193" w="164" /><ent r="4" t="193" w="266" /><ent r="3" t="245" w="288" /></phr><phr n="method"><ent r="3" t="112" w="136" /><ent r="3" t="119" w="325" /><ent r="4" t="171" w="173" /><ent r="5" t="171" w="186" /><ent r="6" t="172" w="213" /><ent r="3" t="188" w="153" /><ent r="3" t="188" w="1167" /><ent r="4" t="193" w="250" /><ent r="4" t="193" w="284" /><ent r="3" t="204" w="41" /><ent r="3" t="245" w="40" /></phr><phr n="Methods"><ent r="3" t="188" w="1081" /></phr></stem><stem n="(combin"><phr n="(combination"><ent r="4" t="62" w="83" /></phr></stem><stem n="“combination”"><phr n="“combination”"><ent r="3" t="62" w="90" /></phr></stem><stem n="union"><phr n="union"><ent r="3" t="62" w="91" /></phr></stem><stem n="“union”"><phr n="“union”"><ent r="3" t="62" w="92" /></phr></stem><stem n="“common"><phr n="“common"><ent r="3" t="62" w="106" /></phr></stem><stem n="intersect"><phr n="intersection"><ent r="3" t="62" w="109" /><ent r="3" t="84" w="27" /></phr></stem><stem n="“intersection”"><phr n="“intersection”"><ent r="3" t="62" w="110" /></phr></stem><stem n=":chang"><phr n=":change"><ent r="100" t="63" w="9" /></phr></stem><stem n=":properti"><phr n=":properties"><ent r="100" t="64" w="7" /><ent r="100" t="119" w="465" /><ent r="100" t="162" w="7" /><ent r="100" t="163" w="7" /><ent r="100" t="164" w="7" /><ent r="100" t="166" w="7" /><ent r="100" t="237" w="8" /></phr><phr n=":Properties"><ent r="100" t="202" w="11" /></phr></stem><stem n="-down,"><phr n="-down,"><ent r="3" t="64" w="129" /><ent r="3" t="64" w="129" /><ent r="3" t="187" w="914" /><ent r="3" t="187" w="914" /><ent r="4" t="188" w="1257" /><ent r="4" t="188" w="1257" /></phr></stem><stem n="(similar"><phr n="(similar"><ent r="3" t="64" w="158" /></phr></stem><stem n="ungroup"><phr n="Ungroup"><ent r="3" t="66" w="117" /></phr></stem><stem n="nudg"><phr n="Nudge"><ent r="92" t="66" w="137" /><ent r="5" t="233" w="81" /><ent r="5" t="233" w="83" /><ent r="5" t="233" w="91" /><ent r="5" t="233" w="93" /><ent r="5" t="233" w="101" /><ent r="5" t="233" w="103" /><ent r="5" t="233" w="111" /><ent r="5" t="233" w="113" /></phr><phr n="nudge"><ent r="3" t="66" w="154" /></phr></stem><stem n="align"><phr n="Align"><ent r="92" t="66" w="168" /></phr><phr n="align"><ent r="3" t="66" w="174" /></phr><phr n="alignment"><ent r="6" t="237" w="264" /></phr></stem><stem n="&amp;"><phr n="&amp;"><ent r="92" t="66" w="169" /></phr></stem><stem n="distribut"><phr n="Distribute"><ent r="92" t="66" w="169" /><ent r="4" t="98" w="208" /></phr><phr n="distribute"><ent r="3" t="66" w="194" /><ent r="3" t="98" w="212" /></phr><phr n="distributed"><ent r="3" t="98" w="201" /></phr><phr n="distribution"><ent r="4" t="186" w="1108" /></phr></stem><stem n="(vertic"><phr n="(vertical"><ent r="3" t="66" w="180" /></phr></stem><stem n="(horizont"><phr n="(horizontal"><ent r="3" t="66" w="185" /></phr></stem><stem n="space"><phr n="spacing"><ent r="3" t="66" w="204" /><ent r="3" t="167" w="265" /><ent r="3" t="167" w="312" /></phr><phr n="space"><ent r="4" t="110" w="240" /><ent r="3" t="171" w="44" /><ent r="3" t="201" w="225" /><ent r="4" t="215" w="643" /></phr><phr n="Spacing"><ent r="92" t="167" w="241" /><ent r="3" t="167" w="244" /></phr><phr n="spaces"><ent r="4" t="226" w="230" /></phr></stem></index>