﻿<?xml version="1.0" encoding="utf-8"?><index><stem n="pseudocolor"><phr n="Pseudocolor"><ent r="5" t="29" w="385" /><ent r="5" t="35" w="25" /><ent r="5" t="35" w="113" /><ent r="64" t="50" w="46" /><ent r="1000" t="56" w="1" /><ent r="102" t="56" w="5" /><ent r="3" t="56" w="14" /><ent r="4" t="56" w="70" /><ent r="5" t="56" w="124" /></phr><phr n="pseudocolor"><ent r="4" t="29" w="396" /><ent r="4" t="35" w="34" /><ent r="100" t="56" w="9" /><ent r="3" t="56" w="28" /><ent r="4" t="78" w="168" /><ent r="3" t="135" w="304" /><ent r="3" t="193" w="91" /></phr></stem><stem n="threshold"><phr n="Threshold"><ent r="5" t="29" w="407" /><ent r="5" t="35" w="57" /><ent r="5" t="35" w="117" /><ent r="5" t="36" w="389" /><ent r="6" t="36" w="475" /><ent r="6" t="36" w="516" /><ent r="64" t="50" w="54" /><ent r="1000" t="58" w="1" /><ent r="102" t="58" w="5" /><ent r="3" t="58" w="15" /><ent r="4" t="58" w="67" /><ent r="5" t="58" w="121" /><ent r="4" t="72" w="309" /><ent r="5" t="117" w="91" /><ent r="4" t="117" w="106" /><ent r="4" t="132" w="246" /><ent r="1000" t="182" w="1" /><ent r="102" t="182" w="5" /><ent r="3" t="182" w="20" /><ent r="3" t="182" w="50" /><ent r="3" t="201" w="18" /><ent r="1000" t="218" w="2" /><ent r="102" t="218" w="7" /></phr><phr n="threshold"><ent r="4" t="29" w="418" /><ent r="4" t="35" w="66" /><ent r="4" t="36" w="90" /><ent r="4" t="36" w="394" /><ent r="5" t="36" w="418" /><ent r="5" t="36" w="435" /><ent r="5" t="36" w="452" /><ent r="5" t="36" w="458" /><ent r="5" t="36" w="493" /><ent r="5" t="36" w="499" /><ent r="100" t="58" w="9" /><ent r="3" t="58" w="25" /><ent r="3" t="58" w="270" /><ent r="3" t="58" w="284" /><ent r="4" t="58" w="393" /><ent r="3" t="72" w="153" /><ent r="3" t="72" w="289" /><ent r="5" t="72" w="302" /><ent r="4" t="72" w="324" /><ent r="3" t="72" w="329" /><ent r="4" t="78" w="166" /><ent r="3" t="112" w="122" /><ent r="3" t="112" w="146" /><ent r="4" t="117" w="108" /><ent r="4" t="117" w="129" /><ent r="5" t="118" w="124" /><ent r="4" t="118" w="142" /><ent r="3" t="127" w="74" /><ent r="4" t="131" w="36" /><ent r="3" t="132" w="33" /><ent r="3" t="132" w="111" /><ent r="3" t="135" w="301" /><ent r="100" t="182" w="9" /><ent r="100" t="182" w="14" /><ent r="4" t="182" w="34" /><ent r="3" t="182" w="173" /><ent r="4" t="182" w="282" /><ent r="4" t="184" w="124" /><ent r="4" t="184" w="133" /><ent r="4" t="184" w="142" /><ent r="4" t="184" w="151" /><ent r="5" t="185" w="394" /><ent r="4" t="185" w="412" /><ent r="5" t="186" w="103" /><ent r="4" t="186" w="121" /><ent r="5" t="187" w="367" /><ent r="4" t="187" w="385" /><ent r="3" t="218" w="32" /><ent r="4" t="218" w="118" /></phr><phr n="thresholds"><ent r="3" t="58" w="544" /><ent r="3" t="182" w="429" /><ent r="3" t="203" w="197" /></phr></stem><stem n="jpeg2000"><phr n="Jpeg2000"><ent r="5" t="29" w="428" /><ent r="5" t="34" w="166" /></phr><phr n="JPEG2000"><ent r="4" t="29" w="435" /><ent r="67" t="33" w="117" /><ent r="4" t="34" w="170" /><ent r="4" t="34" w="187" /><ent r="65" t="34" w="198" /><ent r="1000" t="224" w="1" /><ent r="100" t="224" w="5" /><ent r="102" t="224" w="9" /><ent r="3" t="224" w="14" /><ent r="3" t="224" w="26" /><ent r="3" t="224" w="62" /><ent r="3" t="224" w="139" /><ent r="3" t="224" w="164" /><ent r="3" t="224" w="187" /></phr></stem><stem n="jp2"><phr n="jp2"><ent r="4" t="29" w="437" /><ent r="3" t="224" w="231" /></phr></stem><stem n="(*.jp2,"><phr n="(*.jp2,"><ent r="4" t="29" w="438" /></phr></stem><stem n="j2k"><phr n="j2k"><ent r="4" t="29" w="438" /></phr></stem><stem n="*.j2k)."><phr n="*.j2k)."><ent r="4" t="29" w="439" /></phr></stem><stem n="-onli"><phr n="-only"><ent r="4" t="29" w="442" /><ent r="4" t="29" w="442" /><ent r="4" t="34" w="174" /><ent r="4" t="34" w="174" /><ent r="3" t="224" w="18" /><ent r="3" t="224" w="18" /></phr></stem><stem n="windows-onli"><phr n="Windows-only"><ent r="4" t="29" w="442" /><ent r="4" t="34" w="174" /><ent r="3" t="224" w="18" /></phr></stem><stem n="model"><phr n="Model"><ent r="5" t="29" w="450" /></phr></stem><stem n="nitf"><phr n="NITF"><ent r="5" t="29" w="453" /><ent r="4" t="29" w="462" /><ent r="65" t="29" w="466" /><ent r="4" t="31" w="113" /><ent r="4" t="31" w="137" /><ent r="1000" t="32" w="1" /><ent r="102" t="32" w="4" /><ent r="100" t="32" w="7" /><ent r="3" t="32" w="11" /><ent r="3" t="32" w="19" /><ent r="4" t="32" w="26" /><ent r="4" t="32" w="54" /><ent r="4" t="32" w="76" /><ent r="4" t="32" w="92" /><ent r="4" t="32" w="97" /><ent r="3" t="32" w="124" /><ent r="67" t="33" w="121" /><ent r="5" t="34" w="203" /><ent r="4" t="34" w="214" /><ent r="65" t="34" w="224" /><ent r="1000" t="41" w="1" /><ent r="102" t="41" w="5" /><ent r="100" t="41" w="9" /><ent r="3" t="41" w="14" /><ent r="3" t="41" w="21" /><ent r="4" t="41" w="34" /><ent r="5" t="41" w="83" /><ent r="5" t="41" w="124" /><ent r="4" t="41" w="171" /><ent r="3" t="93" w="116" /><ent r="3" t="93" w="127" /><ent r="3" t="93" w="135" /><ent r="3" t="136" w="46" /><ent r="3" t="173" w="1146" /><ent r="3" t="194" w="92" /><ent r="1000" t="225" w="1" /><ent r="102" t="225" w="5" /><ent r="100" t="225" w="9" /><ent r="3" t="225" w="14" /><ent r="3" t="225" w="226" /></phr></stem><stem n="sio"><phr n="SIO"><ent r="5" t="29" w="470" /><ent r="4" t="31" w="104" /></phr></stem><stem n="esri"><phr n="ESRI"><ent r="4" t="29" w="483" /><ent r="3" t="30" w="59" /><ent r="3" t="207" w="155" /><ent r="3" t="207" w="159" /><ent r="3" t="208" w="145" /><ent r="3" t="208" w="149" /></phr></stem><stem n="wmd"><phr n="wmd"><ent r="4" t="29" w="505" /><ent r="4" t="244" w="525" /><ent r="4" t="244" w="752" /></phr></stem><stem n="(*.wmd)"><phr n="(*.wmd)"><ent r="4" t="29" w="506" /></phr></stem><stem n="xml"><phr n="XML"><ent r="4" t="29" w="506" /><ent r="4" t="34" w="264" /><ent r="3" t="41" w="26" /><ent r="4" t="41" w="72" /><ent r="3" t="163" w="20" /><ent r="3" t="193" w="51" /></phr></stem><stem n="wav"><phr n="wav"><ent r="4" t="29" w="522" /><ent r="4" t="244" w="522" /><ent r="4" t="244" w="749" /></phr></stem><stem n="(*.wav,"><phr n="(*.wav,"><ent r="4" t="29" w="523" /></phr></stem><stem n="wave"><phr n="wave"><ent r="4" t="29" w="523" /><ent r="3" t="173" w="849" /><ent r="3" t="243" w="30" /><ent r="3" t="244" w="86" /><ent r="4" t="244" w="523" /><ent r="4" t="244" w="750" /></phr><phr n="waves"><ent r="3" t="243" w="56" /></phr></stem><stem n="*.wave)"><phr n="*.wave)"><ent r="4" t="29" w="524" /></phr></stem><stem n="might"><phr n="might"><ent r="3" t="29" w="543" /><ent r="3" t="31" w="59" /><ent r="3" t="68" w="85" /><ent r="3" t="206" w="957" /></phr></stem><stem n="group"><phr n="group"><ent r="3" t="30" w="22" /><ent r="3" t="83" w="24" /><ent r="3" t="153" w="82" /><ent r="3" t="191" w="240" /><ent r="3" t="191" w="257" /><ent r="4" t="204" w="2913" /><ent r="3" t="205" w="122" /><ent r="3" t="207" w="93" /><ent r="3" t="207" w="231" /><ent r="3" t="208" w="83" /><ent r="3" t="208" w="221" /><ent r="3" t="208" w="1324" /><ent r="4" t="218" w="109" /><ent r="3" t="218" w="174" /><ent r="3" t="218" w="196" /></phr><phr n="Group"><ent r="6" t="38" w="164" /><ent r="92" t="89" w="110" /><ent r="3" t="89" w="115" /></phr><phr n="groups"><ent r="4" t="51" w="137" /><ent r="4" t="55" w="139" /><ent r="4" t="57" w="133" /><ent r="3" t="191" w="167" /><ent r="3" t="191" w="227" /></phr></stem><stem n="exchang"><phr n="exchange"><ent r="3" t="30" w="27" /><ent r="3" t="207" w="100" /><ent r="3" t="207" w="148" /><ent r="3" t="208" w="90" /><ent r="3" t="208" w="138" /></phr></stem><stem n="gi"><phr n="GIS"><ent r="5" t="30" w="29" /><ent r="3" t="30" w="38" /><ent r="3" t="207" w="104" /><ent r="3" t="207" w="108" /><ent r="3" t="207" w="124" /><ent r="3" t="207" w="149" /><ent r="3" t="207" w="180" /><ent r="3" t="207" w="281" /><ent r="3" t="207" w="1117" /><ent r="3" t="208" w="94" /><ent r="3" t="208" w="98" /><ent r="3" t="208" w="114" /><ent r="3" t="208" w="139" /><ent r="3" t="208" w="170" /><ent r="3" t="208" w="271" /></phr></stem><stem n="commonli"><phr n="commonly"><ent r="3" t="30" w="41" /><ent r="3" t="143" w="58" /><ent r="3" t="207" w="111" /><ent r="3" t="208" w="101" /></phr></stem><stem n="repres"><phr n="represent"><ent r="3" t="30" w="44" /><ent r="3" t="153" w="496" /><ent r="3" t="153" w="521" /><ent r="4" t="194" w="201" /><ent r="3" t="207" w="114" /><ent r="3" t="207" w="224" /><ent r="3" t="207" w="251" /><ent r="3" t="207" w="265" /><ent r="3" t="208" w="104" /><ent r="3" t="208" w="214" /><ent r="3" t="208" w="241" /><ent r="3" t="208" w="255" /><ent r="3" t="211" w="827" /></phr><phr n="represented"><ent r="5" t="57" w="426" /><ent r="5" t="57" w="451" /><ent r="5" t="57" w="484" /><ent r="5" t="57" w="504" /><ent r="5" t="57" w="515" /><ent r="5" t="57" w="861" /><ent r="5" t="57" w="886" /><ent r="5" t="57" w="919" /><ent r="5" t="57" w="939" /><ent r="5" t="57" w="950" /><ent r="4" t="58" w="402" /><ent r="4" t="58" w="427" /><ent r="4" t="58" w="460" /><ent r="4" t="58" w="480" /><ent r="4" t="58" w="490" /><ent r="7" t="144" w="70" /><ent r="5" t="181" w="464" /><ent r="5" t="181" w="489" /><ent r="5" t="181" w="522" /><ent r="5" t="181" w="542" /><ent r="5" t="181" w="553" /><ent r="4" t="182" w="291" /><ent r="4" t="182" w="316" /><ent r="4" t="182" w="347" /><ent r="4" t="182" w="367" /><ent r="4" t="182" w="377" /><ent r="3" t="207" w="201" /><ent r="3" t="208" w="190" /><ent r="3" t="211" w="903" /><ent r="3" t="212" w="842" /><ent r="4" t="241" w="62" /><ent r="4" t="241" w="87" /><ent r="4" t="241" w="120" /><ent r="4" t="241" w="140" /><ent r="4" t="241" w="151" /><ent r="7" t="248" w="183" /></phr><phr n="represents"><ent r="4" t="135" w="470" /><ent r="3" t="137" w="58" /><ent r="5" t="188" w="338" /><ent r="4" t="203" w="1137" /><ent r="4" t="203" w="1150" /><ent r="3" t="203" w="1276" /><ent r="3" t="203" w="1311" /><ent r="3" t="206" w="920" /><ent r="3" t="211" w="802" /><ent r="3" t="212" w="818" /></phr><phr n="representing"><ent r="3" t="181" w="26" /></phr></stem><stem n="road"><phr n="roads"><ent r="3" t="30" w="45" /><ent r="3" t="207" w="115" /><ent r="3" t="207" w="254" /><ent r="3" t="207" w="295" /><ent r="3" t="208" w="105" /><ent r="3" t="208" w="244" /><ent r="3" t="208" w="285" /><ent r="5" t="208" w="1102" /></phr><phr n="road"><ent r="3" t="107" w="25" /><ent r="4" t="208" w="979" /><ent r="4" t="208" w="985" /><ent r="3" t="208" w="1281" /></phr><phr n="Roads"><ent r="4" t="208" w="949" /><ent r="92" t="208" w="1011" /><ent r="7" t="208" w="1035" /><ent r="4" t="208" w="1195" /></phr></stem><stem n="citi"><phr n="cities"><ent r="3" t="30" w="46" /><ent r="3" t="207" w="116" /><ent r="3" t="208" w="106" /></phr><phr n="city"><ent r="3" t="207" w="273" /><ent r="3" t="207" w="294" /><ent r="3" t="208" w="263" /><ent r="3" t="208" w="284" /></phr></stem><stem n="river"><phr n="rivers"><ent r="3" t="30" w="47" /><ent r="3" t="207" w="117" /><ent r="3" t="207" w="256" /><ent r="3" t="208" w="107" /><ent r="3" t="208" w="246" /></phr></stem><stem n="lake"><phr n="lakes"><ent r="3" t="30" w="48" /><ent r="3" t="207" w="118" /><ent r="3" t="208" w="108" /></phr><phr n="lake"><ent r="3" t="207" w="271" /><ent r="3" t="208" w="261" /></phr></stem><stem n="wgs84"><phr n="WGS84"><ent r="3" t="30" w="87" /><ent r="3" t="30" w="112" /><ent r="3" t="30" w="123" /><ent r="3" t="207" w="343" /><ent r="3" t="207" w="355" /><ent r="3" t="208" w="333" /><ent r="3" t="208" w="345" /></phr></stem><stem n="attempt"><phr n="attempt"><ent r="3" t="30" w="101" /></phr></stem><stem n="treat"><phr n="treat"><ent r="3" t="30" w="108" /></phr><phr n="treated"><ent r="6" t="250" w="257" /><ent r="6" t="250" w="715" /></phr></stem><stem n="veri"><phr n="very"><ent r="3" t="30" w="120" /><ent r="3" t="203" w="1458" /><ent r="3" t="204" w="3190" /><ent r="3" t="207" w="1120" /></phr></stem><stem n="probabl"><phr n="probably"><ent r="3" t="30" w="128" /><ent r="4" t="154" w="279" /><ent r="4" t="201" w="89" /></phr></stem><stem n="unsatisfactori"><phr n="unsatisfactory"><ent r="3" t="30" w="130" /></phr></stem><stem n="multipoint"><phr n="Multipoint"><ent r="4" t="30" w="148" /><ent r="4" t="30" w="150" /><ent r="3" t="208" w="1227" /></phr><phr n="multipoint"><ent r="3" t="30" w="187" /></phr></stem><stem n="polylin"><phr n="Polyline"><ent r="4" t="30" w="155" /><ent r="4" t="30" w="157" /><ent r="92" t="208" w="817" /><ent r="4" t="208" w="898" /><ent r="92" t="208" w="1013" /><ent r="5" t="208" w="1113" /><ent r="6" t="236" w="147" /><ent r="6" t="236" w="369" /><ent r="6" t="236" w="450" /><ent r="6" t="236" w="485" /><ent r="6" t="236" w="531" /></phr><phr n="polyline"><ent r="7" t="84" w="153" /><ent r="4" t="208" w="60" /><ent r="4" t="208" w="64" /><ent r="3" t="208" w="851" /><ent r="3" t="208" w="861" /><ent r="4" t="208" w="1003" /><ent r="7" t="216" w="70" /></phr><phr n="polylines"><ent r="3" t="207" w="194" /><ent r="3" t="207" w="300" /><ent r="3" t="208" w="184" /><ent r="3" t="208" w="290" /></phr><phr n="Polylines"><ent r="3" t="207" w="239" /><ent r="3" t="208" w="229" /></phr></stem><stem n="polygon"><phr n="Polygon"><ent r="4" t="30" w="162" /><ent r="4" t="30" w="164" /><ent r="6" t="236" w="146" /><ent r="6" t="236" w="197" /><ent r="6" t="236" w="239" /><ent r="6" t="236" w="301" /><ent r="6" t="236" w="368" /><ent r="6" t="236" w="411" /><ent r="6" t="236" w="449" /><ent r="6" t="236" w="484" /><ent r="6" t="236" w="530" /></phr><phr n="polygon"><ent r="7" t="84" w="100" /><ent r="7" t="84" w="110" /><ent r="7" t="216" w="116" /><ent r="7" t="216" w="126" /></phr><phr n="polygons"><ent r="3" t="207" w="196" /><ent r="3" t="208" w="186" /><ent r="3" t="208" w="834" /></phr><phr n="Polygons"><ent r="3" t="207" w="261" /><ent r="3" t="207" w="301" /><ent r="3" t="208" w="251" /><ent r="3" t="208" w="291" /></phr></stem><stem n="ignor"><phr n="ignored"><ent r="3" t="30" w="180" /><ent r="3" t="52" w="224" /><ent r="3" t="58" w="255" /><ent r="4" t="58" w="305" /><ent r="4" t="58" w="325" /><ent r="3" t="59" w="233" /><ent r="4" t="182" w="194" /><ent r="4" t="182" w="214" /><ent r="3" t="184" w="26" /><ent r="4" t="221" w="342" /></phr><phr n="ignores"><ent r="3" t="96" w="41" /></phr><phr n="Ignore"><ent r="5" t="238" w="193" /><ent r="5" t="238" w="275" /><ent r="5" t="238" w="343" /></phr></stem><stem n="drawn"><phr n="drawn"><ent r="3" t="30" w="193" /><ent r="3" t="62" w="93" /><ent r="4" t="135" w="497" /><ent r="4" t="172" w="878" /><ent r="4" t="172" w="1012" /></phr></stem><stem n="empti"><phr n="empty"><ent r="3" t="30" w="196" /><ent r="3" t="106" w="170" /><ent r="3" t="143" w="121" /><ent r="7" t="144" w="26" /><ent r="3" t="159" w="82" /><ent r="7" t="248" w="78" /></phr></stem><stem n="triangl"><phr n="triangles"><ent r="3" t="30" w="197" /><ent r="4" t="51" w="234" /></phr><phr n="Triangle"><ent r="5" t="51" w="219" /><ent r="6" t="236" w="97" /><ent r="6" t="236" w="153" /><ent r="6" t="236" w="203" /><ent r="6" t="236" w="245" /><ent r="6" t="236" w="307" /><ent r="6" t="236" w="375" /><ent r="6" t="236" w="417" /><ent r="6" t="236" w="456" /><ent r="6" t="236" w="491" /><ent r="6" t="236" w="537" /></phr><phr n="triangle"><ent r="4" t="51" w="223" /><ent r="3" t="153" w="541" /><ent r="7" t="216" w="59" /><ent r="6" t="236" w="76" /><ent r="6" t="236" w="85" /></phr></stem><stem n="befor"><phr n="Before"><ent r="92" t="30" w="199" /><ent r="3" t="30" w="203" /><ent r="4" t="68" w="194" /><ent r="3" t="97" w="35" /><ent r="6" t="139" w="7" /><ent r="92" t="206" w="348" /><ent r="92" t="207" w="586" /><ent r="92" t="208" w="575" /></phr><phr n="before"><ent r="3" t="99" w="339" /><ent r="3" t="137" w="85" /><ent r="3" t="152" w="64" /><ent r="4" t="157" w="171" /><ent r="3" t="171" w="649" /><ent r="3" t="173" w="868" /><ent r="3" t="176" w="131" /><ent r="4" t="181" w="792" /><ent r="3" t="202" w="92" /><ent r="4" t="203" w="2122" /><ent r="3" t="204" w="181" /><ent r="3" t="204" w="190" /><ent r="4" t="204" w="3130" /><ent r="4" t="205" w="547" /><ent r="3" t="206" w="1415" /><ent r="4" t="210" w="137" /><ent r="3" t="211" w="1311" /><ent r="3" t="212" w="1162" /><ent r="4" t="235" w="177" /><ent r="3" t="242" w="201" /><ent r="3" t="244" w="105" /></phr></stem><stem n="begin"><phr n="Begin"><ent r="92" t="30" w="201" /><ent r="92" t="206" w="350" /><ent r="92" t="207" w="588" /><ent r="92" t="208" w="577" /><ent r="4" t="209" w="63" /></phr><phr n="beginning"><ent r="4" t="46" w="143" /><ent r="4" t="83" w="199" /><ent r="6" t="215" w="66" /><ent r="6" t="215" w="81" /></phr><phr n="begin"><ent r="3" t="88" w="50" /><ent r="3" t="97" w="37" /><ent r="3" t="137" w="87" /><ent r="4" t="188" w="767" /><ent r="4" t="192" w="274" /><ent r="4" t="245" w="75" /><ent r="4" t="245" w="95" /><ent r="4" t="245" w="167" /><ent r="4" t="245" w="187" /></phr><phr n="begins"><ent r="3" t="206" w="1418" /></phr></stem><stem n="necessari"><phr n="necessary"><ent r="4" t="30" w="308" /><ent r="3" t="33" w="63" /><ent r="4" t="37" w="72" /><ent r="3" t="40" w="57" /><ent r="4" t="99" w="208" /><ent r="3" t="140" w="50" /><ent r="3" t="153" w="37" /><ent r="3" t="157" w="221" /><ent r="3" t="191" w="151" /><ent r="3" t="196" w="70" /><ent r="3" t="204" w="1082" /><ent r="3" t="204" w="2269" /><ent r="4" t="205" w="601" /><ent r="3" t="208" w="797" /><ent r="4" t="238" w="182" /><ent r="4" t="238" w="264" /><ent r="4" t="238" w="332" /></phr></stem><stem n="(under"><phr n="(under"><ent r="4" t="30" w="321" /><ent r="4" t="30" w="402" /></phr></stem><stem n="sampl"><phr n="sample"><ent r="3" t="30" w="355" /><ent r="7" t="202" w="303" /><ent r="7" t="203" w="520" /><ent r="7" t="204" w="669" /><ent r="7" t="205" w="385" /><ent r="4" t="205" w="414" /><ent r="7" t="206" w="345" /><ent r="4" t="206" w="471" /><ent r="7" t="207" w="583" /><ent r="7" t="208" w="572" /><ent r="7" t="209" w="229" /><ent r="4" t="209" w="270" /><ent r="7" t="210" w="496" /><ent r="7" t="211" w="415" /><ent r="7" t="212" w="405" /><ent r="4" t="213" w="176" /><ent r="7" t="220" w="391" /></phr><phr n="Sampling"><ent r="5" t="116" w="346" /><ent r="67" t="116" w="364" /><ent r="1000" t="119" w="3" /><ent r="100" t="119" w="7" /><ent r="100" t="119" w="10" /><ent r="102" t="119" w="14" /><ent r="3" t="119" w="18" /><ent r="5" t="119" w="81" /><ent r="4" t="119" w="130" /></phr><phr n="Samples"><ent r="3" t="202" w="59" /></phr><phr n="Sample"><ent r="7" t="202" w="248" /><ent r="7" t="202" w="253" /><ent r="7" t="203" w="465" /><ent r="7" t="203" w="470" /><ent r="7" t="204" w="614" /><ent r="7" t="204" w="619" /><ent r="7" t="205" w="330" /><ent r="7" t="205" w="335" /><ent r="7" t="206" w="290" /><ent r="7" t="206" w="295" /><ent r="7" t="207" w="528" /><ent r="7" t="207" w="533" /><ent r="7" t="208" w="517" /><ent r="7" t="208" w="522" /><ent r="7" t="209" w="174" /><ent r="7" t="209" w="179" /><ent r="7" t="210" w="441" /><ent r="7" t="210" w="446" /><ent r="7" t="211" w="360" /><ent r="7" t="211" w="365" /><ent r="7" t="212" w="350" /><ent r="7" t="212" w="355" /><ent r="5" t="213" w="168" /><ent r="4" t="213" w="195" /><ent r="92" t="220" w="674" /></phr><phr n="sampling"><ent r="3" t="203" w="236" /></phr><phr n="samples"><ent r="7" t="220" w="90" /><ent r="7" t="220" w="94" /><ent r="3" t="220" w="703" /></phr></stem><stem n="info"><phr n="info"><ent r="4" t="30" w="383" /><ent r="7" t="220" w="406" /><ent r="6" t="220" w="448" /><ent r="3" t="220" w="738" /></phr></stem><stem n="clip"><phr n="Clipping"><ent r="5" t="30" w="399" /><ent r="64" t="139" w="149" /><ent r="1000" t="142" w="1" /><ent r="102" t="142" w="4" /><ent r="100" t="142" w="7" /></phr><phr n="clipped"><ent r="3" t="30" w="419" /><ent r="3" t="197" w="56" /></phr><phr n="clipping"><ent r="3" t="142" w="11" /><ent r="3" t="142" w="18" /></phr></stem><stem n="finish"><phr n="finish"><ent r="4" t="30" w="422" /><ent r="4" t="36" w="353" /><ent r="4" t="204" w="3127" /><ent r="4" t="208" w="1001" /><ent r="4" t="221" w="285" /><ent r="4" t="222" w="216" /><ent r="4" t="223" w="175" /><ent r="4" t="225" w="214" /></phr><phr n="finished"><ent r="4" t="45" w="280" /><ent r="3" t="51" w="238" /><ent r="3" t="55" w="197" /><ent r="4" t="57" w="150" /><ent r="4" t="118" w="363" /><ent r="3" t="137" w="223" /><ent r="3" t="137" w="238" /><ent r="4" t="172" w="158" /><ent r="4" t="174" w="153" /><ent r="4" t="179" w="91" /><ent r="4" t="181" w="123" /><ent r="4" t="185" w="283" /><ent r="4" t="185" w="608" /><ent r="4" t="186" w="342" /><ent r="4" t="187" w="258" /><ent r="4" t="187" w="583" /><ent r="3" t="202" w="36" /><ent r="3" t="203" w="24" /><ent r="3" t="204" w="44" /><ent r="3" t="205" w="34" /><ent r="3" t="206" w="32" /><ent r="4" t="206" w="1364" /><ent r="3" t="207" w="22" /><ent r="3" t="208" w="25" /><ent r="3" t="209" w="29" /><ent r="4" t="209" w="489" /><ent r="3" t="210" w="22" /><ent r="3" t="211" w="18" /><ent r="3" t="212" w="26" /><ent r="4" t="214" w="146" /></phr><phr n="Finish"><ent r="5" t="73" w="352" /><ent r="5" t="198" w="302" /><ent r="5" t="204" w="2648" /><ent r="5" t="206" w="1384" /></phr><phr n="finishes"><ent r="4" t="205" w="611" /></phr></stem><stem n="now"><phr n="now"><ent r="3" t="30" w="447" /><ent r="3" t="69" w="641" /><ent r="4" t="79" w="68" /><ent r="3" t="80" w="112" /><ent r="3" t="110" w="128" /><ent r="3" t="110" w="212" /><ent r="3" t="113" w="77" /><ent r="3" t="117" w="330" /><ent r="3" t="120" w="173" /><ent r="3" t="124" w="43" /><ent r="3" t="137" w="255" /><ent r="3" t="138" w="127" /><ent r="4" t="146" w="125" /><ent r="3" t="149" w="106" /><ent r="4" t="159" w="147" /><ent r="3" t="203" w="2425" /><ent r="3" t="204" w="1076" /><ent r="3" t="204" w="1731" /><ent r="3" t="204" w="1832" /><ent r="3" t="204" w="2143" /><ent r="3" t="204" w="2175" /><ent r="4" t="204" w="2226" /><ent r="3" t="204" w="3258" /><ent r="3" t="205" w="1562" /><ent r="4" t="206" w="881" /><ent r="4" t="207" w="963" /><ent r="3" t="207" w="1162" /><ent r="3" t="208" w="1343" /><ent r="3" t="209" w="403" /><ent r="3" t="209" w="413" /><ent r="4" t="209" w="488" /><ent r="3" t="209" w="516" /><ent r="3" t="209" w="584" /><ent r="3" t="210" w="1211" /><ent r="3" t="211" w="1917" /><ent r="3" t="212" w="620" /><ent r="4" t="212" w="1063" /><ent r="3" t="212" w="1286" /><ent r="3" t="212" w="1620" /></phr></stem><stem n="arcsd"><phr n="ArcSDE"><ent r="92" t="30" w="455" /><ent r="3" t="30" w="466" /><ent r="4" t="139" w="67" /><ent r="3" t="140" w="23" /><ent r="3" t="140" w="30" /></phr></stem><stem n="server"><phr n="Server"><ent r="92" t="30" w="456" /><ent r="3" t="30" w="467" /></phr><phr n="server"><ent r="3" t="140" w="43" /></phr></stem><stem n="geodatabas"><phr n="geodatabase"><ent r="5" t="30" w="491" /><ent r="3" t="139" w="73" /><ent r="4" t="139" w="88" /><ent r="3" t="141" w="18" /><ent r="5" t="207" w="812" /></phr><phr n="Geodatabase"><ent r="3" t="140" w="24" /><ent r="3" t="140" w="31" /><ent r="4" t="207" w="944" /></phr></stem><stem n="4"><phr n="4"><ent r="4" t="30" w="510" /><ent r="3" t="51" w="236" /><ent r="3" t="55" w="195" /><ent r="82" t="69" w="260" /><ent r="92" t="73" w="499" /><ent r="3" t="106" w="373" /><ent r="3" t="152" w="66" /><ent r="6" t="168" w="102" /><ent r="3" t="184" w="222" /><ent r="3" t="191" w="195" /><ent r="3" t="191" w="205" /><ent r="4" t="204" w="2138" /><ent r="4" t="204" w="2202" /><ent r="3" t="205" w="1520" /><ent r="4" t="211" w="1360" /><ent r="3" t="211" w="1383" /><ent r="4" t="211" w="1679" /><ent r="4" t="212" w="1200" /><ent r="4" t="212" w="1230" /><ent r="3" t="212" w="1257" /><ent r="5" t="220" w="64" /><ent r="7" t="220" w="209" /><ent r="3" t="220" w="803" /><ent r="4" t="224" w="94" /><ent r="4" t="224" w="100" /><ent r="4" t="224" w="106" /><ent r="3" t="224" w="143" /><ent r="3" t="224" w="147" /><ent r="3" t="224" w="152" /></phr></stem><stem n="6"><phr n="6"><ent r="4" t="30" w="512" /><ent r="5" t="185" w="277" /><ent r="5" t="187" w="252" /><ent r="3" t="191" w="156" /><ent r="3" t="191" w="248" /><ent r="3" t="212" w="1265" /><ent r="6" t="220" w="223" /><ent r="3" t="220" w="815" /></phr></stem><stem n="abov"><phr n="above"><ent r="4" t="30" w="513" /><ent r="3" t="203" w="1322" /><ent r="3" t="211" w="1717" /></phr></stem><stem n="/displai"><phr n="/Display"><ent r="64" t="30" w="537" /><ent r="64" t="202" w="362" /><ent r="1000" t="207" w="3" /><ent r="102" t="207" w="12" /></phr></stem><stem n="import/displai"><phr n="Import/Display"><ent r="64" t="30" w="537" /><ent r="64" t="30" w="536" /><ent r="64" t="202" w="362" /><ent r="64" t="202" w="361" /><ent r="1000" t="207" w="3" /><ent r="1000" t="207" w="2" /><ent r="102" t="207" w="12" /><ent r="102" t="207" w="11" /></phr></stem><stem n="common"><phr n="common"><ent r="3" t="31" w="21" /><ent r="4" t="85" w="85" /><ent r="3" t="85" w="106" /><ent r="3" t="107" w="16" /><ent r="3" t="143" w="242" /><ent r="3" t="153" w="325" /><ent r="3" t="202" w="30" /><ent r="3" t="203" w="2439" /><ent r="3" t="204" w="1020" /><ent r="3" t="204" w="3291" /><ent r="3" t="205" w="1582" /><ent r="3" t="208" w="1361" /></phr><phr n="Common"><ent r="5" t="51" w="143" /></phr></stem><stem n="-in-specif"><phr n="-in-specific"><ent r="3" t="31" w="28" /><ent r="3" t="31" w="29" /></phr></stem><stem n="plug-in-specif"><phr n="plug-in-specific"><ent r="3" t="31" w="28" /></phr></stem><stem n="in-specif"><phr n="in-specific"><ent r="3" t="31" w="29" /></phr></stem><stem n="32"><phr n="32"><ent r="3" t="31" w="35" /><ent r="4" t="34" w="182" /><ent r="3" t="103" w="56" /><ent r="5" t="203" w="2095" /><ent r="7" t="220" w="203" /><ent r="7" t="220" w="210" /><ent r="6" t="220" w="258" /><ent r="3" t="224" w="32" /></phr></stem><stem n="32-bit"><phr n="32-bit"><ent r="3" t="31" w="35" /><ent r="3" t="103" w="56" /><ent r="7" t="220" w="203" /><ent r="7" t="220" w="210" /><ent r="6" t="220" w="258" /><ent r="3" t="224" w="32" /></phr></stem><stem n="-bit,"><phr n="-bit,"><ent r="3" t="31" w="37" /><ent r="3" t="31" w="37" /><ent r="3" t="31" w="74" /><ent r="3" t="31" w="74" /></phr></stem><stem n="500"><phr n="500"><ent r="3" t="31" w="45" /><ent r="3" t="31" w="51" /></phr></stem><stem n="megabyt"><phr n="megabytes"><ent r="3" t="31" w="46" /><ent r="3" t="31" w="52" /><ent r="3" t="47" w="424" /></phr></stem><stem n="larger"><phr n="larger"><ent r="3" t="31" w="49" /><ent r="3" t="203" w="309" /><ent r="7" t="220" w="402" /></phr></stem><stem n="abl"><phr n="able"><ent r="3" t="31" w="62" /><ent r="4" t="198" w="287" /><ent r="3" t="202" w="43" /><ent r="3" t="203" w="2427" /><ent r="3" t="204" w="51" /><ent r="3" t="204" w="3260" /><ent r="3" t="205" w="1564" /><ent r="3" t="206" w="39" /><ent r="3" t="207" w="1164" /><ent r="3" t="209" w="586" /><ent r="3" t="210" w="1213" /><ent r="4" t="211" w="1806" /></phr></stem></index>