﻿<?xml version="1.0" encoding="utf-8"?><index><stem n="dataset"><phr n="dataset"><ent r="5" t="93" w="74" /><ent r="5" t="93" w="80" /><ent r="3" t="184" w="63" /><ent r="3" t="204" w="1080" /><ent r="3" t="208" w="760" /><ent r="4" t="209" w="118" /><ent r="3" t="209" w="134" /><ent r="3" t="209" w="169" /><ent r="3" t="209" w="591" /><ent r="3" t="244" w="130" /><ent r="3" t="244" w="134" /></phr><phr n="Datasets"><ent r="4" t="194" w="153" /></phr></stem><stem n="dataset_nam"><phr n="dataset_name"><ent r="5" t="93" w="75" /><ent r="5" t="93" w="74" /><ent r="5" t="93" w="81" /><ent r="5" t="93" w="80" /></phr></stem><stem n="dataset_name/"><phr n="dataset_name/"><ent r="5" t="93" w="75" /><ent r="5" t="93" w="74" /></phr></stem><stem n="//dataset_name//path"><phr n="//dataset_name//path"><ent r="5" t="93" w="76" /></phr></stem><stem n="_name"><phr n="_name"><ent r="5" t="93" w="81" /></phr></stem><stem n="view_object"><phr n="view_object"><ent r="5" t="93" w="91" /><ent r="5" t="93" w="90" /><ent r="5" t="93" w="98" /><ent r="5" t="93" w="97" /></phr></stem><stem n="view_object_nam"><phr n="view_object_name"><ent r="5" t="93" w="92" /><ent r="5" t="93" w="90" /><ent r="5" t="93" w="99" /><ent r="5" t="93" w="97" /></phr></stem><stem n="//[view_object_name]//path"><phr n="//[view_object_name]//path"><ent r="5" t="93" w="93" /></phr></stem><stem n="_object_nam"><phr n="_object_name"><ent r="5" t="93" w="99" /></phr></stem><stem n="(nitf/fil"><phr n="(NITF/File"><ent r="3" t="93" w="117" /></phr></stem><stem n="nitf/fil"><phr n="NITF/File"><ent r="3" t="93" w="117" /><ent r="3" t="93" w="116" /><ent r="3" t="93" w="128" /><ent r="3" t="93" w="127" /><ent r="3" t="93" w="136" /><ent r="3" t="93" w="135" /></phr></stem><stem n="header/onam"><phr n="Header/OName"><ent r="3" t="93" w="119" /><ent r="3" t="93" w="118" /></phr><phr n="Header/ONAME"><ent r="3" t="93" w="130" /><ent r="3" t="93" w="129" /><ent r="3" t="93" w="138" /><ent r="3" t="93" w="137" /></phr></stem><stem n="onam"><phr n="OName"><ent r="3" t="93" w="119" /></phr><phr n="ONAME"><ent r="3" t="93" w="130" /><ent r="3" t="93" w="138" /></phr></stem><stem n="/oname)"><phr n="/OName)"><ent r="3" t="93" w="120" /></phr><phr n="/ONAME)"><ent r="3" t="93" w="131" /><ent r="3" t="93" w="139" /></phr></stem><stem n="data/mydata"><phr n="Data/mydata"><ent r="3" t="93" w="124" /><ent r="3" t="93" w="123" /></phr></stem><stem n="mydata"><phr n="mydata"><ent r="3" t="93" w="124" /><ent r="3" t="237" w="15" /><ent r="3" t="237" w="42" /><ent r="3" t="237" w="51" /><ent r="3" t="237" w="73" /><ent r="3" t="237" w="112" /></phr></stem><stem n="ntf"><phr n="ntf"><ent r="3" t="93" w="125" /></phr></stem><stem n="ntf-i1"><phr n="ntf-I1"><ent r="3" t="93" w="125" /></phr></stem><stem n="i1"><phr n="I1"><ent r="3" t="93" w="126" /></phr></stem><stem n="data/mydata.ntf-i1/"><phr n="Data/mydata.ntf-I1/"><ent r="3" t="93" w="126" /><ent r="3" t="93" w="123" /></phr></stem><stem n="(//c:/data/mydata.ntf-i1//nitf/fil"><phr n="(//C:/Data/mydata.ntf-I1//NITF/File"><ent r="3" t="93" w="128" /></phr></stem><stem n="(//[view"><phr n="(//[View"><ent r="3" t="93" w="133" /></phr></stem><stem n="]//nitf/fil"><phr n="]//NITF/File"><ent r="3" t="93" w="136" /></phr></stem><stem n="$s"><phr n="$S"><ent r="3" t="93" w="150" /></phr></stem><stem n="rule"><phr n="rules"><ent r="3" t="93" w="157" /></phr><phr n="rule"><ent r="3" t="242" w="495" /></phr></stem><stem n="()"><phr n="()"><ent r="3" t="93" w="160" /></phr></stem><stem n="palett"><phr n="Palette"><ent r="1000" t="94" w="3" /><ent r="102" t="94" w="11" /><ent r="3" t="94" w="34" /><ent r="4" t="94" w="46" /><ent r="4" t="94" w="62" /><ent r="3" t="94" w="93" /><ent r="3" t="94" w="99" /><ent r="64" t="94" w="171" /><ent r="1000" t="95" w="3" /><ent r="102" t="95" w="8" /><ent r="3" t="95" w="19" /><ent r="5" t="95" w="69" /><ent r="4" t="95" w="81" /><ent r="4" t="95" w="108" /><ent r="4" t="95" w="125" /><ent r="92" t="95" w="217" /><ent r="5" t="95" w="245" /><ent r="4" t="95" w="252" /><ent r="64" t="95" w="299" /><ent r="92" t="143" w="264" /><ent r="100" t="143" w="268" /><ent r="3" t="143" w="277" /><ent r="3" t="153" w="56" /><ent r="4" t="154" w="53" /><ent r="4" t="154" w="276" /><ent r="4" t="211" w="449" /><ent r="4" t="211" w="495" /><ent r="4" t="211" w="598" /><ent r="4" t="211" w="683" /><ent r="4" t="212" w="545" /><ent r="4" t="212" w="583" /><ent r="4" t="212" w="634" /><ent r="7" t="246" w="85" /></phr><phr n="palette"><ent r="100" t="94" w="7" /><ent r="3" t="94" w="16" /><ent r="3" t="94" w="66" /><ent r="100" t="95" w="13" /><ent r="4" t="95" w="75" /><ent r="4" t="95" w="148" /><ent r="4" t="95" w="176" /><ent r="100" t="143" w="270" /><ent r="3" t="143" w="290" /><ent r="3" t="153" w="176" /><ent r="4" t="214" w="43" /><ent r="4" t="214" w="63" /><ent r="4" t="214" w="97" /></phr></stem><stem n="easili"><phr n="easily"><ent r="3" t="94" w="20" /><ent r="4" t="206" w="553" /></phr></stem><stem n="just"><phr n="just"><ent r="4" t="95" w="121" /><ent r="4" t="206" w="1138" /><ent r="3" t="221" w="110" /></phr></stem><stem n="banner"><phr n="banner"><ent r="4" t="95" w="124" /></phr></stem><stem n="&quot;palett"><phr n="&quot;Palette"><ent r="4" t="95" w="125" /></phr></stem><stem n=":flatten"><phr n=":flatten"><ent r="100" t="96" w="11" /></phr></stem><stem n="histori"><phr n="history"><ent r="4" t="96" w="90" /><ent r="3" t="96" w="109" /></phr></stem><stem n="ye"><phr n="Yes"><ent r="4" t="96" w="98" /><ent r="5" t="104" w="74" /><ent r="5" t="203" w="2370" /><ent r="4" t="204" w="1457" /><ent r="4" t="204" w="1473" /><ent r="5" t="205" w="1343" /><ent r="5" t="208" w="1122" /><ent r="5" t="238" w="199" /><ent r="5" t="238" w="281" /><ent r="5" t="238" w="349" /></phr></stem><stem n="&quot;up&quot;"><phr n="&quot;up&quot;"><ent r="4" t="97" w="105" /></phr></stem><stem n="reorient"><phr n="reoriented"><ent r="3" t="97" w="149" /><ent r="3" t="199" w="27" /></phr></stem><stem n="(gcp)"><phr n="(GCP)"><ent r="3" t="98" w="12" /><ent r="3" t="99" w="16" /><ent r="3" t="242" w="161" /></phr></stem><stem n="univers"><phr n="Universal"><ent r="5" t="98" w="29" /><ent r="4" t="99" w="248" /><ent r="3" t="136" w="84" /><ent r="4" t="179" w="176" /><ent r="7" t="240" w="79" /></phr></stem><stem n="transvers"><phr n="Transverse"><ent r="5" t="98" w="30" /><ent r="4" t="99" w="249" /><ent r="3" t="136" w="85" /><ent r="4" t="179" w="177" /><ent r="7" t="240" w="80" /></phr></stem><stem n="mercat"><phr n="Mercator"><ent r="5" t="98" w="31" /><ent r="4" t="99" w="250" /><ent r="3" t="136" w="86" /><ent r="4" t="179" w="178" /><ent r="7" t="240" w="81" /></phr></stem><stem n="militari"><phr n="Military"><ent r="5" t="98" w="37" /><ent r="4" t="99" w="255" /><ent r="3" t="136" w="89" /><ent r="4" t="179" w="183" /><ent r="7" t="240" w="86" /></phr></stem><stem n="refer"><phr n="Reference"><ent r="5" t="98" w="39" /><ent r="4" t="99" w="257" /><ent r="3" t="136" w="91" /><ent r="4" t="179" w="185" /><ent r="4" t="204" w="1402" /><ent r="3" t="204" w="1417" /><ent r="7" t="204" w="1694" /><ent r="7" t="204" w="1697" /><ent r="7" t="240" w="88" /></phr><phr n="reference"><ent r="3" t="100" w="20" /><ent r="4" t="108" w="158" /><ent r="3" t="109" w="34" /><ent r="3" t="180" w="57" /><ent r="3" t="219" w="88" /><ent r="3" t="242" w="221" /><ent r="3" t="242" w="294" /></phr><phr n="referred"><ent r="4" t="205" w="442" /></phr><phr n="Refers"><ent r="7" t="220" w="126" /><ent r="7" t="220" w="164" /><ent r="7" t="220" w="287" /><ent r="7" t="220" w="311" /></phr><phr n="Refer"><ent r="7" t="220" w="385" /></phr></stem><stem n="flag"><phr n="flagged"><ent r="3" t="98" w="47" /></phr></stem><stem n="“x”"><phr n="“X”"><ent r="3" t="98" w="59" /><ent r="4" t="203" w="782" /></phr><phr n="“x”"><ent r="4" t="210" w="1198" /><ent r="3" t="242" w="412" /></phr></stem><stem n="chosen"><phr n="chosen"><ent r="3" t="99" w="275" /><ent r="3" t="203" w="1822" /></phr></stem><stem n="deriv"><phr n="derived"><ent r="4" t="100" w="34" /><ent r="4" t="210" w="59" /><ent r="4" t="210" w="169" /><ent r="4" t="210" w="177" /><ent r="4" t="210" w="191" /><ent r="4" t="210" w="216" /></phr><phr n="deriving"><ent r="3" t="106" w="158" /><ent r="3" t="210" w="33" /></phr><phr n="Derive"><ent r="64" t="158" w="116" /><ent r="64" t="159" w="214" /><ent r="1000" t="160" w="1" /><ent r="102" t="160" w="12" /><ent r="3" t="160" w="16" /><ent r="4" t="160" w="95" /><ent r="64" t="162" w="98" /><ent r="5" t="196" w="187" /><ent r="4" t="206" w="1052" /><ent r="4" t="210" w="53" /><ent r="92" t="210" w="499" /><ent r="82" t="210" w="659" /><ent r="5" t="210" w="675" /></phr><phr n="derive"><ent r="100" t="160" w="6" /><ent r="100" t="160" w="8" /><ent r="4" t="160" w="85" /><ent r="3" t="204" w="383" /><ent r="3" t="204" w="2748" /><ent r="3" t="210" w="1217" /><ent r="3" t="244" w="617" /></phr></stem><stem n="you'r"><phr n="you're"><ent r="3" t="101" w="30" /><ent r="3" t="101" w="29" /><ent r="3" t="106" w="466" /><ent r="3" t="106" w="465" /><ent r="4" t="118" w="362" /><ent r="4" t="118" w="361" /><ent r="3" t="126" w="21" /><ent r="3" t="126" w="20" /><ent r="3" t="126" w="54" /><ent r="3" t="126" w="53" /><ent r="4" t="181" w="122" /><ent r="4" t="181" w="121" /><ent r="4" t="185" w="282" /><ent r="4" t="185" w="281" /><ent r="4" t="185" w="607" /><ent r="4" t="185" w="606" /><ent r="4" t="186" w="341" /><ent r="4" t="186" w="340" /><ent r="4" t="187" w="257" /><ent r="4" t="187" w="256" /><ent r="4" t="187" w="582" /><ent r="4" t="187" w="581" /><ent r="4" t="198" w="193" /><ent r="4" t="198" w="192" /><ent r="3" t="204" w="1544" /><ent r="3" t="204" w="1543" /></phr></stem><stem n="rather"><phr n="rather"><ent r="3" t="101" w="32" /><ent r="3" t="143" w="421" /><ent r="6" t="212" w="1320" /></phr></stem><stem n="have"><phr n="having"><ent r="3" t="101" w="34" /></phr></stem><stem n="placement"><phr n="placement"><ent r="3" t="101" w="49" /><ent r="3" t="105" w="34" /><ent r="4" t="172" w="268" /></phr></stem><stem n="power"><phr n="powerful"><ent r="3" t="101" w="66" /></phr><phr n="power"><ent r="3" t="218" w="53" /></phr></stem><stem n="15"><phr n="15"><ent r="3" t="101" w="116" /><ent r="3" t="105" w="59" /><ent r="4" t="106" w="687" /><ent r="4" t="191" w="466" /><ent r="3" t="191" w="617" /><ent r="3" t="201" w="148" /><ent r="7" t="220" w="274" /></phr></stem><stem n="interv"><phr n="interval"><ent r="3" t="101" w="122" /><ent r="3" t="105" w="65" /><ent r="4" t="106" w="672" /></phr></stem><stem n="etc"><phr n="etc"><ent r="3" t="102" w="169" /><ent r="3" t="210" w="947" /><ent r="7" t="220" w="321" /><ent r="6" t="236" w="442" /><ent r="3" t="237" w="26" /></phr></stem><stem n="-and-drop"><phr n="-and-drop"><ent r="3" t="102" w="218" /><ent r="3" t="102" w="219" /></phr></stem><stem n="drag-and"><phr n="drag-and"><ent r="3" t="102" w="218" /><ent r="3" t="102" w="236" /><ent r="3" t="154" w="36" /></phr></stem><stem n="drag-and-drop"><phr n="drag-and-drop"><ent r="3" t="102" w="218" /><ent r="3" t="102" w="236" /><ent r="3" t="154" w="36" /></phr></stem><stem n="and-drop"><phr n="and-drop"><ent r="3" t="102" w="219" /><ent r="3" t="102" w="237" /><ent r="3" t="154" w="37" /></phr></stem><stem n="-and-drop."><phr n="-and-drop."><ent r="3" t="102" w="239" /><ent r="3" t="102" w="240" /></phr></stem><stem n=":session"><phr n=":session"><ent r="100" t="103" w="13" /><ent r="100" t="105" w="13" /></phr></stem><stem n="previous"><phr n="previously"><ent r="3" t="103" w="21" /><ent r="3" t="136" w="112" /><ent r="4" t="205" w="1299" /><ent r="4" t="212" w="70" /><ent r="3" t="212" w="1378" /><ent r="3" t="212" w="1629" /></phr></stem><stem n="platform"><phr n="platform"><ent r="3" t="103" w="42" /></phr><phr n="platforms"><ent r="3" t="184" w="246" /></phr></stem><stem n=":save"><phr n=":save"><ent r="100" t="105" w="10" /><ent r="100" t="127" w="9" /><ent r="100" t="148" w="9" /><ent r="100" t="163" w="6" /></phr></stem><stem n="opticks.sess"><phr n="Opticks.session"><ent r="4" t="105" w="127" /><ent r="4" t="105" w="126" /></phr></stem><stem n="opticks.session."><phr n="Opticks.session."><ent r="4" t="105" w="127" /><ent r="4" t="105" w="126" /></phr></stem><stem n=".session."><phr n=".session."><ent r="4" t="105" w="128" /></phr></stem><stem n="&quot;.session.&quot;"><phr n="&quot;.session.&quot;"><ent r="4" t="105" w="217" /></phr></stem><stem n="layout"><phr n="Layout"><ent r="3" t="106" w="164" /><ent r="3" t="151" w="221" /><ent r="3" t="158" w="61" /><ent r="3" t="158" w="69" /><ent r="4" t="159" w="43" /><ent r="3" t="159" w="202" /><ent r="3" t="160" w="91" /><ent r="3" t="161" w="26" /><ent r="4" t="161" w="42" /><ent r="3" t="162" w="37" /><ent r="5" t="162" w="76" /><ent r="5" t="163" w="46" /><ent r="4" t="164" w="44" /><ent r="4" t="174" w="57" /><ent r="92" t="174" w="873" /><ent r="3" t="174" w="877" /><ent r="3" t="174" w="911" /><ent r="3" t="178" w="40" /><ent r="4" t="210" w="113" /><ent r="4" t="210" w="120" /><ent r="5" t="210" w="272" /><ent r="5" t="210" w="670" /><ent r="5" t="210" w="721" /><ent r="5" t="210" w="880" /></phr><phr n="layout"><ent r="3" t="163" w="27" /><ent r="3" t="174" w="64" /></phr></stem><stem n="extern"><phr n="external"><ent r="3" t="106" w="189" /><ent r="3" t="106" w="268" /><ent r="3" t="155" w="20" /><ent r="3" t="155" w="64" /></phr><phr n="External"><ent r="64" t="154" w="427" /><ent r="1000" t="155" w="3" /><ent r="102" t="155" w="8" /></phr><phr n="externally"><ent r="3" t="201" w="22" /></phr></stem><stem n="invok"><phr n="invoked"><ent r="3" t="106" w="194" /></phr><phr n="invoking"><ent r="3" t="106" w="219" /></phr></stem><stem n="&lt;string&gt;"><phr n="&lt;string&gt;"><ent r="64" t="106" w="200" /></phr></stem><stem n="argument"><phr n="Arguments"><ent r="3" t="106" w="206" /><ent r="3" t="106" w="253" /></phr><phr n="arguments"><ent r="3" t="106" w="210" /></phr></stem><stem n="would"><phr n="would"><ent r="3" t="106" w="212" /><ent r="3" t="151" w="609" /><ent r="3" t="203" w="1377" /><ent r="3" t="203" w="1388" /><ent r="3" t="203" w="1400" /><ent r="3" t="211" w="990" /><ent r="3" t="242" w="537" /></phr></stem><stem n="sole"><phr n="solely"><ent r="3" t="106" w="263" /><ent r="3" t="245" w="284" /></phr></stem><stem n="mru"><phr n="MRU"><ent r="3" t="106" w="355" /><ent r="4" t="106" w="380" /></phr></stem><stem n="(mru)"><phr n="(MRU)"><ent r="3" t="106" w="356" /><ent r="4" t="106" w="381" /></phr></stem><stem n="16"><phr n="16"><ent r="3" t="106" w="396" /><ent r="3" t="205" w="1409" /><ent r="3" t="205" w="1414" /><ent r="7" t="220" w="197" /><ent r="6" t="220" w="252" /></phr></stem><stem n="asid"><phr n="aside"><ent r="3" t="106" w="400" /><ent r="4" t="206" w="1187" /></phr></stem><stem n="/redo"><phr n="/Redo"><ent r="4" t="106" w="412" /></phr></stem><stem n="undo/redo"><phr n="Undo/Redo"><ent r="4" t="106" w="412" /><ent r="4" t="106" w="411" /></phr></stem><stem n="buffer"><phr n="Buffer"><ent r="4" t="106" w="426" /><ent r="4" t="176" w="119" /></phr><phr n="buffer"><ent r="3" t="176" w="140" /></phr></stem><stem n="parallel"><phr n="parallel"><ent r="3" t="106" w="436" /><ent r="3" t="106" w="450" /><ent r="3" t="106" w="498" /></phr></stem><stem n="-thread"><phr n="-threading"><ent r="4" t="106" w="439" /><ent r="4" t="106" w="439" /></phr></stem><stem n="multi"><phr n="Multi"><ent r="4" t="106" w="439" /><ent r="5" t="192" w="92" /><ent r="3" t="192" w="121" /><ent r="3" t="207" w="214" /><ent r="3" t="208" w="204" /><ent r="3" t="208" w="1242" /><ent r="6" t="250" w="394" /><ent r="5" t="250" w="413" /><ent r="6" t="250" w="432" /><ent r="6" t="250" w="450" /><ent r="6" t="250" w="469" /><ent r="6" t="250" w="487" /><ent r="6" t="250" w="506" /><ent r="6" t="250" w="524" /><ent r="6" t="250" w="543" /><ent r="5" t="250" w="562" /><ent r="5" t="250" w="580" /><ent r="5" t="250" w="598" /><ent r="5" t="250" w="617" /><ent r="6" t="250" w="635" /><ent r="6" t="250" w="653" /><ent r="6" t="250" w="671" /><ent r="6" t="250" w="689" /><ent r="6" t="250" w="704" /></phr><phr n="multi"><ent r="3" t="192" w="165" /><ent r="3" t="207" w="192" /><ent r="3" t="207" w="204" /><ent r="3" t="208" w="182" /><ent r="3" t="208" w="194" /><ent r="3" t="208" w="1328" /></phr></stem><stem n="multi-thread"><phr n="Multi-threading"><ent r="4" t="106" w="439" /></phr></stem><stem n="thread"><phr n="threading"><ent r="4" t="106" w="440" /></phr><phr n="Threads"><ent r="4" t="106" w="476" /></phr></stem><stem n="cpu"><phr n="CPUs"><ent r="3" t="106" w="460" /><ent r="3" t="106" w="484" /><ent r="3" t="106" w="504" /></phr></stem><stem n="attach"><phr n="attached"><ent r="3" t="106" w="461" /></phr><phr n="attach"><ent r="3" t="211" w="965" /></phr></stem><stem n="worker"><phr n="Worker"><ent r="4" t="106" w="475" /></phr></stem><stem n="&quot;1,&quot;"><phr n="&quot;1,&quot;"><ent r="3" t="106" w="492" /></phr></stem><stem n="regardless"><phr n="regardless"><ent r="3" t="106" w="499" /><ent r="3" t="143" w="297" /><ent r="4" t="188" w="596" /><ent r="3" t="211" w="288" /></phr></stem><stem n="/automat"><phr n="/Automatically"><ent r="4" t="106" w="511" /></phr></stem><stem n="dialog/automat"><phr n="Dialog/Automatically"><ent r="4" t="106" w="511" /><ent r="4" t="106" w="510" /></phr></stem><stem n="success"><phr n="successful"><ent r="3" t="106" w="521" /><ent r="3" t="141" w="31" /></phr><phr n="success"><ent r="3" t="128" w="115" /></phr></stem><stem n="altern"><phr n="Alternate"><ent r="4" t="106" w="551" /><ent r="4" t="106" w="586" /></phr><phr n="alternative"><ent r="3" t="218" w="40" /></phr></stem><stem n="awai"><phr n="away"><ent r="3" t="106" w="574" /><ent r="3" t="106" w="607" /><ent r="4" t="199" w="280" /></phr></stem><stem n="commerci"><phr n="commercial"><ent r="3" t="106" w="619" /></phr></stem><stem n="-save"><phr n="-Save"><ent r="5" t="106" w="656" /><ent r="5" t="106" w="656" /><ent r="4" t="106" w="677" /><ent r="4" t="106" w="677" /></phr></stem><stem n="auto-sav"><phr n="Auto-Save"><ent r="5" t="106" w="656" /><ent r="4" t="106" w="677" /></phr></stem><stem n="build"><phr n="building"><ent r="3" t="107" w="23" /><ent r="4" t="206" w="543" /><ent r="4" t="206" w="547" /><ent r="4" t="206" w="993" /></phr><phr n="build"><ent r="3" t="141" w="29" /></phr><phr n="Build"><ent r="4" t="192" w="143" /><ent r="4" t="218" w="92" /></phr><phr n="Building"><ent r="3" t="205" w="790" /></phr></stem><stem n="scroll"><phr n="scroll"><ent r="3" t="108" w="84" /><ent r="3" t="143" w="395" /><ent r="3" t="203" w="906" /><ent r="3" t="206" w="1697" /></phr><phr n="Scroll"><ent r="4" t="176" w="118" /><ent r="4" t="210" w="755" /></phr><phr n="scrolling"><ent r="3" t="176" w="129" /></phr></stem><stem n="offset"><phr n="offset"><ent r="4" t="108" w="164" /><ent r="7" t="220" w="124" /><ent r="3" t="220" w="713" /></phr></stem><stem n="mission"><phr n="mission"><ent r="4" t="108" w="173" /><ent r="3" t="109" w="44" /><ent r="3" t="109" w="54" /><ent r="3" t="180" w="59" /><ent r="3" t="202" w="158" /></phr><phr n="Mission"><ent r="82" t="202" w="105" /></phr></stem><stem n="confid"><phr n="confidence"><ent r="4" t="108" w="177" /></phr></stem><stem n="phi"><phr n="phi"><ent r="4" t="108" w="179" /></phr></stem><stem n="integ"><phr n="integers"><ent r="4" t="108" w="184" /><ent r="4" t="188" w="595" /><ent r="3" t="191" w="143" /></phr><phr n="integer"><ent r="3" t="184" w="104" /><ent r="7" t="220" w="200" /><ent r="7" t="220" w="207" /><ent r="6" t="220" w="255" /><ent r="6" t="220" w="262" /><ent r="6" t="220" w="268" /><ent r="7" t="220" w="279" /><ent r="7" t="220" w="333" /><ent r="7" t="220" w="335" /><ent r="4" t="224" w="73" /><ent r="4" t="224" w="79" /><ent r="4" t="224" w="85" /><ent r="4" t="224" w="91" /><ent r="4" t="224" w="97" /><ent r="4" t="224" w="103" /><ent r="3" t="224" w="118" /><ent r="3" t="224" w="122" /><ent r="3" t="224" w="126" /><ent r="3" t="224" w="131" /><ent r="3" t="224" w="146" /><ent r="3" t="224" w="150" /></phr><phr n="Integer"><ent r="3" t="191" w="144" /></phr></stem><stem n="whole"><phr n="whole"><ent r="4" t="108" w="316" /><ent r="3" t="208" w="807" /></phr></stem><stem n=":delet"><phr n=":delete"><ent r="100" t="109" w="7" /><ent r="100" t="167" w="8" /></phr></stem><stem n="rectangular"><phr n="rectangular"><ent r="3" t="109" w="27" /><ent r="4" t="109" w="83" /><ent r="4" t="117" w="83" /><ent r="3" t="184" w="68" /><ent r="4" t="200" w="41" /><ent r="4" t="200" w="78" /><ent r="4" t="200" w="108" /><ent r="4" t="200" w="144" /><ent r="4" t="204" w="2924" /><ent r="4" t="206" w="546" /><ent r="4" t="206" w="992" /><ent r="4" t="206" w="1261" /></phr></stem><stem n="monitor"><phr n="monitor"><ent r="3" t="110" w="71" /></phr></stem><stem n="grai"><phr n="gray"><ent r="4" t="110" w="80" /><ent r="4" t="110" w="163" /><ent r="4" t="110" w="263" /><ent r="3" t="112" w="94" /><ent r="3" t="120" w="77" /><ent r="3" t="127" w="66" /><ent r="3" t="203" w="1292" /><ent r="3" t="203" w="1402" /><ent r="7" t="220" w="473" /><ent r="5" t="234" w="268" /></phr><phr n="grayed"><ent r="3" t="130" w="113" /></phr><phr n="Gray"><ent r="4" t="203" w="2007" /></phr></stem><stem n="recov"><phr n="recover"><ent r="3" t="110" w="239" /></phr></stem><stem n="(it"><phr n="(it"><ent r="4" t="111" w="62" /><ent r="3" t="116" w="87" /><ent r="4" t="117" w="197" /><ent r="4" t="117" w="304" /><ent r="4" t="118" w="68" /><ent r="3" t="119" w="112" /><ent r="4" t="120" w="52" /><ent r="4" t="123" w="51" /></phr><phr n="(It"><ent r="4" t="214" w="44" /></phr></stem><stem n="major"><phr n="Major"><ent r="4" t="111" w="123" /><ent r="4" t="111" w="125" /></phr><phr n="major"><ent r="3" t="111" w="136" /></phr></stem><stem n="minor"><phr n="Minor"><ent r="4" t="111" w="127" /><ent r="4" t="111" w="130" /></phr><phr n="minor"><ent r="3" t="111" w="142" /></phr></stem><stem n="intens"><phr n="intensity"><ent r="3" t="112" w="25" /><ent r="3" t="112" w="40" /><ent r="3" t="203" w="154" /><ent r="3" t="203" w="158" /><ent r="3" t="203" w="172" /></phr><phr n="intensities"><ent r="4" t="203" w="1133" /></phr></stem><stem n="-axi"><phr n="-axis"><ent r="3" t="112" w="36" /><ent r="3" t="112" w="36" /><ent r="3" t="203" w="163" /><ent r="3" t="203" w="163" /><ent r="4" t="203" w="1135" /><ent r="4" t="203" w="1135" /><ent r="4" t="203" w="1148" /><ent r="4" t="203" w="1148" /><ent r="4" t="203" w="1162" /><ent r="4" t="203" w="1162" /></phr></stem><stem n="y-axi"><phr n="y-axis"><ent r="3" t="112" w="36" /><ent r="3" t="203" w="177" /><ent r="4" t="203" w="1148" /></phr></stem><stem n="axi"><phr n="axis"><ent r="3" t="112" w="37" /><ent r="3" t="112" w="46" /><ent r="5" t="116" w="182" /><ent r="5" t="135" w="517" /><ent r="4" t="135" w="529" /><ent r="5" t="172" w="869" /><ent r="4" t="172" w="876" /><ent r="4" t="172" w="888" /><ent r="3" t="203" w="164" /><ent r="3" t="203" w="178" /><ent r="4" t="203" w="1031" /><ent r="4" t="203" w="1136" /><ent r="4" t="203" w="1149" /><ent r="4" t="203" w="1163" /><ent r="7" t="220" w="538" /></phr><phr n="Axis"><ent r="5" t="116" w="157" /></phr></stem><stem n="x-axi"><phr n="x-axis"><ent r="3" t="112" w="45" /><ent r="3" t="203" w="163" /><ent r="4" t="203" w="1135" /><ent r="4" t="203" w="1162" /></phr></stem><stem n="-axis."><phr n="-axis."><ent r="3" t="112" w="47" /><ent r="3" t="112" w="47" /><ent r="3" t="203" w="179" /><ent r="3" t="203" w="179" /><ent r="4" t="203" w="1032" /><ent r="4" t="203" w="1032" /></phr></stem><stem n="edg"><phr n="edge"><ent r="3" t="112" w="169" /><ent r="3" t="114" w="60" /><ent r="6" t="189" w="211" /><ent r="6" t="189" w="220" /><ent r="3" t="203" w="1335" /><ent r="3" t="203" w="1339" /><ent r="4" t="203" w="1412" /><ent r="4" t="203" w="1422" /></phr><phr n="edges"><ent r="5" t="172" w="829" /><ent r="4" t="172" w="836" /><ent r="4" t="172" w="847" /><ent r="4" t="200" w="89" /><ent r="4" t="200" w="119" /></phr></stem><stem n=":stretch"><phr n=":stretch"><ent r="100" t="114" w="6" /></phr></stem><stem n="(weaker)"><phr n="(weaker)"><ent r="5" t="114" w="165" /><ent r="5" t="114" w="196" /></phr></stem><stem n="visibl"><phr n="visible"><ent r="4" t="115" w="81" /><ent r="3" t="115" w="91" /><ent r="3" t="196" w="214" /><ent r="4" t="196" w="269" /><ent r="3" t="204" w="308" /><ent r="4" t="206" w="554" /><ent r="3" t="211" w="268" /><ent r="3" t="211" w="296" /></phr></stem><stem n="slightli"><phr n="slightly"><ent r="3" t="115" w="123" /><ent r="3" t="188" w="213" /><ent r="4" t="188" w="781" /><ent r="3" t="203" w="1690" /></phr></stem><stem n="ax"><phr n="axes"><ent r="5" t="116" w="176" /><ent r="7" t="116" w="316" /></phr><phr n="Axes"><ent r="7" t="116" w="311" /><ent r="5" t="203" w="1789" /><ent r="3" t="203" w="1819" /></phr></stem><stem n="legend"><phr n="Legend"><ent r="5" t="116" w="254" /><ent r="5" t="234" w="189" /></phr><phr n="legend"><ent r="5" t="116" w="261" /><ent r="3" t="204" w="427" /></phr></stem><stem n="rescal"><phr n="Rescale"><ent r="7" t="116" w="310" /><ent r="5" t="203" w="1788" /><ent r="3" t="203" w="1818" /></phr><phr n="rescaled"><ent r="3" t="199" w="25" /></phr></stem><stem n="omit"><phr n="omitted"><ent r="7" t="116" w="335" /></phr></stem><stem n="synchron"><phr n="Synchronize"><ent r="5" t="116" w="394" /></phr><phr n="synchronizer"><ent r="5" t="116" w="406" /></phr></stem><stem n="-100"><phr n="-100"><ent r="7" t="116" w="551" /><ent r="7" t="116" w="551" /></phr></stem><stem n="0-100"><phr n="0-100"><ent r="7" t="116" w="551" /></phr></stem><stem n="-98"><phr n="-98"><ent r="7" t="116" w="556" /><ent r="7" t="116" w="556" /></phr></stem><stem n="2-98"><phr n="2-98"><ent r="7" t="116" w="556" /></phr></stem><stem n="98"><phr n="98"><ent r="7" t="116" w="557" /></phr></stem><stem n="-95"><phr n="-95"><ent r="7" t="116" w="561" /><ent r="7" t="116" w="561" /></phr></stem><stem n="5"><phr n="5"><ent r="7" t="116" w="561" /><ent r="6" t="168" w="82" /><ent r="6" t="168" w="84" /><ent r="6" t="168" w="142" /><ent r="6" t="168" w="144" /><ent r="5" t="185" w="221" /><ent r="5" t="185" w="241" /><ent r="5" t="187" w="196" /><ent r="5" t="187" w="216" /><ent r="3" t="191" w="154" /><ent r="3" t="191" w="164" /><ent r="3" t="191" w="252" /><ent r="5" t="204" w="1300" /><ent r="3" t="204" w="2113" /><ent r="5" t="205" w="490" /><ent r="3" t="205" w="1511" /><ent r="4" t="208" w="917" /><ent r="4" t="212" w="1202" /><ent r="4" t="212" w="1228" /><ent r="3" t="212" w="1261" /><ent r="7" t="220" w="147" /><ent r="7" t="220" w="215" /><ent r="3" t="220" w="776" /><ent r="3" t="220" w="809" /><ent r="3" t="242" w="436" /><ent r="3" t="242" w="453" /><ent r="3" t="242" w="523" /><ent r="3" t="242" w="544" /></phr></stem><stem n="5-95"><phr n="5-95"><ent r="7" t="116" w="561" /></phr></stem><stem n="95"><phr n="95"><ent r="7" t="116" w="562" /></phr></stem><stem n="b"><phr n="B"><ent r="5" t="116" w="615" /><ent r="4" t="156" w="55" /><ent r="4" t="156" w="75" /><ent r="5" t="181" w="277" /><ent r="7" t="220" w="479" /><ent r="5" t="234" w="262" /></phr></stem><stem n=":histogram"><phr n=":Histogram"><ent r="100" t="117" w="8" /><ent r="100" t="127" w="13" /><ent r="100" t="175" w="10" /></phr><phr n=":histogram"><ent r="100" t="126" w="11" /></phr></stem><stem n="/threshold"><phr n="/Threshold"><ent r="5" t="117" w="91" /></phr></stem><stem n="stretch/threshold"><phr n="Stretch/Threshold"><ent r="5" t="117" w="91" /><ent r="5" t="117" w="90" /></phr></stem></index>