﻿<?xml version="1.0" encoding="utf-8"?><index><stem n="point"><phr n="point"><ent r="6" t="3" w="43" /><ent r="6" t="3" w="55" /><ent r="6" t="3" w="63" /><ent r="6" t="7" w="119" /><ent r="7" t="8" w="108" /><ent r="7" t="10" w="74" /><ent r="7" t="10" w="92" /><ent r="3" t="21" w="185" /><ent r="4" t="38" w="122" /><ent r="4" t="38" w="142" /><ent r="7" t="51" w="108" /><ent r="7" t="51" w="170" /><ent r="3" t="72" w="12" /><ent r="3" t="73" w="26" /><ent r="4" t="73" w="194" /><ent r="3" t="73" w="200" /><ent r="3" t="73" w="222" /><ent r="4" t="73" w="246" /><ent r="4" t="73" w="284" /><ent r="4" t="73" w="301" /><ent r="4" t="73" w="318" /><ent r="3" t="74" w="61" /><ent r="3" t="98" w="58" /><ent r="3" t="138" w="208" /><ent r="3" t="148" w="36" /><ent r="3" t="151" w="648" /><ent r="4" t="155" w="269" /><ent r="4" t="155" w="302" /><ent r="3" t="156" w="31" /><ent r="3" t="156" w="36" /><ent r="3" t="156" w="62" /><ent r="3" t="156" w="80" /><ent r="4" t="156" w="194" /><ent r="3" t="156" w="208" /><ent r="4" t="156" w="226" /><ent r="4" t="156" w="250" /><ent r="4" t="156" w="263" /><ent r="3" t="162" w="156" /><ent r="4" t="162" w="2601" /><ent r="3" t="164" w="577" /><ent r="3" t="164" w="624" /><ent r="3" t="164" w="632" /><ent r="3" t="164" w="661" /><ent r="4" t="164" w="708" /><ent r="4" t="164" w="716" /><ent r="3" t="164" w="736" /><ent r="3" t="164" w="739" /><ent r="3" t="164" w="770" /><ent r="3" t="164" w="909" /><ent r="3" t="164" w="981" /><ent r="4" t="164" w="1509" /><ent r="3" t="165" w="205" /><ent r="3" t="165" w="212" /><ent r="3" t="165" w="215" /><ent r="3" t="166" w="194" /><ent r="3" t="166" w="201" /><ent r="3" t="166" w="204" /><ent r="4" t="166" w="936" /><ent r="4" t="166" w="949" /><ent r="4" t="166" w="968" /><ent r="3" t="166" w="1287" /><ent r="3" t="166" w="1290" /><ent r="7" t="171" w="104" /><ent r="7" t="171" w="139" /><ent r="7" t="177" w="213" /><ent r="7" t="177" w="221" /><ent r="7" t="177" w="349" /><ent r="100" t="212" w="152" /><ent r="3" t="212" w="159" /><ent r="3" t="212" w="446" /><ent r="6" t="217" w="48" /><ent r="6" t="217" w="61" /><ent r="6" t="217" w="73" /><ent r="6" t="217" w="86" /><ent r="6" t="217" w="98" /><ent r="6" t="217" w="111" /><ent r="6" t="217" w="123" /><ent r="6" t="217" w="136" /><ent r="6" t="217" w="147" /><ent r="6" t="217" w="159" /><ent r="6" t="217" w="292" /><ent r="6" t="217" w="311" /><ent r="6" t="217" w="329" /><ent r="6" t="217" w="348" /><ent r="6" t="217" w="366" /><ent r="6" t="217" w="385" /><ent r="6" t="217" w="403" /><ent r="6" t="217" w="422" /><ent r="6" t="217" w="440" /><ent r="6" t="217" w="458" /></phr><phr n="Point"><ent r="3" t="4" w="103" /><ent r="64" t="4" w="239" /><ent r="7" t="8" w="90" /><ent r="1000" t="10" w="2" /><ent r="100" t="10" w="6" /><ent r="100" t="10" w="11" /><ent r="102" t="10" w="14" /><ent r="4" t="10" w="21" /><ent r="4" t="10" w="30" /><ent r="3" t="10" w="48" /><ent r="7" t="10" w="65" /><ent r="7" t="10" w="112" /><ent r="7" t="10" w="120" /><ent r="68" t="10" w="125" /><ent r="4" t="21" w="141" /><ent r="4" t="21" w="143" /><ent r="4" t="22" w="154" /><ent r="5" t="38" w="111" /><ent r="5" t="38" w="207" /><ent r="4" t="48" w="95" /><ent r="3" t="63" w="10" /><ent r="3" t="64" w="14" /><ent r="64" t="72" w="80" /><ent r="64" t="72" w="84" /><ent r="1000" t="73" w="2" /><ent r="100" t="73" w="6" /><ent r="102" t="73" w="10" /><ent r="3" t="73" w="15" /><ent r="3" t="73" w="56" /><ent r="3" t="73" w="98" /><ent r="64" t="73" w="105" /><ent r="3" t="73" w="111" /><ent r="4" t="73" w="126" /><ent r="3" t="73" w="132" /><ent r="3" t="74" w="20" /><ent r="65" t="74" w="69" /><ent r="6" t="81" w="136" /><ent r="64" t="130" w="55" /><ent r="1000" t="138" w="2" /><ent r="102" t="138" w="7" /><ent r="100" t="138" w="12" /><ent r="100" t="138" w="18" /><ent r="3" t="138" w="23" /><ent r="4" t="138" w="78" /><ent r="5" t="138" w="129" /><ent r="3" t="138" w="240" /><ent r="1000" t="148" w="2" /><ent r="100" t="148" w="7" /><ent r="100" t="148" w="13" /><ent r="102" t="148" w="17" /><ent r="3" t="148" w="24" /><ent r="4" t="148" w="66" /><ent r="4" t="148" w="84" /><ent r="3" t="148" w="101" /><ent r="4" t="154" w="164" /><ent r="5" t="155" w="223" /><ent r="3" t="155" w="235" /><ent r="3" t="155" w="256" /><ent r="3" t="155" w="318" /><ent r="3" t="155" w="336" /><ent r="3" t="163" w="729" /><ent r="4" t="164" w="570" /><ent r="4" t="164" w="673" /><ent r="92" t="164" w="721" /><ent r="4" t="164" w="804" /><ent r="4" t="164" w="918" /><ent r="4" t="164" w="924" /><ent r="3" t="166" w="1186" /><ent r="3" t="166" w="1201" /><ent r="3" t="166" w="1204" /></phr><phr n="points"><ent r="7" t="8" w="101" /><ent r="3" t="13" w="24" /><ent r="3" t="21" w="191" /><ent r="7" t="51" w="77" /><ent r="7" t="51" w="87" /><ent r="7" t="51" w="139" /><ent r="7" t="51" w="152" /><ent r="4" t="62" w="73" /><ent r="100" t="72" w="5" /><ent r="3" t="72" w="35" /><ent r="3" t="72" w="51" /><ent r="3" t="72" w="56" /><ent r="3" t="72" w="73" /><ent r="3" t="73" w="22" /><ent r="3" t="73" w="35" /><ent r="3" t="73" w="42" /><ent r="3" t="73" w="47" /><ent r="3" t="73" w="257" /><ent r="3" t="73" w="290" /><ent r="100" t="74" w="6" /><ent r="100" t="74" w="11" /><ent r="3" t="74" w="31" /><ent r="3" t="74" w="50" /><ent r="4" t="74" w="92" /><ent r="4" t="74" w="101" /><ent r="4" t="92" w="189" /><ent r="3" t="138" w="36" /><ent r="4" t="155" w="206" /><ent r="100" t="156" w="7" /><ent r="3" t="156" w="26" /><ent r="3" t="156" w="50" /><ent r="100" t="156" w="73" /><ent r="4" t="156" w="278" /><ent r="3" t="161" w="726" /><ent r="3" t="162" w="151" /><ent r="3" t="162" w="845" /><ent r="3" t="162" w="855" /><ent r="4" t="162" w="2804" /><ent r="3" t="164" w="753" /><ent r="3" t="165" w="191" /><ent r="3" t="165" w="193" /><ent r="3" t="165" w="222" /><ent r="3" t="165" w="304" /><ent r="3" t="166" w="181" /><ent r="3" t="166" w="183" /><ent r="3" t="166" w="211" /><ent r="3" t="166" w="291" /><ent r="3" t="166" w="793" /><ent r="3" t="166" w="805" /><ent r="3" t="166" w="817" /><ent r="7" t="171" w="73" /><ent r="7" t="171" w="86" /><ent r="7" t="171" w="118" /><ent r="7" t="171" w="153" /><ent r="5" t="171" w="223" /><ent r="5" t="171" w="238" /></phr><phr n="Points"><ent r="4" t="22" w="202" /><ent r="4" t="22" w="208" /><ent r="1000" t="72" w="2" /><ent r="102" t="72" w="8" /><ent r="64" t="72" w="89" /><ent r="1000" t="74" w="3" /><ent r="102" t="74" w="15" /><ent r="3" t="98" w="32" /><ent r="64" t="155" w="344" /><ent r="1000" t="156" w="3" /><ent r="102" t="156" w="11" /><ent r="3" t="162" w="822" /><ent r="4" t="162" w="1146" /><ent r="3" t="162" w="2785" /><ent r="4" t="164" w="91" /><ent r="4" t="164" w="553" /><ent r="3" t="165" w="197" /><ent r="3" t="166" w="187" /><ent r="93" t="212" w="148" /></phr><phr n="pointing"><ent r="3" t="62" w="132" /><ent r="4" t="162" w="2610" /></phr></stem><stem n="drag"><phr n="dragging"><ent r="6" t="3" w="45" /><ent r="6" t="7" w="245" /><ent r="7" t="11" w="149" /><ent r="3" t="77" w="167" /><ent r="3" t="79" w="71" /><ent r="4" t="165" w="1041" /><ent r="4" t="166" w="1172" /><ent r="4" t="168" w="1254" /><ent r="3" t="169" w="920" /></phr><phr n="drag"><ent r="6" t="14" w="335" /><ent r="3" t="19" w="114" /><ent r="3" t="40" w="89" /><ent r="3" t="59" w="102" /><ent r="3" t="67" w="239" /><ent r="3" t="67" w="257" /><ent r="3" t="103" w="367" /><ent r="3" t="103" w="376" /><ent r="3" t="112" w="172" /><ent r="3" t="112" w="209" /><ent r="3" t="112" w="248" /><ent r="4" t="113" w="65" /><ent r="4" t="114" w="66" /><ent r="3" t="161" w="635" /><ent r="3" t="161" w="968" /><ent r="4" t="161" w="1382" /><ent r="4" t="161" w="2194" /><ent r="4" t="162" w="1744" /><ent r="4" t="162" w="2597" /><ent r="4" t="163" w="554" /><ent r="4" t="163" w="883" /><ent r="3" t="167" w="1125" /><ent r="4" t="168" w="687" /><ent r="3" t="168" w="858" /><ent r="4" t="168" w="937" /></phr><phr n="Drag"><ent r="4" t="200" w="92" /></phr></stem><stem n="wheel"><phr n="Wheel"><ent r="6" t="3" w="49" /><ent r="6" t="3" w="57" /></phr><phr n="wheel"><ent r="3" t="42" w="356" /><ent r="3" t="161" w="873" /></phr></stem><stem n="up"><phr n="up"><ent r="6" t="3" w="50" /><ent r="100" t="62" w="6" /><ent r="4" t="62" w="84" /><ent r="4" t="86" w="139" /><ent r="3" t="99" w="30" /><ent r="4" t="126" w="431" /><ent r="4" t="161" w="1680" /><ent r="4" t="161" w="2025" /><ent r="3" t="162" w="2777" /><ent r="3" t="164" w="1403" /><ent r="3" t="165" w="299" /><ent r="4" t="165" w="989" /><ent r="4" t="169" w="1338" /><ent r="4" t="186" w="580" /><ent r="4" t="186" w="606" /><ent r="3" t="196" w="154" /><ent r="3" t="198" w="158" /><ent r="5" t="202" w="102" /></phr><phr n="Up"><ent r="6" t="14" w="241" /><ent r="64" t="16" w="36" /><ent r="3" t="56" w="146" /><ent r="1000" t="62" w="2" /><ent r="102" t="62" w="10" /><ent r="3" t="62" w="14" /><ent r="5" t="62" w="97" /><ent r="4" t="62" w="104" /><ent r="3" t="73" w="74" /><ent r="4" t="168" w="1515" /><ent r="4" t="168" w="1600" /></phr></stem><stem n="out"><phr n="out"><ent r="6" t="3" w="53" /><ent r="6" t="7" w="29" /><ent r="6" t="7" w="49" /><ent r="3" t="38" w="20" /><ent r="4" t="38" w="94" /><ent r="4" t="38" w="119" /><ent r="3" t="42" w="352" /><ent r="3" t="50" w="271" /><ent r="3" t="92" w="114" /><ent r="4" t="97" w="541" /><ent r="5" t="104" w="193" /><ent r="3" t="115" w="285" /><ent r="3" t="161" w="124" /><ent r="4" t="161" w="905" /><ent r="4" t="162" w="2427" /><ent r="3" t="165" w="747" /><ent r="4" t="169" w="1716" /><ent r="3" t="202" w="20" /><ent r="5" t="202" w="349" /><ent r="7" t="216" w="103" /></phr><phr n="Out"><ent r="4" t="38" w="109" /><ent r="4" t="38" w="134" /><ent r="5" t="97" w="535" /><ent r="4" t="139" w="291" /><ent r="4" t="159" w="321" /><ent r="4" t="161" w="851" /><ent r="4" t="161" w="896" /><ent r="3" t="162" w="2872" /><ent r="7" t="216" w="100" /></phr></stem><stem n="dynam"><phr n="dynamic"><ent r="6" t="3" w="72" /><ent r="3" t="97" w="174" /></phr><phr n="Dynamic"><ent r="92" t="97" w="164" /><ent r="5" t="136" w="199" /><ent r="92" t="144" w="571" /><ent r="5" t="144" w="576" /><ent r="92" t="149" w="720" /><ent r="5" t="149" w="725" /></phr><phr n="dynamically"><ent r="4" t="144" w="584" /><ent r="4" t="149" w="733" /></phr></stem><stem n="inset"><phr n="inset"><ent r="6" t="3" w="73" /><ent r="3" t="97" w="175" /><ent r="5" t="202" w="340" /><ent r="5" t="202" w="369" /></phr><phr n="Inset"><ent r="92" t="97" w="165" /></phr></stem><stem n="(the"><phr n="(the"><ent r="6" t="3" w="74" /><ent r="6" t="14" w="483" /><ent r="3" t="151" w="276" /><ent r="4" t="161" w="1567" /><ent r="3" t="162" w="2056" /><ent r="3" t="162" w="2344" /></phr><phr n="(The"><ent r="4" t="25" w="92" /><ent r="3" t="63" w="52" /><ent r="3" t="150" w="170" /></phr></stem><stem n="zoomed-in"><phr n="zoomed-in"><ent r="6" t="3" w="75" /><ent r="3" t="161" w="695" /><ent r="3" t="161" w="710" /><ent r="3" t="161" w="1637" /></phr></stem><stem n="region"><phr n="region"><ent r="6" t="3" w="77" /><ent r="4" t="50" w="71" /><ent r="4" t="50" w="87" /><ent r="3" t="74" w="62" /><ent r="4" t="74" w="84" /><ent r="4" t="74" w="105" /><ent r="4" t="85" w="158" /><ent r="4" t="131" w="215" /><ent r="3" t="151" w="420" /><ent r="3" t="158" w="35" /><ent r="4" t="161" w="1663" /><ent r="3" t="162" w="307" /><ent r="3" t="162" w="315" /><ent r="4" t="164" w="1065" /><ent r="4" t="164" w="1069" /></phr><phr n="regions"><ent r="3" t="74" w="28" /></phr><phr n="Region"><ent r="5" t="151" w="380" /><ent r="3" t="157" w="66" /><ent r="4" t="157" w="153" /><ent r="5" t="158" w="116" /><ent r="6" t="163" w="1223" /></phr></stem><stem n="scene"><phr n="scene"><ent r="6" t="3" w="80" /><ent r="6" t="11" w="130" /><ent r="3" t="42" w="339" /><ent r="4" t="50" w="62" /><ent r="4" t="50" w="74" /><ent r="4" t="50" w="107" /><ent r="4" t="65" w="50" /><ent r="4" t="73" w="161" /><ent r="4" t="73" w="174" /><ent r="3" t="74" w="37" /><ent r="3" t="74" w="45" /><ent r="3" t="74" w="55" /><ent r="3" t="139" w="267" /><ent r="4" t="161" w="991" /><ent r="4" t="161" w="1026" /><ent r="3" t="162" w="295" /><ent r="4" t="162" w="1024" /><ent r="3" t="162" w="1868" /><ent r="4" t="165" w="1029" /><ent r="4" t="165" w="1039" /><ent r="3" t="212" w="515" /></phr><phr n="scenes"><ent r="3" t="72" w="19" /><ent r="3" t="72" w="44" /><ent r="3" t="148" w="60" /><ent r="4" t="156" w="120" /><ent r="3" t="162" w="423" /><ent r="4" t="162" w="2306" /><ent r="4" t="162" w="2316" /><ent r="4" t="164" w="1076" /></phr></stem><stem n=".)"><phr n=".)"><ent r="6" t="3" w="81" /><ent r="3" t="4" w="113" /><ent r="7" t="10" w="110" /><ent r="4" t="25" w="101" /><ent r="3" t="38" w="32" /><ent r="4" t="43" w="168" /><ent r="4" t="43" w="222" /><ent r="4" t="47" w="65" /><ent r="4" t="60" w="132" /><ent r="3" t="63" w="71" /><ent r="4" t="78" w="72" /><ent r="3" t="86" w="186" /><ent r="4" t="96" w="240" /><ent r="3" t="103" w="414" /><ent r="4" t="136" w="484" /><ent r="3" t="145" w="66" /><ent r="3" t="162" w="858" /><ent r="3" t="162" w="905" /><ent r="4" t="162" w="931" /><ent r="4" t="162" w="1051" /><ent r="4" t="162" w="1685" /><ent r="4" t="163" w="606" /><ent r="3" t="163" w="919" /><ent r="3" t="163" w="1552" /><ent r="4" t="164" w="930" /><ent r="6" t="169" w="1463" /><ent r="4" t="170" w="61" /><ent r="3" t="202" w="36" /><ent r="6" t="206" w="443" /><ent r="3" t="207" w="265" /></phr></stem><stem n="load"><phr n="load"><ent r="3" t="4" w="73" /><ent r="3" t="20" w="11" /><ent r="4" t="20" w="146" /><ent r="4" t="20" w="158" /><ent r="4" t="20" w="300" /><ent r="4" t="20" w="338" /><ent r="4" t="20" w="366" /><ent r="4" t="20" w="384" /><ent r="3" t="21" w="459" /><ent r="3" t="22" w="62" /><ent r="3" t="22" w="85" /><ent r="3" t="23" w="16" /><ent r="3" t="32" w="15" /><ent r="3" t="33" w="56" /><ent r="3" t="72" w="42" /><ent r="100" t="85" w="4" /><ent r="3" t="85" w="44" /><ent r="4" t="85" w="132" /><ent r="3" t="86" w="303" /><ent r="6" t="94" w="48" /><ent r="6" t="96" w="44" /><ent r="6" t="97" w="45" /><ent r="3" t="99" w="40" /><ent r="3" t="99" w="50" /><ent r="100" t="119" w="6" /><ent r="100" t="119" w="8" /><ent r="3" t="119" w="17" /><ent r="4" t="119" w="64" /><ent r="6" t="128" w="55" /><ent r="6" t="131" w="42" /><ent r="6" t="132" w="42" /><ent r="6" t="133" w="42" /><ent r="6" t="134" w="49" /><ent r="6" t="135" w="41" /><ent r="6" t="136" w="38" /><ent r="6" t="137" w="38" /><ent r="6" t="138" w="48" /><ent r="5" t="151" w="316" /><ent r="3" t="153" w="252" /><ent r="3" t="155" w="37" /><ent r="4" t="161" w="2367" /><ent r="3" t="162" w="803" /><ent r="3" t="163" w="146" /><ent r="4" t="163" w="592" /><ent r="4" t="166" w="1159" /><ent r="7" t="177" w="482" /><ent r="4" t="186" w="350" /><ent r="4" t="186" w="524" /><ent r="4" t="186" w="600" /><ent r="3" t="186" w="672" /><ent r="3" t="189" w="23" /><ent r="3" t="190" w="43" /><ent r="6" t="205" w="42" /></phr><phr n="loading"><ent r="3" t="18" w="158" /><ent r="3" t="60" w="35" /><ent r="6" t="80" w="261" /><ent r="3" t="85" w="29" /><ent r="5" t="149" w="245" /><ent r="3" t="151" w="551" /><ent r="4" t="163" w="605" /><ent r="3" t="165" w="328" /><ent r="3" t="165" w="335" /><ent r="3" t="166" w="315" /><ent r="3" t="166" w="322" /></phr><phr n="Loads"><ent r="5" t="20" w="54" /><ent r="4" t="20" w="132" /></phr><phr n="loads"><ent r="4" t="20" w="210" /><ent r="4" t="20" w="317" /><ent r="3" t="33" w="31" /><ent r="3" t="117" w="28" /><ent r="3" t="118" w="24" /><ent r="3" t="178" w="27" /></phr><phr n="loaded"><ent r="4" t="20" w="413" /><ent r="3" t="20" w="439" /><ent r="3" t="21" w="64" /><ent r="4" t="25" w="96" /><ent r="3" t="40" w="24" /><ent r="3" t="59" w="112" /><ent r="4" t="60" w="178" /><ent r="3" t="67" w="220" /><ent r="3" t="67" w="368" /><ent r="3" t="67" w="395" /><ent r="3" t="68" w="116" /><ent r="4" t="85" w="112" /><ent r="6" t="94" w="61" /><ent r="6" t="96" w="57" /><ent r="6" t="97" w="58" /><ent r="6" t="99" w="17" /><ent r="3" t="101" w="41" /><ent r="3" t="103" w="115" /><ent r="6" t="128" w="68" /><ent r="6" t="131" w="55" /><ent r="6" t="132" w="55" /><ent r="6" t="133" w="55" /><ent r="6" t="134" w="62" /><ent r="6" t="135" w="54" /><ent r="6" t="136" w="51" /><ent r="6" t="137" w="51" /><ent r="6" t="138" w="61" /><ent r="3" t="145" w="58" /><ent r="3" t="151" w="451" /><ent r="3" t="151" w="537" /><ent r="4" t="161" w="2069" /><ent r="4" t="162" w="705" /><ent r="4" t="163" w="446" /><ent r="5" t="163" w="1171" /><ent r="4" t="164" w="426" /><ent r="3" t="165" w="380" /><ent r="4" t="165" w="910" /><ent r="4" t="165" w="985" /><ent r="3" t="166" w="366" /><ent r="4" t="167" w="184" /><ent r="3" t="167" w="1049" /><ent r="3" t="167" w="1060" /><ent r="3" t="176" w="100" /><ent r="3" t="176" w="161" /><ent r="3" t="178" w="145" /><ent r="3" t="178" w="154" /><ent r="3" t="186" w="209" /><ent r="3" t="186" w="248" /><ent r="4" t="186" w="464" /><ent r="4" t="186" w="618" /><ent r="3" t="190" w="108" /><ent r="3" t="190" w="127" /><ent r="6" t="205" w="55" /><ent r="3" t="210" w="52" /></phr><phr n="Load"><ent r="5" t="85" w="102" /><ent r="4" t="86" w="311" /><ent r="64" t="116" w="120" /><ent r="64" t="117" w="218" /><ent r="64" t="118" w="111" /><ent r="1000" t="119" w="1" /><ent r="102" t="119" w="11" /><ent r="5" t="119" w="46" /><ent r="4" t="119" w="52" /><ent r="64" t="120" w="102" /><ent r="64" t="121" w="83" /><ent r="6" t="151" w="308" /><ent r="92" t="153" w="246" /><ent r="5" t="153" w="289" /><ent r="6" t="163" w="1079" /><ent r="6" t="163" w="1085" /><ent r="4" t="164" w="86" /><ent r="4" t="166" w="68" /><ent r="92" t="166" w="1146" /><ent r="92" t="190" w="16" /></phr><phr n="Loaded"><ent r="82" t="176" w="150" /><ent r="92" t="190" w="92" /></phr></stem><stem n="follow"><phr n="following"><ent r="3" t="4" w="87" /><ent r="3" t="20" w="45" /><ent r="3" t="21" w="136" /><ent r="3" t="22" w="17" /><ent r="3" t="22" w="87" /><ent r="3" t="22" w="116" /><ent r="3" t="25" w="18" /><ent r="3" t="28" w="18" /><ent r="4" t="46" w="51" /><ent r="4" t="48" w="84" /><ent r="3" t="71" w="348" /><ent r="3" t="73" w="144" /><ent r="3" t="75" w="23" /><ent r="3" t="93" w="11" /><ent r="3" t="110" w="21" /><ent r="3" t="112" w="623" /><ent r="3" t="115" w="36" /><ent r="5" t="126" w="277" /><ent r="3" t="152" w="40" /><ent r="3" t="159" w="96" /><ent r="4" t="159" w="311" /><ent r="3" t="161" w="53" /><ent r="4" t="161" w="2001" /><ent r="3" t="162" w="92" /><ent r="3" t="162" w="1525" /><ent r="3" t="162" w="2088" /><ent r="3" t="163" w="89" /><ent r="3" t="163" w="832" /><ent r="3" t="163" w="1559" /><ent r="3" t="164" w="72" /><ent r="4" t="164" w="351" /><ent r="4" t="164" w="815" /><ent r="3" t="165" w="58" /><ent r="4" t="165" w="924" /><ent r="3" t="166" w="50" /><ent r="3" t="167" w="50" /><ent r="3" t="168" w="1732" /><ent r="3" t="169" w="144" /><ent r="4" t="169" w="1368" /><ent r="3" t="213" w="34" /><ent r="3" t="214" w="37" /><ent r="3" t="215" w="34" /><ent r="3" t="216" w="12" /></phr><phr n="follow"><ent r="5" t="20" w="60" /><ent r="3" t="167" w="1176" /><ent r="3" t="168" w="1763" /><ent r="3" t="178" w="33" /></phr><phr n="Follow"><ent r="3" t="30" w="16" /><ent r="3" t="68" w="15" /><ent r="3" t="69" w="23" /><ent r="3" t="70" w="15" /><ent r="3" t="75" w="15" /><ent r="3" t="76" w="15" /><ent r="3" t="111" w="166" /><ent r="3" t="111" w="335" /></phr><phr n="followed"><ent r="4" t="65" w="62" /></phr><phr n="follows"><ent r="4" t="111" w="251" /><ent r="3" t="111" w="311" /><ent r="4" t="111" w="394" /><ent r="3" t="111" w="443" /><ent r="4" t="111" w="533" /><ent r="3" t="111" w="591" /><ent r="3" t="112" w="354" /><ent r="3" t="162" w="1871" /><ent r="4" t="166" w="675" /><ent r="3" t="168" w="1627" /></phr><phr n="Following"><ent r="3" t="160" w="215" /></phr></stem><stem n="aoi"><phr n="AOI"><ent r="3" t="4" w="98" /><ent r="64" t="4" w="232" /><ent r="1000" t="8" w="1" /><ent r="100" t="8" w="4" /><ent r="100" t="8" w="8" /><ent r="102" t="8" w="10" /><ent r="3" t="8" w="14" /><ent r="3" t="8" w="25" /><ent r="3" t="8" w="30" /><ent r="7" t="8" w="57" /><ent r="7" t="8" w="62" /><ent r="7" t="8" w="67" /><ent r="7" t="8" w="73" /><ent r="7" t="8" w="78" /><ent r="7" t="8" w="85" /><ent r="7" t="8" w="98" /><ent r="7" t="8" w="115" /><ent r="7" t="8" w="124" /><ent r="7" t="8" w="131" /><ent r="7" t="8" w="140" /><ent r="7" t="8" w="150" /><ent r="68" t="8" w="160" /><ent r="7" t="8" w="167" /><ent r="7" t="8" w="173" /><ent r="7" t="8" w="188" /><ent r="7" t="8" w="192" /><ent r="7" t="8" w="195" /><ent r="7" t="8" w="203" /><ent r="68" t="8" w="208" /><ent r="7" t="8" w="212" /><ent r="7" t="8" w="220" /><ent r="4" t="22" w="213" /><ent r="4" t="22" w="214" /><ent r="4" t="29" w="42" /><ent r="3" t="41" w="67" /><ent r="4" t="41" w="146" /><ent r="4" t="48" w="90" /><ent r="1000" t="50" w="1" /><ent r="100" t="50" w="4" /><ent r="100" t="50" w="7" /><ent r="100" t="50" w="9" /><ent r="102" t="50" w="11" /><ent r="3" t="50" w="21" /><ent r="100" t="50" w="116" /><ent r="3" t="50" w="129" /><ent r="3" t="50" w="146" /><ent r="4" t="50" w="167" /><ent r="5" t="50" w="187" /><ent r="4" t="50" w="202" /><ent r="4" t="50" w="205" /><ent r="4" t="50" w="212" /><ent r="4" t="50" w="224" /><ent r="65" t="50" w="230" /><ent r="100" t="50" w="233" /><ent r="4" t="50" w="240" /><ent r="4" t="50" w="255" /><ent r="3" t="50" w="280" /><ent r="64" t="50" w="287" /><ent r="64" t="50" w="291" /><ent r="1000" t="51" w="1" /><ent r="100" t="51" w="10" /><ent r="102" t="51" w="15" /><ent r="3" t="51" w="21" /><ent r="3" t="51" w="33" /><ent r="3" t="51" w="38" /><ent r="64" t="51" w="46" /><ent r="3" t="51" w="56" /><ent r="100" t="52" w="7" /><ent r="65" t="52" w="33" /><ent r="3" t="52" w="43" /><ent r="5" t="52" w="126" /><ent r="4" t="52" w="134" /><ent r="1000" t="53" w="2" /><ent r="100" t="53" w="6" /><ent r="102" t="53" w="12" /><ent r="3" t="53" w="22" /><ent r="65" t="53" w="29" /><ent r="4" t="53" w="34" /><ent r="1000" t="54" w="1" /><ent r="100" t="54" w="5" /><ent r="100" t="54" w="10" /><ent r="102" t="54" w="13" /><ent r="3" t="54" w="19" /><ent r="4" t="54" w="36" /><ent r="4" t="54" w="54" /><ent r="3" t="54" w="70" /><ent r="3" t="54" w="156" /><ent r="3" t="97" w="298" /><ent r="64" t="130" w="29" /><ent r="1000" t="132" w="1" /><ent r="102" t="132" w="5" /><ent r="100" t="132" w="9" /><ent r="100" t="132" w="14" /><ent r="3" t="132" w="18" /><ent r="4" t="132" w="71" /><ent r="3" t="132" w="194" /><ent r="64" t="151" w="433" /><ent r="3" t="151" w="749" /><ent r="4" t="151" w="782" /><ent r="4" t="158" w="93" /><ent r="65" t="158" w="102" /><ent r="64" t="160" w="350" /><ent r="1000" t="163" w="3" /><ent r="100" t="163" w="9" /><ent r="102" t="163" w="20" /><ent r="3" t="163" w="57" /><ent r="3" t="163" w="75" /><ent r="3" t="163" w="82" /><ent r="4" t="163" w="108" /><ent r="3" t="163" w="132" /><ent r="3" t="163" w="141" /><ent r="64" t="163" w="184" /><ent r="92" t="163" w="663" /><ent r="4" t="163" w="668" /><ent r="5" t="163" w="694" /><ent r="4" t="163" w="700" /><ent r="4" t="163" w="706" /><ent r="4" t="163" w="713" /><ent r="3" t="163" w="721" /><ent r="3" t="163" w="739" /><ent r="4" t="163" w="750" /><ent r="4" t="163" w="751" /><ent r="4" t="163" w="763" /><ent r="4" t="163" w="782" /><ent r="92" t="163" w="829" /><ent r="3" t="163" w="842" /><ent r="4" t="163" w="857" /><ent r="4" t="163" w="861" /><ent r="4" t="163" w="865" /><ent r="4" t="163" w="871" /><ent r="4" t="163" w="886" /><ent r="4" t="163" w="889" /><ent r="5" t="163" w="907" /><ent r="4" t="163" w="922" /><ent r="4" t="163" w="929" /><ent r="4" t="163" w="959" /><ent r="4" t="163" w="965" /><ent r="5" t="163" w="1235" /><ent r="64" t="164" w="147" /><ent r="4" t="164" w="964" /><ent r="92" t="164" w="971" /><ent r="3" t="164" w="986" /><ent r="3" t="164" w="994" /><ent r="4" t="164" w="1034" /><ent r="4" t="164" w="1046" /><ent r="4" t="164" w="1050" /><ent r="4" t="164" w="1155" /><ent r="4" t="166" w="61" /><ent r="64" t="166" w="411" /><ent r="92" t="166" w="779" /><ent r="3" t="166" w="801" /><ent r="3" t="166" w="808" /><ent r="5" t="166" w="843" /><ent r="4" t="166" w="848" /><ent r="4" t="166" w="854" /><ent r="4" t="166" w="894" /><ent r="4" t="166" w="904" /><ent r="4" t="166" w="914" /><ent r="7" t="166" w="997" /><ent r="3" t="166" w="1279" /></phr><phr n="AOIs"><ent r="7" t="8" w="178" /><ent r="7" t="8" w="183" /><ent r="68" t="8" w="186" /><ent r="3" t="50" w="122" /><ent r="1000" t="52" w="2" /><ent r="100" t="52" w="5" /><ent r="102" t="52" w="11" /><ent r="4" t="52" w="15" /><ent r="4" t="52" w="24" /><ent r="3" t="52" w="28" /><ent r="4" t="52" w="39" /><ent r="4" t="52" w="53" /><ent r="4" t="52" w="72" /><ent r="3" t="52" w="103" /><ent r="3" t="52" w="120" /><ent r="3" t="90" w="38" /><ent r="3" t="132" w="30" /><ent r="3" t="163" w="115" /><ent r="3" t="163" w="126" /><ent r="3" t="163" w="144" /><ent r="3" t="163" w="148" /><ent r="3" t="163" w="1585" /><ent r="3" t="166" w="782" /><ent r="3" t="166" w="789" /><ent r="3" t="166" w="1245" /><ent r="3" t="166" w="1266" /><ent r="4" t="167" w="206" /></phr><phr n="Aoi"><ent r="5" t="132" w="121" /></phr></stem><stem n="geo"><phr n="Geo"><ent r="3" t="4" w="100" /><ent r="64" t="4" w="235" /><ent r="1000" t="9" w="1" /><ent r="100" t="9" w="4" /><ent r="100" t="9" w="8" /><ent r="102" t="9" w="10" /><ent r="7" t="9" w="24" /><ent r="64" t="64" w="75" /><ent r="65" t="65" w="59" /><ent r="5" t="97" w="328" /><ent r="65" t="98" w="291" /><ent r="4" t="98" w="296" /><ent r="4" t="147" w="67" /><ent r="65" t="162" w="463" /><ent r="4" t="162" w="734" /><ent r="5" t="162" w="746" /><ent r="4" t="162" w="751" /><ent r="5" t="162" w="756" /><ent r="3" t="162" w="1009" /><ent r="3" t="162" w="1233" /><ent r="4" t="162" w="1622" /><ent r="5" t="162" w="1628" /><ent r="5" t="162" w="2100" /><ent r="4" t="162" w="2107" /><ent r="5" t="162" w="2923" /><ent r="64" t="165" w="422" /><ent r="4" t="165" w="681" /><ent r="5" t="165" w="692" /><ent r="4" t="165" w="697" /><ent r="5" t="165" w="701" /><ent r="64" t="166" w="408" /><ent r="3" t="166" w="722" /><ent r="4" t="166" w="726" /><ent r="4" t="168" w="1932" /></phr><phr n="geo"><ent r="4" t="97" w="334" /><ent r="4" t="97" w="344" /><ent r="3" t="161" w="734" /></phr></stem><stem n="tie"><phr n="Tie"><ent r="3" t="4" w="102" /><ent r="64" t="4" w="238" /><ent r="1000" t="10" w="1" /><ent r="100" t="10" w="5" /><ent r="100" t="10" w="10" /><ent r="102" t="10" w="13" /><ent r="4" t="10" w="20" /><ent r="4" t="10" w="29" /><ent r="3" t="10" w="47" /><ent r="7" t="10" w="64" /><ent r="7" t="10" w="111" /><ent r="7" t="10" w="119" /><ent r="68" t="10" w="124" /><ent r="4" t="22" w="153" /><ent r="4" t="22" w="207" /><ent r="4" t="48" w="94" /><ent r="1000" t="72" w="1" /><ent r="102" t="72" w="7" /><ent r="64" t="72" w="79" /><ent r="64" t="72" w="83" /><ent r="64" t="72" w="88" /><ent r="1000" t="73" w="1" /><ent r="100" t="73" w="5" /><ent r="102" t="73" w="9" /><ent r="3" t="73" w="14" /><ent r="3" t="73" w="55" /><ent r="3" t="73" w="97" /><ent r="64" t="73" w="104" /><ent r="3" t="73" w="110" /><ent r="4" t="73" w="125" /><ent r="3" t="73" w="131" /><ent r="1000" t="74" w="2" /><ent r="102" t="74" w="14" /><ent r="3" t="74" w="19" /><ent r="65" t="74" w="68" /><ent r="64" t="130" w="54" /><ent r="1000" t="138" w="1" /><ent r="102" t="138" w="6" /><ent r="100" t="138" w="11" /><ent r="100" t="138" w="17" /><ent r="3" t="138" w="22" /><ent r="4" t="138" w="77" /><ent r="5" t="138" w="128" /><ent r="3" t="138" w="239" /><ent r="1000" t="148" w="1" /><ent r="100" t="148" w="6" /><ent r="100" t="148" w="12" /><ent r="102" t="148" w="16" /><ent r="3" t="148" w="23" /><ent r="4" t="148" w="65" /><ent r="4" t="148" w="83" /><ent r="3" t="148" w="100" /><ent r="5" t="155" w="222" /><ent r="3" t="155" w="234" /><ent r="3" t="155" w="255" /><ent r="3" t="155" w="317" /><ent r="3" t="155" w="335" /><ent r="64" t="155" w="343" /><ent r="1000" t="156" w="2" /><ent r="102" t="156" w="10" /><ent r="4" t="164" w="90" /><ent r="4" t="164" w="552" /><ent r="4" t="164" w="569" /><ent r="4" t="164" w="672" /><ent r="92" t="164" w="720" /><ent r="4" t="164" w="917" /><ent r="4" t="164" w="923" /></phr><phr n="tie"><ent r="7" t="10" w="73" /><ent r="7" t="10" w="91" /><ent r="100" t="72" w="4" /><ent r="3" t="72" w="11" /><ent r="3" t="72" w="34" /><ent r="3" t="72" w="50" /><ent r="3" t="72" w="55" /><ent r="3" t="72" w="72" /><ent r="3" t="73" w="21" /><ent r="3" t="73" w="25" /><ent r="3" t="73" w="34" /><ent r="3" t="73" w="41" /><ent r="3" t="73" w="46" /><ent r="4" t="73" w="193" /><ent r="3" t="73" w="199" /><ent r="3" t="73" w="221" /><ent r="4" t="73" w="245" /><ent r="3" t="73" w="256" /><ent r="4" t="73" w="283" /><ent r="3" t="73" w="289" /><ent r="4" t="73" w="300" /><ent r="4" t="73" w="317" /><ent r="100" t="74" w="5" /><ent r="100" t="74" w="10" /><ent r="3" t="74" w="30" /><ent r="3" t="74" w="49" /><ent r="3" t="74" w="60" /><ent r="4" t="74" w="91" /><ent r="3" t="138" w="35" /><ent r="3" t="138" w="207" /><ent r="3" t="148" w="35" /><ent r="4" t="155" w="205" /><ent r="4" t="155" w="268" /><ent r="4" t="155" w="301" /><ent r="100" t="156" w="6" /><ent r="3" t="156" w="25" /><ent r="3" t="156" w="30" /><ent r="3" t="156" w="35" /><ent r="3" t="156" w="49" /><ent r="3" t="156" w="61" /><ent r="100" t="156" w="72" /><ent r="3" t="156" w="79" /><ent r="4" t="156" w="193" /><ent r="3" t="156" w="207" /><ent r="4" t="156" w="225" /><ent r="4" t="156" w="249" /><ent r="4" t="156" w="262" /><ent r="3" t="164" w="576" /><ent r="3" t="164" w="623" /><ent r="3" t="164" w="631" /><ent r="3" t="164" w="660" /><ent r="4" t="164" w="707" /><ent r="4" t="164" w="715" /><ent r="3" t="164" w="735" /><ent r="3" t="164" w="738" /><ent r="3" t="164" w="752" /><ent r="3" t="164" w="769" /><ent r="3" t="164" w="908" /><ent r="3" t="164" w="980" /><ent r="4" t="164" w="1508" /></phr></stem></index>