﻿<?xml version="1.0" encoding="utf-8"?><index><stem n="-in"><phr n="-ins"><ent r="3" t="1" w="161" /><ent r="3" t="1" w="161" /><ent r="3" t="1" w="632" /><ent r="3" t="1" w="632" /><ent r="3" t="20" w="295" /><ent r="3" t="20" w="295" /><ent r="4" t="26" w="105" /><ent r="4" t="26" w="105" /><ent r="4" t="26" w="111" /><ent r="4" t="26" w="111" /><ent r="3" t="29" w="550" /><ent r="3" t="29" w="550" /><ent r="3" t="45" w="22" /><ent r="3" t="45" w="22" /><ent r="3" t="63" w="38" /><ent r="3" t="63" w="38" /><ent r="3" t="102" w="366" /><ent r="3" t="102" w="366" /><ent r="3" t="130" w="24" /><ent r="3" t="130" w="24" /><ent r="3" t="136" w="354" /><ent r="3" t="136" w="354" /><ent r="4" t="136" w="385" /><ent r="4" t="136" w="385" /><ent r="4" t="136" w="391" /><ent r="4" t="136" w="391" /><ent r="3" t="153" w="312" /><ent r="3" t="153" w="312" /><ent r="3" t="153" w="319" /><ent r="3" t="153" w="319" /><ent r="7" t="153" w="393" /><ent r="7" t="153" w="393" /><ent r="4" t="183" w="69" /><ent r="4" t="183" w="69" /><ent r="3" t="183" w="96" /><ent r="3" t="183" w="96" /><ent r="3" t="211" w="1280" /><ent r="3" t="211" w="1280" /><ent r="3" t="212" w="1131" /><ent r="3" t="212" w="1131" /></phr><phr n="-Ins"><ent r="92" t="1" w="620" /><ent r="92" t="1" w="620" /><ent r="5" t="26" w="98" /><ent r="5" t="26" w="98" /><ent r="92" t="102" w="352" /><ent r="92" t="102" w="352" /><ent r="3" t="102" w="357" /><ent r="3" t="102" w="357" /><ent r="3" t="136" w="348" /><ent r="3" t="136" w="348" /><ent r="4" t="183" w="56" /><ent r="4" t="183" w="56" /><ent r="4" t="183" w="61" /><ent r="4" t="183" w="61" /></phr><phr n="-in"><ent r="6" t="3" w="122" /><ent r="6" t="3" w="122" /><ent r="3" t="26" w="39" /><ent r="3" t="26" w="39" /><ent r="4" t="26" w="121" /><ent r="4" t="26" w="121" /><ent r="3" t="26" w="209" /><ent r="3" t="26" w="209" /><ent r="3" t="129" w="50" /><ent r="3" t="129" w="50" /><ent r="3" t="130" w="36" /><ent r="3" t="130" w="36" /><ent r="3" t="130" w="54" /><ent r="3" t="130" w="54" /><ent r="3" t="130" w="95" /><ent r="3" t="130" w="95" /><ent r="3" t="130" w="101" /><ent r="3" t="130" w="101" /><ent r="4" t="136" w="401" /><ent r="4" t="136" w="401" /><ent r="3" t="136" w="489" /><ent r="3" t="136" w="489" /><ent r="8" t="153" w="368" /><ent r="8" t="153" w="368" /><ent r="8" t="153" w="380" /><ent r="8" t="153" w="380" /><ent r="8" t="153" w="409" /><ent r="8" t="153" w="409" /><ent r="8" t="153" w="425" /><ent r="8" t="153" w="425" /><ent r="3" t="173" w="871" /><ent r="3" t="173" w="871" /><ent r="4" t="173" w="932" /><ent r="4" t="173" w="932" /><ent r="4" t="173" w="942" /><ent r="4" t="173" w="942" /><ent r="4" t="173" w="949" /><ent r="4" t="173" w="949" /><ent r="3" t="183" w="17" /><ent r="3" t="183" w="17" /><ent r="3" t="183" w="25" /><ent r="3" t="183" w="25" /><ent r="3" t="183" w="35" /><ent r="3" t="183" w="35" /><ent r="3" t="183" w="44" /><ent r="3" t="183" w="44" /><ent r="3" t="183" w="136" /><ent r="3" t="183" w="136" /><ent r="4" t="183" w="146" /><ent r="4" t="183" w="146" /><ent r="3" t="192" w="13" /><ent r="3" t="192" w="13" /><ent r="100" t="194" w="14" /><ent r="100" t="194" w="14" /><ent r="3" t="194" w="112" /><ent r="3" t="194" w="112" /><ent r="3" t="195" w="32" /><ent r="3" t="195" w="32" /><ent r="3" t="199" w="87" /><ent r="3" t="199" w="87" /><ent r="3" t="202" w="127" /><ent r="3" t="202" w="127" /><ent r="3" t="203" w="729" /><ent r="3" t="203" w="729" /><ent r="3" t="203" w="744" /><ent r="3" t="203" w="744" /><ent r="3" t="203" w="1722" /><ent r="3" t="203" w="1722" /><ent r="100" t="206" w="13" /><ent r="100" t="206" w="13" /><ent r="4" t="211" w="205" /><ent r="4" t="211" w="205" /><ent r="92" t="211" w="487" /><ent r="92" t="211" w="487" /><ent r="3" t="211" w="514" /><ent r="3" t="211" w="514" /><ent r="3" t="244" w="108" /><ent r="3" t="244" w="108" /></phr><phr n="-In"><ent r="7" t="6" w="63" /><ent r="7" t="6" w="63" /><ent r="68" t="6" w="68" /><ent r="68" t="6" w="68" /><ent r="65" t="110" w="38" /><ent r="65" t="110" w="38" /><ent r="1000" t="130" w="2" /><ent r="1000" t="130" w="2" /><ent r="100" t="130" w="7" /><ent r="100" t="130" w="7" /><ent r="102" t="130" w="12" /><ent r="102" t="130" w="12" /><ent r="3" t="130" w="18" /><ent r="3" t="130" w="18" /><ent r="3" t="130" w="120" /><ent r="3" t="130" w="120" /><ent r="4" t="130" w="157" /><ent r="4" t="130" w="157" /><ent r="4" t="130" w="181" /><ent r="4" t="130" w="181" /><ent r="4" t="130" w="229" /><ent r="4" t="130" w="229" /><ent r="4" t="136" w="369" /><ent r="4" t="136" w="369" /><ent r="3" t="149" w="23" /><ent r="3" t="149" w="23" /><ent r="64" t="172" w="1025" /><ent r="64" t="172" w="1025" /><ent r="1000" t="183" w="1" /><ent r="1000" t="183" w="1" /><ent r="100" t="183" w="5" /><ent r="100" t="183" w="5" /><ent r="102" t="183" w="13" /><ent r="102" t="183" w="13" /><ent r="3" t="183" w="156" /><ent r="3" t="183" w="156" /><ent r="3" t="188" w="229" /><ent r="3" t="188" w="229" /><ent r="3" t="188" w="259" /><ent r="3" t="188" w="259" /><ent r="3" t="188" w="265" /><ent r="3" t="188" w="265" /><ent r="3" t="188" w="294" /><ent r="3" t="188" w="294" /><ent r="1000" t="194" w="7" /><ent r="1000" t="194" w="7" /><ent r="102" t="194" w="30" /><ent r="102" t="194" w="30" /><ent r="3" t="194" w="39" /><ent r="3" t="194" w="39" /><ent r="64" t="194" w="319" /><ent r="64" t="194" w="319" /><ent r="1000" t="195" w="7" /><ent r="1000" t="195" w="7" /><ent r="3" t="197" w="18" /><ent r="3" t="197" w="18" /><ent r="64" t="202" w="357" /><ent r="64" t="202" w="357" /><ent r="3" t="204" w="893" /><ent r="3" t="204" w="893" /><ent r="1000" t="206" w="6" /><ent r="1000" t="206" w="6" /><ent r="102" t="206" w="23" /><ent r="102" t="206" w="23" /><ent r="4" t="206" w="83" /><ent r="4" t="206" w="83" /><ent r="4" t="206" w="112" /><ent r="4" t="206" w="112" /><ent r="3" t="206" w="829" /><ent r="3" t="206" w="829" /><ent r="92" t="212" w="569" /><ent r="92" t="212" w="569" /></phr></stem><stem n="wizard"><phr n="wizards"><ent r="3" t="1" w="164" /><ent r="3" t="128" w="46" /><ent r="3" t="143" w="52" /><ent r="3" t="146" w="20" /><ent r="3" t="147" w="157" /><ent r="3" t="149" w="34" /><ent r="3" t="149" w="37" /><ent r="3" t="149" w="94" /><ent r="3" t="149" w="104" /><ent r="100" t="150" w="67" /><ent r="4" t="150" w="71" /><ent r="3" t="151" w="196" /><ent r="3" t="211" w="1707" /><ent r="3" t="212" w="113" /><ent r="3" t="212" w="127" /><ent r="3" t="212" w="133" /><ent r="3" t="212" w="1568" /><ent r="3" t="212" w="1580" /></phr><phr n="Wizard"><ent r="4" t="31" w="167" /><ent r="1000" t="143" w="3" /><ent r="100" t="143" w="8" /><ent r="100" t="143" w="12" /><ent r="100" t="143" w="16" /><ent r="100" t="143" w="22" /><ent r="100" t="143" w="26" /><ent r="100" t="143" w="28" /><ent r="100" t="143" w="31" /><ent r="102" t="143" w="37" /><ent r="3" t="143" w="41" /><ent r="100" t="143" w="72" /><ent r="3" t="143" w="79" /><ent r="100" t="143" w="82" /><ent r="4" t="143" w="102" /><ent r="3" t="143" w="107" /><ent r="3" t="143" w="118" /><ent r="100" t="143" w="128" /><ent r="92" t="143" w="134" /><ent r="100" t="143" w="143" /><ent r="100" t="143" w="226" /><ent r="92" t="143" w="230" /><ent r="3" t="143" w="235" /><ent r="64" t="143" w="257" /><ent r="92" t="143" w="262" /><ent r="100" t="143" w="266" /><ent r="3" t="143" w="275" /><ent r="64" t="143" w="311" /><ent r="92" t="143" w="315" /><ent r="64" t="143" w="459" /><ent r="100" t="143" w="463" /><ent r="92" t="143" w="467" /><ent r="3" t="143" w="471" /><ent r="64" t="143" w="492" /><ent r="64" t="143" w="495" /><ent r="64" t="143" w="501" /><ent r="92" t="143" w="506" /><ent r="100" t="143" w="510" /><ent r="100" t="143" w="515" /><ent r="3" t="143" w="519" /><ent r="64" t="143" w="553" /><ent r="64" t="143" w="562" /><ent r="64" t="143" w="566" /><ent r="64" t="143" w="570" /><ent r="64" t="143" w="574" /><ent r="1000" t="144" w="1" /><ent r="100" t="144" w="6" /><ent r="100" t="144" w="9" /><ent r="102" t="144" w="13" /><ent r="7" t="144" w="31" /><ent r="7" t="144" w="90" /><ent r="7" t="144" w="126" /><ent r="7" t="144" w="164" /><ent r="68" t="144" w="264" /><ent r="68" t="144" w="298" /><ent r="1000" t="145" w="3" /><ent r="102" t="145" w="17" /><ent r="5" t="145" w="35" /><ent r="3" t="145" w="40" /><ent r="64" t="145" w="55" /><ent r="65" t="145" w="72" /><ent r="4" t="145" w="88" /><ent r="65" t="145" w="130" /><ent r="4" t="145" w="157" /><ent r="65" t="145" w="186" /><ent r="92" t="145" w="196" /><ent r="3" t="145" w="212" /><ent r="64" t="145" w="261" /><ent r="64" t="145" w="266" /><ent r="64" t="145" w="270" /><ent r="64" t="145" w="274" /><ent r="64" t="145" w="277" /><ent r="1000" t="146" w="3" /><ent r="102" t="146" w="10" /><ent r="5" t="146" w="49" /><ent r="4" t="146" w="55" /><ent r="4" t="146" w="61" /><ent r="64" t="146" w="93" /><ent r="4" t="146" w="129" /><ent r="64" t="146" w="138" /><ent r="64" t="146" w="143" /><ent r="1000" t="147" w="3" /><ent r="102" t="147" w="13" /><ent r="4" t="147" w="29" /><ent r="92" t="147" w="63" /><ent r="92" t="147" w="66" /><ent r="5" t="147" w="85" /><ent r="4" t="147" w="91" /><ent r="92" t="147" w="109" /><ent r="64" t="147" w="137" /><ent r="4" t="147" w="168" /><ent r="64" t="147" w="194" /><ent r="1000" t="148" w="3" /><ent r="102" t="148" w="13" /><ent r="4" t="148" w="22" /><ent r="64" t="148" w="54" /><ent r="4" t="148" w="91" /><ent r="4" t="148" w="116" /><ent r="64" t="148" w="149" /><ent r="1000" t="149" w="2" /><ent r="102" t="149" w="6" /><ent r="100" t="149" w="10" /><ent r="100" t="149" w="13" /><ent r="3" t="149" w="18" /><ent r="3" t="149" w="30" /><ent r="3" t="149" w="44" /><ent r="4" t="149" w="63" /><ent r="3" t="149" w="74" /><ent r="64" t="149" w="118" /><ent r="64" t="149" w="122" /><ent r="1000" t="150" w="1" /><ent r="102" t="150" w="9" /><ent r="4" t="150" w="47" /><ent r="64" t="150" w="180" /><ent r="4" t="150" w="199" /><ent r="4" t="150" w="203" /><ent r="64" t="150" w="232" /><ent r="64" t="150" w="237" /><ent r="1000" t="151" w="1" /><ent r="102" t="151" w="13" /><ent r="3" t="151" w="22" /><ent r="4" t="151" w="120" /><ent r="3" t="151" w="147" /><ent r="4" t="151" w="228" /><ent r="4" t="151" w="369" /><ent r="4" t="151" w="508" /><ent r="1000" t="152" w="2" /><ent r="1000" t="152" w="7" /><ent r="102" t="152" w="10" /><ent r="102" t="152" w="15" /><ent r="1000" t="153" w="1" /><ent r="102" t="153" w="20" /><ent r="3" t="153" w="54" /><ent r="3" t="153" w="63" /><ent r="92" t="153" w="163" /><ent r="92" t="153" w="218" /><ent r="3" t="153" w="256" /><ent r="5" t="153" w="447" /><ent r="3" t="153" w="724" /><ent r="4" t="153" w="764" /><ent r="64" t="153" w="899" /><ent r="64" t="153" w="955" /><ent r="4" t="154" w="42" /><ent r="4" t="154" w="77" /><ent r="3" t="154" w="82" /><ent r="4" t="154" w="157" /><ent r="3" t="154" w="187" /><ent r="65" t="154" w="238" /><ent r="65" t="154" w="243" /><ent r="4" t="154" w="256" /><ent r="4" t="154" w="268" /><ent r="4" t="154" w="274" /><ent r="4" t="154" w="335" /><ent r="4" t="154" w="346" /><ent r="4" t="154" w="379" /><ent r="65" t="154" w="386" /><ent r="4" t="154" w="405" /><ent r="64" t="154" w="430" /><ent r="64" t="154" w="435" /><ent r="4" t="155" w="39" /><ent r="1000" t="156" w="2" /><ent r="102" t="156" w="14" /><ent r="64" t="156" w="17" /><ent r="64" t="156" w="168" /><ent r="64" t="156" w="203" /><ent r="64" t="156" w="237" /><ent r="1000" t="157" w="4" /><ent r="102" t="157" w="20" /><ent r="3" t="157" w="28" /><ent r="4" t="157" w="62" /><ent r="3" t="157" w="182" /><ent r="92" t="157" w="297" /><ent r="5" t="157" w="362" /><ent r="5" t="157" w="428" /><ent r="64" t="157" w="454" /><ent r="64" t="157" w="458" /><ent r="64" t="157" w="461" /><ent r="64" t="157" w="466" /><ent r="64" t="157" w="471" /><ent r="64" t="191" w="312" /><ent r="64" t="202" w="385" /><ent r="1000" t="211" w="2" /><ent r="100" t="211" w="5" /><ent r="102" t="211" w="11" /><ent r="3" t="211" w="28" /><ent r="4" t="211" w="50" /><ent r="4" t="211" w="78" /><ent r="3" t="211" w="109" /><ent r="3" t="211" w="130" /><ent r="3" t="211" w="153" /><ent r="4" t="211" w="187" /><ent r="3" t="211" w="259" /><ent r="64" t="211" w="305" /><ent r="3" t="211" w="324" /><ent r="5" t="211" w="430" /><ent r="4" t="211" w="434" /><ent r="92" t="211" w="442" /><ent r="4" t="211" w="447" /><ent r="3" t="211" w="481" /><ent r="4" t="211" w="493" /><ent r="3" t="211" w="525" /><ent r="4" t="211" w="551" /><ent r="4" t="211" w="596" /><ent r="4" t="211" w="612" /><ent r="3" t="211" w="674" /><ent r="4" t="211" w="681" /><ent r="4" t="211" w="697" /><ent r="4" t="211" w="757" /><ent r="92" t="211" w="763" /><ent r="64" t="211" w="788" /><ent r="3" t="211" w="880" /><ent r="3" t="211" w="988" /><ent r="6" t="211" w="1210" /><ent r="4" t="211" w="1239" /><ent r="4" t="211" w="1351" /><ent r="3" t="211" w="1409" /><ent r="3" t="211" w="1417" /><ent r="3" t="211" w="1587" /><ent r="3" t="211" w="1612" /><ent r="4" t="211" w="1666" /><ent r="3" t="211" w="1722" /><ent r="4" t="211" w="1748" /><ent r="92" t="211" w="1753" /><ent r="4" t="211" w="1829" /><ent r="4" t="211" w="1864" /><ent r="5" t="211" w="1897" /><ent r="3" t="211" w="1925" /><ent r="1000" t="212" w="4" /><ent r="103" t="212" w="17" /><ent r="64" t="212" w="55" /><ent r="3" t="212" w="117" /><ent r="5" t="212" w="153" /><ent r="64" t="212" w="213" /><ent r="92" t="212" w="410" /><ent r="5" t="212" w="422" /><ent r="4" t="212" w="426" /><ent r="4" t="212" w="433" /><ent r="4" t="212" w="469" /><ent r="65" t="212" w="474" /><ent r="4" t="212" w="495" /><ent r="4" t="212" w="501" /><ent r="4" t="212" w="539" /><ent r="4" t="212" w="543" /><ent r="4" t="212" w="581" /><ent r="4" t="212" w="632" /><ent r="3" t="212" w="753" /><ent r="4" t="212" w="790" /><ent r="3" t="212" w="1096" /><ent r="4" t="212" w="1215" /><ent r="92" t="212" w="1292" /><ent r="6" t="212" w="1307" /><ent r="92" t="212" w="1414" /><ent r="4" t="212" w="1424" /><ent r="1000" t="246" w="1" /><ent r="100" t="246" w="6" /><ent r="100" t="246" w="13" /><ent r="102" t="246" w="16" /><ent r="64" t="246" w="34" /><ent r="7" t="246" w="65" /><ent r="7" t="246" w="80" /><ent r="7" t="246" w="83" /><ent r="7" t="246" w="86" /><ent r="7" t="246" w="88" /><ent r="1000" t="247" w="1" /><ent r="100" t="247" w="7" /><ent r="100" t="247" w="11" /><ent r="100" t="247" w="15" /><ent r="100" t="247" w="20" /><ent r="100" t="247" w="23" /><ent r="102" t="247" w="28" /><ent r="64" t="247" w="46" /><ent r="1000" t="248" w="1" /><ent r="100" t="248" w="7" /><ent r="100" t="248" w="18" /><ent r="100" t="248" w="23" /><ent r="100" t="248" w="26" /><ent r="102" t="248" w="31" /><ent r="64" t="248" w="49" /><ent r="7" t="248" w="83" /><ent r="7" t="248" w="196" /><ent r="1000" t="249" w="1" /><ent r="100" t="249" w="20" /><ent r="100" t="249" w="23" /><ent r="102" t="249" w="28" /><ent r="64" t="249" w="46" /><ent r="7" t="249" w="90" /><ent r="68" t="249" w="166" /><ent r="68" t="249" w="204" /><ent r="64" t="250" w="24" /></phr><phr n="wizard"><ent r="4" t="31" w="173" /><ent r="64" t="106" w="201" /><ent r="3" t="128" w="60" /><ent r="3" t="143" w="114" /><ent r="100" t="143" w="140" /><ent r="3" t="143" w="155" /><ent r="3" t="143" w="163" /><ent r="3" t="143" w="167" /><ent r="3" t="143" w="248" /><ent r="100" t="143" w="271" /><ent r="3" t="143" w="307" /><ent r="3" t="143" w="319" /><ent r="3" t="143" w="331" /><ent r="3" t="143" w="338" /><ent r="3" t="143" w="446" /><ent r="3" t="143" w="455" /><ent r="3" t="143" w="475" /><ent r="3" t="143" w="529" /><ent r="3" t="143" w="549" /><ent r="7" t="144" w="27" /><ent r="7" t="144" w="39" /><ent r="7" t="144" w="54" /><ent r="7" t="144" w="59" /><ent r="7" t="144" w="64" /><ent r="7" t="144" w="73" /><ent r="7" t="144" w="159" /><ent r="5" t="144" w="232" /><ent r="7" t="144" w="242" /><ent r="7" t="144" w="259" /><ent r="7" t="144" w="276" /><ent r="7" t="144" w="293" /><ent r="100" t="145" w="7" /><ent r="100" t="145" w="10" /><ent r="100" t="145" w="12" /><ent r="65" t="145" w="61" /><ent r="4" t="145" w="67" /><ent r="4" t="145" w="99" /><ent r="4" t="145" w="117" /><ent r="4" t="145" w="139" /><ent r="4" t="145" w="150" /><ent r="4" t="145" w="170" /><ent r="100" t="145" w="191" /><ent r="3" t="145" w="209" /><ent r="3" t="145" w="224" /><ent r="3" t="145" w="235" /><ent r="3" t="145" w="248" /><ent r="100" t="146" w="5" /><ent r="100" t="146" w="14" /><ent r="3" t="146" w="31" /><ent r="4" t="146" w="110" /><ent r="4" t="146" w="122" /><ent r="100" t="147" w="6" /><ent r="100" t="147" w="8" /><ent r="3" t="147" w="22" /><ent r="4" t="147" w="26" /><ent r="4" t="147" w="42" /><ent r="4" t="147" w="55" /><ent r="65" t="147" w="97" /><ent r="3" t="147" w="118" /><ent r="3" t="147" w="175" /><ent r="3" t="147" w="184" /><ent r="100" t="148" w="6" /><ent r="100" t="148" w="8" /><ent r="3" t="148" w="18" /><ent r="4" t="148" w="68" /><ent r="4" t="148" w="85" /><ent r="4" t="148" w="110" /><ent r="3" t="148" w="129" /><ent r="4" t="148" w="141" /><ent r="100" t="150" w="5" /><ent r="3" t="150" w="14" /><ent r="4" t="150" w="81" /><ent r="4" t="150" w="99" /><ent r="3" t="150" w="108" /><ent r="3" t="150" w="121" /><ent r="4" t="150" w="126" /><ent r="4" t="150" w="152" /><ent r="3" t="150" w="192" /><ent r="100" t="151" w="7" /><ent r="100" t="151" w="9" /><ent r="3" t="151" w="29" /><ent r="4" t="151" w="83" /><ent r="3" t="151" w="126" /><ent r="3" t="151" w="139" /><ent r="3" t="151" w="153" /><ent r="3" t="151" w="172" /><ent r="4" t="151" w="233" /><ent r="65" t="151" w="271" /><ent r="4" t="151" w="324" /><ent r="3" t="151" w="339" /><ent r="4" t="151" w="374" /><ent r="65" t="151" w="413" /><ent r="4" t="151" w="422" /><ent r="3" t="151" w="456" /><ent r="3" t="151" w="470" /><ent r="3" t="151" w="492" /><ent r="4" t="151" w="513" /><ent r="65" t="151" w="549" /><ent r="3" t="152" w="19" /><ent r="3" t="152" w="30" /><ent r="3" t="152" w="49" /><ent r="3" t="152" w="57" /><ent r="3" t="152" w="78" /><ent r="100" t="153" w="6" /><ent r="100" t="153" w="10" /><ent r="100" t="153" w="14" /><ent r="100" t="153" w="17" /><ent r="3" t="153" w="24" /><ent r="3" t="153" w="32" /><ent r="3" t="153" w="45" /><ent r="3" t="153" w="48" /><ent r="3" t="153" w="73" /><ent r="100" t="153" w="96" /><ent r="100" t="153" w="100" /><ent r="3" t="153" w="144" /><ent r="3" t="153" w="170" /><ent r="3" t="153" w="227" /><ent r="3" t="153" w="292" /><ent r="3" t="153" w="309" /><ent r="8" t="153" w="416" /><ent r="3" t="153" w="462" /><ent r="3" t="153" w="630" /><ent r="3" t="153" w="636" /><ent r="3" t="153" w="684" /><ent r="3" t="153" w="837" /><ent r="3" t="153" w="848" /><ent r="3" t="153" w="851" /><ent r="3" t="153" w="872" /><ent r="3" t="153" w="922" /><ent r="3" t="153" w="935" /><ent r="100" t="154" w="20" /><ent r="3" t="154" w="121" /><ent r="4" t="154" w="175" /><ent r="4" t="154" w="234" /><ent r="100" t="156" w="6" /><ent r="100" t="156" w="9" /><ent r="3" t="156" w="125" /><ent r="3" t="156" w="186" /><ent r="3" t="156" w="216" /><ent r="3" t="156" w="232" /><ent r="100" t="157" w="12" /><ent r="100" t="157" w="25" /><ent r="3" t="157" w="98" /><ent r="3" t="157" w="111" /><ent r="4" t="157" w="116" /><ent r="4" t="157" w="142" /><ent r="3" t="157" w="190" /><ent r="3" t="157" w="200" /><ent r="3" t="157" w="235" /><ent r="3" t="157" w="258" /><ent r="3" t="157" w="303" /><ent r="3" t="157" w="315" /><ent r="3" t="157" w="337" /><ent r="4" t="157" w="356" /><ent r="3" t="157" w="393" /><ent r="3" t="157" w="403" /><ent r="4" t="157" w="422" /><ent r="3" t="191" w="563" /><ent r="3" t="196" w="169" /><ent r="4" t="198" w="317" /><ent r="4" t="198" w="356" /><ent r="3" t="199" w="91" /><ent r="4" t="199" w="393" /><ent r="4" t="199" w="398" /><ent r="3" t="206" w="594" /><ent r="4" t="206" w="604" /><ent r="4" t="206" w="880" /><ent r="4" t="206" w="970" /><ent r="3" t="206" w="1029" /><ent r="4" t="206" w="1331" /><ent r="4" t="206" w="1353" /><ent r="4" t="206" w="1396" /><ent r="3" t="206" w="1797" /><ent r="4" t="211" w="54" /><ent r="4" t="211" w="72" /><ent r="3" t="211" w="185" /><ent r="3" t="211" w="471" /><ent r="3" t="211" w="776" /><ent r="4" t="211" w="1099" /><ent r="3" t="211" w="1654" /><ent r="3" t="211" w="1733" /><ent r="3" t="211" w="1737" /><ent r="4" t="211" w="1757" /><ent r="4" t="211" w="1778" /><ent r="4" t="211" w="1810" /><ent r="4" t="211" w="1819" /><ent r="4" t="211" w="1834" /><ent r="4" t="211" w="1842" /><ent r="4" t="211" w="1885" /><ent r="3" t="212" w="37" /><ent r="3" t="212" w="47" /><ent r="4" t="212" w="72" /><ent r="4" t="212" w="99" /><ent r="4" t="212" w="103" /><ent r="3" t="212" w="130" /><ent r="5" t="212" w="145" /><ent r="5" t="212" w="167" /><ent r="4" t="212" w="462" /><ent r="4" t="212" w="527" /><ent r="4" t="212" w="1061" /><ent r="4" t="212" w="1235" /><ent r="3" t="212" w="1284" /><ent r="4" t="212" w="1297" /><ent r="6" t="212" w="1329" /><ent r="4" t="212" w="1353" /><ent r="3" t="212" w="1373" /><ent r="3" t="212" w="1631" /><ent r="7" t="246" w="102" /><ent r="7" t="246" w="117" /><ent r="7" t="246" w="147" /><ent r="7" t="247" w="150" /><ent r="100" t="248" w="12" /><ent r="100" t="248" w="15" /><ent r="7" t="248" w="79" /><ent r="7" t="248" w="91" /><ent r="7" t="248" w="106" /><ent r="100" t="248" w="116" /><ent r="7" t="248" w="121" /><ent r="7" t="248" w="127" /><ent r="7" t="248" w="142" /><ent r="7" t="248" w="153" /><ent r="7" t="248" w="165" /><ent r="100" t="248" w="176" /><ent r="7" t="248" w="186" /><ent r="7" t="248" w="204" /><ent r="7" t="248" w="219" /><ent r="100" t="249" w="9" /><ent r="100" t="249" w="15" /><ent r="7" t="249" w="78" /><ent r="5" t="249" w="123" /><ent r="100" t="249" w="133" /><ent r="7" t="249" w="144" /><ent r="7" t="249" w="161" /><ent r="7" t="249" w="182" /><ent r="7" t="249" w="199" /></phr><phr n="Wizards"><ent r="3" t="151" w="191" /><ent r="3" t="151" w="262" /><ent r="5" t="151" w="284" /><ent r="3" t="151" w="540" /><ent r="5" t="151" w="562" /><ent r="3" t="211" w="1400" /><ent r="3" t="211" w="1438" /><ent r="4" t="211" w="1620" /><ent r="5" t="212" w="170" /><ent r="4" t="212" w="186" /><ent r="4" t="212" w="1342" /></phr></stem><stem n="avail"><phr n="available"><ent r="3" t="1" w="184" /><ent r="3" t="2" w="109" /><ent r="3" t="4" w="70" /><ent r="3" t="8" w="17" /><ent r="7" t="8" w="95" /><ent r="4" t="11" w="17" /><ent r="4" t="22" w="505" /><ent r="3" t="22" w="581" /><ent r="3" t="25" w="53" /><ent r="3" t="29" w="546" /><ent r="3" t="33" w="80" /><ent r="3" t="34" w="21" /><ent r="3" t="35" w="17" /><ent r="4" t="37" w="89" /><ent r="3" t="38" w="21" /><ent r="4" t="38" w="186" /><ent r="4" t="38" w="326" /><ent r="3" t="43" w="65" /><ent r="3" t="44" w="39" /><ent r="4" t="45" w="145" /><ent r="3" t="46" w="220" /><ent r="4" t="52" w="241" /><ent r="4" t="73" w="167" /><ent r="4" t="73" w="347" /><ent r="4" t="75" w="18" /><ent r="4" t="86" w="45" /><ent r="4" t="90" w="65" /><ent r="3" t="102" w="137" /><ent r="3" t="102" w="256" /><ent r="3" t="102" w="283" /><ent r="4" t="102" w="301" /><ent r="4" t="106" w="64" /><ent r="5" t="116" w="674" /><ent r="7" t="116" w="711" /><ent r="4" t="120" w="129" /><ent r="3" t="131" w="15" /><ent r="4" t="133" w="116" /><ent r="5" t="133" w="146" /><ent r="4" t="134" w="486" /><ent r="4" t="135" w="371" /><ent r="3" t="141" w="24" /><ent r="3" t="143" w="296" /><ent r="3" t="149" w="108" /><ent r="4" t="150" w="37" /><ent r="4" t="151" w="278" /><ent r="4" t="151" w="293" /><ent r="4" t="151" w="426" /><ent r="4" t="151" w="556" /><ent r="4" t="151" w="571" /><ent r="3" t="153" w="72" /><ent r="3" t="153" w="334" /><ent r="3" t="153" w="587" /><ent r="3" t="153" w="644" /><ent r="4" t="153" w="754" /><ent r="4" t="157" w="52" /><ent r="4" t="172" w="383" /><ent r="3" t="172" w="459" /><ent r="4" t="173" w="375" /><ent r="3" t="173" w="448" /><ent r="3" t="173" w="823" /><ent r="4" t="174" w="373" /><ent r="3" t="174" w="446" /><ent r="3" t="174" w="881" /><ent r="3" t="175" w="155" /><ent r="3" t="191" w="299" /><ent r="3" t="191" w="308" /><ent r="4" t="199" w="388" /><ent r="4" t="203" w="1641" /><ent r="4" t="206" w="1128" /><ent r="3" t="206" w="1790" /><ent r="4" t="213" w="73" /><ent r="4" t="213" w="105" /><ent r="3" t="221" w="42" /><ent r="3" t="221" w="61" /><ent r="3" t="233" w="110" /><ent r="3" t="242" w="258" /><ent r="3" t="244" w="60" /><ent r="3" t="246" w="26" /><ent r="6" t="246" w="50" /><ent r="6" t="246" w="56" /><ent r="3" t="247" w="38" /><ent r="3" t="248" w="41" /><ent r="6" t="248" w="65" /><ent r="6" t="248" w="71" /><ent r="3" t="249" w="38" /><ent r="5" t="250" w="730" /></phr><phr n="Available"><ent r="6" t="33" w="101" /><ent r="6" t="37" w="112" /><ent r="3" t="99" w="234" /><ent r="4" t="197" w="116" /><ent r="4" t="198" w="135" /><ent r="5" t="204" w="2510" /><ent r="7" t="220" w="469" /></phr></stem><stem n="associ"><phr n="associated"><ent r="3" t="1" w="193" /><ent r="3" t="4" w="84" /><ent r="3" t="14" w="62" /><ent r="3" t="24" w="21" /><ent r="3" t="25" w="71" /><ent r="4" t="29" w="126" /><ent r="4" t="34" w="247" /><ent r="4" t="34" w="268" /><ent r="4" t="36" w="588" /><ent r="3" t="42" w="21" /><ent r="3" t="71" w="115" /><ent r="4" t="79" w="83" /><ent r="3" t="102" w="204" /><ent r="3" t="158" w="33" /><ent r="3" t="173" w="755" /><ent r="3" t="174" w="22" /><ent r="3" t="183" w="98" /><ent r="3" t="210" w="84" /><ent r="5" t="216" w="196" /><ent r="5" t="236" w="613" /><ent r="3" t="244" w="219" /><ent r="3" t="244" w="251" /></phr><phr n="associate"><ent r="4" t="29" w="525" /><ent r="4" t="108" w="189" /><ent r="3" t="209" w="164" /><ent r="4" t="209" w="455" /><ent r="3" t="209" w="597" /></phr></stem><stem n="shortcut"><phr n="shortcut"><ent r="3" t="1" w="194" /><ent r="3" t="1" w="605" /><ent r="100" t="2" w="7" /><ent r="3" t="2" w="39" /><ent r="64" t="17" w="74" /><ent r="64" t="22" w="159" /><ent r="4" t="73" w="547" /><ent r="3" t="75" w="117" /><ent r="3" t="120" w="144" /><ent r="64" t="126" w="147" /><ent r="64" t="127" w="151" /><ent r="4" t="134" w="507" /><ent r="4" t="171" w="276" /><ent r="3" t="171" w="282" /><ent r="4" t="208" w="747" /><ent r="3" t="208" w="786" /><ent r="100" t="233" w="10" /><ent r="100" t="233" w="13" /><ent r="3" t="233" w="24" /><ent r="3" t="233" w="34" /><ent r="3" t="233" w="112" /><ent r="4" t="233" w="160" /><ent r="100" t="234" w="9" /></phr><phr n="Shortcut"><ent r="92" t="1" w="562" /><ent r="3" t="1" w="568" /><ent r="64" t="1" w="616" /><ent r="64" t="2" w="44" /><ent r="64" t="2" w="153" /><ent r="7" t="5" w="19" /><ent r="7" t="7" w="307" /><ent r="64" t="171" w="324" /><ent r="1000" t="233" w="2" /><ent r="102" t="233" w="6" /><ent r="4" t="233" w="141" /><ent r="64" t="234" w="60" /><ent r="6" t="246" w="46" /><ent r="6" t="247" w="58" /><ent r="6" t="248" w="61" /><ent r="6" t="249" w="58" /></phr><phr n="shortcuts"><ent r="3" t="1" w="577" /><ent r="3" t="1" w="608" /><ent r="100" t="2" w="5" /><ent r="3" t="2" w="18" /><ent r="4" t="2" w="52" /><ent r="3" t="2" w="111" /><ent r="3" t="2" w="116" /><ent r="3" t="2" w="134" /><ent r="3" t="73" w="507" /><ent r="4" t="106" w="87" /><ent r="4" t="106" w="96" /><ent r="100" t="234" w="6" /><ent r="100" t="234" w="15" /></phr><phr n="Shortcuts"><ent r="64" t="1" w="589" /><ent r="1000" t="2" w="2" /><ent r="102" t="2" w="11" /><ent r="5" t="2" w="94" /><ent r="64" t="2" w="139" /><ent r="92" t="73" w="501" /><ent r="5" t="73" w="531" /><ent r="5" t="73" w="537" /><ent r="65" t="106" w="81" /><ent r="64" t="120" w="163" /><ent r="5" t="233" w="96" /><ent r="3" t="233" w="101" /><ent r="4" t="233" w="118" /><ent r="1000" t="234" w="3" /><ent r="102" t="234" w="19" /></phr></stem></index>