<?xml version="1.0" encoding="utf-8"?><index><stem n="make"><phr n="Makes"><ent r="7" t="11" w="232" /><ent r="7" t="11" w="243" /></phr><phr n="make"><ent r="3" t="53" w="30" /><ent r="3" t="69" w="258" /><ent r="4" t="74" w="52" /><ent r="3" t="102" w="42" /><ent r="4" t="127" w="274" /><ent r="4" t="127" w="552" /><ent r="3" t="148" w="547" /><ent r="3" t="179" w="161" /><ent r="4" t="186" w="438" /><ent r="4" t="187" w="589" /><ent r="4" t="188" w="300" /><ent r="4" t="189" w="263" /><ent r="3" t="189" w="938" /><ent r="3" t="189" w="1582" /><ent r="3" t="189" w="1596" /><ent r="4" t="190" w="538" /><ent r="4" t="191" w="540" /><ent r="4" t="193" w="414" /><ent r="6" t="194" w="1188" /><ent r="4" t="195" w="323" /><ent r="3" t="195" w="1037" /><ent r="3" t="222" w="117" /><ent r="3" t="223" w="48" /><ent r="3" t="225" w="46" /></phr><phr n="Make"><ent r="5" t="72" w="160" /><ent r="4" t="76" w="117" /><ent r="3" t="187" w="2836" /><ent r="4" t="188" w="474" /><ent r="4" t="189" w="1504" /><ent r="3" t="190" w="395" /><ent r="3" t="191" w="398" /><ent r="4" t="193" w="527" /><ent r="4" t="193" w="855" /><ent r="3" t="194" w="1360" /><ent r="4" t="195" w="1197" /></phr><phr n="making"><ent r="3" t="133" w="173" /><ent r="4" t="148" w="96" /><ent r="4" t="149" w="261" /><ent r="4" t="162" w="154" /><ent r="3" t="174" w="631" /><ent r="3" t="186" w="1433" /><ent r="3" t="186" w="1443" /></phr><phr n="makes"><ent r="4" t="186" w="2041" /><ent r="4" t="215" w="566" /></phr></stem><stem n="bold"><phr n="bold"><ent r="7" t="11" w="235" /><ent r="5" t="56" w="73" /><ent r="4" t="57" w="129" /><ent r="3" t="69" w="261" /><ent r="4" t="79" w="157" /><ent r="4" t="90" w="82" /><ent r="4" t="187" w="3013" /><ent r="3" t="202" w="257" /><ent r="3" t="216" w="75" /><ent r="6" t="237" w="267" /></phr><phr n="Bold"><ent r="4" t="69" w="280" /></phr></stem><stem n="ital"><phr n="italic"><ent r="7" t="11" w="246" /><ent r="3" t="69" w="263" /><ent r="6" t="237" w="268" /></phr><phr n="italics"><ent r="4" t="59" w="124" /></phr><phr n="Italic"><ent r="4" t="69" w="284" /></phr></stem><stem n="underlin"><phr n="Underlines"><ent r="7" t="11" w="254" /></phr><phr n="underlined"><ent r="3" t="69" w="265" /><ent r="6" t="237" w="269" /></phr><phr n="underline"><ent r="4" t="69" w="289" /></phr></stem><stem n="width"><phr n="width"><ent r="7" t="11" w="286" /><ent r="7" t="61" w="186" /><ent r="4" t="67" w="201" /><ent r="4" t="67" w="207" /><ent r="3" t="72" w="33" /><ent r="4" t="72" w="182" /><ent r="3" t="88" w="166" /><ent r="7" t="92" w="689" /><ent r="3" t="148" w="189" /><ent r="3" t="148" w="292" /><ent r="3" t="148" w="496" /><ent r="3" t="148" w="660" /><ent r="4" t="151" w="157" /><ent r="3" t="154" w="188" /><ent r="4" t="155" w="177" /><ent r="3" t="163" w="29" /><ent r="4" t="163" w="120" /><ent r="3" t="187" w="2839" /><ent r="3" t="200" w="126" /><ent r="7" t="206" w="643" /><ent r="6" t="237" w="474" /></phr><phr n="Width"><ent r="5" t="52" w="238" /><ent r="5" t="72" w="201" /><ent r="4" t="110" w="352" /><ent r="3" t="110" w="386" /><ent r="4" t="148" w="166" /><ent r="4" t="148" w="269" /><ent r="4" t="148" w="473" /><ent r="4" t="148" w="637" /><ent r="4" t="167" w="228" /><ent r="3" t="187" w="2845" /><ent r="4" t="192" w="92" /><ent r="3" t="200" w="60" /><ent r="3" t="202" w="371" /><ent r="3" t="202" w="601" /><ent r="3" t="216" w="189" /><ent r="4" t="227" w="68" /><ent r="5" t="228" w="34" /><ent r="4" t="229" w="73" /><ent r="4" t="230" w="55" /><ent r="5" t="231" w="64" /><ent r="5" t="232" w="37" /><ent r="6" t="237" w="466" /></phr><phr n="widths"><ent r="4" t="183" w="125" /></phr></stem><stem n="fill"><phr n="fill"><ent r="7" t="11" w="313" /><ent r="4" t="67" w="254" /><ent r="4" t="151" w="162" /><ent r="3" t="190" w="1006" /><ent r="6" t="237" w="179" /><ent r="6" t="237" w="232" /><ent r="6" t="237" w="288" /><ent r="6" t="237" w="290" /></phr><phr n="Fill"><ent r="4" t="67" w="270" /><ent r="4" t="130" w="353" /><ent r="4" t="162" w="830" /><ent r="4" t="190" w="995" /><ent r="6" t="237" w="168" /><ent r="6" t="237" w="214" /><ent r="6" t="237" w="216" /><ent r="6" t="237" w="252" /><ent r="6" t="237" w="314" /></phr><phr n="filled"><ent r="3" t="130" w="201" /><ent r="4" t="151" w="174" /><ent r="3" t="160" w="741" /><ent r="3" t="161" w="714" /><ent r="3" t="162" w="711" /><ent r="3" t="202" w="677" /><ent r="3" t="220" w="846" /></phr><phr n="fills"><ent r="3" t="176" w="79" /><ent r="4" t="183" w="62" /><ent r="4" t="183" w="91" /><ent r="4" t="186" w="607" /><ent r="4" t="187" w="812" /></phr></stem><stem n="snap"><phr n="Snap"><ent r="6" t="11" w="321" /><ent r="5" t="146" w="116" /><ent r="5" t="146" w="160" /><ent r="4" t="146" w="302" /><ent r="4" t="146" w="309" /></phr><phr n="Snaps"><ent r="6" t="11" w="324" /></phr></stem><stem n="grid"><phr n="grid"><ent r="6" t="11" w="323" /><ent r="6" t="11" w="333" /><ent r="4" t="69" w="88" /><ent r="3" t="112" w="125" /><ent r="3" t="165" w="143" /><ent r="3" t="167" w="33" /><ent r="3" t="167" w="264" /><ent r="3" t="187" w="1062" /><ent r="3" t="187" w="2963" /><ent r="3" t="187" w="3068" /><ent r="4" t="196" w="66" /><ent r="3" t="199" w="39" /><ent r="3" t="199" w="45" /><ent r="3" t="245" w="22" /><ent r="3" t="245" w="326" /><ent r="3" t="245" w="337" /><ent r="3" t="245" w="379" /></phr><phr n="Grid"><ent r="5" t="75" w="38" /><ent r="4" t="76" w="256" /><ent r="3" t="112" w="90" /><ent r="4" t="167" w="185" /><ent r="7" t="242" w="87" /></phr><phr n="grids"><ent r="3" t="117" w="25" /></phr></stem><stem n="bound"><phr n="bounding"><ent r="6" t="11" w="326" /><ent r="4" t="67" w="108" /><ent r="3" t="110" w="403" /><ent r="3" t="148" w="210" /><ent r="3" t="148" w="313" /><ent r="3" t="148" w="517" /><ent r="3" t="148" w="681" /><ent r="6" t="237" w="111" /></phr><phr n="bounds"><ent r="4" t="67" w="81" /></phr><phr n="Bounding"><ent r="3" t="110" w="372" /><ent r="4" t="110" w="391" /><ent r="3" t="148" w="200" /><ent r="3" t="148" w="303" /><ent r="3" t="148" w="507" /><ent r="3" t="148" w="671" /><ent r="6" t="237" w="101" /><ent r="6" t="237" w="165" /></phr></stem><stem n="border"><phr n="borders"><ent r="6" t="11" w="331" /></phr><phr n="bordered"><ent r="3" t="129" w="152" /></phr><phr n="border"><ent r="3" t="129" w="813" /><ent r="3" t="129" w="824" /><ent r="3" t="133" w="232" /><ent r="3" t="133" w="244" /><ent r="3" t="133" w="285" /><ent r="4" t="151" w="178" /><ent r="6" t="237" w="397" /></phr><phr n="Border"><ent r="6" t="237" w="405" /></phr></stem><stem n="place"><phr n="place"><ent r="6" t="11" w="336" /><ent r="4" t="69" w="99" /><ent r="3" t="71" w="21" /><ent r="3" t="113" w="11" /><ent r="3" t="137" w="38" /><ent r="4" t="187" w="2320" /><ent r="4" t="187" w="2433" /><ent r="3" t="187" w="2496" /><ent r="3" t="189" w="47" /><ent r="4" t="215" w="493" /></phr><phr n="Place"><ent r="4" t="132" w="46" /><ent r="3" t="193" w="1031" /></phr><phr n="placed"><ent r="4" t="174" w="427" /><ent r="4" t="174" w="447" /><ent r="4" t="174" w="467" /><ent r="3" t="175" w="257" /><ent r="3" t="182" w="28" /></phr><phr n="places"><ent r="3" t="175" w="237" /></phr><phr n="placing"><ent r="3" t="189" w="1603" /></phr></stem><stem n="while"><phr n="while"><ent r="6" t="11" w="338" /><ent r="7" t="14" w="150" /><ent r="3" t="19" w="146" /><ent r="3" t="48" w="43" /><ent r="3" t="85" w="59" /><ent r="8" t="129" w="433" /><ent r="4" t="130" w="310" /><ent r="4" t="171" w="1103" /><ent r="4" t="186" w="1032" /><ent r="3" t="186" w="1442" /><ent r="3" t="186" w="1635" /><ent r="3" t="191" w="839" /><ent r="4" t="215" w="649" /></phr><phr n="While"><ent r="3" t="177" w="110" /></phr></stem><stem n="resiz"><phr n="resize"><ent r="6" t="11" w="340" /><ent r="3" t="67" w="86" /><ent r="3" t="71" w="119" /><ent r="3" t="119" w="408" /></phr><phr n="resizing"><ent r="4" t="67" w="122" /></phr><phr n="Resize"><ent r="3" t="186" w="832" /><ent r="4" t="187" w="805" /><ent r="4" t="187" w="1231" /><ent r="4" t="187" w="1797" /><ent r="4" t="188" w="642" /></phr></stem><stem n="need"><phr n="need"><ent r="6" t="11" w="345" /><ent r="3" t="39" w="46" /><ent r="4" t="112" w="382" /><ent r="3" t="112" w="409" /><ent r="3" t="112" w="422" /><ent r="4" t="157" w="236" /><ent r="3" t="189" w="862" /><ent r="3" t="193" w="1095" /><ent r="3" t="220" w="76" /><ent r="3" t="225" w="264" /><ent r="3" t="233" w="39" /></phr><phr n="needed"><ent r="3" t="48" w="24" /><ent r="3" t="112" w="52" /><ent r="3" t="112" w="439" /><ent r="3" t="116" w="37" /><ent r="3" t="129" w="700" /><ent r="3" t="145" w="41" /><ent r="3" t="161" w="918" /><ent r="4" t="169" w="778" /><ent r="3" t="180" w="58" /><ent r="3" t="192" w="506" /><ent r="3" t="194" w="590" /><ent r="3" t="200" w="66" /><ent r="3" t="202" w="150" /><ent r="4" t="215" w="453" /><ent r="4" t="215" w="475" /><ent r="4" t="215" w="585" /></phr><phr n="needing"><ent r="3" t="152" w="198" /><ent r="3" t="158" w="236" /><ent r="3" t="159" w="212" /></phr><phr n="needs"><ent r="4" t="193" w="235" /><ent r="3" t="215" w="702" /></phr></stem><stem n="/contrast"><phr n="/contrast"><ent r="100" t="12" w="5" /><ent r="100" t="186" w="71" /><ent r="4" t="186" w="74" /><ent r="4" t="186" w="1973" /></phr><phr n="/Contrast"><ent r="4" t="186" w="200" /></phr></stem><stem n="brightness/contrast"><phr n="brightness/contrast"><ent r="100" t="12" w="5" /><ent r="100" t="12" w="4" /><ent r="100" t="186" w="71" /><ent r="100" t="186" w="70" /><ent r="4" t="186" w="1973" /><ent r="4" t="186" w="1972" /></phr><phr n="Brightness/contrast"><ent r="4" t="186" w="74" /><ent r="4" t="186" w="73" /></phr><phr n="Brightness/Contrast"><ent r="4" t="186" w="200" /><ent r="4" t="186" w="199" /></phr></stem><stem n=":bright"><phr n=":Brightness"><ent r="100" t="12" w="11" /></phr></stem><stem n="button/slid"><phr n="Button/Slider"><ent r="7" t="12" w="17" /><ent r="7" t="12" w="16" /></phr></stem><stem n="slider"><phr n="Slider"><ent r="7" t="12" w="17" /></phr><phr n="slider"><ent r="7" t="14" w="319" /><ent r="6" t="14" w="336" /><ent r="6" t="14" w="342" /><ent r="3" t="148" w="386" /><ent r="3" t="148" w="545" /><ent r="4" t="186" w="1818" /><ent r="4" t="186" w="1837" /><ent r="4" t="186" w="1920" /><ent r="3" t="189" w="1573" /><ent r="3" t="189" w="1608" /><ent r="3" t="227" w="137" /><ent r="3" t="229" w="142" /><ent r="4" t="231" w="98" /></phr><phr n="sliders"><ent r="4" t="146" w="436" /><ent r="3" t="172" w="68" /><ent r="3" t="172" w="93" /><ent r="3" t="172" w="96" /><ent r="3" t="172" w="111" /><ent r="3" t="182" w="262" /><ent r="4" t="186" w="1867" /><ent r="4" t="186" w="1887" /><ent r="3" t="189" w="1569" /></phr></stem><stem n="/slider/menu"><phr n="/Slider/Menu"><ent r="7" t="12" w="18" /></phr></stem><stem n="button/slider/menu"><phr n="Button/Slider/Menu"><ent r="7" t="12" w="18" /><ent r="7" t="12" w="16" /></phr></stem><stem n="control"><phr n="Controls"><ent r="7" t="12" w="24" /><ent r="7" t="12" w="37" /><ent r="4" t="160" w="800" /><ent r="5" t="181" w="186" /><ent r="5" t="182" w="117" /><ent r="5" t="182" w="129" /><ent r="4" t="189" w="1419" /></phr><phr n="controls"><ent r="3" t="14" w="21" /><ent r="4" t="111" w="451" /><ent r="5" t="157" w="178" /><ent r="3" t="167" w="248" /><ent r="3" t="182" w="102" /><ent r="3" t="182" w="136" /><ent r="3" t="189" w="1426" /><ent r="4" t="189" w="1638" /></phr><phr n="Control"><ent r="6" t="14" w="78" /><ent r="4" t="22" w="188" /><ent r="3" t="75" w="9" /><ent r="3" t="76" w="13" /><ent r="5" t="98" w="120" /><ent r="3" t="112" w="31" /><ent r="5" t="160" w="646" /><ent r="5" t="161" w="619" /><ent r="5" t="162" w="616" /><ent r="4" t="177" w="163" /><ent r="3" t="187" w="949" /><ent r="4" t="187" w="1273" /><ent r="3" t="187" w="2972" /><ent r="5" t="220" w="746" /><ent r="93" t="245" w="147" /></phr><phr n="control"><ent r="3" t="75" w="95" /><ent r="3" t="89" w="207" /><ent r="3" t="111" w="241" /><ent r="3" t="113" w="262" /><ent r="3" t="141" w="87" /><ent r="3" t="182" w="56" /><ent r="3" t="186" w="741" /><ent r="4" t="186" w="762" /><ent r="3" t="186" w="895" /><ent r="4" t="186" w="1556" /><ent r="3" t="187" w="151" /><ent r="3" t="187" w="2623" /><ent r="4" t="188" w="619" /><ent r="3" t="189" w="1382" /><ent r="100" t="245" w="151" /><ent r="3" t="245" w="158" /></phr><phr n="controller"><ent r="4" t="145" w="69" /></phr></stem><stem n="rang"><phr n="range"><ent r="7" t="12" w="31" /><ent r="7" t="12" w="44" /><ent r="5" t="14" w="308" /><ent r="3" t="146" w="18" /><ent r="4" t="157" w="305" /><ent r="4" t="157" w="740" /><ent r="3" t="169" w="68" /><ent r="3" t="169" w="78" /><ent r="4" t="169" w="374" /><ent r="3" t="171" w="639" /><ent r="3" t="174" w="174" /><ent r="7" t="206" w="507" /><ent r="7" t="206" w="586" /><ent r="3" t="206" w="771" /></phr><phr n="ranging"><ent r="6" t="237" w="40" /></phr></stem><stem n="0"><phr n="0"><ent r="7" t="12" w="33" /><ent r="7" t="12" w="46" /><ent r="3" t="22" w="83" /><ent r="7" t="92" w="551" /><ent r="4" t="110" w="473" /><ent r="4" t="110" w="474" /><ent r="6" t="144" w="96" /><ent r="6" t="144" w="170" /><ent r="6" t="144" w="173" /><ent r="5" t="157" w="404" /><ent r="5" t="157" w="415" /><ent r="5" t="157" w="694" /><ent r="5" t="157" w="839" /><ent r="5" t="157" w="850" /><ent r="5" t="157" w="1129" /><ent r="3" t="167" w="316" /><ent r="5" t="169" w="442" /><ent r="5" t="169" w="453" /><ent r="5" t="169" w="727" /><ent r="4" t="182" w="219" /><ent r="4" t="187" w="1473" /><ent r="5" t="189" w="1495" /><ent r="4" t="195" w="1483" /><ent r="4" t="195" w="1495" /><ent r="3" t="200" w="171" /><ent r="3" t="200" w="182" /><ent r="4" t="201" w="89" /><ent r="4" t="201" w="97" /><ent r="4" t="201" w="181" /><ent r="4" t="201" w="189" /><ent r="3" t="202" w="659" /><ent r="7" t="206" w="359" /><ent r="3" t="206" w="730" /><ent r="3" t="206" w="751" /><ent r="3" t="206" w="772" /><ent r="3" t="206" w="793" /><ent r="3" t="206" w="844" /><ent r="3" t="206" w="846" /><ent r="3" t="206" w="848" /><ent r="3" t="206" w="850" /><ent r="3" t="206" w="861" /><ent r="3" t="206" w="863" /><ent r="3" t="206" w="865" /><ent r="3" t="206" w="867" /><ent r="3" t="206" w="869" /><ent r="3" t="206" w="873" /><ent r="6" t="237" w="42" /><ent r="6" t="237" w="49" /><ent r="6" t="237" w="91" /><ent r="6" t="237" w="92" /><ent r="6" t="237" w="95" /><ent r="6" t="237" w="520" /><ent r="6" t="237" w="643" /><ent r="4" t="243" w="40" /><ent r="4" t="243" w="51" /></phr></stem><stem n="100"><phr n="100"><ent r="7" t="12" w="35" /><ent r="7" t="12" w="48" /><ent r="7" t="92" w="552" /><ent r="4" t="110" w="294" /><ent r="4" t="111" w="217" /><ent r="3" t="231" w="184" /></phr></stem><stem n="/or"><phr n="/or"><ent r="7" t="12" w="60" /><ent r="3" t="174" w="22" /><ent r="4" t="181" w="209" /><ent r="4" t="181" w="226" /><ent r="3" t="182" w="36" /><ent r="3" t="189" w="712" /><ent r="4" t="191" w="883" /><ent r="3" t="216" w="34" /><ent r="3" t="239" w="65" /></phr></stem><stem n="and/or"><phr n="and/or"><ent r="7" t="12" w="60" /><ent r="7" t="12" w="59" /><ent r="3" t="174" w="22" /><ent r="3" t="174" w="21" /><ent r="4" t="181" w="209" /><ent r="4" t="181" w="208" /><ent r="4" t="181" w="226" /><ent r="4" t="181" w="225" /><ent r="3" t="182" w="36" /><ent r="3" t="182" w="35" /><ent r="3" t="189" w="712" /><ent r="3" t="189" w="711" /><ent r="4" t="191" w="883" /><ent r="4" t="191" w="882" /><ent r="3" t="216" w="34" /><ent r="3" t="216" w="33" /><ent r="3" t="239" w="65" /><ent r="3" t="239" w="64" /></phr></stem><stem n="compon"><phr n="component"><ent r="7" t="12" w="62" /><ent r="6" t="12" w="84" /><ent r="4" t="21" w="146" /><ent r="4" t="21" w="153" /><ent r="4" t="21" w="160" /><ent r="4" t="21" w="167" /><ent r="3" t="21" w="178" /><ent r="3" t="89" w="99" /><ent r="3" t="89" w="104" /><ent r="3" t="89" w="112" /><ent r="3" t="161" w="37" /><ent r="3" t="161" w="57" /><ent r="4" t="161" w="99" /><ent r="3" t="161" w="970" /><ent r="3" t="161" w="989" /><ent r="3" t="171" w="56" /><ent r="3" t="171" w="114" /><ent r="3" t="171" w="143" /><ent r="3" t="171" w="633" /><ent r="3" t="171" w="662" /><ent r="3" t="171" w="731" /><ent r="4" t="171" w="1082" /><ent r="4" t="171" w="1097" /><ent r="3" t="238" w="33" /></phr><phr n="Component"><ent r="64" t="16" w="45" /><ent r="5" t="157" w="173" /><ent r="92" t="161" w="962" /><ent r="5" t="169" w="191" /><ent r="1000" t="171" w="2" /><ent r="100" t="171" w="6" /><ent r="102" t="171" w="10" /><ent r="3" t="171" w="78" /><ent r="5" t="171" w="156" /><ent r="4" t="171" w="161" /><ent r="3" t="171" w="412" /><ent r="4" t="171" w="570" /><ent r="5" t="171" w="622" /><ent r="5" t="171" w="700" /><ent r="100" t="188" w="30" /><ent r="3" t="188" w="62" /><ent r="92" t="188" w="1022" /><ent r="5" t="188" w="1058" /><ent r="4" t="188" w="1065" /><ent r="3" t="188" w="1085" /><ent r="5" t="188" w="1227" /><ent r="5" t="188" w="1235" /><ent r="4" t="188" w="1477" /><ent r="3" t="215" w="295" /></phr><phr n="components"><ent r="3" t="21" w="175" /><ent r="5" t="157" w="185" /><ent r="5" t="169" w="214" /><ent r="3" t="171" w="103" /><ent r="3" t="171" w="133" /><ent r="3" t="171" w="502" /><ent r="3" t="171" w="506" /><ent r="3" t="171" w="521" /><ent r="3" t="171" w="548" /><ent r="3" t="171" w="854" /><ent r="3" t="171" w="1049" /><ent r="4" t="171" w="1090" /><ent r="4" t="171" w="1121" /><ent r="3" t="176" w="87" /><ent r="3" t="188" w="1207" /><ent r="4" t="188" w="1403" /></phr><phr n="Components"><ent r="5" t="171" w="461" /><ent r="5" t="171" w="1065" /><ent r="1000" t="176" w="2" /><ent r="102" t="176" w="5" /><ent r="100" t="176" w="8" /><ent r="3" t="176" w="14" /><ent r="5" t="176" w="75" /><ent r="5" t="188" w="1173" /><ent r="5" t="188" w="1367" /><ent r="5" t="188" w="1395" /><ent r="4" t="188" w="1417" /></phr></stem><stem n="reappli"><phr n="Reapplies"><ent r="6" t="12" w="88" /></phr></stem><stem n=":measur"><phr n=":Measurement"><ent r="100" t="13" w="8" /><ent r="100" t="155" w="10" /></phr></stem><stem n="distanc"><phr n="distances"><ent r="3" t="13" w="19" /><ent r="7" t="13" w="188" /><ent r="3" t="187" w="191" /><ent r="3" t="187" w="214" /><ent r="3" t="241" w="30" /></phr><phr n="Distance"><ent r="5" t="13" w="117" /><ent r="7" t="13" w="174" /><ent r="68" t="13" w="199" /><ent r="1000" t="241" w="1" /><ent r="102" t="241" w="7" /><ent r="3" t="241" w="18" /></phr><phr n="distance"><ent r="5" t="13" w="123" /><ent r="3" t="39" w="112" /><ent r="4" t="155" w="164" /><ent r="3" t="167" w="251" /><ent r="3" t="187" w="58" /><ent r="4" t="187" w="1935" /><ent r="3" t="200" w="15" /><ent r="3" t="200" w="114" /><ent r="3" t="204" w="168" /><ent r="3" t="204" w="187" /><ent r="100" t="241" w="4" /><ent r="7" t="241" w="45" /></phr></stem><stem n="bear"><phr n="bearing"><ent r="3" t="13" w="21" /><ent r="5" t="13" w="107" /></phr><phr n="Bearing"><ent r="5" t="13" w="100" /></phr></stem><stem n="unit"><phr n="units"><ent r="3" t="13" w="40" /><ent r="7" t="13" w="184" /><ent r="4" t="20" w="543" /><ent r="4" t="25" w="214" /><ent r="4" t="25" w="235" /><ent r="100" t="68" w="13" /><ent r="3" t="68" w="39" /><ent r="3" t="68" w="64" /><ent r="3" t="68" w="69" /><ent r="4" t="68" w="120" /><ent r="6" t="92" w="476" /><ent r="6" t="92" w="490" /><ent r="4" t="155" w="161" /><ent r="4" t="155" w="165" /><ent r="4" t="157" w="331" /><ent r="4" t="157" w="344" /><ent r="4" t="157" w="347" /><ent r="4" t="157" w="361" /><ent r="5" t="157" w="388" /><ent r="4" t="157" w="766" /><ent r="4" t="157" w="779" /><ent r="4" t="157" w="782" /><ent r="4" t="157" w="796" /><ent r="5" t="157" w="823" /><ent r="4" t="158" w="392" /><ent r="3" t="161" w="231" /><ent r="4" t="169" w="399" /><ent r="5" t="169" w="426" /><ent r="3" t="187" w="224" /><ent r="5" t="197" w="275" /><ent r="3" t="202" w="298" /><ent r="3" t="202" w="315" /><ent r="3" t="202" w="390" /><ent r="3" t="202" w="545" /><ent r="3" t="215" w="75" /><ent r="3" t="215" w="107" /><ent r="3" t="216" w="116" /><ent r="3" t="216" w="133" /><ent r="3" t="216" w="208" /><ent r="5" t="237" w="612" /><ent r="100" t="241" w="5" /><ent r="3" t="241" w="26" /><ent r="100" t="242" w="5" /><ent r="100" t="243" w="8" /><ent r="4" t="243" w="24" /><ent r="3" t="245" w="428" /></phr><phr n="Units"><ent r="7" t="13" w="149" /><ent r="68" t="13" w="171" /><ent r="7" t="13" w="175" /><ent r="68" t="13" w="200" /><ent r="100" t="68" w="8" /><ent r="7" t="92" w="472" /><ent r="67" t="92" w="497" /><ent r="5" t="157" w="333" /><ent r="5" t="157" w="768" /><ent r="4" t="158" w="373" /><ent r="3" t="161" w="226" /><ent r="5" t="169" w="395" /><ent r="82" t="202" w="306" /><ent r="4" t="202" w="536" /><ent r="7" t="206" w="627" /><ent r="7" t="206" w="653" /><ent r="3" t="215" w="70" /><ent r="82" t="216" w="124" /><ent r="1000" t="241" w="2" /><ent r="102" t="241" w="8" /><ent r="3" t="241" w="19" /><ent r="1000" t="242" w="2" /><ent r="102" t="242" w="8" /><ent r="3" t="242" w="19" /><ent r="1000" t="243" w="2" /><ent r="102" t="243" w="5" /></phr><phr n="Unit"><ent r="1000" t="68" w="4" /><ent r="102" t="68" w="19" /><ent r="5" t="68" w="106" /><ent r="4" t="68" w="111" /><ent r="66" t="197" w="287" /><ent r="5" t="237" w="604" /><ent r="7" t="242" w="38" /></phr><phr n="unit"><ent r="3" t="187" w="202" /><ent r="4" t="187" w="1936" /><ent r="3" t="190" w="238" /><ent r="3" t="191" w="227" /><ent r="7" t="241" w="41" /><ent r="3" t="243" w="12" /></phr></stem><stem n="(left"><phr n="(left"><ent r="5" t="13" w="57" /><ent r="3" t="186" w="1312" /></phr></stem><stem n="end"><phr n="end"><ent r="5" t="13" w="58" /><ent r="7" t="13" w="140" /><ent r="6" t="13" w="204" /><ent r="7" t="61" w="110" /><ent r="7" t="61" w="173" /><ent r="4" t="85" w="273" /><ent r="3" t="146" w="47" /><ent r="3" t="146" w="60" /><ent r="3" t="161" w="908" /><ent r="4" t="182" w="180" /><ent r="4" t="189" w="1479" /><ent r="3" t="192" w="51" /><ent r="4" t="192" w="82" /><ent r="3" t="192" w="148" /><ent r="4" t="192" w="315" /><ent r="3" t="192" w="340" /><ent r="3" t="192" w="383" /><ent r="4" t="192" w="554" /><ent r="3" t="194" w="1545" /><ent r="3" t="194" w="1588" /><ent r="7" t="197" w="106" /><ent r="7" t="197" w="142" /><ent r="3" t="201" w="23" /><ent r="3" t="201" w="243" /><ent r="3" t="201" w="271" /><ent r="3" t="202" w="140" /><ent r="4" t="234" w="222" /></phr><phr n="End"><ent r="7" t="13" w="132" /><ent r="4" t="27" w="226" /><ent r="4" t="27" w="243" /><ent r="4" t="27" w="312" /><ent r="7" t="51" w="312" /><ent r="7" t="51" w="328" /><ent r="6" t="51" w="395" /><ent r="4" t="219" w="85" /><ent r="4" t="222" w="157" /><ent r="4" t="222" w="174" /><ent r="4" t="222" w="243" /><ent r="4" t="223" w="88" /><ent r="4" t="223" w="105" /><ent r="4" t="223" w="174" /><ent r="4" t="224" w="47" /><ent r="4" t="224" w="64" /><ent r="4" t="224" w="133" /><ent r="4" t="225" w="86" /><ent r="4" t="225" w="103" /><ent r="4" t="225" w="172" /></phr><phr n="ends"><ent r="4" t="132" w="147" /><ent r="7" t="197" w="158" /></phr><phr n="ending"><ent r="7" t="197" w="171" /><ent r="4" t="201" w="135" /><ent r="4" t="201" w="210" /><ent r="7" t="206" w="402" /></phr></stem><stem n="within"><phr n="within"><ent r="5" t="13" w="74" /><ent r="3" t="21" w="224" /><ent r="3" t="21" w="361" /><ent r="4" t="42" w="197" /><ent r="4" t="60" w="60" /><ent r="3" t="78" w="16" /><ent r="3" t="78" w="76" /><ent r="3" t="83" w="237" /><ent r="3" t="113" w="18" /><ent r="3" t="114" w="22" /><ent r="3" t="114" w="117" /><ent r="5" t="120" w="206" /><ent r="5" t="157" w="457" /><ent r="5" t="157" w="892" /><ent r="4" t="158" w="435" /><ent r="5" t="169" w="495" /><ent r="3" t="176" w="21" /><ent r="3" t="186" w="729" /><ent r="3" t="186" w="824" /><ent r="3" t="186" w="989" /><ent r="4" t="186" w="1493" /><ent r="4" t="186" w="1562" /><ent r="3" t="187" w="294" /><ent r="4" t="187" w="2368" /><ent r="3" t="187" w="3166" /><ent r="3" t="188" w="80" /><ent r="4" t="188" w="969" /><ent r="3" t="190" w="368" /><ent r="3" t="191" w="355" /><ent r="3" t="194" w="257" /><ent r="4" t="196" w="57" /><ent r="3" t="201" w="235" /><ent r="4" t="243" w="93" /><ent r="3" t="245" w="227" /><ent r="3" t="245" w="259" /><ent r="3" t="245" w="451" /><ent r="7" t="249" w="135" /></phr><phr n="Within"><ent r="3" t="186" w="116" /></phr></stem><stem n="unselect"><phr n="unselected"><ent r="5" t="13" w="79" /></phr></stem><stem n="exist"><phr n="existing"><ent r="5" t="13" w="82" /><ent r="3" t="27" w="36" /><ent r="3" t="27" w="46" /><ent r="4" t="27" w="177" /><ent r="4" t="27" w="596" /><ent r="4" t="55" w="123" /><ent r="3" t="60" w="134" /><ent r="4" t="62" w="133" /><ent r="65" t="74" w="44" /><ent r="3" t="80" w="125" /><ent r="4" t="82" w="80" /><ent r="3" t="85" w="40" /><ent r="3" t="85" w="288" /><ent r="3" t="98" w="24" /><ent r="3" t="116" w="22" /><ent r="7" t="120" w="58" /><ent r="100" t="122" w="13" /><ent r="3" t="122" w="19" /><ent r="4" t="127" w="56" /><ent r="4" t="127" w="327" /><ent r="3" t="137" w="21" /><ent r="3" t="139" w="40" /><ent r="3" t="171" w="237" /><ent r="5" t="171" w="318" /><ent r="3" t="171" w="997" /><ent r="4" t="194" w="1461" /><ent r="3" t="194" w="1633" /><ent r="3" t="194" w="1654" /><ent r="3" t="201" w="287" /><ent r="4" t="205" w="358" /><ent r="3" t="222" w="23" /><ent r="6" t="237" w="659" /><ent r="3" t="245" w="247" /><ent r="100" t="247" w="115" /><ent r="7" t="247" w="120" /></phr><phr n="exist"><ent r="4" t="20" w="415" /><ent r="3" t="46" w="60" /><ent r="3" t="127" w="487" /><ent r="4" t="188" w="1287" /><ent r="3" t="190" w="138" /><ent r="3" t="191" w="128" /></phr><phr n="exists"><ent r="3" t="171" w="992" /><ent r="3" t="188" w="1126" /><ent r="4" t="188" w="1459" /></phr></stem><stem n="/hide"><phr n="/Hide"><ent r="7" t="13" w="86" /><ent r="5" t="13" w="99" /><ent r="5" t="13" w="116" /><ent r="7" t="13" w="131" /><ent r="64" t="55" w="199" /><ent r="64" t="56" w="103" /><ent r="1000" t="59" w="2" /><ent r="102" t="59" w="6" /></phr></stem><stem n="show/hid"><phr n="Show/Hide"><ent r="7" t="13" w="86" /><ent r="7" t="13" w="85" /><ent r="5" t="13" w="99" /><ent r="5" t="13" w="98" /><ent r="5" t="13" w="116" /><ent r="5" t="13" w="115" /><ent r="7" t="13" w="131" /><ent r="7" t="13" w="130" /><ent r="64" t="55" w="199" /><ent r="64" t="55" w="198" /><ent r="64" t="56" w="103" /><ent r="64" t="56" w="102" /><ent r="1000" t="59" w="2" /><ent r="1000" t="59" w="1" /><ent r="102" t="59" w="6" /><ent r="102" t="59" w="5" /></phr></stem><stem n="next"><phr n="next"><ent r="5" t="13" w="109" /><ent r="5" t="13" w="124" /><ent r="3" t="19" w="193" /><ent r="4" t="46" w="382" /><ent r="3" t="96" w="141" /><ent r="3" t="98" w="191" /><ent r="4" t="108" w="160" /><ent r="4" t="109" w="102" /><ent r="4" t="110" w="115" /><ent r="4" t="110" w="131" /><ent r="4" t="111" w="116" /><ent r="4" t="111" w="132" /><ent r="3" t="127" w="99" /><ent r="4" t="127" w="295" /><ent r="4" t="127" w="416" /><ent r="4" t="127" w="573" /><ent r="3" t="129" w="577" /><ent r="3" t="129" w="653" /><ent r="4" t="146" w="107" /><ent r="4" t="146" w="151" /><ent r="4" t="146" w="369" /><ent r="3" t="146" w="488" /><ent r="3" t="146" w="588" /><ent r="3" t="146" w="662" /><ent r="4" t="148" w="72" /><ent r="4" t="149" w="72" /><ent r="4" t="151" w="111" /><ent r="4" t="152" w="111" /><ent r="4" t="153" w="125" /><ent r="4" t="154" w="120" /><ent r="4" t="155" w="113" /><ent r="4" t="156" w="111" /><ent r="4" t="157" w="107" /><ent r="4" t="158" w="108" /><ent r="4" t="159" w="118" /><ent r="3" t="177" w="65" /><ent r="4" t="179" w="295" /><ent r="3" t="180" w="67" /><ent r="4" t="187" w="742" /><ent r="4" t="187" w="1872" /><ent r="4" t="187" w="2439" /><ent r="4" t="189" w="1031" /><ent r="3" t="194" w="924" /><ent r="3" t="194" w="1044" /><ent r="3" t="195" w="812" /><ent r="3" t="195" w="1014" /><ent r="4" t="196" w="93" /><ent r="3" t="215" w="126" /><ent r="3" t="221" w="31" /><ent r="3" t="221" w="108" /><ent r="3" t="221" w="127" /><ent r="4" t="235" w="126" /><ent r="4" t="235" w="143" /><ent r="4" t="236" w="112" /></phr><phr n="Next"><ent r="3" t="96" w="132" /><ent r="5" t="180" w="142" /><ent r="5" t="233" w="244" /></phr></stem></index>