<?xml version="1.0" encoding="utf-8"?><index><stem n="upper"><phr n="upper"><ent r="3" t="53" w="83" /><ent r="5" t="90" w="125" /><ent r="5" t="90" w="136" /><ent r="5" t="90" w="158" /><ent r="5" t="90" w="189" /><ent r="3" t="103" w="238" /><ent r="4" t="110" w="532" /><ent r="5" t="156" w="591" /><ent r="5" t="156" w="601" /><ent r="5" t="156" w="628" /><ent r="5" t="156" w="662" /><ent r="5" t="156" w="1026" /><ent r="5" t="156" w="1036" /><ent r="5" t="156" w="1063" /><ent r="5" t="156" w="1097" /><ent r="4" t="159" w="875" /><ent r="3" t="161" w="238" /><ent r="5" t="168" w="623" /><ent r="5" t="168" w="633" /><ent r="5" t="168" w="661" /><ent r="5" t="168" w="690" /><ent r="4" t="185" w="766" /><ent r="4" t="185" w="1783" /><ent r="4" t="186" w="1894" /><ent r="4" t="186" w="2840" /><ent r="4" t="187" w="526" /><ent r="4" t="187" w="568" /><ent r="4" t="187" w="625" /><ent r="4" t="188" w="927" /><ent r="4" t="189" w="964" /><ent r="4" t="192" w="1200" /><ent r="4" t="201" w="133" /><ent r="4" t="201" w="208" /><ent r="6" t="228" w="132" /></phr><phr n="Upper"><ent r="4" t="109" w="480" /><ent r="5" t="156" w="297" /><ent r="4" t="156" w="319" /><ent r="5" t="156" w="732" /><ent r="4" t="156" w="754" /><ent r="4" t="168" w="387" /></phr></stem><stem n="&quot;prompt"><phr n="&quot;Prompt"><ent r="3" t="53" w="96" /></phr></stem><stem n="prompt"><phr n="Prompt"><ent r="3" t="53" w="96" /><ent r="92" t="194" w="1420" /></phr><phr n="prompted"><ent r="3" t="53" w="103" /></phr><phr n="prompt"><ent r="3" t="104" w="18" /><ent r="3" t="104" w="40" /><ent r="3" t="127" w="70" /><ent r="4" t="187" w="1293" /><ent r="3" t="188" w="1346" /><ent r="3" t="194" w="1497" /><ent r="4" t="194" w="1562" /></phr></stem><stem n="(such"><phr n="(such"><ent r="4" t="54" w="99" /><ent r="3" t="103" w="53" /><ent r="3" t="160" w="975" /><ent r="3" t="173" w="138" /></phr></stem><stem n="convert"><phr n="Convert"><ent r="5" t="54" w="126" /></phr><phr n="convert"><ent r="4" t="54" w="131" /><ent r="3" t="186" w="385" /><ent r="3" t="186" w="2725" /></phr><phr n="converted"><ent r="4" t="54" w="172" /><ent r="3" t="190" w="781" /><ent r="3" t="190" w="1244" /><ent r="3" t="190" w="1254" /><ent r="6" t="241" w="276" /></phr><phr n="converts"><ent r="3" t="202" w="313" /><ent r="3" t="207" w="128" /></phr></stem><stem n="underli"><phr n="underlying"><ent r="4" t="54" w="151" /><ent r="3" t="70" w="157" /></phr></stem><stem n="renam"><phr n="Rename"><ent r="5" t="54" w="184" /><ent r="5" t="187" w="781" /><ent r="4" t="187" w="906" /><ent r="6" t="187" w="930" /><ent r="5" t="190" w="879" /></phr><phr n="rename"><ent r="4" t="54" w="189" /><ent r="4" t="56" w="104" /><ent r="3" t="186" w="2733" /></phr></stem><stem n="(thi"><phr n="(This"><ent r="4" t="55" w="49" /><ent r="4" t="89" w="56" /><ent r="4" t="109" w="231" /><ent r="3" t="187" w="1508" /></phr></stem><stem n=":new"><phr n=":new"><ent r="100" t="56" w="12" /><ent r="100" t="80" w="12" /></phr></stem><stem n=":creat"><phr n=":create"><ent r="100" t="56" w="16" /><ent r="100" t="80" w="16" /><ent r="100" t="80" w="21" /><ent r="100" t="97" w="38" /><ent r="100" t="120" w="13" /><ent r="100" t="134" w="7" /><ent r="100" t="140" w="11" /><ent r="100" t="178" w="74" /><ent r="100" t="226" w="15" /></phr></stem><stem n="-menu,"><phr n="-menu,"><ent r="4" t="56" w="70" /><ent r="4" t="56" w="70" /><ent r="4" t="59" w="184" /><ent r="4" t="59" w="184" /><ent r="4" t="90" w="109" /><ent r="4" t="90" w="109" /><ent r="4" t="96" w="99" /><ent r="4" t="96" w="99" /></phr></stem><stem n="goe"><phr n="goes"><ent r="3" t="57" w="51" /></phr></stem><stem n=":show"><phr n=":show"><ent r="100" t="58" w="16" /></phr></stem><stem n=":hide"><phr n=":hide"><ent r="100" t="58" w="19" /></phr></stem><stem n="hidden"><phr n="hidden"><ent r="4" t="58" w="66" /><ent r="3" t="58" w="111" /></phr></stem><stem n="interest"><phr n="Interest"><ent r="100" t="59" w="15" /><ent r="3" t="59" w="20" /><ent r="5" t="170" w="382" /><ent r="3" t="170" w="430" /><ent r="3" t="179" w="63" /><ent r="4" t="179" w="150" /><ent r="3" t="187" w="56" /><ent r="92" t="187" w="669" /><ent r="5" t="187" w="1250" /><ent r="4" t="188" w="1046" /></phr><phr n="interest"><ent r="4" t="59" w="51" /><ent r="4" t="59" w="89" /><ent r="3" t="64" w="29" /><ent r="3" t="170" w="422" /><ent r="3" t="180" w="37" /></phr><phr n="Interests"><ent r="4" t="188" w="96" /></phr></stem><stem n="(aoi)"><phr n="(AOI)"><ent r="3" t="59" w="22" /><ent r="92" t="187" w="671" /><ent r="4" t="188" w="1048" /></phr></stem><stem n="poi"><phr n="POI"><ent r="4" t="59" w="52" /></phr><phr n="POIs"><ent r="4" t="59" w="53" /></phr></stem><stem n="(poi)."><phr n="(POI)."><ent r="4" t="59" w="53" /></phr></stem><stem n="roi"><phr n="ROI"><ent r="4" t="59" w="90" /><ent r="5" t="170" w="383" /><ent r="4" t="170" w="389" /><ent r="3" t="170" w="397" /><ent r="3" t="170" w="437" /><ent r="4" t="179" w="151" /><ent r="64" t="179" w="161" /><ent r="1000" t="180" w="3" /><ent r="100" t="180" w="12" /><ent r="102" t="180" w="17" /><ent r="3" t="180" w="38" /><ent r="3" t="180" w="46" /><ent r="3" t="180" w="59" /><ent r="4" t="180" w="106" /><ent r="4" t="180" w="347" /><ent r="5" t="187" w="1251" /></phr><phr n="ROIs"><ent r="4" t="59" w="91" /></phr></stem><stem n="(roi)."><phr n="(ROI)."><ent r="4" t="59" w="91" /></phr></stem><stem n="elimin"><phr n="eliminate"><ent r="4" t="59" w="95" /><ent r="6" t="193" w="1194" /><ent r="3" t="194" w="1078" /></phr><phr n="eliminates"><ent r="4" t="182" w="58" /><ent r="4" t="182" w="121" /><ent r="4" t="182" w="159" /></phr><phr n="eliminating"><ent r="5" t="222" w="139" /></phr></stem><stem n="unnecessari"><phr n="unnecessary"><ent r="4" t="59" w="96" /></phr></stem><stem n="reduc"><phr n="reduces"><ent r="4" t="59" w="109" /><ent r="3" t="118" w="68" /><ent r="5" t="222" w="131" /></phr><phr n="reduce"><ent r="3" t="170" w="49" /><ent r="3" t="170" w="67" /><ent r="3" t="173" w="30" /><ent r="3" t="187" w="166" /></phr><phr n="reduced"><ent r="4" t="204" w="162" /></phr></stem><stem n="least"><phr n="least"><ent r="3" t="59" w="127" /><ent r="4" t="159" w="839" /><ent r="4" t="188" w="832" /><ent r="3" t="188" w="852" /><ent r="3" t="236" w="397" /></phr><phr n="Least"><ent r="7" t="205" w="361" /></phr></stem><stem n="&quot;aoi"><phr n="&quot;AOI"><ent r="4" t="59" w="201" /><ent r="4" t="59" w="204" /></phr></stem><stem n=",&quot;"><phr n=",&quot;"><ent r="4" t="59" w="203" /><ent r="4" t="59" w="206" /><ent r="4" t="187" w="1439" /><ent r="3" t="189" w="810" /></phr></stem><stem n="insert"><phr n="inserts"><ent r="4" t="59" w="251" /><ent r="3" t="226" w="184" /></phr><phr n="Insert"><ent r="4" t="71" w="98" /><ent r="7" t="203" w="103" /></phr><phr n="inserted"><ent r="3" t="74" w="104" /><ent r="3" t="193" w="182" /></phr><phr n="insert"><ent r="7" t="197" w="177" /><ent r="7" t="197" w="215" /></phr></stem><stem n="“aoi"><phr n="“AOI"><ent r="4" t="59" w="254" /><ent r="4" t="187" w="765" /><ent r="4" t="190" w="883" /></phr></stem><stem n="grab"><phr n="grab"><ent r="7" t="60" w="92" /><ent r="7" t="60" w="102" /><ent r="7" t="60" w="123" /><ent r="7" t="60" w="155" /><ent r="7" t="60" w="168" /><ent r="7" t="60" w="186" /><ent r="7" t="197" w="72" /><ent r="7" t="197" w="85" /><ent r="7" t="197" w="103" /><ent r="7" t="197" w="118" /><ent r="7" t="197" w="139" /><ent r="7" t="197" w="154" /></phr></stem><stem n="variabl"><phr n="variable"><ent r="7" t="60" w="162" /><ent r="3" t="69" w="169" /><ent r="3" t="69" w="173" /><ent r="3" t="128" w="112" /><ent r="3" t="128" w="467" /><ent r="7" t="197" w="79" /></phr></stem><stem n=":merg"><phr n=":merge"><ent r="100" t="61" w="8" /></phr></stem><stem n="method"><phr n="Method"><ent r="5" t="61" w="81" /><ent r="4" t="109" w="365" /><ent r="3" t="147" w="177" /><ent r="3" t="147" w="280" /><ent r="3" t="147" w="484" /><ent r="3" t="147" w="648" /><ent r="3" t="205" w="704" /></phr><phr n="methods"><ent r="3" t="111" w="25" /><ent r="3" t="111" w="29" /><ent r="3" t="111" w="54" /><ent r="3" t="170" w="219" /><ent r="3" t="187" w="1142" /><ent r="4" t="192" w="164" /><ent r="4" t="192" w="266" /><ent r="3" t="236" w="288" /></phr><phr n="method"><ent r="3" t="111" w="136" /><ent r="3" t="118" w="325" /><ent r="4" t="170" w="173" /><ent r="5" t="170" w="186" /><ent r="6" t="171" w="213" /><ent r="3" t="187" w="156" /><ent r="3" t="187" w="1169" /><ent r="4" t="192" w="250" /><ent r="4" t="192" w="284" /><ent r="3" t="204" w="41" /><ent r="3" t="236" w="40" /></phr></stem><stem n="(combin"><phr n="(combination"><ent r="4" t="61" w="83" /></phr></stem><stem n="“combination”"><phr n="“combination”"><ent r="3" t="61" w="90" /></phr></stem><stem n="union"><phr n="union"><ent r="3" t="61" w="91" /></phr></stem><stem n="“union”"><phr n="“union”"><ent r="3" t="61" w="92" /></phr></stem><stem n="“common"><phr n="“common"><ent r="3" t="61" w="106" /></phr></stem><stem n="intersect"><phr n="intersection"><ent r="3" t="61" w="109" /><ent r="3" t="83" w="27" /></phr></stem><stem n="“intersection”"><phr n="“intersection”"><ent r="3" t="61" w="110" /></phr></stem><stem n=":chang"><phr n=":change"><ent r="100" t="62" w="9" /></phr></stem><stem n=":properti"><phr n=":properties"><ent r="100" t="63" w="7" /><ent r="100" t="118" w="465" /><ent r="100" t="161" w="7" /><ent r="100" t="162" w="7" /><ent r="100" t="163" w="7" /><ent r="100" t="165" w="7" /><ent r="100" t="228" w="8" /></phr><phr n=":Properties"><ent r="100" t="202" w="11" /></phr></stem><stem n="-down,"><phr n="-down,"><ent r="3" t="63" w="127" /><ent r="3" t="63" w="127" /><ent r="3" t="186" w="908" /><ent r="3" t="186" w="908" /><ent r="4" t="187" w="1259" /><ent r="4" t="187" w="1259" /></phr></stem><stem n="(similar"><phr n="(similar"><ent r="3" t="63" w="156" /><ent r="3" t="185" w="1485" /></phr></stem><stem n="ungroup"><phr n="Ungroup"><ent r="3" t="65" w="117" /></phr></stem><stem n="nudg"><phr n="Nudge"><ent r="92" t="65" w="137" /><ent r="5" t="224" w="81" /><ent r="5" t="224" w="83" /><ent r="5" t="224" w="91" /><ent r="5" t="224" w="93" /><ent r="5" t="224" w="101" /><ent r="5" t="224" w="103" /><ent r="5" t="224" w="111" /><ent r="5" t="224" w="113" /></phr><phr n="nudge"><ent r="3" t="65" w="154" /></phr></stem><stem n="align"><phr n="Align"><ent r="92" t="65" w="168" /></phr><phr n="align"><ent r="3" t="65" w="174" /></phr><phr n="alignment"><ent r="6" t="228" w="264" /></phr></stem><stem n="&amp;"><phr n="&amp;"><ent r="92" t="65" w="169" /></phr></stem><stem n="distribut"><phr n="Distribute"><ent r="92" t="65" w="169" /><ent r="4" t="97" w="207" /></phr><phr n="distribute"><ent r="3" t="65" w="194" /><ent r="3" t="97" w="211" /></phr><phr n="distributed"><ent r="3" t="97" w="200" /></phr><phr n="distribution"><ent r="4" t="185" w="1112" /></phr></stem><stem n="(vertic"><phr n="(vertical"><ent r="3" t="65" w="180" /></phr></stem><stem n="(horizont"><phr n="(horizontal"><ent r="3" t="65" w="185" /></phr></stem><stem n="space"><phr n="spacing"><ent r="3" t="65" w="204" /><ent r="3" t="166" w="264" /><ent r="3" t="166" w="311" /></phr><phr n="space"><ent r="4" t="109" w="240" /><ent r="3" t="170" w="44" /><ent r="4" t="186" w="1489" /><ent r="3" t="201" w="225" /><ent r="4" t="206" w="642" /></phr><phr n="Spacing"><ent r="92" t="166" w="240" /><ent r="3" t="166" w="243" /></phr><phr n="spaces"><ent r="4" t="217" w="230" /></phr></stem><stem n="(small"><phr n="(small"><ent r="4" t="66" w="96" /></phr></stem><stem n="(left)"><phr n="(left)"><ent r="4" t="66" w="127" /><ent r="4" t="66" w="165" /><ent r="4" t="68" w="149" /><ent r="3" t="193" w="1059" /><ent r="3" t="194" w="912" /></phr></stem><stem n="insid"><phr n="inside"><ent r="4" t="66" w="157" /><ent r="4" t="68" w="141" /><ent r="4" t="75" w="110" /></phr></stem><stem n="scale"><phr n="Scale"><ent r="1000" t="67" w="2" /><ent r="100" t="67" w="6" /><ent r="102" t="67" w="17" /><ent r="5" t="91" w="158" /><ent r="5" t="170" w="620" /><ent r="5" t="170" w="698" /><ent r="5" t="187" w="1227" /><ent r="5" t="187" w="1235" /><ent r="66" t="197" w="285" /><ent r="82" t="202" w="381" /><ent r="3" t="202" w="384" /><ent r="5" t="202" w="564" /><ent r="82" t="207" w="196" /><ent r="3" t="207" w="199" /><ent r="6" t="228" w="162" /><ent r="6" t="228" w="205" /><ent r="6" t="228" w="247" /><ent r="6" t="228" w="309" /><ent r="6" t="228" w="377" /><ent r="6" t="228" w="419" /><ent r="6" t="228" w="458" /><ent r="6" t="228" w="493" /><ent r="6" t="228" w="547" /><ent r="5" t="228" w="619" /><ent r="5" t="228" w="622" /></phr><phr n="scale"><ent r="100" t="67" w="11" /><ent r="64" t="67" w="27" /><ent r="3" t="67" w="37" /><ent r="4" t="67" w="75" /><ent r="5" t="91" w="167" /><ent r="5" t="91" w="171" /><ent r="5" t="91" w="183" /><ent r="7" t="91" w="320" /><ent r="3" t="97" w="217" /><ent r="3" t="170" w="674" /><ent r="3" t="170" w="743" /><ent r="3" t="186" w="429" /><ent r="5" t="197" w="267" /><ent r="5" t="197" w="279" /><ent r="7" t="205" w="490" /><ent r="5" t="228" w="616" /></phr><phr n="scaled"><ent r="5" t="156" w="402" /><ent r="5" t="156" w="837" /><ent r="5" t="168" w="439" /><ent r="3" t="170" w="656" /><ent r="3" t="170" w="725" /><ent r="3" t="186" w="2270" /><ent r="3" t="200" w="177" /><ent r="4" t="234" w="38" /></phr><phr n="scaling"><ent r="3" t="185" w="233" /><ent r="3" t="200" w="147" /><ent r="3" t="236" w="547" /></phr><phr n="scales"><ent r="3" t="202" w="386" /><ent r="3" t="207" w="201" /></phr></stem><stem n="bar"><phr n="Bar"><ent r="1000" t="67" w="3" /><ent r="100" t="67" w="7" /><ent r="102" t="67" w="18" /><ent r="65" t="106" w="42" /><ent r="1000" t="108" w="3" /><ent r="102" t="108" w="8" /><ent r="3" t="108" w="19" /><ent r="4" t="108" w="62" /><ent r="5" t="108" w="116" /><ent r="66" t="197" w="286" /><ent r="6" t="228" w="163" /><ent r="6" t="228" w="206" /><ent r="6" t="228" w="248" /><ent r="6" t="228" w="310" /><ent r="6" t="228" w="378" /><ent r="6" t="228" w="420" /><ent r="6" t="228" w="459" /><ent r="6" t="228" w="494" /><ent r="6" t="228" w="548" /><ent r="5" t="228" w="620" /><ent r="5" t="228" w="623" /></phr><phr n="bar"><ent r="100" t="67" w="12" /><ent r="64" t="67" w="28" /><ent r="3" t="67" w="38" /><ent r="4" t="67" w="76" /><ent r="3" t="84" w="85" /><ent r="3" t="97" w="189" /><ent r="3" t="105" w="88" /><ent r="4" t="106" w="52" /><ent r="100" t="108" w="13" /><ent r="3" t="108" w="29" /><ent r="4" t="110" w="392" /><ent r="3" t="111" w="239" /><ent r="3" t="111" w="580" /><ent r="4" t="126" w="53" /><ent r="3" t="126" w="164" /><ent r="4" t="140" w="49" /><ent r="5" t="146" w="273" /><ent r="4" t="185" w="530" /><ent r="4" t="185" w="619" /><ent r="4" t="185" w="692" /><ent r="3" t="185" w="800" /><ent r="3" t="185" w="968" /><ent r="3" t="185" w="1075" /><ent r="4" t="185" w="1158" /><ent r="4" t="185" w="1858" /><ent r="4" t="185" w="2131" /><ent r="4" t="185" w="2177" /><ent r="4" t="185" w="2334" /><ent r="4" t="185" w="2363" /><ent r="4" t="186" w="762" /><ent r="3" t="186" w="1092" /><ent r="4" t="186" w="1124" /><ent r="4" t="186" w="1253" /><ent r="4" t="186" w="1349" /><ent r="4" t="186" w="2022" /><ent r="4" t="186" w="2401" /><ent r="4" t="186" w="2748" /><ent r="4" t="187" w="395" /><ent r="4" t="187" w="1032" /><ent r="3" t="188" w="1589" /><ent r="4" t="189" w="647" /><ent r="4" t="190" w="635" /><ent r="4" t="191" w="239" /><ent r="4" t="192" w="507" /><ent r="4" t="192" w="666" /><ent r="4" t="192" w="805" /><ent r="4" t="192" w="833" /><ent r="4" t="192" w="888" /><ent r="4" t="193" w="424" /><ent r="3" t="193" w="1543" /><ent r="4" t="193" w="1905" /><ent r="4" t="194" w="416" /><ent r="5" t="197" w="268" /><ent r="5" t="197" w="280" /><ent r="5" t="228" w="617" /><ent r="3" t="236" w="123" /></phr><phr n="bars"><ent r="3" t="118" w="396" /><ent r="4" t="120" w="122" /><ent r="3" t="186" w="430" /><ent r="3" t="188" w="1571" /><ent r="3" t="188" w="1624" /></phr></stem><stem n="meter"><phr n="meters"><ent r="3" t="67" w="43" /><ent r="4" t="67" w="124" /><ent r="4" t="186" w="1978" /><ent r="4" t="186" w="1991" /><ent r="7" t="205" w="570" /><ent r="3" t="236" w="524" /><ent r="3" t="236" w="545" /></phr><phr n="Meters"><ent r="7" t="232" w="55" /></phr></stem><stem n="meters/kilomet"><phr n="meters/kilometers"><ent r="4" t="67" w="125" /><ent r="4" t="67" w="124" /></phr></stem><stem n="kilomet"><phr n="kilometers"><ent r="4" t="67" w="125" /></phr><phr n="Kilometers"><ent r="7" t="232" w="47" /></phr></stem><stem n="meters/kilometers,"><phr n="meters/kilometers,"><ent r="4" t="67" w="125" /><ent r="4" t="67" w="124" /></phr></stem><stem n="/kilometers,"><phr n="/kilometers,"><ent r="4" t="67" w="126" /></phr></stem><stem n="feet"><phr n="feet"><ent r="4" t="67" w="126" /><ent r="4" t="67" w="129" /></phr><phr n="Feet"><ent r="7" t="232" w="59" /></phr></stem><stem n="feet/kilofeet"><phr n="feet/kilofeet"><ent r="4" t="67" w="127" /><ent r="4" t="67" w="126" /></phr></stem><stem n="kilofeet"><phr n="kilofeet"><ent r="4" t="67" w="127" /></phr></stem><stem n="feet/kilofeet,"><phr n="feet/kilofeet,"><ent r="4" t="67" w="127" /><ent r="4" t="67" w="126" /></phr></stem><stem n="/kilofeet,"><phr n="/kilofeet,"><ent r="4" t="67" w="128" /></phr></stem><stem n="feet/mil"><phr n="feet/miles"><ent r="4" t="67" w="130" /><ent r="4" t="67" w="129" /></phr></stem><stem n="mile"><phr n="miles"><ent r="4" t="67" w="130" /><ent r="7" t="232" w="50" /><ent r="7" t="232" w="53" /></phr></stem><stem n="feet/miles."><phr n="feet/miles."><ent r="4" t="67" w="130" /><ent r="4" t="67" w="129" /></phr></stem><stem n="/miles."><phr n="/miles."><ent r="4" t="67" w="131" /></phr></stem><stem n="mark"><phr n="markings"><ent r="3" t="68" w="54" /><ent r="3" t="69" w="36" /><ent r="3" t="133" w="101" /><ent r="3" t="159" w="345" /><ent r="4" t="159" w="383" /><ent r="4" t="159" w="404" /><ent r="3" t="159" w="429" /><ent r="3" t="159" w="488" /><ent r="3" t="159" w="526" /><ent r="4" t="159" w="931" /><ent r="3" t="160" w="316" /><ent r="4" t="160" w="354" /><ent r="4" t="160" w="375" /><ent r="3" t="160" w="400" /><ent r="3" t="160" w="456" /><ent r="3" t="160" w="494" /><ent r="3" t="161" w="314" /><ent r="4" t="161" w="353" /><ent r="4" t="161" w="374" /><ent r="3" t="161" w="399" /><ent r="4" t="161" w="455" /><ent r="3" t="161" w="493" /><ent r="3" t="161" w="761" /><ent r="3" t="161" w="783" /><ent r="4" t="162" w="131" /><ent r="3" t="162" w="153" /><ent r="4" t="176" w="291" /><ent r="3" t="186" w="3156" /><ent r="3" t="189" w="708" /><ent r="4" t="192" w="155" /><ent r="3" t="211" w="41" /><ent r="3" t="211" w="447" /><ent r="4" t="211" w="485" /><ent r="4" t="211" w="506" /><ent r="3" t="211" w="531" /><ent r="3" t="211" w="590" /><ent r="3" t="211" w="627" /></phr><phr n="marking"><ent r="4" t="159" w="398" /><ent r="4" t="159" w="437" /><ent r="4" t="159" w="468" /><ent r="3" t="159" w="476" /><ent r="4" t="160" w="369" /><ent r="4" t="160" w="405" /><ent r="4" t="160" w="436" /><ent r="3" t="160" w="444" /><ent r="4" t="161" w="368" /><ent r="4" t="161" w="404" /><ent r="4" t="161" w="435" /><ent r="3" t="161" w="443" /><ent r="4" t="211" w="500" /><ent r="4" t="211" w="539" /><ent r="4" t="211" w="570" /><ent r="3" t="211" w="578" /></phr><phr n="Markings"><ent r="4" t="159" w="461" /><ent r="5" t="159" w="923" /><ent r="4" t="160" w="429" /><ent r="4" t="161" w="428" /><ent r="3" t="162" w="145" /><ent r="4" t="211" w="563" /></phr><phr n="marked"><ent r="4" t="159" w="856" /><ent r="4" t="178" w="279" /></phr><phr n="mark"><ent r="3" t="212" w="105" /></phr></stem><stem n=":special"><phr n=":special"><ent r="100" t="69" w="22" /></phr></stem><stem n="$m"><phr n="$M"><ent r="3" t="69" w="56" /><ent r="3" t="69" w="115" /><ent r="3" t="69" w="121" /><ent r="3" t="69" w="132" /><ent r="3" t="69" w="159" /></phr></stem><stem n="(specification)"><phr n="(specification)"><ent r="3" t="69" w="58" /><ent r="3" t="69" w="152" /></phr></stem><stem n="dataset"><phr n="dataset"><ent r="5" t="69" w="74" /><ent r="5" t="69" w="80" /><ent r="3" t="186" w="1077" /><ent r="3" t="190" w="699" /><ent r="4" t="191" w="118" /><ent r="3" t="191" w="134" /><ent r="3" t="191" w="169" /><ent r="3" t="191" w="574" /><ent r="3" t="202" w="130" /><ent r="3" t="202" w="134" /></phr><phr n="Datasets"><ent r="4" t="176" w="153" /></phr></stem><stem n="dataset_nam"><phr n="dataset_name"><ent r="5" t="69" w="75" /><ent r="5" t="69" w="74" /><ent r="5" t="69" w="81" /><ent r="5" t="69" w="80" /></phr></stem><stem n="dataset_name/"><phr n="dataset_name/"><ent r="5" t="69" w="75" /><ent r="5" t="69" w="74" /></phr></stem><stem n="//dataset_name//path"><phr n="//dataset_name//path"><ent r="5" t="69" w="76" /></phr></stem><stem n="_name"><phr n="_name"><ent r="5" t="69" w="81" /></phr></stem><stem n="view_object"><phr n="view_object"><ent r="5" t="69" w="91" /><ent r="5" t="69" w="90" /><ent r="5" t="69" w="98" /><ent r="5" t="69" w="97" /></phr></stem><stem n="view_object_nam"><phr n="view_object_name"><ent r="5" t="69" w="92" /><ent r="5" t="69" w="90" /><ent r="5" t="69" w="99" /><ent r="5" t="69" w="97" /></phr></stem><stem n="//[view_object_name]//path"><phr n="//[view_object_name]//path"><ent r="5" t="69" w="93" /></phr></stem><stem n="_object_nam"><phr n="_object_name"><ent r="5" t="69" w="99" /></phr></stem><stem n="(nitf/fil"><phr n="(NITF/File"><ent r="3" t="69" w="117" /></phr></stem><stem n="nitf/fil"><phr n="NITF/File"><ent r="3" t="69" w="117" /><ent r="3" t="69" w="116" /><ent r="3" t="69" w="128" /><ent r="3" t="69" w="127" /><ent r="3" t="69" w="136" /><ent r="3" t="69" w="135" /></phr></stem><stem n="header/onam"><phr n="Header/OName"><ent r="3" t="69" w="119" /><ent r="3" t="69" w="118" /></phr><phr n="Header/ONAME"><ent r="3" t="69" w="130" /><ent r="3" t="69" w="129" /><ent r="3" t="69" w="138" /><ent r="3" t="69" w="137" /></phr></stem><stem n="onam"><phr n="OName"><ent r="3" t="69" w="119" /></phr><phr n="ONAME"><ent r="3" t="69" w="130" /><ent r="3" t="69" w="138" /></phr></stem><stem n="/oname)"><phr n="/OName)"><ent r="3" t="69" w="120" /></phr><phr n="/ONAME)"><ent r="3" t="69" w="131" /><ent r="3" t="69" w="139" /></phr></stem><stem n="data/mydata"><phr n="Data/mydata"><ent r="3" t="69" w="124" /><ent r="3" t="69" w="123" /></phr></stem><stem n="mydata"><phr n="mydata"><ent r="3" t="69" w="124" /><ent r="3" t="231" w="15" /><ent r="3" t="231" w="42" /><ent r="3" t="231" w="51" /><ent r="3" t="231" w="73" /><ent r="3" t="231" w="112" /></phr></stem><stem n="ntf"><phr n="ntf"><ent r="3" t="69" w="125" /></phr></stem><stem n="ntf-i1"><phr n="ntf-I1"><ent r="3" t="69" w="125" /></phr></stem><stem n="i1"><phr n="I1"><ent r="3" t="69" w="126" /></phr></stem><stem n="data/mydata.ntf-i1/"><phr n="Data/mydata.ntf-I1/"><ent r="3" t="69" w="126" /><ent r="3" t="69" w="123" /></phr></stem><stem n="(//c:/data/mydata.ntf-i1//nitf/fil"><phr n="(//C:/Data/mydata.ntf-I1//NITF/File"><ent r="3" t="69" w="128" /></phr></stem><stem n="(//[view"><phr n="(//[View"><ent r="3" t="69" w="133" /></phr></stem><stem n="]//nitf/fil"><phr n="]//NITF/File"><ent r="3" t="69" w="136" /></phr></stem><stem n="$s"><phr n="$S"><ent r="3" t="69" w="150" /></phr></stem><stem n="rule"><phr n="rules"><ent r="3" t="69" w="157" /></phr><phr n="rule"><ent r="3" t="236" w="495" /></phr></stem><stem n="()"><phr n="()"><ent r="3" t="69" w="160" /></phr></stem><stem n="string"><phr n="string"><ent r="4" t="69" w="183" /><ent r="4" t="82" w="297" /><ent r="3" t="159" w="703" /><ent r="3" t="159" w="755" /><ent r="3" t="160" w="671" /><ent r="3" t="160" w="723" /><ent r="3" t="161" w="670" /><ent r="3" t="161" w="722" /><ent r="3" t="193" w="244" /><ent r="4" t="193" w="605" /><ent r="4" t="193" w="639" /><ent r="3" t="193" w="1475" /><ent r="3" t="193" w="1526" /><ent r="3" t="193" w="1545" /><ent r="3" t="205" w="28" /><ent r="7" t="205" w="82" /><ent r="3" t="211" w="809" /><ent r="3" t="211" w="861" /><ent r="3" t="231" w="34" /><ent r="6" t="241" w="236" /></phr><phr n="strings"><ent r="3" t="159" w="697" /><ent r="3" t="160" w="665" /><ent r="3" t="161" w="664" /><ent r="3" t="211" w="803" /></phr><phr n="String"><ent r="6" t="228" w="586" /></phr></stem><stem n="palett"><phr n="Palette"><ent r="1000" t="70" w="3" /><ent r="102" t="70" w="11" /><ent r="3" t="70" w="34" /><ent r="4" t="70" w="46" /><ent r="4" t="70" w="62" /><ent r="3" t="70" w="93" /><ent r="3" t="70" w="99" /><ent r="64" t="70" w="171" /><ent r="1000" t="71" w="3" /><ent r="102" t="71" w="8" /><ent r="3" t="71" w="19" /><ent r="5" t="71" w="69" /><ent r="4" t="71" w="81" /><ent r="4" t="71" w="108" /><ent r="4" t="71" w="125" /><ent r="92" t="71" w="217" /><ent r="5" t="71" w="245" /><ent r="4" t="71" w="252" /><ent r="64" t="71" w="299" /><ent r="92" t="118" w="264" /><ent r="100" t="118" w="268" /><ent r="3" t="118" w="277" /><ent r="3" t="128" w="56" /><ent r="4" t="129" w="53" /><ent r="4" t="129" w="276" /><ent r="4" t="193" w="449" /><ent r="4" t="193" w="495" /><ent r="4" t="193" w="598" /><ent r="4" t="193" w="683" /><ent r="4" t="194" w="545" /><ent r="4" t="194" w="583" /><ent r="4" t="194" w="634" /><ent r="7" t="240" w="85" /></phr><phr n="palette"><ent r="100" t="70" w="7" /><ent r="3" t="70" w="16" /><ent r="3" t="70" w="66" /><ent r="100" t="71" w="13" /><ent r="4" t="71" w="75" /><ent r="4" t="71" w="148" /><ent r="4" t="71" w="176" /><ent r="100" t="118" w="270" /><ent r="3" t="118" w="290" /><ent r="3" t="128" w="176" /><ent r="4" t="196" w="43" /><ent r="4" t="196" w="63" /><ent r="4" t="196" w="97" /></phr></stem><stem n="easili"><phr n="easily"><ent r="3" t="70" w="20" /><ent r="4" t="188" w="492" /></phr></stem><stem n="initi"><phr n="initial"><ent r="3" t="71" w="32" /><ent r="3" t="109" w="255" /><ent r="4" t="206" w="511" /><ent r="3" t="206" w="693" /></phr><phr n="Initial"><ent r="5" t="71" w="199" /></phr><phr n="initially"><ent r="4" t="109" w="266" /><ent r="4" t="109" w="284" /><ent r="4" t="206" w="425" /><ent r="4" t="206" w="616" /></phr><phr n="initialized"><ent r="3" t="134" w="186" /><ent r="3" t="135" w="37" /></phr><phr n="initialize"><ent r="3" t="173" w="578" /></phr></stem><stem n="just"><phr n="just"><ent r="4" t="71" w="121" /><ent r="4" t="188" w="1077" /><ent r="3" t="213" w="110" /></phr></stem><stem n="banner"><phr n="banner"><ent r="4" t="71" w="124" /></phr></stem><stem n="&quot;palett"><phr n="&quot;Palette"><ent r="4" t="71" w="125" /></phr></stem><stem n=":flatten"><phr n=":flatten"><ent r="100" t="72" w="11" /></phr></stem><stem n="histori"><phr n="history"><ent r="4" t="72" w="90" /><ent r="3" t="72" w="109" /></phr></stem><stem n="ye"><phr n="Yes"><ent r="4" t="72" w="98" /><ent r="5" t="80" w="74" /><ent r="5" t="185" w="2352" /><ent r="4" t="186" w="1454" /><ent r="5" t="187" w="1343" /><ent r="5" t="190" w="1063" /><ent r="5" t="229" w="199" /><ent r="5" t="229" w="281" /><ent r="5" t="229" w="349" /></phr></stem><stem n="&quot;up&quot;"><phr n="&quot;up&quot;"><ent r="4" t="73" w="105" /></phr></stem><stem n="reorient"><phr n="reoriented"><ent r="3" t="73" w="149" /><ent r="3" t="181" w="27" /></phr></stem><stem n="(gcp)"><phr n="(GCP)"><ent r="3" t="74" w="12" /><ent r="3" t="75" w="16" /><ent r="3" t="236" w="161" /></phr></stem></index>