﻿<?xml version="1.0" encoding="utf-8"?><index><stem n="overview"><phr n="Overview"><ent r="7" t="6" w="86" /><ent r="68" t="6" w="103" /><ent r="1000" t="72" w="1" /><ent r="100" t="72" w="4" /><ent r="102" t="72" w="7" /><ent r="3" t="72" w="11" /><ent r="4" t="72" w="31" /><ent r="5" t="72" w="50" /><ent r="3" t="72" w="64" /><ent r="3" t="72" w="165" /><ent r="3" t="72" w="180" /><ent r="3" t="72" w="200" /><ent r="4" t="72" w="230" /><ent r="4" t="72" w="242" /><ent r="4" t="72" w="260" /><ent r="4" t="72" w="295" /><ent r="64" t="72" w="345" /><ent r="65" t="131" w="19" /><ent r="4" t="131" w="31" /><ent r="1000" t="132" w="2" /><ent r="102" t="132" w="6" /><ent r="3" t="132" w="14" /><ent r="64" t="132" w="27" /><ent r="3" t="132" w="78" /><ent r="4" t="132" w="120" /><ent r="5" t="132" w="173" /><ent r="3" t="132" w="220" /><ent r="5" t="203" w="717" /></phr><phr n="overview"><ent r="7" t="6" w="95" /><ent r="5" t="45" w="271" /><ent r="3" t="72" w="20" /><ent r="100" t="132" w="10" /><ent r="4" t="203" w="702" /><ent r="3" t="203" w="725" /><ent r="4" t="203" w="774" /></phr></stem><stem n="on"><phr n="one"><ent r="7" t="6" w="94" /><ent r="7" t="6" w="120" /><ent r="6" t="13" w="213" /><ent r="6" t="14" w="163" /><ent r="6" t="14" w="173" /><ent r="4" t="29" w="173" /><ent r="4" t="35" w="98" /><ent r="4" t="36" w="177" /><ent r="4" t="39" w="88" /><ent r="4" t="41" w="93" /><ent r="3" t="43" w="32" /><ent r="3" t="44" w="28" /><ent r="3" t="44" w="43" /><ent r="4" t="57" w="370" /><ent r="4" t="57" w="373" /><ent r="4" t="57" w="377" /><ent r="5" t="57" w="592" /><ent r="4" t="57" w="805" /><ent r="4" t="57" w="808" /><ent r="4" t="57" w="812" /><ent r="5" t="57" w="1027" /><ent r="3" t="63" w="32" /><ent r="3" t="69" w="610" /><ent r="3" t="73" w="234" /><ent r="3" t="75" w="68" /><ent r="3" t="83" w="128" /><ent r="3" t="88" w="80" /><ent r="65" t="97" w="65" /><ent r="3" t="104" w="35" /><ent r="5" t="116" w="173" /><ent r="4" t="121" w="107" /><ent r="3" t="122" w="25" /><ent r="4" t="134" w="297" /><ent r="4" t="134" w="306" /><ent r="3" t="136" w="21" /><ent r="3" t="143" w="435" /><ent r="3" t="150" w="18" /><ent r="4" t="151" w="78" /><ent r="3" t="153" w="729" /><ent r="3" t="156" w="27" /><ent r="3" t="157" w="33" /><ent r="3" t="162" w="58" /><ent r="3" t="162" w="61" /><ent r="4" t="166" w="67" /><ent r="3" t="168" w="63" /><ent r="3" t="168" w="124" /><ent r="3" t="168" w="131" /><ent r="3" t="171" w="563" /><ent r="3" t="181" w="27" /><ent r="5" t="181" w="208" /><ent r="3" t="181" w="337" /><ent r="5" t="181" w="625" /><ent r="3" t="188" w="242" /><ent r="4" t="188" w="581" /><ent r="4" t="188" w="593" /><ent r="3" t="189" w="90" /><ent r="3" t="189" w="117" /><ent r="3" t="191" w="239" /><ent r="3" t="191" w="261" /><ent r="4" t="194" w="213" /><ent r="4" t="195" w="169" /><ent r="4" t="195" w="179" /><ent r="3" t="196" w="60" /><ent r="3" t="196" w="68" /><ent r="4" t="196" w="179" /><ent r="4" t="198" w="131" /><ent r="3" t="199" w="93" /><ent r="4" t="199" w="301" /><ent r="4" t="203" w="1414" /><ent r="3" t="204" w="202" /><ent r="3" t="204" w="352" /><ent r="3" t="204" w="1560" /><ent r="4" t="204" w="1976" /><ent r="3" t="204" w="2751" /><ent r="3" t="205" w="1139" /><ent r="4" t="206" w="894" /><ent r="3" t="206" w="914" /><ent r="3" t="206" w="948" /><ent r="6" t="215" w="57" /><ent r="7" t="220" w="668" /><ent r="4" t="227" w="82" /><ent r="4" t="231" w="87" /><ent r="3" t="237" w="116" /><ent r="3" t="242" w="299" /><ent r="3" t="242" w="305" /><ent r="3" t="242" w="480" /><ent r="3" t="244" w="607" /><ent r="3" t="245" w="30" /></phr><phr n="ones"><ent r="5" t="57" w="646" /><ent r="5" t="57" w="1081" /><ent r="5" t="114" w="173" /><ent r="5" t="181" w="709" /></phr><phr n="One"><ent r="4" t="72" w="267" /><ent r="3" t="132" w="227" /><ent r="3" t="211" w="124" /><ent r="4" t="213" w="118" /><ent r="5" t="245" w="39" /><ent r="4" t="245" w="42" /></phr></stem><stem n="spatial"><phr n="spatial"><ent r="7" t="6" w="99" /><ent r="3" t="22" w="46" /><ent r="4" t="72" w="82" /><ent r="4" t="74" w="116" /><ent r="4" t="125" w="91" /><ent r="3" t="125" w="97" /><ent r="3" t="160" w="42" /><ent r="3" t="160" w="68" /><ent r="3" t="160" w="73" /><ent r="3" t="162" w="30" /><ent r="4" t="162" w="68" /><ent r="3" t="172" w="120" /><ent r="4" t="172" w="776" /><ent r="5" t="190" w="101" /><ent r="3" t="203" w="681" /><ent r="3" t="203" w="769" /><ent r="3" t="203" w="833" /><ent r="3" t="204" w="339" /><ent r="4" t="205" w="102" /><ent r="4" t="205" w="542" /><ent r="3" t="242" w="488" /><ent r="3" t="242" w="510" /></phr><phr n="Spatial"><ent r="5" t="116" w="345" /><ent r="67" t="116" w="363" /><ent r="1000" t="119" w="2" /><ent r="100" t="119" w="6" /><ent r="100" t="119" w="9" /><ent r="102" t="119" w="13" /><ent r="3" t="119" w="17" /><ent r="5" t="119" w="80" /><ent r="4" t="119" w="129" /><ent r="3" t="172" w="145" /><ent r="92" t="172" w="757" /><ent r="3" t="172" w="764" /><ent r="64" t="202" w="342" /><ent r="102" t="205" w="14" /><ent r="5" t="234" w="237" /><ent r="5" t="234" w="246" /><ent r="5" t="234" w="255" /><ent r="5" t="234" w="264" /><ent r="5" t="234" w="273" /><ent r="5" t="234" w="282" /><ent r="5" t="234" w="291" /><ent r="5" t="234" w="300" /></phr><phr n="spatially"><ent r="3" t="205" w="49" /></phr></stem><stem n="chip"><phr n="Chipping"><ent r="7" t="6" w="109" /><ent r="68" t="6" w="113" /><ent r="1000" t="74" w="2" /><ent r="100" t="74" w="10" /><ent r="102" t="74" w="14" /><ent r="3" t="74" w="19" /><ent r="3" t="74" w="60" /><ent r="3" t="74" w="110" /><ent r="5" t="74" w="140" /><ent r="3" t="74" w="155" /><ent r="5" t="74" w="438" /><ent r="100" t="203" w="85" /><ent r="4" t="203" w="89" /><ent r="4" t="203" w="294" /><ent r="92" t="203" w="2187" /><ent r="5" t="203" w="2200" /><ent r="3" t="203" w="2208" /><ent r="5" t="203" w="2270" /></phr><phr n="Chip"><ent r="64" t="15" w="45" /><ent r="3" t="74" w="162" /><ent r="5" t="74" w="199" /><ent r="64" t="137" w="283" /><ent r="1000" t="138" w="2" /><ent r="102" t="138" w="5" /><ent r="100" t="138" w="8" /><ent r="3" t="138" w="11" /><ent r="5" t="138" w="80" /><ent r="5" t="198" w="220" /><ent r="5" t="198" w="229" /><ent r="4" t="203" w="2220" /><ent r="4" t="203" w="2264" /></phr><phr n="chip"><ent r="100" t="74" w="5" /><ent r="3" t="74" w="26" /><ent r="3" t="74" w="37" /><ent r="3" t="74" w="47" /><ent r="3" t="74" w="77" /><ent r="4" t="74" w="182" /><ent r="4" t="74" w="217" /><ent r="4" t="74" w="235" /><ent r="3" t="74" w="287" /><ent r="4" t="74" w="454" /><ent r="4" t="74" w="465" /><ent r="4" t="74" w="473" /><ent r="4" t="74" w="487" /><ent r="3" t="74" w="527" /><ent r="3" t="74" w="534" /><ent r="3" t="74" w="572" /><ent r="3" t="74" w="586" /><ent r="3" t="74" w="602" /><ent r="3" t="74" w="621" /><ent r="3" t="137" w="271" /><ent r="3" t="138" w="15" /><ent r="3" t="138" w="43" /><ent r="4" t="138" w="66" /><ent r="3" t="199" w="66" /><ent r="4" t="203" w="2292" /><ent r="3" t="206" w="1475" /></phr><phr n="chips"><ent r="3" t="94" w="23" /><ent r="4" t="198" w="215" /><ent r="3" t="199" w="23" /></phr><phr n="chipped"><ent r="3" t="137" w="288" /><ent r="4" t="203" w="2407" /></phr><phr n="Chipped"><ent r="92" t="203" w="2374" /></phr></stem><stem n="allow"><phr n="Allows"><ent r="7" t="6" w="116" /><ent r="7" t="6" w="180" /><ent r="6" t="7" w="65" /><ent r="7" t="7" w="83" /><ent r="6" t="7" w="124" /><ent r="6" t="7" w="218" /><ent r="7" t="8" w="198" /><ent r="7" t="8" w="215" /><ent r="7" t="9" w="33" /><ent r="7" t="9" w="55" /><ent r="7" t="10" w="68" /><ent r="7" t="10" w="114" /><ent r="7" t="11" w="159" /><ent r="7" t="11" w="171" /><ent r="7" t="11" w="180" /><ent r="7" t="11" w="199" /><ent r="7" t="11" w="217" /><ent r="7" t="11" w="264" /><ent r="7" t="11" w="279" /><ent r="7" t="11" w="293" /><ent r="7" t="11" w="307" /><ent r="4" t="29" w="53" /><ent r="4" t="29" w="105" /><ent r="4" t="29" w="117" /><ent r="4" t="29" w="200" /><ent r="4" t="29" w="230" /><ent r="4" t="29" w="287" /><ent r="4" t="29" w="347" /><ent r="4" t="29" w="389" /><ent r="4" t="29" w="411" /><ent r="4" t="29" w="431" /><ent r="4" t="34" w="34" /><ent r="4" t="34" w="82" /><ent r="4" t="34" w="120" /><ent r="4" t="34" w="206" /><ent r="4" t="34" w="233" /><ent r="4" t="34" w="257" /><ent r="4" t="35" w="29" /><ent r="4" t="35" w="61" /><ent r="4" t="35" w="91" /><ent r="4" t="38" w="34" /><ent r="4" t="38" w="53" /><ent r="4" t="38" w="101" /><ent r="4" t="38" w="143" /><ent r="4" t="38" w="201" /><ent r="4" t="38" w="268" /><ent r="7" t="64" w="165" /><ent r="4" t="65" w="88" /><ent r="4" t="65" w="113" /><ent r="4" t="65" w="146" /><ent r="4" t="65" w="169" /><ent r="4" t="65" w="209" /><ent r="3" t="89" w="112" /><ent r="3" t="89" w="124" /><ent r="3" t="89" w="139" /><ent r="3" t="89" w="171" /><ent r="7" t="116" w="326" /><ent r="4" t="117" w="64" /><ent r="4" t="117" w="74" /><ent r="5" t="216" w="251" /><ent r="7" t="220" w="531" /><ent r="7" t="220" w="586" /><ent r="6" t="236" w="171" /><ent r="6" t="236" w="256" /><ent r="6" t="236" w="279" /><ent r="6" t="236" w="341" /><ent r="6" t="236" w="555" /><ent r="6" t="236" w="588" /><ent r="5" t="236" w="607" /><ent r="6" t="236" w="654" /></phr><phr n="allows"><ent r="6" t="7" w="204" /><ent r="3" t="19" w="17" /><ent r="3" t="22" w="614" /><ent r="3" t="22" w="798" /><ent r="3" t="42" w="12" /><ent r="3" t="52" w="191" /><ent r="3" t="58" w="223" /><ent r="3" t="59" w="199" /><ent r="3" t="60" w="8" /><ent r="3" t="61" w="13" /><ent r="7" t="64" w="150" /><ent r="3" t="73" w="21" /><ent r="3" t="73" w="61" /><ent r="3" t="74" w="21" /><ent r="4" t="74" w="450" /><ent r="3" t="84" w="25" /><ent r="4" t="85" w="17" /><ent r="3" t="89" w="26" /><ent r="3" t="89" w="191" /><ent r="3" t="102" w="235" /><ent r="3" t="108" w="29" /><ent r="3" t="110" w="230" /><ent r="7" t="116" w="697" /><ent r="3" t="118" w="19" /><ent r="3" t="119" w="19" /><ent r="3" t="120" w="12" /><ent r="3" t="121" w="17" /><ent r="3" t="129" w="25" /><ent r="3" t="130" w="31" /><ent r="3" t="135" w="238" /><ent r="3" t="136" w="10" /><ent r="3" t="143" w="43" /><ent r="4" t="145" w="106" /><ent r="3" t="145" w="204" /><ent r="3" t="151" w="24" /><ent r="3" t="151" w="134" /><ent r="3" t="152" w="38" /><ent r="8" t="153" w="427" /><ent r="3" t="153" w="647" /><ent r="3" t="158" w="40" /><ent r="3" t="158" w="71" /><ent r="3" t="158" w="92" /><ent r="3" t="162" w="18" /><ent r="3" t="164" w="29" /><ent r="3" t="172" w="493" /><ent r="3" t="172" w="672" /><ent r="3" t="173" w="482" /><ent r="3" t="173" w="661" /><ent r="3" t="174" w="29" /><ent r="3" t="174" w="480" /><ent r="3" t="174" w="659" /><ent r="3" t="174" w="795" /><ent r="5" t="188" w="313" /><ent r="3" t="188" w="399" /><ent r="3" t="203" w="1594" /><ent r="4" t="203" w="1742" /><ent r="3" t="203" w="1852" /><ent r="4" t="205" w="537" /><ent r="3" t="205" w="745" /><ent r="3" t="209" w="125" /><ent r="3" t="209" w="141" /><ent r="3" t="210" w="91" /><ent r="4" t="210" w="122" /><ent r="4" t="210" w="146" /><ent r="3" t="210" w="1018" /><ent r="3" t="211" w="81" /><ent r="3" t="229" w="20" /><ent r="6" t="236" w="224" /><ent r="6" t="236" w="509" /><ent r="3" t="244" w="461" /></phr><phr n="Allow"><ent r="7" t="8" w="179" /><ent r="5" t="45" w="231" /></phr><phr n="allowing"><ent r="3" t="18" w="169" /></phr><phr n="allow"><ent r="3" t="49" w="16" /><ent r="4" t="57" w="265" /><ent r="3" t="64" w="14" /><ent r="3" t="65" w="14" /><ent r="3" t="73" w="47" /><ent r="4" t="83" w="54" /><ent r="4" t="83" w="92" /><ent r="3" t="116" w="113" /><ent r="3" t="143" w="151" /><ent r="3" t="153" w="622" /><ent r="4" t="194" w="180" /><ent r="3" t="203" w="763" /><ent r="3" t="205" w="1202" /><ent r="3" t="211" w="884" /><ent r="4" t="211" w="1355" /><ent r="3" t="219" w="109" /></phr><phr n="allowed"><ent r="3" t="106" w="230" /></phr></stem><stem n="link"><phr n="link"><ent r="7" t="6" w="119" /><ent r="5" t="6" w="141" /><ent r="3" t="19" w="69" /><ent r="100" t="73" w="6" /><ent r="100" t="73" w="9" /><ent r="3" t="73" w="24" /><ent r="3" t="73" w="50" /><ent r="3" t="73" w="77" /><ent r="4" t="73" w="95" /><ent r="3" t="73" w="220" /><ent r="3" t="73" w="237" /><ent r="4" t="73" w="250" /><ent r="3" t="73" w="273" /><ent r="3" t="73" w="307" /><ent r="4" t="73" w="371" /><ent r="3" t="73" w="391" /><ent r="3" t="73" w="509" /><ent r="5" t="116" w="180" /><ent r="4" t="134" w="494" /><ent r="3" t="204" w="68" /><ent r="100" t="204" w="113" /><ent r="3" t="204" w="333" /><ent r="3" t="211" w="84" /><ent r="4" t="213" w="45" /></phr><phr n="Link"><ent r="68" t="6" w="126" /><ent r="66" t="6" w="144" /><ent r="1000" t="73" w="1" /><ent r="102" t="73" w="14" /><ent r="3" t="73" w="18" /><ent r="3" t="73" w="45" /><ent r="92" t="73" w="84" /><ent r="4" t="73" w="105" /><ent r="92" t="73" w="112" /><ent r="5" t="73" w="132" /><ent r="3" t="73" w="146" /><ent r="4" t="73" w="152" /><ent r="5" t="73" w="422" /><ent r="5" t="134" w="488" /><ent r="4" t="134" w="501" /><ent r="5" t="135" w="421" /><ent r="4" t="204" w="116" /><ent r="4" t="204" w="327" /><ent r="4" t="204" w="2458" /><ent r="4" t="204" w="2471" /><ent r="4" t="204" w="2502" /><ent r="5" t="204" w="2550" /><ent r="4" t="204" w="2629" /></phr><phr n="Links"><ent r="5" t="6" w="129" /><ent r="5" t="204" w="2511" /></phr><phr n="linking"><ent r="4" t="73" w="375" /><ent r="4" t="204" w="2563" /><ent r="4" t="204" w="2573" /></phr><phr n="linked"><ent r="3" t="73" w="442" /><ent r="3" t="73" w="464" /><ent r="3" t="73" w="493" /><ent r="4" t="134" w="498" /><ent r="4" t="204" w="2541" /></phr><phr n="links"><ent r="3" t="202" w="311" /><ent r="3" t="213" w="12" /><ent r="3" t="213" w="34" /><ent r="4" t="213" w="180" /></phr><phr n="Linking"><ent r="64" t="202" w="330" /><ent r="102" t="204" w="26" /><ent r="92" t="204" w="2401" /><ent r="4" t="204" w="2583" /></phr></stem><stem n="anoth"><phr n="another"><ent r="7" t="6" w="124" /><ent r="3" t="26" w="201" /><ent r="3" t="30" w="96" /><ent r="3" t="75" w="54" /><ent r="3" t="136" w="481" /><ent r="3" t="156" w="34" /><ent r="3" t="173" w="1204" /><ent r="3" t="189" w="118" /><ent r="4" t="194" w="228" /><ent r="3" t="204" w="1559" /><ent r="4" t="204" w="1983" /><ent r="4" t="204" w="2543" /><ent r="3" t="204" w="2755" /><ent r="4" t="205" w="878" /><ent r="4" t="205" w="903" /><ent r="4" t="205" w="1274" /><ent r="3" t="205" w="1462" /><ent r="4" t="208" w="988" /><ent r="3" t="242" w="484" /><ent r="3" t="244" w="468" /></phr></stem><stem n="/unlink"><phr n="/Unlink"><ent r="68" t="6" w="127" /><ent r="66" t="6" w="145" /><ent r="1000" t="73" w="2" /><ent r="102" t="73" w="15" /><ent r="3" t="73" w="19" /><ent r="3" t="73" w="46" /><ent r="92" t="73" w="113" /><ent r="3" t="73" w="147" /><ent r="4" t="73" w="153" /><ent r="4" t="134" w="502" /><ent r="4" t="204" w="2459" /><ent r="4" t="204" w="2472" /><ent r="4" t="204" w="2503" /><ent r="4" t="204" w="2630" /></phr><phr n="/unlink"><ent r="3" t="73" w="78" /></phr></stem><stem n="link/unlink"><phr n="Link/Unlink"><ent r="68" t="6" w="127" /><ent r="68" t="6" w="126" /><ent r="66" t="6" w="145" /><ent r="66" t="6" w="144" /><ent r="1000" t="73" w="2" /><ent r="1000" t="73" w="1" /><ent r="102" t="73" w="15" /><ent r="102" t="73" w="14" /><ent r="3" t="73" w="19" /><ent r="3" t="73" w="18" /><ent r="3" t="73" w="46" /><ent r="3" t="73" w="45" /><ent r="92" t="73" w="113" /><ent r="92" t="73" w="112" /><ent r="5" t="73" w="133" /><ent r="5" t="73" w="132" /><ent r="3" t="73" w="147" /><ent r="3" t="73" w="146" /><ent r="4" t="73" w="153" /><ent r="4" t="73" w="152" /><ent r="4" t="134" w="502" /><ent r="4" t="134" w="501" /><ent r="4" t="204" w="2459" /><ent r="4" t="204" w="2458" /><ent r="4" t="204" w="2472" /><ent r="4" t="204" w="2471" /><ent r="4" t="204" w="2503" /><ent r="4" t="204" w="2502" /><ent r="4" t="204" w="2630" /><ent r="4" t="204" w="2629" /></phr><phr n="link/unlink"><ent r="3" t="73" w="78" /><ent r="3" t="73" w="77" /></phr></stem><stem n="unlink"><phr n="Unlink"><ent r="68" t="6" w="127" /><ent r="66" t="6" w="145" /><ent r="1000" t="73" w="2" /><ent r="102" t="73" w="15" /><ent r="3" t="73" w="19" /><ent r="3" t="73" w="46" /><ent r="92" t="73" w="113" /><ent r="5" t="73" w="133" /><ent r="3" t="73" w="147" /><ent r="4" t="73" w="153" /><ent r="5" t="73" w="269" /><ent r="4" t="73" w="456" /><ent r="4" t="73" w="485" /><ent r="4" t="134" w="502" /><ent r="4" t="204" w="2459" /><ent r="4" t="204" w="2472" /><ent r="4" t="204" w="2503" /><ent r="4" t="204" w="2630" /></phr><phr n="unlink"><ent r="100" t="73" w="12" /><ent r="3" t="73" w="78" /><ent r="3" t="73" w="426" /><ent r="3" t="73" w="439" /><ent r="3" t="73" w="471" /><ent r="3" t="73" w="511" /></phr></stem><stem n="accord"><phr n="according"><ent r="5" t="6" w="137" /><ent r="6" t="11" w="152" /><ent r="7" t="14" w="368" /><ent r="7" t="14" w="405" /><ent r="7" t="14" w="475" /><ent r="3" t="137" w="68" /><ent r="3" t="168" w="49" /><ent r="3" t="168" w="109" /><ent r="3" t="211" w="158" /><ent r="3" t="211" w="164" /><ent r="3" t="211" w="281" /></phr></stem><stem n="type"><phr n="type"><ent r="5" t="6" w="142" /><ent r="7" t="7" w="102" /><ent r="3" t="20" w="30" /><ent r="3" t="20" w="34" /><ent r="4" t="22" w="486" /><ent r="4" t="22" w="566" /><ent r="4" t="33" w="68" /><ent r="4" t="36" w="567" /><ent r="5" t="37" w="77" /><ent r="4" t="38" w="218" /><ent r="4" t="38" w="228" /><ent r="4" t="40" w="62" /><ent r="4" t="42" w="186" /><ent r="4" t="47" w="85" /><ent r="3" t="47" w="414" /><ent r="3" t="48" w="171" /><ent r="3" t="48" w="189" /><ent r="4" t="51" w="191" /><ent r="4" t="52" w="141" /><ent r="3" t="53" w="73" /><ent r="4" t="53" w="150" /><ent r="3" t="53" w="172" /><ent r="3" t="54" w="164" /><ent r="4" t="55" w="190" /><ent r="4" t="56" w="145" /><ent r="4" t="57" w="570" /><ent r="4" t="57" w="1005" /><ent r="3" t="58" w="173" /><ent r="4" t="59" w="149" /><ent r="3" t="73" w="274" /><ent r="4" t="78" w="98" /><ent r="4" t="78" w="138" /><ent r="4" t="80" w="72" /><ent r="4" t="85" w="143" /><ent r="4" t="90" w="56" /><ent r="3" t="110" w="245" /><ent r="100" t="114" w="7" /><ent r="100" t="114" w="10" /><ent r="4" t="114" w="83" /><ent r="4" t="114" w="112" /><ent r="3" t="114" w="214" /><ent r="3" t="114" w="228" /><ent r="5" t="116" w="188" /><ent r="7" t="116" w="461" /><ent r="4" t="121" w="245" /><ent r="3" t="128" w="99" /><ent r="3" t="136" w="266" /><ent r="4" t="136" w="559" /><ent r="3" t="143" w="285" /><ent r="3" t="143" w="299" /><ent r="4" t="145" w="82" /><ent r="4" t="151" w="235" /><ent r="4" t="151" w="376" /><ent r="4" t="151" w="515" /><ent r="100" t="153" w="9" /><ent r="3" t="153" w="110" /><ent r="3" t="153" w="554" /><ent r="3" t="153" w="602" /><ent r="3" t="153" w="615" /><ent r="3" t="153" w="671" /><ent r="3" t="154" w="107" /><ent r="3" t="156" w="41" /><ent r="3" t="157" w="166" /><ent r="4" t="159" w="148" /><ent r="4" t="172" w="364" /><ent r="4" t="172" w="444" /><ent r="3" t="173" w="190" /><ent r="4" t="173" w="356" /><ent r="4" t="173" w="433" /><ent r="4" t="174" w="354" /><ent r="4" t="174" w="431" /><ent r="3" t="178" w="153" /><ent r="3" t="179" w="200" /><ent r="3" t="180" w="123" /><ent r="4" t="181" w="609" /><ent r="3" t="188" w="672" /><ent r="3" t="188" w="685" /><ent r="3" t="188" w="741" /><ent r="3" t="188" w="754" /><ent r="4" t="188" w="786" /><ent r="4" t="188" w="796" /><ent r="3" t="191" w="137" /><ent r="5" t="201" w="111" /><ent r="3" t="204" w="2753" /><ent r="3" t="205" w="788" /><ent r="3" t="205" w="1407" /><ent r="3" t="207" w="286" /><ent r="3" t="207" w="869" /><ent r="3" t="208" w="276" /><ent r="3" t="208" w="762" /><ent r="4" t="208" w="1129" /><ent r="3" t="208" w="1289" /><ent r="3" t="211" w="852" /><ent r="3" t="211" w="862" /><ent r="3" t="211" w="868" /><ent r="3" t="211" w="919" /><ent r="3" t="211" w="940" /><ent r="3" t="211" w="953" /><ent r="3" t="211" w="1036" /><ent r="3" t="211" w="1039" /><ent r="7" t="211" w="1142" /><ent r="3" t="211" w="1574" /><ent r="3" t="212" w="859" /><ent r="3" t="212" w="880" /><ent r="3" t="212" w="894" /><ent r="4" t="212" w="1563" /><ent r="3" t="212" w="1576" /><ent r="3" t="216" w="27" /><ent r="7" t="220" w="162" /><ent r="7" t="220" w="181" /><ent r="7" t="220" w="186" /><ent r="7" t="220" w="309" /><ent r="7" t="220" w="565" /><ent r="3" t="220" w="717" /><ent r="3" t="220" w="722" /><ent r="3" t="220" w="729" /><ent r="3" t="221" w="303" /><ent r="4" t="223" w="231" /><ent r="3" t="224" w="219" /><ent r="3" t="224" w="252" /><ent r="4" t="226" w="235" /><ent r="4" t="238" w="133" /><ent r="3" t="242" w="179" /><ent r="3" t="244" w="644" /></phr><phr n="Type"><ent r="5" t="22" w="661" /><ent r="4" t="22" w="685" /><ent r="4" t="22" w="730" /><ent r="3" t="23" w="92" /><ent r="3" t="36" w="319" /><ent r="5" t="36" w="537" /><ent r="4" t="46" w="282" /><ent r="4" t="48" w="161" /><ent r="5" t="57" w="559" /><ent r="5" t="57" w="994" /><ent r="4" t="68" w="121" /><ent r="5" t="74" w="403" /><ent r="5" t="78" w="85" /><ent r="3" t="99" w="221" /><ent r="3" t="99" w="226" /><ent r="4" t="108" w="212" /><ent r="64" t="112" w="197" /><ent r="1000" t="114" w="2" /><ent r="102" t="114" w="13" /><ent r="5" t="114" w="102" /><ent r="64" t="115" w="133" /><ent r="7" t="116" w="453" /><ent r="68" t="116" w="469" /><ent r="5" t="134" w="489" /><ent r="5" t="136" w="554" /><ent r="82" t="153" w="306" /><ent r="6" t="153" w="357" /><ent r="4" t="154" w="114" /><ent r="5" t="164" w="65" /><ent r="5" t="172" w="540" /><ent r="4" t="172" w="564" /><ent r="4" t="172" w="609" /><ent r="5" t="173" w="529" /><ent r="4" t="173" w="553" /><ent r="4" t="173" w="598" /><ent r="4" t="173" w="1099" /><ent r="5" t="174" w="527" /><ent r="4" t="174" w="551" /><ent r="4" t="174" w="596" /><ent r="4" t="179" w="153" /><ent r="5" t="181" w="598" /><ent r="5" t="188" w="562" /><ent r="4" t="204" w="994" /><ent r="3" t="204" w="1013" /><ent r="4" t="204" w="1514" /><ent r="4" t="204" w="1673" /><ent r="5" t="204" w="2551" /><ent r="3" t="204" w="2993" /><ent r="5" t="205" w="932" /><ent r="5" t="205" w="1224" /><ent r="5" t="206" w="438" /><ent r="5" t="207" w="676" /><ent r="5" t="208" w="665" /><ent r="3" t="210" w="601" /><ent r="3" t="210" w="1165" /><ent r="5" t="211" w="633" /><ent r="5" t="211" w="718" /><ent r="3" t="211" w="1597" /><ent r="3" t="211" w="1618" /><ent r="3" t="211" w="1639" /><ent r="3" t="211" w="1687" /><ent r="3" t="212" w="687" /><ent r="3" t="212" w="700" /><ent r="3" t="212" w="726" /><ent r="3" t="212" w="1479" /><ent r="3" t="221" w="251" /><ent r="3" t="222" w="182" /><ent r="3" t="223" w="141" /><ent r="3" t="225" w="180" /><ent r="5" t="226" w="239" /><ent r="5" t="238" w="137" /><ent r="4" t="244" w="573" /><ent r="6" t="250" w="30" /><ent r="6" t="250" w="33" /></phr><phr n="typing"><ent r="3" t="25" w="110" /><ent r="4" t="171" w="439" /><ent r="3" t="204" w="1568" /><ent r="3" t="227" w="176" /><ent r="3" t="231" w="181" /><ent r="3" t="244" w="290" /></phr><phr n="types"><ent r="3" t="30" w="139" /><ent r="3" t="31" w="94" /><ent r="3" t="31" w="123" /><ent r="4" t="35" w="102" /><ent r="4" t="45" w="152" /><ent r="3" t="73" w="238" /><ent r="4" t="78" w="176" /><ent r="4" t="80" w="84" /><ent r="4" t="106" w="71" /><ent r="3" t="110" w="25" /><ent r="3" t="135" w="295" /><ent r="3" t="136" w="44" /><ent r="3" t="153" w="332" /><ent r="3" t="153" w="573" /><ent r="3" t="153" w="588" /><ent r="3" t="184" w="105" /><ent r="4" t="188" w="601" /><ent r="4" t="188" w="613" /><ent r="3" t="191" w="146" /><ent r="3" t="208" w="1300" /><ent r="3" t="211" w="176" /><ent r="3" t="211" w="252" /><ent r="3" t="211" w="887" /><ent r="3" t="211" w="899" /><ent r="3" t="211" w="925" /><ent r="3" t="211" w="946" /><ent r="3" t="211" w="996" /><ent r="3" t="211" w="1015" /><ent r="3" t="212" w="838" /><ent r="3" t="212" w="865" /><ent r="3" t="212" w="886" /><ent r="7" t="220" w="170" /><ent r="7" t="220" w="343" /><ent r="3" t="224" w="46" /><ent r="3" t="224" w="68" /><ent r="3" t="224" w="133" /><ent r="3" t="224" w="157" /><ent r="4" t="238" w="146" /><ent r="100" t="250" w="7" /></phr><phr n="Types"><ent r="64" t="154" w="133" /><ent r="65" t="238" w="151" /><ent r="1000" t="250" w="3" /><ent r="102" t="250" w="11" /></phr><phr n="typed"><ent r="3" t="211" w="1422" /></phr></stem><stem n="edit"><phr n="Edit"><ent r="5" t="6" w="147" /><ent r="66" t="6" w="161" /><ent r="5" t="6" w="166" /><ent r="66" t="6" w="177" /><ent r="68" t="8" w="241" /><ent r="68" t="9" w="64" /><ent r="68" t="10" w="79" /><ent r="4" t="22" w="221" /><ent r="4" t="22" w="238" /><ent r="4" t="22" w="335" /><ent r="4" t="22" w="352" /><ent r="64" t="52" w="166" /><ent r="64" t="53" w="197" /><ent r="64" t="58" w="198" /><ent r="64" t="59" w="174" /><ent r="6" t="63" w="110" /><ent r="67" t="63" w="117" /><ent r="3" t="63" w="137" /><ent r="1000" t="66" w="1" /><ent r="102" t="66" w="5" /><ent r="3" t="66" w="29" /><ent r="64" t="72" w="217" /><ent r="1000" t="81" w="2" /><ent r="102" t="81" w="6" /><ent r="3" t="81" w="11" /><ent r="3" t="81" w="45" /><ent r="3" t="81" w="70" /><ent r="64" t="87" w="149" /><ent r="65" t="90" w="250" /><ent r="65" t="90" w="295" /><ent r="65" t="92" w="253" /><ent r="4" t="99" w="149" /><ent r="64" t="121" w="274" /><ent r="1000" t="122" w="2" /><ent r="102" t="122" w="7" /><ent r="5" t="122" w="104" /><ent r="64" t="122" w="176" /><ent r="64" t="132" w="203" /><ent r="65" t="134" w="455" /><ent r="4" t="139" w="108" /><ent r="4" t="143" w="190" /><ent r="68" t="144" w="220" /><ent r="64" t="153" w="284" /><ent r="1000" t="154" w="2" /><ent r="102" t="154" w="25" /><ent r="4" t="154" w="392" /><ent r="5" t="155" w="47" /><ent r="64" t="158" w="128" /><ent r="64" t="159" w="226" /><ent r="64" t="160" w="119" /><ent r="1000" t="162" w="1" /><ent r="102" t="162" w="9" /><ent r="3" t="162" w="14" /><ent r="5" t="162" w="81" /><ent r="64" t="174" w="267" /><ent r="64" t="175" w="184" /><ent r="64" t="176" w="223" /><ent r="64" t="177" w="229" /><ent r="64" t="180" w="170" /><ent r="64" t="182" w="157" /><ent r="3" t="185" w="141" /><ent r="92" t="185" w="160" /><ent r="92" t="185" w="337" /><ent r="5" t="185" w="372" /><ent r="5" t="185" w="379" /><ent r="92" t="187" w="135" /><ent r="92" t="187" w="313" /><ent r="5" t="187" w="345" /><ent r="5" t="187" w="352" /><ent r="4" t="208" w="960" /><ent r="4" t="210" w="57" /><ent r="82" t="210" w="710" /><ent r="4" t="210" w="993" /><ent r="1000" t="214" w="1" /><ent r="102" t="214" w="10" /><ent r="5" t="234" w="136" /><ent r="92" t="235" w="116" /><ent r="4" t="235" w="141" /><ent r="4" t="235" w="145" /><ent r="6" t="236" w="25" /><ent r="67" t="236" w="190" /><ent r="67" t="236" w="359" /><ent r="67" t="236" w="570" /><ent r="92" t="238" w="170" /><ent r="5" t="238" w="206" /><ent r="3" t="238" w="211" /><ent r="4" t="238" w="219" /><ent r="1000" t="247" w="3" /><ent r="100" t="247" w="18" /><ent r="100" t="247" w="25" /><ent r="102" t="247" w="30" /><ent r="3" t="247" w="41" /><ent r="3" t="249" w="41" /><ent r="7" t="249" w="86" /><ent r="68" t="249" w="107" /><ent r="6" t="250" w="32" /><ent r="6" t="250" w="35" /></phr><phr n="edit"><ent r="5" t="6" w="158" /><ent r="5" t="6" w="173" /><ent r="7" t="10" w="117" /><ent r="6" t="13" w="214" /><ent r="3" t="17" w="171" /><ent r="3" t="20" w="116" /><ent r="3" t="20" w="132" /><ent r="3" t="22" w="98" /><ent r="4" t="22" w="250" /><ent r="4" t="22" w="364" /><ent r="3" t="24" w="30" /><ent r="4" t="30" w="311" /><ent r="3" t="37" w="101" /><ent r="3" t="46" w="230" /><ent r="100" t="66" w="9" /><ent r="64" t="66" w="24" /><ent r="82" t="69" w="507" /><ent r="4" t="69" w="523" /><ent r="3" t="81" w="26" /><ent r="3" t="81" w="53" /><ent r="3" t="81" w="66" /><ent r="3" t="99" w="39" /><ent r="3" t="99" w="93" /><ent r="4" t="99" w="107" /><ent r="4" t="99" w="165" /><ent r="3" t="108" w="36" /><ent r="3" t="108" w="198" /><ent r="4" t="108" w="210" /><ent r="7" t="116" w="331" /><ent r="4" t="117" w="123" /><ent r="4" t="118" w="137" /><ent r="4" t="118" w="332" /><ent r="3" t="121" w="266" /><ent r="3" t="122" w="22" /><ent r="100" t="122" w="42" /><ent r="100" t="122" w="48" /><ent r="3" t="122" w="170" /><ent r="3" t="139" w="92" /><ent r="3" t="143" w="47" /><ent r="3" t="143" w="157" /><ent r="3" t="146" w="23" /><ent r="100" t="154" w="10" /><ent r="3" t="154" w="368" /><ent r="4" t="154" w="410" /><ent r="3" t="158" w="95" /><ent r="100" t="162" w="5" /><ent r="3" t="162" w="21" /><ent r="3" t="162" w="51" /><ent r="3" t="173" w="48" /><ent r="3" t="173" w="764" /><ent r="3" t="173" w="780" /><ent r="3" t="174" w="798" /><ent r="3" t="174" w="844" /><ent r="4" t="175" w="114" /><ent r="3" t="178" w="133" /><ent r="3" t="179" w="224" /><ent r="3" t="185" w="151" /><ent r="4" t="185" w="164" /><ent r="4" t="185" w="183" /><ent r="4" t="185" w="342" /><ent r="4" t="185" w="407" /><ent r="4" t="185" w="602" /><ent r="4" t="186" w="116" /><ent r="4" t="186" w="311" /><ent r="3" t="187" w="133" /><ent r="4" t="187" w="139" /><ent r="4" t="187" w="158" /><ent r="4" t="187" w="318" /><ent r="4" t="187" w="380" /><ent r="4" t="187" w="577" /><ent r="4" t="210" w="149" /><ent r="100" t="214" w="5" /><ent r="100" t="214" w="7" /><ent r="3" t="235" w="10" /><ent r="6" t="236" w="137" /><ent r="6" t="236" w="512" /><ent r="6" t="236" w="591" /><ent r="3" t="238" w="22" /><ent r="3" t="238" w="238" /><ent r="6" t="250" w="42" /><ent r="5" t="250" w="55" /><ent r="6" t="250" w="68" /><ent r="6" t="250" w="80" /><ent r="6" t="250" w="93" /><ent r="6" t="250" w="105" /><ent r="6" t="250" w="118" /><ent r="6" t="250" w="130" /><ent r="6" t="250" w="143" /><ent r="5" t="250" w="156" /><ent r="5" t="250" w="168" /><ent r="5" t="250" w="180" /><ent r="5" t="250" w="193" /><ent r="6" t="250" w="205" /><ent r="6" t="250" w="217" /><ent r="6" t="250" w="240" /><ent r="6" t="250" w="249" /><ent r="6" t="250" w="397" /><ent r="5" t="250" w="416" /><ent r="6" t="250" w="435" /><ent r="6" t="250" w="453" /><ent r="6" t="250" w="472" /><ent r="6" t="250" w="490" /><ent r="6" t="250" w="509" /><ent r="6" t="250" w="527" /><ent r="6" t="250" w="546" /><ent r="5" t="250" w="565" /><ent r="5" t="250" w="583" /><ent r="5" t="250" w="601" /><ent r="5" t="250" w="620" /><ent r="6" t="250" w="638" /><ent r="6" t="250" w="656" /><ent r="6" t="250" w="674" /><ent r="6" t="250" w="692" /><ent r="6" t="250" w="707" /><ent r="5" t="250" w="729" /></phr><phr n="edited"><ent r="3" t="20" w="114" /><ent r="3" t="20" w="138" /><ent r="3" t="22" w="416" /><ent r="3" t="180" w="52" /><ent r="3" t="183" w="40" /></phr><phr n="editing"><ent r="3" t="24" w="42" /><ent r="64" t="106" w="197" /><ent r="4" t="118" w="364" /><ent r="3" t="122" w="183" /><ent r="3" t="143" w="126" /><ent r="4" t="185" w="284" /><ent r="4" t="185" w="609" /><ent r="4" t="186" w="343" /><ent r="4" t="187" w="259" /><ent r="4" t="187" w="584" /><ent r="4" t="188" w="1065" /><ent r="3" t="208" w="863" /><ent r="3" t="242" w="245" /></phr><phr n="Edits"><ent r="7" t="144" w="212" /></phr><phr n="Edition"><ent r="5" t="220" w="67" /></phr><phr n="edits"><ent r="4" t="221" w="336" /></phr></stem></index>