﻿<?xml version="1.0" encoding="utf-8"?><index><stem n="icon"><phr n="icon"><ent r="3" t="18" w="128" /><ent r="4" t="193" w="535" /><ent r="3" t="193" w="801" /><ent r="3" t="193" w="826" /><ent r="3" t="194" w="817" /></phr><phr n="Icon"><ent r="3" t="187" w="738" /><ent r="6" t="197" w="27" /></phr><phr n="icons"><ent r="3" t="193" w="778" /><ent r="4" t="194" w="787" /></phr></stem><stem n="call"><phr n="calls"><ent r="3" t="18" w="153" /></phr><phr n="called"><ent r="4" t="45" w="566" /><ent r="4" t="92" w="97" /><ent r="3" t="126" w="189" /><ent r="3" t="164" w="35" /><ent r="3" t="183" w="161" /><ent r="3" t="186" w="279" /><ent r="3" t="187" w="1091" /><ent r="4" t="188" w="1164" /><ent r="3" t="190" w="1214" /><ent r="3" t="227" w="50" /><ent r="3" t="233" w="352" /></phr></stem><stem n="auto"><phr n="Auto"><ent r="3" t="18" w="155" /><ent r="5" t="20" w="50" /><ent r="3" t="75" w="317" /><ent r="3" t="75" w="322" /><ent r="5" t="82" w="656" /><ent r="4" t="82" w="677" /><ent r="5" t="91" w="366" /><ent r="5" t="91" w="395" /><ent r="4" t="148" w="198" /><ent r="4" t="151" w="172" /><ent r="4" t="157" w="206" /><ent r="4" t="158" w="180" /><ent r="5" t="185" w="575" /><ent r="4" t="186" w="742" /><ent r="5" t="192" w="535" /><ent r="5" t="192" w="862" /></phr><phr n="auto"><ent r="5" t="91" w="382" /><ent r="5" t="91" w="407" /><ent r="5" t="91" w="412" /><ent r="3" t="148" w="218" /><ent r="3" t="151" w="214" /><ent r="3" t="157" w="247" /><ent r="3" t="158" w="223" /></phr></stem><stem n="specifi"><phr n="specified"><ent r="3" t="18" w="179" /><ent r="3" t="49" w="276" /><ent r="3" t="69" w="148" /><ent r="4" t="69" w="186" /><ent r="3" t="82" w="250" /><ent r="3" t="82" w="267" /><ent r="3" t="134" w="36" /><ent r="3" t="135" w="29" /><ent r="3" t="135" w="52" /><ent r="3" t="147" w="192" /><ent r="3" t="147" w="295" /><ent r="3" t="147" w="499" /><ent r="3" t="147" w="663" /><ent r="4" t="178" w="261" /><ent r="3" t="186" w="224" /><ent r="3" t="186" w="1614" /><ent r="3" t="193" w="1658" /><ent r="4" t="193" w="1780" /><ent r="3" t="194" w="1399" /><ent r="4" t="194" w="1611" /><ent r="4" t="216" w="394" /><ent r="4" t="235" w="559" /><ent r="3" t="235" w="614" /></phr><phr n="specify"><ent r="3" t="21" w="399" /><ent r="3" t="27" w="201" /><ent r="3" t="27" w="372" /><ent r="3" t="47" w="133" /><ent r="4" t="109" w="468" /><ent r="4" t="120" w="109" /><ent r="3" t="134" w="64" /><ent r="3" t="134" w="76" /><ent r="4" t="134" w="91" /><ent r="3" t="147" w="18" /><ent r="3" t="148" w="18" /><ent r="3" t="159" w="496" /><ent r="3" t="160" w="484" /><ent r="3" t="161" w="483" /><ent r="4" t="193" w="1449" /><ent r="3" t="203" w="137" /><ent r="3" t="204" w="68" /><ent r="3" t="205" w="21" /><ent r="3" t="206" w="66" /><ent r="3" t="215" w="617" /><ent r="3" t="225" w="47" /><ent r="3" t="225" w="76" /><ent r="3" t="233" w="38" /></phr><phr n="specifying"><ent r="3" t="27" w="208" /><ent r="3" t="69" w="51" /><ent r="3" t="130" w="62" /><ent r="3" t="200" w="61" /><ent r="3" t="219" w="32" /></phr><phr n="specifies"><ent r="3" t="82" w="145" /><ent r="3" t="82" w="187" /><ent r="3" t="193" w="1483" /><ent r="3" t="216" w="237" /></phr><phr n="Specifies"><ent r="4" t="109" w="491" /></phr></stem><stem n="valid"><phr n="valid"><ent r="3" t="18" w="184" /><ent r="3" t="193" w="924" /><ent r="3" t="193" w="945" /><ent r="3" t="194" w="864" /><ent r="3" t="194" w="885" /></phr><phr n="Valid"><ent r="3" t="202" w="74" /><ent r="6" t="226" w="88" /><ent r="6" t="226" w="640" /></phr></stem><stem n="cancel"><phr n="Cancel"><ent r="3" t="18" w="188" /><ent r="4" t="63" w="228" /><ent r="4" t="82" w="117" /><ent r="4" t="107" w="261" /><ent r="4" t="108" w="139" /><ent r="4" t="109" w="158" /><ent r="4" t="110" w="158" /><ent r="4" t="146" w="312" /><ent r="4" t="147" w="112" /><ent r="4" t="148" w="412" /><ent r="3" t="150" w="250" /><ent r="4" t="151" w="290" /><ent r="4" t="152" w="213" /><ent r="4" t="153" w="195" /><ent r="4" t="154" w="210" /><ent r="4" t="155" w="163" /><ent r="3" t="156" w="162" /><ent r="4" t="157" w="153" /><ent r="4" t="158" w="270" /><ent r="4" t="159" w="198" /><ent r="4" t="160" w="169" /><ent r="4" t="161" w="205" /><ent r="4" t="162" w="235" /><ent r="4" t="163" w="109" /><ent r="4" t="164" w="280" /><ent r="4" t="165" w="209" /><ent r="4" t="166" w="143" /><ent r="4" t="167" w="239" /><ent r="4" t="168" w="174" /><ent r="4" t="170" w="912" /><ent r="4" t="170" w="926" /><ent r="3" t="174" w="311" /><ent r="5" t="215" w="264" /><ent r="5" t="215" w="378" /><ent r="4" t="224" w="162" /></phr><phr n="cancel"><ent r="3" t="63" w="217" /><ent r="3" t="72" w="115" /><ent r="3" t="82" w="120" /><ent r="3" t="107" w="264" /><ent r="3" t="108" w="142" /><ent r="3" t="109" w="161" /><ent r="3" t="110" w="161" /><ent r="3" t="146" w="306" /><ent r="3" t="147" w="115" /><ent r="3" t="148" w="415" /><ent r="3" t="150" w="252" /><ent r="3" t="151" w="293" /><ent r="3" t="152" w="216" /><ent r="3" t="153" w="198" /><ent r="3" t="154" w="213" /><ent r="3" t="155" w="166" /><ent r="3" t="156" w="164" /><ent r="3" t="157" w="156" /><ent r="3" t="158" w="273" /><ent r="3" t="159" w="202" /><ent r="3" t="160" w="158" /><ent r="3" t="161" w="194" /><ent r="3" t="162" w="224" /><ent r="3" t="163" w="98" /><ent r="3" t="164" w="269" /><ent r="3" t="165" w="198" /><ent r="3" t="166" w="132" /><ent r="3" t="167" w="228" /><ent r="3" t="168" w="163" /><ent r="3" t="170" w="931" /><ent r="3" t="174" w="301" /><ent r="4" t="215" w="267" /><ent r="4" t="215" w="381" /><ent r="3" t="224" w="165" /></phr></stem><stem n="vari"><phr n="vary"><ent r="3" t="19" w="45" /><ent r="3" t="132" w="251" /><ent r="3" t="165" w="134" /></phr><phr n="varied"><ent r="6" t="110" w="620" /><ent r="5" t="159" w="956" /></phr><phr n="varies"><ent r="3" t="233" w="478" /></phr></stem><stem n="appropri"><phr n="appropriate"><ent r="3" t="19" w="68" /><ent r="4" t="20" w="276" /><ent r="3" t="40" w="58" /><ent r="3" t="41" w="70" /><ent r="3" t="49" w="434" /><ent r="3" t="88" w="175" /><ent r="3" t="128" w="673" /><ent r="3" t="128" w="692" /><ent r="4" t="147" w="98" /><ent r="4" t="148" w="398" /><ent r="4" t="178" w="147" /><ent r="4" t="188" w="947" /></phr></stem><stem n="classif"><phr n="Classification"><ent r="65" t="19" w="77" /><ent r="3" t="133" w="65" /><ent r="3" t="133" w="90" /><ent r="3" t="159" w="143" /><ent r="92" t="159" w="277" /><ent r="3" t="159" w="282" /><ent r="3" t="159" w="298" /><ent r="5" t="159" w="352" /><ent r="4" t="159" w="472" /><ent r="5" t="159" w="527" /><ent r="3" t="159" w="670" /><ent r="5" t="159" w="1000" /><ent r="3" t="160" w="116" /><ent r="92" t="160" w="272" /><ent r="3" t="160" w="277" /><ent r="3" t="160" w="289" /><ent r="5" t="160" w="343" /><ent r="4" t="160" w="460" /><ent r="5" t="160" w="515" /><ent r="3" t="160" w="658" /><ent r="3" t="160" w="983" /><ent r="4" t="161" w="54" /><ent r="3" t="161" w="145" /><ent r="82" t="161" w="271" /><ent r="3" t="161" w="276" /><ent r="3" t="161" w="287" /><ent r="5" t="161" w="342" /><ent r="4" t="161" w="459" /><ent r="5" t="161" w="514" /><ent r="3" t="161" w="657" /><ent r="92" t="161" w="789" /><ent r="3" t="161" w="793" /><ent r="4" t="161" w="811" /><ent r="5" t="161" w="827" /><ent r="3" t="162" w="101" /><ent r="3" t="162" w="144" /><ent r="4" t="192" w="117" /><ent r="4" t="192" w="144" /><ent r="3" t="206" w="35" /><ent r="92" t="206" w="222" /><ent r="3" t="206" w="228" /><ent r="1000" t="215" w="1" /><ent r="100" t="215" w="4" /><ent r="100" t="215" w="9" /><ent r="102" t="215" w="12" /><ent r="4" t="215" w="206" /><ent r="5" t="215" w="212" /><ent r="4" t="215" w="320" /><ent r="5" t="215" w="326" /><ent r="5" t="215" w="474" /><ent r="4" t="215" w="594" /><ent r="5" t="215" w="648" /><ent r="3" t="215" w="796" /><ent r="64" t="216" w="738" /><ent r="64" t="217" w="49" /><ent r="64" t="218" w="65" /><ent r="64" t="219" w="133" /><ent r="64" t="220" w="234" /></phr><phr n="classification"><ent r="3" t="68" w="53" /><ent r="3" t="69" w="35" /><ent r="4" t="69" w="182" /><ent r="3" t="133" w="100" /><ent r="3" t="159" w="288" /><ent r="3" t="159" w="339" /><ent r="3" t="159" w="462" /><ent r="3" t="159" w="498" /><ent r="3" t="159" w="514" /><ent r="3" t="159" w="676" /><ent r="3" t="159" w="682" /><ent r="3" t="159" w="708" /><ent r="4" t="159" w="1008" /><ent r="3" t="160" w="283" /><ent r="3" t="160" w="330" /><ent r="3" t="160" w="450" /><ent r="3" t="160" w="486" /><ent r="3" t="160" w="502" /><ent r="3" t="160" w="664" /><ent r="3" t="160" w="670" /><ent r="3" t="160" w="696" /><ent r="3" t="161" w="68" /><ent r="3" t="161" w="282" /><ent r="3" t="161" w="329" /><ent r="3" t="161" w="449" /><ent r="3" t="161" w="485" /><ent r="3" t="161" w="501" /><ent r="3" t="161" w="663" /><ent r="3" t="161" w="669" /><ent r="3" t="161" w="695" /><ent r="3" t="161" w="766" /><ent r="3" t="161" w="774" /><ent r="3" t="161" w="785" /><ent r="3" t="161" w="803" /><ent r="4" t="162" w="130" /><ent r="3" t="162" w="152" /><ent r="4" t="176" w="290" /><ent r="3" t="186" w="3155" /><ent r="4" t="192" w="154" /><ent r="3" t="206" w="41" /><ent r="3" t="206" w="240" /><ent r="3" t="215" w="23" /><ent r="3" t="215" w="30" /><ent r="3" t="215" w="62" /><ent r="3" t="215" w="69" /><ent r="3" t="215" w="110" /><ent r="4" t="215" w="274" /><ent r="3" t="215" w="394" /><ent r="3" t="215" w="410" /><ent r="3" t="215" w="413" /><ent r="3" t="215" w="421" /><ent r="3" t="215" w="461" /><ent r="3" t="215" w="584" /><ent r="3" t="215" w="619" /><ent r="3" t="215" w="635" /><ent r="3" t="215" w="802" /><ent r="3" t="215" w="808" /><ent r="3" t="215" w="834" /></phr><phr n="CLASSIFICATION"><ent r="4" t="69" w="178" /></phr></stem><stem n="subset"><phr n="Subset"><ent r="65" t="19" w="80" /><ent r="92" t="27" w="192" /><ent r="3" t="27" w="197" /><ent r="5" t="27" w="283" /><ent r="3" t="27" w="302" /><ent r="5" t="50" w="299" /><ent r="6" t="50" w="367" /><ent r="5" t="50" w="386" /><ent r="5" t="100" w="42" /><ent r="64" t="171" w="196" /><ent r="1000" t="172" w="1" /><ent r="102" t="172" w="8" /><ent r="5" t="172" w="69" /><ent r="64" t="184" w="341" /><ent r="64" t="184" w="343" /><ent r="102" t="187" w="13" /><ent r="102" t="187" w="15" /><ent r="5" t="187" w="454" /><ent r="4" t="187" w="478" /><ent r="3" t="203" w="78" /><ent r="92" t="203" w="128" /><ent r="3" t="203" w="133" /><ent r="5" t="203" w="215" /><ent r="3" t="203" w="234" /><ent r="3" t="204" w="22" /><ent r="92" t="204" w="59" /><ent r="3" t="204" w="64" /><ent r="5" t="204" w="146" /><ent r="3" t="204" w="165" /><ent r="92" t="205" w="33" /><ent r="5" t="205" w="105" /><ent r="3" t="205" w="124" /><ent r="3" t="206" w="22" /><ent r="92" t="206" w="57" /><ent r="3" t="206" w="62" /><ent r="5" t="206" w="144" /><ent r="3" t="206" w="163" /><ent r="92" t="208" w="106" /><ent r="92" t="212" w="111" /><ent r="64" t="215" w="892" /><ent r="64" t="216" w="741" /><ent r="64" t="217" w="52" /><ent r="64" t="218" w="68" /><ent r="1000" t="219" w="1" /><ent r="102" t="219" w="4" /><ent r="100" t="219" w="9" /><ent r="100" t="219" w="12" /><ent r="3" t="219" w="18" /><ent r="4" t="219" w="56" /><ent r="3" t="219" w="75" /><ent r="64" t="220" w="237" /></phr><phr n="subset"><ent r="3" t="27" w="203" /><ent r="4" t="27" w="296" /><ent r="4" t="32" w="101" /><ent r="4" t="32" w="148" /><ent r="3" t="50" w="28" /><ent r="3" t="50" w="286" /><ent r="5" t="50" w="380" /><ent r="100" t="100" w="9" /><ent r="4" t="100" w="49" /><ent r="4" t="100" w="92" /><ent r="3" t="100" w="98" /><ent r="4" t="100" w="109" /><ent r="3" t="100" w="120" /><ent r="3" t="171" w="193" /><ent r="3" t="172" w="23" /><ent r="3" t="172" w="89" /><ent r="5" t="172" w="102" /><ent r="5" t="172" w="141" /><ent r="4" t="172" w="152" /><ent r="3" t="172" w="160" /><ent r="3" t="185" w="306" /><ent r="4" t="187" w="103" /><ent r="4" t="187" w="543" /><ent r="3" t="187" w="1566" /><ent r="7" t="202" w="399" /><ent r="3" t="203" w="89" /><ent r="3" t="203" w="139" /><ent r="4" t="203" w="228" /><ent r="4" t="203" w="340" /><ent r="3" t="204" w="33" /><ent r="3" t="204" w="70" /><ent r="4" t="204" w="159" /><ent r="3" t="205" w="23" /><ent r="4" t="205" w="118" /><ent r="3" t="206" w="33" /><ent r="3" t="206" w="68" /><ent r="4" t="206" w="157" /><ent r="3" t="219" w="25" /><ent r="3" t="219" w="41" /><ent r="3" t="219" w="69" /></phr><phr n="subsetting"><ent r="100" t="172" w="18" /><ent r="3" t="187" w="43" /></phr><phr n="Subsetting"><ent r="1000" t="187" w="2" /></phr></stem><stem n="wavelength"><phr n="Wavelengths"><ent r="65" t="19" w="86" /><ent r="3" t="160" w="119" /><ent r="92" t="160" w="790" /><ent r="3" t="160" w="794" /><ent r="3" t="160" w="818" /><ent r="3" t="160" w="861" /><ent r="3" t="160" w="879" /><ent r="3" t="160" w="912" /><ent r="64" t="160" w="923" /><ent r="64" t="184" w="374" /><ent r="1000" t="191" w="4" /><ent r="102" t="191" w="19" /><ent r="3" t="191" w="40" /><ent r="4" t="191" w="75" /><ent r="3" t="191" w="123" /><ent r="5" t="191" w="307" /><ent r="64" t="191" w="392" /><ent r="4" t="191" w="436" /><ent r="5" t="191" w="564" /><ent r="3" t="191" w="594" /><ent r="64" t="215" w="898" /><ent r="64" t="216" w="747" /><ent r="64" t="217" w="58" /><ent r="64" t="218" w="71" /><ent r="64" t="219" w="139" /><ent r="1000" t="220" w="1" /><ent r="100" t="220" w="6" /><ent r="100" t="220" w="9" /><ent r="100" t="220" w="16" /><ent r="102" t="220" w="19" /><ent r="3" t="220" w="25" /><ent r="3" t="220" w="44" /><ent r="82" t="220" w="54" /><ent r="3" t="220" w="58" /><ent r="64" t="220" w="218" /><ent r="1000" t="234" w="1" /><ent r="102" t="234" w="6" /><ent r="3" t="234" w="74" /><ent r="1000" t="235" w="1" /><ent r="100" t="235" w="6" /><ent r="100" t="235" w="9" /><ent r="100" t="235" w="15" /><ent r="102" t="235" w="18" /><ent r="3" t="235" w="24" /><ent r="3" t="235" w="56" /><ent r="3" t="235" w="99" /><ent r="3" t="235" w="117" /><ent r="3" t="235" w="148" /><ent r="92" t="235" w="156" /><ent r="3" t="235" w="160" /><ent r="3" t="235" w="190" /><ent r="82" t="235" w="239" /><ent r="3" t="235" w="243" /><ent r="4" t="235" w="439" /><ent r="4" t="235" w="497" /><ent r="3" t="235" w="623" /><ent r="64" t="235" w="786" /></phr><phr n="Wavelength"><ent r="5" t="20" w="495" /><ent r="5" t="20" w="505" /><ent r="65" t="20" w="527" /><ent r="5" t="25" w="192" /><ent r="5" t="25" w="216" /><ent r="5" t="128" w="442" /><ent r="64" t="184" w="377" /><ent r="1000" t="191" w="7" /><ent r="100" t="191" w="10" /><ent r="100" t="191" w="13" /><ent r="102" t="191" w="22" /><ent r="4" t="191" w="477" /><ent r="92" t="191" w="531" /><ent r="3" t="202" w="764" /><ent r="64" t="220" w="221" /><ent r="3" t="234" w="104" /><ent r="64" t="234" w="109" /><ent r="4" t="235" w="517" /><ent r="1000" t="236" w="1" /><ent r="102" t="236" w="8" /><ent r="3" t="236" w="16" /><ent r="3" t="236" w="300" /><ent r="3" t="236" w="304" /></phr><phr n="wavelength"><ent r="4" t="20" w="510" /><ent r="3" t="45" w="443" /><ent r="3" t="45" w="445" /><ent r="4" t="95" w="123" /><ent r="3" t="160" w="874" /><ent r="3" t="160" w="903" /><ent r="3" t="191" w="44" /><ent r="4" t="191" w="71" /><ent r="3" t="191" w="129" /><ent r="3" t="191" w="138" /><ent r="3" t="191" w="161" /><ent r="3" t="191" w="314" /><ent r="3" t="191" w="321" /><ent r="3" t="191" w="521" /><ent r="7" t="202" w="598" /><ent r="7" t="202" w="603" /><ent r="7" t="202" w="646" /><ent r="3" t="202" w="826" /><ent r="3" t="220" w="95" /><ent r="3" t="220" w="202" /><ent r="3" t="234" w="12" /><ent r="3" t="234" w="33" /><ent r="3" t="234" w="196" /><ent r="3" t="234" w="200" /><ent r="3" t="234" w="210" /><ent r="3" t="234" w="214" /><ent r="3" t="234" w="222" /><ent r="3" t="234" w="226" /><ent r="3" t="235" w="112" /><ent r="3" t="235" w="139" /><ent r="3" t="235" w="217" /><ent r="3" t="235" w="280" /><ent r="3" t="235" w="387" /><ent r="83" t="235" w="492" /><ent r="4" t="235" w="515" /><ent r="4" t="235" w="555" /><ent r="4" t="235" w="585" /><ent r="3" t="235" w="676" /><ent r="4" t="235" w="693" /><ent r="4" t="235" w="718" /><ent r="4" t="235" w="743" /><ent r="4" t="235" w="757" /><ent r="3" t="235" w="767" /><ent r="3" t="236" w="24" /><ent r="4" t="236" w="101" /><ent r="4" t="236" w="117" /><ent r="4" t="236" w="126" /><ent r="4" t="236" w="136" /><ent r="4" t="236" w="192" /><ent r="4" t="236" w="201" /><ent r="4" t="236" w="211" /><ent r="3" t="236" w="259" /><ent r="3" t="236" w="265" /><ent r="3" t="236" w="272" /><ent r="3" t="236" w="288" /><ent r="3" t="236" w="291" /></phr><phr n="wavelengths"><ent r="4" t="20" w="514" /><ent r="4" t="25" w="200" /><ent r="4" t="25" w="224" /><ent r="3" t="45" w="57" /><ent r="3" t="45" w="478" /><ent r="3" t="45" w="498" /><ent r="3" t="160" w="803" /><ent r="3" t="160" w="810" /><ent r="3" t="160" w="834" /><ent r="3" t="160" w="838" /><ent r="3" t="160" w="853" /><ent r="3" t="160" w="888" /><ent r="3" t="160" w="910" /><ent r="3" t="191" w="52" /><ent r="4" t="191" w="83" /><ent r="4" t="191" w="88" /><ent r="4" t="191" w="100" /><ent r="4" t="191" w="114" /><ent r="3" t="191" w="149" /><ent r="3" t="191" w="154" /><ent r="4" t="191" w="333" /><ent r="3" t="191" w="358" /><ent r="3" t="191" w="401" /><ent r="4" t="191" w="492" /><ent r="4" t="191" w="572" /><ent r="3" t="191" w="598" /><ent r="3" t="216" w="175" /><ent r="3" t="220" w="35" /><ent r="3" t="220" w="62" /><ent r="3" t="220" w="129" /><ent r="3" t="220" w="144" /><ent r="3" t="220" w="164" /><ent r="3" t="220" w="175" /><ent r="3" t="220" w="194" /><ent r="3" t="234" w="122" /><ent r="3" t="234" w="156" /><ent r="3" t="235" w="41" /><ent r="3" t="235" w="48" /><ent r="3" t="235" w="72" /><ent r="3" t="235" w="76" /><ent r="3" t="235" w="91" /><ent r="3" t="235" w="126" /><ent r="3" t="235" w="146" /><ent r="3" t="235" w="230" /><ent r="3" t="235" w="247" /><ent r="3" t="235" w="314" /><ent r="3" t="235" w="329" /><ent r="3" t="235" w="349" /><ent r="3" t="235" w="360" /><ent r="3" t="235" w="379" /><ent r="83" t="235" w="399" /><ent r="3" t="235" w="466" /><ent r="83" t="235" w="489" /><ent r="4" t="235" w="527" /><ent r="4" t="235" w="533" /><ent r="3" t="235" w="544" /><ent r="3" t="235" w="631" /><ent r="4" t="235" w="689" /><ent r="4" t="236" w="49" /><ent r="3" t="236" w="244" /></phr></stem><stem n="recogn"><phr n="recognized"><ent r="3" t="20" w="29" /><ent r="4" t="29" w="211" /><ent r="3" t="202" w="13" /></phr><phr n="recognizes"><ent r="3" t="34" w="48" /></phr><phr n="recognize"><ent r="3" t="104" w="55" /></phr></stem><stem n="format"><phr n="format"><ent r="3" t="20" w="30" /><ent r="4" t="20" w="112" /><ent r="4" t="20" w="138" /><ent r="4" t="20" w="240" /><ent r="4" t="20" w="356" /><ent r="4" t="20" w="457" /><ent r="4" t="20" w="501" /><ent r="3" t="23" w="20" /><ent r="4" t="23" w="27" /><ent r="4" t="25" w="91" /><ent r="4" t="25" w="97" /><ent r="4" t="25" w="134" /><ent r="4" t="25" w="145" /><ent r="4" t="25" w="178" /><ent r="4" t="25" w="207" /><ent r="4" t="25" w="229" /><ent r="4" t="26" w="39" /><ent r="4" t="26" w="71" /><ent r="4" t="26" w="107" /><ent r="4" t="29" w="69" /><ent r="4" t="29" w="166" /><ent r="4" t="29" w="208" /><ent r="4" t="29" w="275" /><ent r="3" t="33" w="31" /><ent r="3" t="34" w="94" /><ent r="3" t="75" w="233" /><ent r="3" t="75" w="265" /><ent r="3" t="75" w="276" /><ent r="4" t="110" w="373" /><ent r="4" t="126" w="247" /><ent r="4" t="126" w="388" /><ent r="4" t="126" w="527" /><ent r="3" t="138" w="21" /><ent r="3" t="166" w="29" /><ent r="4" t="166" w="171" /><ent r="3" t="185" w="232" /><ent r="3" t="185" w="258" /><ent r="3" t="189" w="167" /><ent r="3" t="189" w="186" /><ent r="3" t="190" w="157" /><ent r="3" t="190" w="176" /><ent r="3" t="202" w="37" /><ent r="3" t="236" w="278" /></phr><phr n="Format"><ent r="6" t="20" w="297" /><ent r="65" t="20" w="531" /><ent r="64" t="33" w="108" /><ent r="4" t="148" w="178" /><ent r="3" t="148" w="185" /><ent r="3" t="185" w="285" /><ent r="1000" t="202" w="3" /><ent r="102" t="202" w="9" /><ent r="92" t="216" w="218" /><ent r="4" t="216" w="224" /><ent r="4" t="216" w="545" /><ent r="3" t="216" w="664" /><ent r="64" t="220" w="225" /><ent r="1000" t="236" w="5" /><ent r="102" t="236" w="12" /></phr><phr n="formats"><ent r="3" t="22" w="23" /><ent r="3" t="22" w="31" /><ent r="3" t="75" w="235" /><ent r="7" t="202" w="175" /><ent r="3" t="236" w="37" /><ent r="3" t="236" w="232" /><ent r="6" t="241" w="285" /></phr><phr n="formatting"><ent r="3" t="68" w="44" /><ent r="100" t="69" w="14" /><ent r="100" t="69" w="23" /><ent r="3" t="69" w="29" /></phr><phr n="Formatting"><ent r="64" t="68" w="58" /><ent r="1000" t="69" w="2" /><ent r="102" t="69" w="8" /></phr><phr n="formatted"><ent r="3" t="163" w="185" /><ent r="3" t="185" w="243" /><ent r="3" t="193" w="1434" /></phr></stem><stem n="without"><phr n="without"><ent r="4" t="20" w="60" /><ent r="4" t="20" w="237" /><ent r="3" t="50" w="78" /><ent r="3" t="82" w="526" /><ent r="4" t="114" w="55" /><ent r="4" t="125" w="73" /><ent r="3" t="126" w="144" /><ent r="4" t="128" w="793" /><ent r="4" t="132" w="85" /><ent r="3" t="151" w="202" /><ent r="4" t="156" w="272" /><ent r="3" t="157" w="235" /><ent r="3" t="158" w="211" /><ent r="3" t="179" w="47" /><ent r="4" t="180" w="292" /><ent r="4" t="180" w="353" /><ent r="4" t="188" w="1260" /><ent r="4" t="188" w="1282" /><ent r="3" t="193" w="571" /><ent r="5" t="194" w="178" /><ent r="4" t="194" w="532" /><ent r="4" t="194" w="1599" /><ent r="4" t="216" w="599" /><ent r="3" t="220" w="204" /><ent r="3" t="235" w="389" /></phr></stem><stem n="know"><phr n="knowing"><ent r="4" t="20" w="61" /><ent r="4" t="20" w="238" /><ent r="4" t="76" w="41" /><ent r="3" t="184" w="150" /></phr><phr n="know"><ent r="4" t="156" w="234" /><ent r="4" t="178" w="111" /></phr><phr n="Knowing"><ent r="3" t="184" w="121" /></phr></stem><stem n="’t"><phr n="’t"><ent r="4" t="20" w="80" /><ent r="3" t="75" w="329" /><ent r="3" t="118" w="372" /><ent r="3" t="134" w="75" /><ent r="3" t="186" w="969" /><ent r="5" t="187" w="1312" /></phr></stem><stem n="t"><phr n="t"><ent r="4" t="20" w="80" /><ent r="3" t="38" w="155" /><ent r="3" t="38" w="165" /><ent r="3" t="45" w="59" /><ent r="4" t="48" w="316" /><ent r="3" t="75" w="329" /><ent r="3" t="82" w="495" /><ent r="3" t="107" w="236" /><ent r="4" t="109" w="536" /><ent r="4" t="109" w="540" /><ent r="4" t="110" w="405" /><ent r="4" t="110" w="727" /><ent r="4" t="110" w="742" /><ent r="3" t="111" w="452" /><ent r="4" t="112" w="191" /><ent r="3" t="118" w="372" /><ent r="3" t="134" w="75" /><ent r="3" t="148" w="342" /><ent r="3" t="159" w="50" /><ent r="3" t="171" w="72" /><ent r="3" t="179" w="92" /><ent r="3" t="186" w="969" /><ent r="4" t="186" w="2543" /><ent r="5" t="187" w="1312" /><ent r="3" t="187" w="1458" /><ent r="4" t="188" w="1138" /><ent r="3" t="188" w="1420" /><ent r="3" t="190" w="724" /><ent r="3" t="193" w="1005" /><ent r="4" t="194" w="799" /><ent r="6" t="194" w="1326" /><ent r="3" t="211" w="187" /><ent r="92" t="214" w="98" /><ent r="3" t="228" w="66" /><ent r="4" t="228" w="78" /><ent r="5" t="241" w="152" /><ent r="5" t="241" w="189" /></phr><phr n="T"><ent r="5" t="223" w="308" /></phr></stem><stem n="find"><phr n="find"><ent r="4" t="20" w="81" /><ent r="3" t="84" w="219" /><ent r="4" t="186" w="1966" /><ent r="3" t="186" w="3245" /><ent r="3" t="188" w="746" /></phr><phr n="finds"><ent r="3" t="175" w="31" /></phr></stem><stem n="cgm"><phr n="CGM"><ent r="5" t="20" w="91" /><ent r="4" t="20" w="95" /><ent r="4" t="22" w="151" /></phr><phr n="cgm"><ent r="4" t="22" w="152" /></phr></stem><stem n="dted"><phr n="DTED"><ent r="5" t="20" w="102" /><ent r="4" t="20" w="111" /><ent r="4" t="22" w="109" /></phr></stem><stem n="envi"><phr n="ENVI"><ent r="5" t="20" w="114" /><ent r="6" t="20" w="131" /><ent r="65" t="20" w="144" /><ent r="5" t="20" w="148" /><ent r="4" t="20" w="153" /><ent r="4" t="20" w="169" /><ent r="65" t="20" w="191" /><ent r="4" t="22" w="99" /><ent r="4" t="22" w="142" /><ent r="67" t="24" w="105" /><ent r="5" t="25" w="31" /><ent r="6" t="25" w="40" /><ent r="4" t="25" w="63" /><ent r="65" t="25" w="74" /><ent r="1000" t="33" w="1" /><ent r="100" t="33" w="4" /><ent r="102" t="33" w="6" /><ent r="3" t="33" w="10" /><ent r="3" t="33" w="29" /><ent r="3" t="33" w="38" /><ent r="3" t="33" w="58" /><ent r="3" t="33" w="85" /><ent r="3" t="33" w="87" /><ent r="3" t="33" w="102" /><ent r="64" t="33" w="106" /><ent r="3" t="33" w="117" /><ent r="4" t="33" w="182" /><ent r="4" t="33" w="189" /><ent r="4" t="33" w="197" /><ent r="1000" t="34" w="1" /><ent r="100" t="34" w="5" /><ent r="102" t="34" w="7" /><ent r="3" t="34" w="12" /><ent r="3" t="34" w="28" /><ent r="3" t="34" w="61" /><ent r="3" t="34" w="84" /><ent r="1000" t="35" w="1" /><ent r="100" t="35" w="5" /><ent r="102" t="35" w="7" /><ent r="3" t="35" w="12" /><ent r="3" t="35" w="17" /><ent r="5" t="185" w="581" /><ent r="5" t="191" w="262" /><ent r="1000" t="202" w="1" /><ent r="100" t="202" w="5" /><ent r="102" t="202" w="7" /><ent r="3" t="202" w="15" /><ent r="3" t="202" w="29" /><ent r="5" t="202" w="56" /><ent r="5" t="202" w="61" /><ent r="7" t="202" w="156" /><ent r="7" t="202" w="167" /><ent r="92" t="202" w="678" /><ent r="3" t="202" w="682" /><ent r="3" t="202" w="718" /><ent r="1000" t="203" w="1" /><ent r="102" t="203" w="5" /><ent r="100" t="203" w="9" /><ent r="3" t="203" w="14" /><ent r="3" t="203" w="18" /><ent r="3" t="203" w="34" /><ent r="3" t="203" w="39" /><ent r="3" t="203" w="70" /><ent r="3" t="203" w="91" /><ent r="92" t="203" w="293" /><ent r="3" t="203" w="305" /></phr></stem><stem n="spectral"><phr n="spectral"><ent r="4" t="20" w="121" /><ent r="4" t="20" w="181" /><ent r="3" t="33" w="16" /><ent r="3" t="34" w="40" /><ent r="3" t="35" w="34" /><ent r="3" t="111" w="17" /><ent r="3" t="111" w="202" /><ent r="5" t="168" w="428" /><ent r="3" t="170" w="21" /><ent r="3" t="170" w="26" /><ent r="3" t="170" w="62" /><ent r="3" t="170" w="88" /><ent r="3" t="186" w="293" /><ent r="5" t="186" w="786" /><ent r="6" t="186" w="1222" /><ent r="5" t="186" w="1829" /><ent r="5" t="186" w="2462" /><ent r="5" t="186" w="2652" /><ent r="4" t="187" w="1182" /><ent r="4" t="232" w="27" /></phr><phr n="Spectral"><ent r="64" t="184" w="340" /><ent r="102" t="187" w="12" /><ent r="3" t="187" w="178" /></phr><phr n="spectrally"><ent r="3" t="187" w="51" /></phr></stem><stem n="header"><phr n="header"><ent r="4" t="20" w="127" /><ent r="4" t="25" w="47" /><ent r="4" t="25" w="64" /><ent r="3" t="33" w="22" /><ent r="3" t="33" w="45" /><ent r="3" t="33" w="59" /><ent r="3" t="33" w="71" /><ent r="3" t="33" w="88" /><ent r="3" t="33" w="103" /><ent r="4" t="33" w="213" /><ent r="3" t="34" w="57" /><ent r="3" t="34" w="85" /><ent r="3" t="35" w="18" /><ent r="3" t="185" w="260" /><ent r="4" t="185" w="557" /><ent r="3" t="186" w="932" /><ent r="3" t="202" w="20" /><ent r="3" t="202" w="36" /><ent r="7" t="202" w="123" /><ent r="7" t="202" w="134" /><ent r="3" t="202" w="712" /><ent r="3" t="203" w="19" /><ent r="3" t="203" w="35" /><ent r="3" t="203" w="107" /><ent r="3" t="203" w="112" /><ent r="4" t="203" w="313" /><ent r="4" t="203" w="322" /><ent r="4" t="203" w="331" /><ent r="3" t="215" w="34" /></phr><phr n="Header"><ent r="64" t="33" w="107" /><ent r="4" t="33" w="190" /><ent r="3" t="69" w="118" /><ent r="3" t="69" w="129" /><ent r="3" t="69" w="137" /><ent r="1000" t="202" w="2" /><ent r="102" t="202" w="8" /><ent r="92" t="202" w="679" /></phr></stem></index>