﻿<?xml version="1.0" encoding="utf-8"?><index><stem n="even"><phr n="even"><ent r="3" t="1" w="430" /><ent r="3" t="89" w="203" /><ent r="3" t="194" w="52" /><ent r="3" t="206" w="125" /></phr></stem><stem n="outsid"><phr n="outside"><ent r="3" t="1" w="431" /><ent r="3" t="74" w="513" /><ent r="4" t="150" w="88" /><ent r="4" t="185" w="289" /><ent r="4" t="187" w="265" /><ent r="3" t="207" w="139" /><ent r="3" t="208" w="129" /></phr><phr n="Outside"><ent r="6" t="36" w="481" /><ent r="6" t="36" w="506" /><ent r="5" t="58" w="347" /><ent r="5" t="182" w="236" /></phr></stem><stem n="hold"><phr n="hold"><ent r="4" t="1" w="444" /><ent r="3" t="17" w="117" /><ent r="3" t="17" w="216" /><ent r="4" t="20" w="378" /><ent r="4" t="20" w="405" /><ent r="4" t="85" w="58" /><ent r="3" t="153" w="191" /><ent r="4" t="188" w="1093" /><ent r="3" t="203" w="1514" /><ent r="3" t="203" w="1530" /><ent r="4" t="203" w="1755" /><ent r="4" t="203" w="2233" /><ent r="4" t="204" w="1291" /><ent r="4" t="205" w="1049" /><ent r="3" t="211" w="839" /><ent r="3" t="211" w="928" /><ent r="3" t="212" w="868" /></phr><phr n="holding"><ent r="4" t="1" w="455" /><ent r="3" t="74" w="539" /><ent r="3" t="118" w="225" /><ent r="3" t="118" w="312" /><ent r="4" t="154" w="311" /><ent r="3" t="185" w="493" /><ent r="3" t="185" w="580" /><ent r="3" t="186" w="204" /><ent r="3" t="186" w="291" /><ent r="3" t="187" w="468" /><ent r="3" t="187" w="555" /><ent r="4" t="203" w="1051" /><ent r="3" t="204" w="1562" /></phr><phr n="Hold"><ent r="4" t="73" w="399" /><ent r="3" t="89" w="93" /><ent r="4" t="90" w="111" /><ent r="4" t="90" w="123" /><ent r="4" t="90" w="161" /><ent r="4" t="92" w="145" /><ent r="4" t="137" w="160" /><ent r="3" t="203" w="995" /><ent r="3" t="203" w="1699" /></phr></stem><stem n="left"><phr n="left"><ent r="4" t="1" w="446" /><ent r="4" t="2" w="83" /><ent r="6" t="7" w="163" /><ent r="5" t="13" w="57" /><ent r="4" t="22" w="492" /><ent r="4" t="45" w="138" /><ent r="4" t="46" w="102" /><ent r="3" t="46" w="162" /><ent r="4" t="47" w="61" /><ent r="4" t="48" w="59" /><ent r="4" t="49" w="101" /><ent r="4" t="51" w="100" /><ent r="4" t="52" w="100" /><ent r="4" t="53" w="114" /><ent r="4" t="54" w="109" /><ent r="4" t="55" w="102" /><ent r="4" t="56" w="100" /><ent r="4" t="57" w="96" /><ent r="4" t="58" w="97" /><ent r="4" t="59" w="107" /><ent r="7" t="64" w="107" /><ent r="4" t="69" w="385" /><ent r="3" t="74" w="551" /><ent r="7" t="84" w="113" /><ent r="7" t="84" w="130" /><ent r="7" t="84" w="176" /><ent r="7" t="84" w="193" /><ent r="4" t="90" w="126" /><ent r="4" t="90" w="164" /><ent r="4" t="92" w="148" /><ent r="4" t="95" w="57" /><ent r="4" t="95" w="239" /><ent r="4" t="106" w="57" /><ent r="4" t="109" w="77" /><ent r="3" t="128" w="141" /><ent r="3" t="128" w="239" /><ent r="4" t="132" w="149" /><ent r="4" t="133" w="80" /><ent r="4" t="134" w="104" /><ent r="4" t="135" w="105" /><ent r="4" t="135" w="533" /><ent r="3" t="143" w="380" /><ent r="3" t="153" w="59" /><ent r="3" t="153" w="511" /><ent r="4" t="156" w="62" /><ent r="3" t="171" w="35" /><ent r="4" t="171" w="92" /><ent r="3" t="171" w="197" /><ent r="3" t="171" w="642" /><ent r="3" t="171" w="704" /><ent r="4" t="172" w="370" /><ent r="4" t="172" w="882" /><ent r="4" t="173" w="362" /><ent r="3" t="174" w="239" /><ent r="3" t="174" w="242" /><ent r="4" t="174" w="360" /><ent r="3" t="178" w="146" /><ent r="4" t="188" w="1096" /><ent r="3" t="189" w="56" /><ent r="3" t="203" w="664" /><ent r="4" t="203" w="966" /><ent r="3" t="203" w="998" /><ent r="4" t="203" w="1054" /><ent r="3" t="203" w="1334" /><ent r="3" t="203" w="1701" /><ent r="4" t="203" w="1757" /><ent r="4" t="203" w="1763" /><ent r="4" t="203" w="1891" /><ent r="4" t="203" w="2236" /><ent r="4" t="203" w="2252" /><ent r="4" t="204" w="729" /><ent r="4" t="205" w="569" /><ent r="4" t="206" w="369" /><ent r="4" t="207" w="607" /><ent r="4" t="207" w="1025" /><ent r="4" t="208" w="596" /><ent r="4" t="208" w="971" /><ent r="4" t="208" w="992" /><ent r="3" t="211" w="820" /><ent r="3" t="211" w="1058" /><ent r="3" t="212" w="911" /><ent r="7" t="216" w="93" /><ent r="7" t="216" w="110" /><ent r="7" t="216" w="129" /><ent r="7" t="216" w="146" /><ent r="5" t="234" w="94" /><ent r="6" t="236" w="130" /></phr><phr n="Left"><ent r="5" t="3" w="137" /><ent r="5" t="3" w="152" /><ent r="7" t="64" w="74" /><ent r="3" t="72" w="86" /><ent r="3" t="89" w="148" /><ent r="3" t="89" w="182" /><ent r="4" t="134" w="481" /><ent r="4" t="134" w="484" /><ent r="5" t="171" w="117" /><ent r="5" t="171" w="226" /><ent r="4" t="171" w="303" /><ent r="4" t="199" w="328" /></phr></stem><stem n="button"><phr n="button"><ent r="4" t="1" w="448" /><ent r="4" t="1" w="458" /><ent r="4" t="1" w="471" /><ent r="6" t="3" w="18" /><ent r="5" t="3" w="36" /><ent r="6" t="3" w="113" /><ent r="5" t="3" w="130" /><ent r="5" t="3" w="138" /><ent r="5" t="3" w="153" /><ent r="6" t="7" w="196" /><ent r="7" t="8" w="93" /><ent r="7" t="8" w="120" /><ent r="7" t="8" w="135" /><ent r="7" t="14" w="111" /><ent r="7" t="14" w="135" /><ent r="7" t="14" w="149" /><ent r="3" t="17" w="63" /><ent r="3" t="17" w="167" /><ent r="4" t="17" w="186" /><ent r="3" t="18" w="204" /><ent r="3" t="19" w="37" /><ent r="3" t="20" w="159" /><ent r="3" t="22" w="148" /><ent r="4" t="22" w="202" /><ent r="4" t="22" w="557" /><ent r="4" t="22" w="607" /><ent r="3" t="22" w="825" /><ent r="3" t="22" w="881" /><ent r="3" t="23" w="48" /><ent r="3" t="23" w="65" /><ent r="3" t="25" w="147" /><ent r="3" t="25" w="167" /><ent r="3" t="25" w="178" /><ent r="3" t="25" w="189" /><ent r="3" t="25" w="205" /><ent r="3" t="28" w="70" /><ent r="3" t="28" w="90" /><ent r="4" t="29" w="266" /><ent r="4" t="30" w="262" /><ent r="4" t="30" w="430" /><ent r="4" t="30" w="441" /><ent r="4" t="30" w="486" /><ent r="4" t="30" w="526" /><ent r="3" t="32" w="112" /><ent r="3" t="33" w="99" /><ent r="4" t="33" w="130" /><ent r="4" t="36" w="184" /><ent r="4" t="36" w="275" /><ent r="4" t="36" w="292" /><ent r="3" t="37" w="110" /><ent r="4" t="37" w="154" /><ent r="4" t="39" w="95" /><ent r="4" t="39" w="114" /><ent r="3" t="40" w="85" /><ent r="4" t="40" w="92" /><ent r="4" t="41" w="114" /><ent r="3" t="42" w="152" /><ent r="4" t="42" w="239" /><ent r="4" t="45" w="292" /><ent r="3" t="45" w="314" /><ent r="3" t="46" w="209" /><ent r="4" t="46" w="270" /><ent r="4" t="46" w="320" /><ent r="3" t="60" w="52" /><ent r="3" t="62" w="22" /><ent r="4" t="62" w="67" /><ent r="3" t="62" w="142" /><ent r="3" t="63" w="30" /><ent r="3" t="63" w="141" /><ent r="3" t="64" w="59" /><ent r="3" t="65" w="71" /><ent r="3" t="66" w="33" /><ent r="3" t="67" w="13" /><ent r="4" t="67" w="45" /><ent r="4" t="68" w="79" /><ent r="4" t="68" w="103" /><ent r="3" t="68" w="184" /><ent r="3" t="68" w="212" /><ent r="3" t="69" w="91" /><ent r="4" t="69" w="229" /><ent r="4" t="69" w="246" /><ent r="4" t="69" w="257" /><ent r="4" t="69" w="318" /><ent r="4" t="69" w="558" /><ent r="4" t="69" w="670" /><ent r="3" t="71" w="62" /><ent r="3" t="72" w="66" /><ent r="4" t="73" w="108" /><ent r="3" t="73" w="148" /><ent r="4" t="73" w="383" /><ent r="3" t="74" w="157" /><ent r="3" t="74" w="293" /><ent r="6" t="74" w="353" /><ent r="6" t="74" w="355" /><ent r="5" t="74" w="376" /><ent r="3" t="74" w="493" /><ent r="3" t="74" w="553" /><ent r="3" t="74" w="598" /><ent r="4" t="75" w="262" /><ent r="4" t="75" w="265" /><ent r="4" t="75" w="275" /><ent r="3" t="76" w="84" /><ent r="4" t="76" w="115" /><ent r="3" t="76" w="122" /><ent r="3" t="77" w="73" /><ent r="3" t="77" w="80" /><ent r="3" t="81" w="13" /><ent r="3" t="81" w="47" /><ent r="3" t="81" w="74" /><ent r="4" t="83" w="242" /><ent r="7" t="84" w="115" /><ent r="7" t="84" w="132" /><ent r="7" t="84" w="178" /><ent r="7" t="84" w="195" /><ent r="4" t="85" w="40" /><ent r="4" t="86" w="37" /><ent r="4" t="87" w="203" /><ent r="3" t="87" w="221" /><ent r="3" t="87" w="237" /><ent r="3" t="89" w="72" /><ent r="3" t="89" w="108" /><ent r="4" t="90" w="128" /><ent r="4" t="90" w="141" /><ent r="4" t="90" w="166" /><ent r="4" t="90" w="179" /><ent r="4" t="90" w="230" /><ent r="4" t="90" w="275" /><ent r="4" t="92" w="82" /><ent r="4" t="92" w="150" /><ent r="4" t="92" w="164" /><ent r="4" t="92" w="281" /><ent r="4" t="92" w="285" /><ent r="4" t="92" w="290" /><ent r="3" t="94" w="126" /><ent r="3" t="94" w="141" /><ent r="3" t="95" w="100" /><ent r="4" t="95" w="105" /><ent r="4" t="95" w="131" /><ent r="4" t="95" w="164" /><ent r="4" t="95" w="171" /><ent r="4" t="95" w="213" /><ent r="4" t="95" w="292" /><ent r="4" t="97" w="139" /><ent r="3" t="99" w="82" /><ent r="4" t="99" w="126" /><ent r="4" t="99" w="139" /><ent r="4" t="99" w="172" /><ent r="4" t="99" w="195" /><ent r="4" t="99" w="215" /><ent r="3" t="99" w="307" /><ent r="3" t="99" w="335" /><ent r="4" t="102" w="74" /><ent r="4" t="103" w="120" /><ent r="4" t="105" w="146" /><ent r="4" t="105" w="223" /><ent r="4" t="105" w="242" /><ent r="4" t="106" w="289" /><ent r="4" t="106" w="302" /><ent r="4" t="106" w="309" /><ent r="3" t="106" w="329" /><ent r="3" t="106" w="533" /><ent r="3" t="108" w="113" /><ent r="4" t="108" w="230" /><ent r="4" t="108" w="264" /><ent r="4" t="108" w="312" /><ent r="4" t="109" w="79" /><ent r="4" t="109" w="98" /><ent r="3" t="112" w="86" /><ent r="4" t="115" w="85" /><ent r="3" t="115" w="97" /><ent r="3" t="117" w="258" /><ent r="4" t="118" w="159" /><ent r="4" t="118" w="188" /><ent r="3" t="118" w="211" /><ent r="4" t="118" w="246" /><ent r="4" t="118" w="276" /><ent r="3" t="118" w="299" /><ent r="4" t="118" w="374" /><ent r="4" t="121" w="138" /><ent r="4" t="121" w="261" /><ent r="3" t="122" w="166" /><ent r="4" t="122" w="242" /><ent r="3" t="122" w="258" /><ent r="3" t="122" w="270" /><ent r="3" t="122" w="312" /><ent r="3" t="122" w="324" /><ent r="4" t="125" w="127" /><ent r="4" t="126" w="184" /><ent r="4" t="127" w="192" /><ent r="3" t="128" w="187" /><ent r="3" t="128" w="235" /><ent r="3" t="128" w="253" /><ent r="3" t="129" w="120" /><ent r="4" t="130" w="197" /><ent r="4" t="130" w="206" /><ent r="4" t="130" w="244" /><ent r="4" t="130" w="253" /><ent r="4" t="134" w="510" /><ent r="4" t="136" w="327" /><ent r="4" t="137" w="135" /><ent r="3" t="139" w="155" /><ent r="3" t="145" w="200" /><ent r="3" t="145" w="217" /><ent r="3" t="145" w="241" /><ent r="3" t="146" w="100" /><ent r="4" t="146" w="120" /><ent r="4" t="147" w="38" /><ent r="4" t="147" w="105" /><ent r="3" t="148" w="61" /><ent r="4" t="148" w="137" /><ent r="3" t="153" w="580" /><ent r="3" t="153" w="607" /><ent r="4" t="154" w="365" /><ent r="4" t="154" w="394" /><ent r="4" t="155" w="49" /><ent r="4" t="156" w="64" /><ent r="4" t="156" w="82" /><ent r="3" t="156" w="176" /><ent r="4" t="159" w="159" /><ent r="3" t="166" w="29" /><ent r="3" t="166" w="77" /><ent r="3" t="166" w="83" /><ent r="4" t="171" w="112" /><ent r="4" t="171" w="156" /><ent r="3" t="171" w="337" /><ent r="4" t="171" w="374" /><ent r="4" t="171" w="457" /><ent r="3" t="171" w="493" /><ent r="3" t="171" w="593" /><ent r="3" t="171" w="667" /><ent r="3" t="172" w="90" /><ent r="4" t="172" w="167" /><ent r="3" t="172" w="183" /><ent r="3" t="172" w="200" /><ent r="4" t="172" w="435" /><ent r="4" t="172" w="485" /><ent r="3" t="172" w="699" /><ent r="3" t="172" w="755" /><ent r="5" t="173" w="137" /><ent r="3" t="173" w="156" /><ent r="3" t="173" w="172" /><ent r="4" t="173" w="424" /><ent r="4" t="173" w="474" /><ent r="3" t="173" w="688" /><ent r="3" t="173" w="744" /><ent r="3" t="173" w="1053" /><ent r="4" t="174" w="173" /><ent r="3" t="174" w="191" /><ent r="3" t="174" w="207" /><ent r="4" t="174" w="422" /><ent r="4" t="174" w="472" /><ent r="3" t="174" w="686" /><ent r="3" t="174" w="742" /><ent r="5" t="175" w="203" /><ent r="3" t="175" w="221" /><ent r="3" t="175" w="237" /><ent r="6" t="176" w="76" /><ent r="3" t="176" w="95" /><ent r="3" t="176" w="111" /><ent r="3" t="176" w="210" /><ent r="3" t="176" w="247" /><ent r="4" t="177" w="116" /><ent r="3" t="177" w="214" /><ent r="4" t="177" w="248" /><ent r="3" t="177" w="266" /><ent r="3" t="177" w="282" /><ent r="4" t="178" w="105" /><ent r="3" t="178" w="177" /><ent r="3" t="178" w="195" /><ent r="3" t="178" w="211" /><ent r="4" t="179" w="111" /><ent r="3" t="179" w="129" /><ent r="3" t="179" w="145" /><ent r="3" t="180" w="155" /><ent r="4" t="180" w="207" /><ent r="3" t="180" w="225" /><ent r="3" t="180" w="241" /><ent r="4" t="181" w="143" /><ent r="3" t="181" w="161" /><ent r="3" t="181" w="177" /><ent r="3" t="181" w="347" /><ent r="3" t="183" w="173" /><ent r="4" t="185" w="121" /><ent r="4" t="185" w="316" /><ent r="4" t="185" w="374" /><ent r="4" t="185" w="381" /><ent r="4" t="185" w="429" /><ent r="4" t="185" w="458" /><ent r="3" t="185" w="479" /><ent r="4" t="185" w="514" /><ent r="4" t="185" w="544" /><ent r="3" t="185" w="567" /><ent r="4" t="185" w="619" /><ent r="4" t="185" w="638" /><ent r="4" t="186" w="138" /><ent r="4" t="186" w="167" /><ent r="3" t="186" w="190" /><ent r="4" t="186" w="225" /><ent r="4" t="186" w="255" /><ent r="3" t="186" w="278" /><ent r="4" t="186" w="353" /><ent r="4" t="187" w="292" /><ent r="4" t="187" w="347" /><ent r="4" t="187" w="354" /><ent r="4" t="187" w="402" /><ent r="4" t="187" w="431" /><ent r="3" t="187" w="454" /><ent r="4" t="187" w="489" /><ent r="4" t="187" w="519" /><ent r="3" t="187" w="542" /><ent r="4" t="187" w="594" /><ent r="3" t="188" w="364" /><ent r="3" t="188" w="818" /><ent r="3" t="188" w="901" /><ent r="3" t="188" w="914" /><ent r="3" t="188" w="928" /><ent r="3" t="189" w="85" /><ent r="3" t="189" w="106" /><ent r="3" t="189" w="164" /><ent r="3" t="189" w="181" /><ent r="4" t="189" w="257" /><ent r="4" t="189" w="273" /><ent r="4" t="189" w="304" /><ent r="4" t="189" w="320" /><ent r="4" t="189" w="351" /><ent r="4" t="190" w="71" /><ent r="4" t="191" w="396" /><ent r="3" t="192" w="191" /><ent r="4" t="192" w="272" /><ent r="3" t="192" w="285" /><ent r="3" t="192" w="298" /><ent r="3" t="192" w="312" /><ent r="4" t="195" w="139" /><ent r="4" t="195" w="310" /><ent r="4" t="196" w="86" /><ent r="4" t="196" w="189" /><ent r="4" t="196" w="243" /><ent r="4" t="196" w="290" /><ent r="3" t="197" w="104" /><ent r="4" t="197" w="144" /><ent r="4" t="198" w="304" /><ent r="4" t="198" w="330" /><ent r="4" t="199" w="227" /><ent r="4" t="199" w="234" /><ent r="4" t="199" w="244" /><ent r="4" t="199" w="267" /><ent r="4" t="203" w="596" /><ent r="4" t="203" w="608" /><ent r="3" t="203" w="655" /><ent r="3" t="203" w="666" /><ent r="3" t="203" w="689" /><ent r="3" t="203" w="805" /><ent r="4" t="203" w="881" /><ent r="4" t="203" w="886" /><ent r="3" t="203" w="910" /><ent r="4" t="203" w="926" /><ent r="4" t="203" w="933" /><ent r="4" t="203" w="968" /><ent r="4" t="203" w="977" /><ent r="3" t="203" w="1000" /><ent r="4" t="203" w="1020" /><ent r="4" t="203" w="1041" /><ent r="4" t="203" w="1056" /><ent r="4" t="203" w="1102" /><ent r="3" t="203" w="1193" /><ent r="3" t="203" w="1703" /><ent r="3" t="203" w="1718" /><ent r="4" t="203" w="1759" /><ent r="4" t="203" w="1926" /><ent r="3" t="203" w="2071" /><ent r="4" t="203" w="2184" /><ent r="3" t="203" w="2210" /><ent r="4" t="203" w="2238" /><ent r="4" t="203" w="2254" /><ent r="4" t="203" w="2304" /><ent r="4" t="203" w="2323" /><ent r="4" t="203" w="2343" /><ent r="4" t="203" w="2404" /><ent r="4" t="204" w="822" /><ent r="6" t="204" w="870" /><ent r="3" t="204" w="1143" /><ent r="4" t="204" w="1250" /><ent r="3" t="204" w="1315" /><ent r="5" t="204" w="1322" /><ent r="3" t="204" w="1330" /><ent r="3" t="204" w="1367" /><ent r="4" t="204" w="1393" /><ent r="4" t="204" w="1740" /><ent r="6" t="204" w="1746" /><ent r="6" t="204" w="1781" /><ent r="4" t="204" w="1865" /><ent r="4" t="204" w="1959" /><ent r="4" t="204" w="2132" /><ent r="4" t="204" w="2161" /><ent r="4" t="204" w="2184" /><ent r="4" t="204" w="2189" /><ent r="4" t="204" w="2196" /><ent r="4" t="204" w="2208" /><ent r="4" t="204" w="2238" /><ent r="6" t="204" w="2259" /><ent r="4" t="204" w="2441" /><ent r="4" t="204" w="2460" /><ent r="6" t="204" w="2496" /><ent r="5" t="204" w="2622" /><ent r="6" t="204" w="2650" /><ent r="4" t="204" w="2936" /><ent r="3" t="204" w="2952" /><ent r="4" t="204" w="2960" /><ent r="4" t="204" w="3036" /><ent r="4" t="204" w="3149" /><ent r="3" t="204" w="3167" /><ent r="4" t="204" w="3244" /><ent r="3" t="205" w="430" /><ent r="4" t="205" w="475" /><ent r="4" t="205" w="497" /><ent r="4" t="205" w="515" /><ent r="4" t="205" w="522" /><ent r="4" t="205" w="595" /><ent r="4" t="205" w="607" /><ent r="4" t="205" w="633" /><ent r="4" t="205" w="651" /><ent r="4" t="205" w="723" /><ent r="4" t="205" w="943" /><ent r="4" t="205" w="979" /><ent r="4" t="205" w="1056" /><ent r="4" t="205" w="1442" /><ent r="4" t="206" w="508" /><ent r="4" t="206" w="572" /><ent r="4" t="206" w="874" /><ent r="3" t="206" w="1054" /><ent r="4" t="206" w="1101" /><ent r="4" t="206" w="1144" /><ent r="4" t="206" w="1321" /><ent r="4" t="206" w="1371" /><ent r="4" t="206" w="1386" /><ent r="4" t="206" w="1546" /><ent r="4" t="206" w="1560" /><ent r="4" t="206" w="1585" /><ent r="4" t="206" w="1603" /><ent r="3" t="206" w="1617" /><ent r="3" t="206" w="1698" /><ent r="4" t="207" w="737" /><ent r="4" t="207" w="828" /><ent r="6" t="207" w="850" /><ent r="6" t="207" w="940" /><ent r="4" t="207" w="953" /><ent r="4" t="207" w="1047" /><ent r="6" t="208" w="733" /><ent r="4" t="208" w="962" /><ent r="4" t="208" w="973" /><ent r="4" t="208" w="994" /><ent r="4" t="208" w="1065" /><ent r="4" t="208" w="1137" /><ent r="4" t="208" w="1157" /><ent r="4" t="208" w="1175" /><ent r="4" t="208" w="1210" /><ent r="3" t="208" w="1267" /><ent r="4" t="209" w="326" /><ent r="4" t="209" w="352" /><ent r="4" t="209" w="431" /><ent r="4" t="209" w="469" /><ent r="4" t="209" w="499" /><ent r="4" t="210" w="549" /><ent r="3" t="210" w="583" /><ent r="3" t="210" w="610" /><ent r="3" t="210" w="647" /><ent r="4" t="210" w="692" /><ent r="4" t="210" w="876" /><ent r="4" t="210" w="995" /><ent r="3" t="210" w="1015" /><ent r="3" t="210" w="1057" /><ent r="4" t="210" w="1113" /><ent r="4" t="210" w="1144" /><ent r="3" t="210" w="1174" /><ent r="4" t="211" w="660" /><ent r="4" t="211" w="744" /><ent r="3" t="211" w="1060" /><ent r="3" t="211" w="1071" /><ent r="6" t="211" w="1207" /><ent r="4" t="211" w="1236" /><ent r="4" t="211" w="1255" /><ent r="4" t="211" w="1341" /><ent r="4" t="211" w="1826" /><ent r="4" t="212" w="488" /><ent r="3" t="212" w="736" /><ent r="3" t="212" w="913" /><ent r="3" t="212" w="1093" /><ent r="5" t="212" w="1493" /><ent r="4" t="214" w="88" /><ent r="4" t="214" w="143" /><ent r="7" t="216" w="95" /><ent r="7" t="216" w="112" /><ent r="7" t="216" w="131" /><ent r="7" t="216" w="148" /><ent r="3" t="221" w="126" /><ent r="4" t="221" w="207" /><ent r="4" t="221" w="224" /><ent r="3" t="222" w="57" /><ent r="4" t="222" w="138" /><ent r="4" t="222" w="155" /><ent r="4" t="223" w="97" /><ent r="4" t="223" w="114" /><ent r="3" t="225" w="55" /><ent r="4" t="225" w="136" /><ent r="4" t="225" w="153" /><ent r="4" t="226" w="54" /><ent r="4" t="226" w="109" /><ent r="3" t="226" w="142" /><ent r="4" t="226" w="190" /><ent r="4" t="226" w="270" /><ent r="4" t="227" w="124" /><ent r="4" t="227" w="127" /><ent r="4" t="228" w="56" /><ent r="4" t="228" w="59" /><ent r="4" t="228" w="69" /><ent r="4" t="229" w="73" /><ent r="4" t="229" w="76" /><ent r="4" t="229" w="118" /><ent r="4" t="230" w="85" /><ent r="4" t="230" w="88" /><ent r="4" t="230" w="213" /><ent r="4" t="231" w="129" /><ent r="4" t="231" w="132" /><ent r="4" t="232" w="58" /><ent r="4" t="232" w="61" /><ent r="4" t="232" w="71" /><ent r="4" t="233" w="199" /><ent r="4" t="235" w="43" /><ent r="4" t="235" w="114" /><ent r="4" t="235" w="143" /><ent r="4" t="235" w="155" /><ent r="3" t="235" w="183" /><ent r="4" t="235" w="219" /><ent r="4" t="238" w="54" /><ent r="4" t="238" w="91" /><ent r="4" t="238" w="104" /><ent r="4" t="238" w="189" /><ent r="4" t="238" w="195" /><ent r="4" t="238" w="201" /><ent r="4" t="238" w="208" /><ent r="4" t="238" w="229" /><ent r="4" t="238" w="271" /><ent r="4" t="238" w="277" /><ent r="4" t="238" w="283" /><ent r="4" t="238" w="296" /><ent r="4" t="238" w="339" /><ent r="4" t="238" w="345" /><ent r="4" t="238" w="351" /><ent r="4" t="238" w="358" /><ent r="3" t="244" w="327" /><ent r="3" t="244" w="347" /><ent r="3" t="244" w="358" /><ent r="3" t="244" w="369" /><ent r="3" t="244" w="385" /><ent r="3" t="244" w="460" /><ent r="4" t="244" w="508" /><ent r="4" t="244" w="566" /><ent r="3" t="244" w="642" /><ent r="3" t="244" w="643" /><ent r="3" t="244" w="670" /><ent r="4" t="244" w="701" /><ent r="3" t="244" w="780" /><ent r="6" t="250" w="252" /><ent r="6" t="250" w="710" /></phr><phr n="buttons"><ent r="3" t="1" w="637" /><ent r="4" t="22" w="695" /><ent r="4" t="22" w="740" /><ent r="3" t="23" w="97" /><ent r="3" t="36" w="324" /><ent r="3" t="63" w="53" /><ent r="5" t="74" w="408" /><ent r="3" t="137" w="262" /><ent r="3" t="139" w="118" /><ent r="4" t="172" w="574" /><ent r="4" t="172" w="619" /><ent r="4" t="173" w="563" /><ent r="4" t="173" w="608" /><ent r="4" t="174" w="561" /><ent r="4" t="174" w="606" /><ent r="4" t="191" w="370" /><ent r="3" t="221" w="256" /><ent r="3" t="222" w="187" /><ent r="3" t="223" w="146" /><ent r="3" t="225" w="185" /></phr><phr n="Button"><ent r="7" t="5" w="13" /><ent r="7" t="6" w="13" /><ent r="6" t="7" w="13" /><ent r="7" t="8" w="48" /><ent r="7" t="9" w="13" /><ent r="6" t="10" w="58" /><ent r="7" t="11" w="89" /><ent r="7" t="12" w="16" /><ent r="7" t="13" w="46" /><ent r="6" t="14" w="77" /><ent r="6" t="63" w="60" /><ent r="6" t="64" w="67" /><ent r="6" t="144" w="17" /><ent r="6" t="191" w="482" /><ent r="6" t="246" w="53" /><ent r="6" t="247" w="62" /><ent r="6" t="248" w="68" /><ent r="6" t="249" w="65" /></phr><phr n="Buttons"><ent r="92" t="191" w="480" /></phr></stem><stem n="handl"><phr n="handle"><ent r="4" t="1" w="452" /><ent r="4" t="90" w="116" /><ent r="4" t="90" w="132" /><ent r="3" t="211" w="197" /></phr><phr n="handles"><ent r="4" t="90" w="95" /><ent r="4" t="156" w="143" /></phr></stem><stem n="continu"><phr n="Continue"><ent r="4" t="1" w="454" /><ent r="5" t="203" w="2302" /></phr><phr n="continue"><ent r="4" t="73" w="374" /><ent r="3" t="188" w="907" /><ent r="3" t="188" w="921" /><ent r="4" t="188" w="1118" /><ent r="4" t="199" w="377" /><ent r="4" t="204" w="2669" /></phr><phr n="continuously"><ent r="4" t="188" w="1080" /></phr><phr n="continues"><ent r="6" t="215" w="76" /></phr></stem><stem n="desir"><phr n="desired"><ent r="4" t="1" w="465" /><ent r="4" t="17" w="141" /><ent r="3" t="17" w="163" /><ent r="4" t="22" w="249" /><ent r="4" t="22" w="363" /><ent r="3" t="25" w="106" /><ent r="4" t="30" w="258" /><ent r="4" t="136" w="529" /><ent r="4" t="188" w="1076" /><ent r="4" t="196" w="229" /><ent r="4" t="198" w="76" /><ent r="4" t="199" w="160" /><ent r="4" t="206" w="1534" /><ent r="4" t="206" w="1769" /><ent r="3" t="207" w="1065" /><ent r="4" t="214" w="124" /><ent r="3" t="244" w="286" /><ent r="4" t="244" w="427" /><ent r="4" t="244" w="576" /><ent r="4" t="244" w="706" /></phr></stem><stem n="locat"><phr n="location"><ent r="4" t="1" w="466" /><ent r="3" t="21" w="29" /><ent r="4" t="36" w="542" /><ent r="4" t="74" w="191" /><ent r="4" t="74" w="644" /><ent r="4" t="93" w="72" /><ent r="3" t="106" w="186" /><ent r="4" t="106" w="275" /><ent r="4" t="106" w="282" /><ent r="4" t="106" w="296" /><ent r="4" t="127" w="182" /><ent r="3" t="134" w="434" /><ent r="4" t="134" w="470" /><ent r="5" t="135" w="487" /><ent r="3" t="143" w="481" /><ent r="4" t="145" w="111" /><ent r="4" t="147" w="59" /><ent r="3" t="147" w="134" /><ent r="3" t="147" w="149" /><ent r="3" t="147" w="180" /><ent r="4" t="148" w="82" /><ent r="3" t="148" w="123" /><ent r="100" t="151" w="6" /><ent r="100" t="151" w="11" /><ent r="4" t="151" w="80" /><ent r="4" t="151" w="238" /><ent r="4" t="151" w="379" /><ent r="4" t="151" w="518" /><ent r="4" t="159" w="151" /><ent r="4" t="159" w="169" /><ent r="5" t="172" w="855" /><ent r="3" t="173" w="259" /><ent r="3" t="173" w="1048" /><ent r="3" t="174" w="221" /><ent r="3" t="174" w="224" /><ent r="4" t="188" w="886" /><ent r="3" t="192" w="43" /><ent r="4" t="198" w="77" /><ent r="3" t="203" w="741" /><ent r="4" t="203" w="943" /><ent r="4" t="203" w="958" /><ent r="4" t="203" w="2174" /><ent r="3" t="204" w="350" /><ent r="3" t="204" w="434" /><ent r="4" t="204" w="2707" /><ent r="4" t="205" w="817" /><ent r="3" t="206" w="923" /><ent r="4" t="211" w="69" /><ent r="3" t="211" w="478" /><ent r="3" t="211" w="522" /><ent r="3" t="211" w="671" /><ent r="4" t="211" w="754" /><ent r="3" t="211" w="1397" /><ent r="3" t="211" w="1426" /><ent r="4" t="211" w="1465" /><ent r="3" t="211" w="1637" /><ent r="3" t="211" w="1657" /><ent r="3" t="211" w="1723" /><ent r="4" t="211" w="1774" /><ent r="4" t="211" w="1801" /><ent r="4" t="211" w="1889" /><ent r="3" t="212" w="1394" /><ent r="3" t="212" w="1523" /><ent r="3" t="212" w="1537" /><ent r="6" t="236" w="118" /><ent r="100" t="240" w="4" /><ent r="3" t="242" w="331" /><ent r="3" t="242" w="345" /><ent r="3" t="242" w="373" /></phr><phr n="Location"><ent r="7" t="13" w="148" /><ent r="68" t="13" w="170" /><ent r="92" t="20" w="221" /><ent r="3" t="20" w="264" /><ent r="3" t="20" w="326" /><ent r="4" t="20" w="337" /><ent r="4" t="106" w="285" /><ent r="5" t="134" w="460" /><ent r="64" t="143" w="497" /><ent r="4" t="145" w="105" /><ent r="65" t="145" w="132" /><ent r="64" t="147" w="139" /><ent r="1000" t="151" w="3" /><ent r="102" t="151" w="15" /><ent r="3" t="151" w="19" /><ent r="5" t="151" w="243" /><ent r="5" t="151" w="384" /><ent r="5" t="151" w="523" /><ent r="4" t="159" w="130" /><ent r="5" t="172" w="260" /><ent r="92" t="211" w="1389" /><ent r="3" t="211" w="1405" /><ent r="3" t="211" w="1579" /><ent r="3" t="211" w="1604" /><ent r="3" t="211" w="1626" /><ent r="3" t="211" w="1647" /><ent r="3" t="211" w="1695" /><ent r="1000" t="240" w="1" /><ent r="102" t="240" w="7" /><ent r="3" t="240" w="18" /><ent r="6" t="250" w="344" /></phr><phr n="located"><ent r="4" t="95" w="151" /><ent r="3" t="98" w="76" /><ent r="3" t="98" w="92" /><ent r="3" t="151" w="212" /><ent r="3" t="153" w="508" /><ent r="3" t="153" w="533" /><ent r="3" t="185" w="135" /><ent r="4" t="214" w="90" /></phr><phr n="Locations"><ent r="65" t="106" w="74" /><ent r="92" t="106" w="125" /><ent r="3" t="106" w="129" /><ent r="4" t="148" w="98" /><ent r="5" t="159" w="123" /><ent r="4" t="211" w="1665" /><ent r="4" t="211" w="1785" /><ent r="64" t="212" w="1405" /></phr><phr n="locations"><ent r="3" t="106" w="134" /><ent r="3" t="149" w="111" /><ent r="4" t="172" w="1006" /><ent r="3" t="211" w="1570" /><ent r="3" t="242" w="385" /></phr><phr n="locator"><ent r="4" t="196" w="125" /></phr></stem></index>