﻿<?xml version="1.0" encoding="utf-8"?><index><stem n=":wizard"><phr n=":Wizard"><ent r="100" t="118" w="12" /><ent r="100" t="118" w="16" /><ent r="100" t="118" w="22" /><ent r="100" t="118" w="26" /><ent r="100" t="118" w="515" /><ent r="100" t="119" w="6" /><ent r="100" t="238" w="13" /><ent r="100" t="239" w="7" /><ent r="100" t="239" w="11" /><ent r="100" t="239" w="15" /><ent r="100" t="239" w="20" /><ent r="100" t="240" w="7" /><ent r="100" t="240" w="18" /><ent r="100" t="240" w="23" /><ent r="100" t="241" w="20" /></phr><phr n=":wizard"><ent r="100" t="120" w="10" /><ent r="100" t="122" w="6" /><ent r="100" t="123" w="6" /><ent r="100" t="126" w="7" /><ent r="100" t="128" w="6" /><ent r="100" t="128" w="10" /><ent r="100" t="128" w="14" /><ent r="100" t="132" w="25" /><ent r="100" t="240" w="12" /><ent r="100" t="240" w="15" /><ent r="100" t="240" w="176" /><ent r="100" t="241" w="133" /></phr><phr n=":wizards"><ent r="100" t="125" w="67" /></phr></stem><stem n=":use"><phr n=":using"><ent r="100" t="118" w="33" /></phr></stem><stem n="autom"><phr n="Automating"><ent r="3" t="118" w="62" /></phr><phr n="automated"><ent r="3" t="181" w="67" /><ent r="3" t="181" w="155" /><ent r="3" t="188" w="1408" /><ent r="3" t="188" w="1461" /><ent r="3" t="193" w="32" /><ent r="3" t="193" w="35" /><ent r="3" t="193" w="1929" /><ent r="3" t="193" w="1932" /></phr><phr n="automate"><ent r="3" t="193" w="101" /></phr></stem><stem n="procedur"><phr n="procedures"><ent r="3" t="118" w="64" /><ent r="3" t="193" w="1922" /><ent r="3" t="194" w="1625" /></phr><phr n="procedure"><ent r="3" t="192" w="1098" /></phr></stem><stem n="potenti"><phr n="potential"><ent r="3" t="118" w="69" /></phr></stem><stem n="untitl"><phr n="untitled"><ent r="3" t="118" w="122" /></phr></stem><stem n="readi"><phr n="ready"><ent r="3" t="118" w="124" /><ent r="3" t="190" w="1292" /><ent r="3" t="191" w="414" /><ent r="3" t="236" w="763" /></phr></stem><stem n=":drop-down"><phr n=":drop-down"><ent r="100" t="118" w="130" /></phr></stem><stem n="canva"><phr n="canvas"><ent r="100" t="118" w="141" /><ent r="100" t="118" w="145" /><ent r="3" t="118" w="164" /><ent r="3" t="118" w="320" /><ent r="3" t="118" w="346" /><ent r="3" t="118" w="369" /><ent r="3" t="118" w="384" /><ent r="3" t="118" w="393" /><ent r="3" t="118" w="399" /><ent r="3" t="118" w="413" /><ent r="7" t="119" w="74" /><ent r="7" t="119" w="160" /><ent r="3" t="128" w="145" /><ent r="3" t="128" w="182" /><ent r="3" t="128" w="213" /><ent r="3" t="128" w="254" /><ent r="4" t="129" w="73" /><ent r="3" t="129" w="125" /><ent r="4" t="129" w="159" /><ent r="4" t="129" w="179" /><ent r="4" t="129" w="258" /><ent r="4" t="129" w="337" /><ent r="4" t="129" w="381" /><ent r="3" t="132" w="236" /><ent r="3" t="132" w="338" /><ent r="4" t="132" w="357" /><ent r="3" t="132" w="404" /><ent r="4" t="132" w="423" /><ent r="4" t="192" w="73" /><ent r="4" t="192" w="231" /><ent r="4" t="192" w="892" /><ent r="4" t="192" w="900" /><ent r="3" t="192" w="940" /><ent r="3" t="192" w="954" /><ent r="3" t="192" w="1029" /><ent r="7" t="239" w="151" /><ent r="100" t="240" w="177" /><ent r="7" t="240" w="187" /><ent r="7" t="241" w="79" /></phr><phr n="Canvas"><ent r="92" t="118" w="316" /><ent r="92" t="192" w="927" /></phr></stem><stem n=":canva"><phr n=":canvas"><ent r="100" t="118" w="145" /></phr></stem><stem n=":toolbar"><phr n=":toolbar"><ent r="100" t="118" w="228" /><ent r="100" t="119" w="11" /></phr></stem><stem n="task"><phr n="tasks"><ent r="3" t="118" w="243" /><ent r="3" t="184" w="48" /><ent r="3" t="184" w="56" /><ent r="3" t="193" w="107" /></phr></stem><stem n="organ"><phr n="organized"><ent r="3" t="118" w="279" /><ent r="4" t="169" w="71" /><ent r="3" t="193" w="157" /><ent r="3" t="217" w="705" /></phr></stem><stem n="&quot;all&quot;"><phr n="&quot;All&quot;"><ent r="3" t="118" w="290" /><ent r="3" t="128" w="67" /></phr></stem><stem n="5000"><phr n="5000"><ent r="3" t="118" w="349" /><ent r="3" t="118" w="351" /></phr></stem><stem n="serv"><phr n="serves"><ent r="3" t="118" w="415" /></phr></stem><stem n="flow"><phr n="flow"><ent r="3" t="118" w="419" /><ent r="3" t="118" w="425" /><ent r="3" t="193" w="141" /><ent r="3" t="193" w="145" /></phr></stem><stem n="diagram"><phr n="diagram"><ent r="3" t="118" w="420" /><ent r="3" t="118" w="426" /></phr></stem><stem n="unsav"><phr n="unsaved"><ent r="7" t="119" w="38" /><ent r="7" t="240" w="90" /><ent r="7" t="240" w="126" /><ent r="7" t="240" w="203" /></phr></stem><stem n="ask"><phr n="asking"><ent r="7" t="119" w="47" /><ent r="4" t="195" w="107" /><ent r="4" t="236" w="733" /><ent r="7" t="240" w="99" /><ent r="7" t="240" w="135" /><ent r="7" t="240" w="212" /></phr><phr n="asks"><ent r="4" t="170" w="789" /><ent r="3" t="186" w="1443" /><ent r="4" t="194" w="1448" /></phr><phr n="asked"><ent r="4" t="186" w="1205" /></phr></stem><stem n="-select"><phr n="-selected"><ent r="7" t="119" w="108" /><ent r="7" t="119" w="108" /><ent r="7" t="119" w="144" /><ent r="7" t="119" w="144" /><ent r="7" t="119" w="182" /><ent r="7" t="119" w="182" /><ent r="7" t="239" w="92" /><ent r="7" t="239" w="92" /><ent r="7" t="239" w="128" /><ent r="7" t="239" w="128" /><ent r="7" t="239" w="167" /><ent r="7" t="239" w="167" /></phr><phr n="-selecting"><ent r="4" t="181" w="204" /><ent r="4" t="181" w="204" /><ent r="6" t="227" w="401" /><ent r="6" t="227" w="401" /></phr><phr n="-select"><ent r="3" t="215" w="43" /><ent r="3" t="215" w="43" /><ent r="3" t="215" w="73" /><ent r="3" t="215" w="73" /></phr></stem><stem n="non-select"><phr n="non-selected"><ent r="7" t="119" w="108" /><ent r="7" t="119" w="144" /><ent r="7" t="119" w="182" /><ent r="7" t="239" w="92" /><ent r="7" t="239" w="128" /><ent r="7" t="239" w="167" /></phr></stem><stem n="add/edit"><phr n="Add/Edit"><ent r="68" t="119" w="220" /><ent r="68" t="119" w="219" /><ent r="64" t="128" w="284" /><ent r="64" t="128" w="283" /><ent r="1000" t="129" w="2" /><ent r="1000" t="129" w="1" /><ent r="102" t="129" w="25" /><ent r="102" t="129" w="24" /><ent r="68" t="241" w="107" /><ent r="68" t="241" w="106" /></phr></stem><stem n="decreas"><phr n="Decreases"><ent r="7" t="119" w="268" /><ent r="7" t="241" w="174" /></phr><phr n="decreases"><ent r="3" t="185" w="863" /></phr><phr n="decrease"><ent r="3" t="185" w="1461" /><ent r="100" t="241" w="12" /></phr><phr n="Decrease"><ent r="4" t="193" w="1234" /><ent r="7" t="241" w="171" /></phr></stem><stem n="earlier"><phr n="earlier"><ent r="7" t="119" w="283" /><ent r="3" t="127" w="60" /><ent r="3" t="193" w="1270" /><ent r="3" t="194" w="1121" /><ent r="7" t="241" w="189" /></phr></stem><stem n="best"><phr n="best"><ent r="4" t="120" w="91" /><ent r="4" t="148" w="245" /><ent r="4" t="148" w="256" /><ent r="3" t="217" w="280" /><ent r="4" t="217" w="414" /></phr></stem><stem n=":execut"><phr n=":execute"><ent r="100" t="120" w="192" /></phr><phr n=":execution"><ent r="100" t="125" w="6" /><ent r="100" t="128" w="102" /><ent r="100" t="132" w="14" /></phr></stem><stem n=":exist"><phr n=":existing"><ent r="100" t="121" w="13" /><ent r="100" t="240" w="115" /></phr></stem><stem n=":run"><phr n=":run"><ent r="100" t="122" w="9" /></phr></stem><stem n="scan"><phr n="scan"><ent r="3" t="124" w="28" /></phr></stem><stem n="sinc"><phr n="since"><ent r="3" t="124" w="76" /><ent r="3" t="170" w="522" /><ent r="4" t="217" w="624" /></phr><phr n="Since"><ent r="3" t="128" w="318" /><ent r="3" t="170" w="202" /><ent r="3" t="193" w="1299" /></phr></stem><stem n="wizard'"><phr n="wizard's"><ent r="3" t="125" w="193" /><ent r="3" t="125" w="192" /></phr></stem><stem n=":menu"><phr n=":menu"><ent r="100" t="126" w="10" /></phr></stem><stem n="“my"><phr n="“My"><ent r="3" t="126" w="190" /></phr></stem><stem n="my"><phr n="My"><ent r="3" t="126" w="190" /><ent r="3" t="126" w="404" /></phr></stem><stem n="\menu"><phr n="\Menu"><ent r="3" t="126" w="257" /><ent r="3" t="126" w="315" /><ent r="3" t="126" w="398" /><ent r="3" t="126" w="447" /></phr></stem><stem n="mywizard"><phr n="MyWizard"><ent r="3" t="126" w="263" /><ent r="3" t="126" w="541" /><ent r="4" t="193" w="1599" /><ent r="4" t="193" w="1621" /><ent r="4" t="193" w="1642" /><ent r="4" t="193" w="1690" /><ent r="4" t="193" w="1769" /><ent r="5" t="194" w="458" /><ent r="5" t="194" w="479" /><ent r="4" t="194" w="490" /><ent r="3" t="194" w="1380" /></phr></stem><stem n="“wizards\mywizard”"><phr n="“Wizards\MyWizard”"><ent r="3" t="126" w="264" /></phr></stem><stem n="otherwis"><phr n="Otherwise"><ent r="4" t="126" w="287" /><ent r="4" t="126" w="565" /></phr></stem><stem n="\sub-menu"><phr n="\Sub-menu"><ent r="3" t="126" w="317" /><ent r="3" t="126" w="449" /><ent r="3" t="126" w="593" /></phr></stem><stem n="ampersand"><phr n="ampersand"><ent r="3" t="126" w="359" /><ent r="4" t="193" w="1460" /></phr></stem><stem n="(&amp;)"><phr n="(&amp;)"><ent r="3" t="126" w="360" /><ent r="4" t="193" w="1461" /></phr></stem><stem n="&amp;drop-down"><phr n="&amp;Drop-down"><ent r="3" t="126" w="394" /><ent r="3" t="126" w="443" /></phr></stem><stem n="“&amp;help\mi"><phr n="“&amp;Help\My"><ent r="3" t="126" w="404" /></phr></stem><stem n="enclos"><phr n="enclose"><ent r="3" t="126" w="499" /></phr></stem><stem n="bracket"><phr n="brackets"><ent r="3" t="126" w="504" /></phr><phr n="Bracket"><ent r="4" t="193" w="1447" /></phr></stem><stem n="[toolbar"><phr n="[Toolbar"><ent r="3" t="126" w="533" /><ent r="3" t="126" w="589" /></phr></stem><stem n="]\menu"><phr n="]\Menu"><ent r="3" t="126" w="535" /><ent r="3" t="126" w="591" /></phr></stem><stem n="“["><phr n="“["><ent r="3" t="126" w="540" /></phr></stem><stem n="]\mywizard”"><phr n="]\MyWizard”"><ent r="3" t="126" w="542" /></phr></stem><stem n="(befor"><phr n="(before"><ent r="3" t="127" w="64" /></phr></stem><stem n="4.3"><phr n="4.3"><ent r="3" t="127" w="67" /><ent r="3" t="127" w="66" /></phr></stem><stem n="4.3.2"><phr n="4.3.2"><ent r="3" t="127" w="68" /><ent r="3" t="127" w="66" /></phr></stem><stem n=".3.2),"><phr n=".3.2),"><ent r="3" t="127" w="69" /></phr></stem><stem n="basic"><phr n="basic"><ent r="3" t="128" w="28" /><ent r="3" t="140" w="157" /><ent r="3" t="160" w="180" /><ent r="3" t="185" w="35" /><ent r="3" t="185" w="112" /><ent r="4" t="188" w="1691" /><ent r="3" t="217" w="21" /></phr><phr n="basically"><ent r="3" t="170" w="105" /></phr></stem><stem n="node"><phr n="nodes"><ent r="100" t="128" w="94" /><ent r="3" t="128" w="118" /><ent r="3" t="128" w="473" /><ent r="3" t="128" w="480" /><ent r="3" t="128" w="495" /><ent r="3" t="128" w="505" /><ent r="3" t="128" w="520" /><ent r="3" t="128" w="530" /><ent r="3" t="128" w="544" /><ent r="3" t="128" w="569" /><ent r="3" t="128" w="575" /><ent r="3" t="131" w="37" /><ent r="3" t="131" w="98" /><ent r="3" t="132" w="179" /><ent r="3" t="132" w="208" /><ent r="3" t="132" w="280" /><ent r="3" t="193" w="1023" /></phr><phr n="Nodes"><ent r="82" t="128" w="459" /></phr><phr n="node"><ent r="3" t="128" w="485" /><ent r="3" t="128" w="551" /><ent r="3" t="128" w="561" /><ent r="3" t="128" w="597" /><ent r="3" t="128" w="609" /><ent r="3" t="128" w="667" /><ent r="3" t="129" w="168" /><ent r="4" t="129" w="184" /><ent r="3" t="131" w="25" /><ent r="3" t="131" w="32" /><ent r="4" t="131" w="53" /><ent r="4" t="131" w="57" /><ent r="4" t="131" w="73" /><ent r="4" t="131" w="77" /><ent r="3" t="193" w="1033" /><ent r="3" t="193" w="1045" /><ent r="3" t="194" w="659" /><ent r="3" t="194" w="1036" /></phr></stem><stem n=":name"><phr n=":name"><ent r="100" t="128" w="98" /></phr></stem><stem n="simpli"><phr n="simply"><ent r="3" t="128" w="171" /><ent r="3" t="179" w="98" /><ent r="3" t="193" w="1024" /></phr></stem><stem n="anatomi"><phr n="Anatomy"><ent r="92" t="128" w="215" /></phr></stem><stem n="beneath"><phr n="beneath"><ent r="3" t="128" w="233" /></phr></stem><stem n="-defined."><phr n="-defined."><ent r="3" t="128" w="246" /><ent r="3" t="128" w="246" /></phr></stem><stem n="typic"><phr n="typically"><ent r="3" t="128" w="310" /><ent r="3" t="187" w="120" /><ent r="3" t="188" w="729" /><ent r="5" t="198" w="195" /><ent r="7" t="202" w="662" /><ent r="4" t="217" w="412" /><ent r="4" t="217" w="505" /></phr><phr n="Typically"><ent r="3" t="145" w="33" /></phr><phr n="typical"><ent r="92" t="202" w="677" /></phr></stem><stem n="alwai"><phr n="always"><ent r="3" t="128" w="323" /><ent r="3" t="128" w="507" /><ent r="3" t="128" w="532" /><ent r="3" t="186" w="970" /><ent r="3" t="189" w="1069" /><ent r="3" t="193" w="1325" /><ent r="3" t="194" w="1176" /><ent r="3" t="200" w="69" /><ent r="3" t="234" w="51" /></phr></stem><stem n="flexibl"><phr n="flexibility"><ent r="3" t="128" w="338" /></phr></stem><stem n="-code"><phr n="-coded"><ent r="3" t="128" w="351" /><ent r="3" t="128" w="351" /><ent r="3" t="128" w="489" /><ent r="3" t="128" w="489" /></phr></stem><stem n="color-cod"><phr n="color-coded"><ent r="3" t="128" w="351" /><ent r="3" t="128" w="546" /></phr></stem><stem n="code"><phr n="coded"><ent r="3" t="128" w="352" /><ent r="3" t="128" w="490" /><ent r="3" t="128" w="547" /></phr><phr n="code"><ent r="3" t="216" w="83" /></phr></stem><stem n="light"><phr n="Light"><ent r="6" t="128" w="373" /><ent r="6" t="128" w="386" /><ent r="6" t="128" w="402" /><ent r="6" t="128" w="418" /><ent r="6" t="128" w="439" /><ent r="5" t="128" w="444" /><ent r="6" t="128" w="453" /></phr></stem><stem n="purpl"><phr n="purple"><ent r="6" t="128" w="387" /></phr></stem><stem n="variou"><phr n="various"><ent r="7" t="128" w="396" /><ent r="3" t="176" w="44" /><ent r="3" t="186" w="234" /><ent r="3" t="188" w="123" /><ent r="4" t="189" w="899" /><ent r="3" t="192" w="1223" /><ent r="3" t="217" w="168" /><ent r="3" t="236" w="546" /></phr></stem><stem n="turquois"><phr n="turquoise"><ent r="6" t="128" w="403" /><ent r="4" t="187" w="966" /></phr></stem><stem n="maroon"><phr n="maroon"><ent r="6" t="128" w="419" /></phr></stem><stem n="viewer"><phr n="Viewer"><ent r="8" t="128" w="421" /></phr><phr n="viewer"><ent r="8" t="128" w="424" /></phr></stem><stem n="thing"><phr n="things"><ent r="8" t="128" w="432" /></phr><phr n="thing"><ent r="3" t="186" w="694" /><ent r="3" t="193" w="125" /></phr></stem><stem n="yellow"><phr n="yellow"><ent r="5" t="128" w="445" /><ent r="6" t="128" w="454" /><ent r="4" t="189" w="830" /><ent r="4" t="192" w="656" /><ent r="4" t="192" w="768" /></phr></stem><stem n="lavend"><phr n="Lavender"><ent r="5" t="128" w="449" /></phr></stem><stem n="hard"><phr n="hard"><ent r="3" t="128" w="489" /></phr></stem><stem n="hard-cod"><phr n="hard-coded"><ent r="3" t="128" w="489" /></phr></stem><stem n="-coded."><phr n="-coded."><ent r="3" t="128" w="548" /><ent r="3" t="128" w="548" /></phr></stem><stem n="(s),"><phr n="(s),"><ent r="3" t="128" w="556" /></phr></stem><stem n="&quot;get...&quot;"><phr n="&quot;Get...&quot;"><ent r="82" t="128" w="618" /><ent r="3" t="128" w="621" /><ent r="3" t="128" w="675" /><ent r="3" t="128" w="688" /><ent r="3" t="128" w="709" /></phr></stem><stem n="&quot;get"><phr n="&quot;Get"><ent r="3" t="128" w="634" /><ent r="3" t="128" w="717" /></phr></stem><stem n="compat"><phr n="compatible"><ent r="3" t="128" w="670" /></phr></stem><stem n=":interact"><phr n=":interactive"><ent r="100" t="128" w="736" /></phr></stem><stem n=":batch"><phr n=":batch"><ent r="100" t="128" w="781" /></phr></stem><stem n="intern"><phr n="internally"><ent r="4" t="128" w="807" /></phr></stem><stem n="black"><phr n="black"><ent r="4" t="128" w="816" /><ent r="3" t="132" w="231" /><ent r="4" t="185" w="2019" /></phr></stem><stem n="“1”"><phr n="“1”"><ent r="3" t="128" w="932" /></phr></stem><stem n="“2”"><phr n="“2”"><ent r="3" t="128" w="942" /></phr></stem><stem n=":valu"><phr n=":Value"><ent r="100" t="129" w="8" /><ent r="100" t="129" w="11" /></phr><phr n=":value"><ent r="100" t="129" w="15" /><ent r="100" t="129" w="22" /></phr></stem><stem n="-and-drop:"><phr n="-and-drop:"><ent r="3" t="129" w="39" /><ent r="3" t="129" w="40" /></phr></stem><stem n="w"><phr n="W"><ent r="5" t="129" w="49" /><ent r="3" t="186" w="1624" /><ent r="5" t="224" w="238" /></phr><phr n="w"><ent r="5" t="185" w="1184" /><ent r="3" t="202" w="692" /></phr></stem><stem n="izard"><phr n="izard"><ent r="4" t="129" w="51" /></phr></stem><stem n="easiest"><phr n="easiest"><ent r="4" t="129" w="280" /></phr></stem><stem n="vector&lt;string&gt;"><phr n="vector&lt;string&gt;"><ent r="3" t="130" w="14" /><ent r="4" t="130" w="35" /><ent r="6" t="242" w="687" /></phr></stem><stem n="&quot;vector&lt;string&gt;&quot;"><phr n="&quot;vector&lt;string&gt;&quot;"><ent r="3" t="130" w="15" /></phr></stem><stem n="launch"><phr n="launch"><ent r="3" t="130" w="18" /><ent r="4" t="130" w="27" /></phr><phr n="launches"><ent r="3" t="170" w="261" /></phr></stem><stem n="notepad"><phr n="Notepad"><ent r="3" t="130" w="24" /></phr></stem><stem n=":connect"><phr n=":connect"><ent r="100" t="131" w="11" /></phr></stem><stem n="(a)"><phr n="(A)"><ent r="4" t="131" w="52" /><ent r="4" t="131" w="72" /></phr></stem><stem n="(b)"><phr n="(B)"><ent r="4" t="131" w="56" /><ent r="4" t="131" w="76" /></phr></stem><stem n="disappear"><phr n="disappears"><ent r="3" t="131" w="107" /></phr><phr n="disappear"><ent r="4" t="178" w="199" /><ent r="4" t="188" w="1003" /></phr></stem><stem n="destroi"><phr n="destroys"><ent r="3" t="132" w="186" /></phr></stem><stem n="preserv"><phr n="preserved"><ent r="3" t="132" w="197" /></phr><phr n="preserve"><ent r="3" t="143" w="220" /></phr></stem><stem n="occasion"><phr n="Occasionally"><ent r="3" t="132" w="257" /></phr></stem><stem n="unsupport"><phr n="unsupported"><ent r="3" t="132" w="272" /></phr></stem><stem n="brown"><phr n="brown"><ent r="3" t="132" w="284" /><ent r="4" t="186" w="1890" /><ent r="4" t="186" w="1961" /><ent r="3" t="194" w="1058" /></phr></stem><stem n="(unless"><phr n="(unless"><ent r="3" t="132" w="312" /></phr></stem><stem n="’ve"><phr n="’ve"><ent r="3" t="133" w="12" /></phr></stem><stem n="arrang"><phr n="arranging"><ent r="3" t="133" w="47" /><ent r="3" t="161" w="35" /><ent r="3" t="192" w="97" /></phr><phr n="arrange"><ent r="4" t="186" w="3109" /></phr><phr n="Arrange"><ent r="4" t="194" w="603" /></phr></stem><stem n="virtual"><phr n="virtual"><ent r="3" t="133" w="52" /><ent r="3" t="133" w="104" /><ent r="3" t="161" w="40" /><ent r="3" t="192" w="102" /><ent r="4" t="192" w="158" /></phr></stem><stem n="sheet"><phr n="sheet"><ent r="3" t="133" w="53" /><ent r="3" t="161" w="41" /><ent r="3" t="192" w="103" /></phr></stem><stem n="(on"><phr n="(on"><ent r="4" t="134" w="132" /><ent r="4" t="134" w="160" /></phr><phr n="(On"><ent r="3" t="193" w="1739" /></phr></stem><stem n="particular"><phr n="particular"><ent r="3" t="134" w="190" /><ent r="3" t="184" w="126" /><ent r="4" t="185" w="2015" /><ent r="3" t="186" w="957" /><ent r="4" t="187" w="1281" /></phr></stem><stem n=":deriv"><phr n=":derive"><ent r="100" t="135" w="6" /></phr></stem><stem n=":load"><phr n=":load"><ent r="100" t="136" w="6" /></phr></stem><stem n=":templat"><phr n=":template"><ent r="100" t="136" w="9" /><ent r="100" t="138" w="9" /></phr></stem><stem n=":select"><phr n=":selected"><ent r="100" t="137" w="6" /></phr><phr n=":select"><ent r="100" t="180" w="10" /><ent r="100" t="180" w="13" /></phr></stem><stem n=":paper"><phr n=":paper"><ent r="100" t="139" w="12" /></phr></stem><stem n="portrait"><phr n="portrait"><ent r="4" t="139" w="76" /></phr></stem><stem n="landscap"><phr n="landscape"><ent r="4" t="139" w="78" /></phr></stem><stem n="onc"><phr n="once"><ent r="3" t="140" w="102" /><ent r="4" t="185" w="2066" /><ent r="3" t="186" w="3144" /><ent r="4" t="187" w="756" /><ent r="7" t="197" w="33" /><ent r="6" t="197" w="38" /></phr><phr n="Once"><ent r="3" t="186" w="213" /></phr></stem><stem n="&quot;bumpers&quot;"><phr n="&quot;bumpers&quot;"><ent r="3" t="140" w="127" /></phr></stem><stem n="video"><phr n="video"><ent r="3" t="140" w="161" /></phr></stem><stem n=":plai"><phr n=":play"><ent r="100" t="141" w="8" /></phr></stem><stem n="rate"><phr n="rate"><ent r="3" t="143" w="34" /><ent r="3" t="181" w="72" /><ent r="4" t="181" w="162" /><ent r="4" t="181" w="172" /><ent r="4" t="181" w="218" /><ent r="3" t="188" w="1413" /><ent r="4" t="188" w="1468" /><ent r="4" t="188" w="1480" /><ent r="4" t="188" w="1507" /><ent r="3" t="209" w="137" /><ent r="3" t="209" w="140" /><ent r="3" t="213" w="142" /><ent r="3" t="213" w="145" /></phr></stem><stem n="strict"><phr n="strict"><ent r="3" t="143" w="37" /></phr></stem><stem n="per"><phr n="per"><ent r="3" t="143" w="42" /><ent r="3" t="143" w="65" /><ent r="6" t="143" w="86" /><ent r="6" t="143" w="93" /><ent r="3" t="172" w="164" /><ent r="4" t="188" w="1470" /><ent r="7" t="202" w="96" /><ent r="7" t="202" w="108" /><ent r="7" t="202" w="119" /><ent r="4" t="204" w="252" /><ent r="4" t="211" w="97" /></phr><phr n="Per"><ent r="4" t="147" w="334" /><ent r="5" t="204" w="243" /><ent r="5" t="211" w="88" /></phr></stem><stem n=".25"><phr n=".25"><ent r="6" t="143" w="97" /><ent r="6" t="143" w="171" /><ent r="6" t="143" w="174" /></phr></stem><stem n="0.25"><phr n="0.25"><ent r="6" t="143" w="97" /><ent r="6" t="143" w="96" /><ent r="6" t="143" w="171" /><ent r="6" t="143" w="170" /><ent r="6" t="143" w="174" /><ent r="6" t="143" w="173" /></phr></stem><stem n="25"><phr n="25"><ent r="6" t="143" w="97" /><ent r="6" t="143" w="171" /><ent r="6" t="143" w="174" /><ent r="5" t="156" w="502" /><ent r="5" t="156" w="937" /><ent r="4" t="157" w="480" /><ent r="5" t="168" w="539" /><ent r="4" t="233" w="138" /></phr></stem><stem n="real"><phr n="real"><ent r="3" t="143" w="134" /><ent r="6" t="143" w="153" /><ent r="6" t="143" w="167" /><ent r="6" t="143" w="183" /><ent r="5" t="156" w="193" /><ent r="4" t="156" w="213" /><ent r="4" t="195" w="152" /><ent r="6" t="202" w="227" /><ent r="6" t="202" w="240" /></phr><phr n="Real"><ent r="5" t="195" w="142" /><ent r="4" t="195" w="163" /></phr></stem><stem n="request"><phr n="requested"><ent r="3" t="143" w="201" /><ent r="3" t="143" w="222" /><ent r="3" t="144" w="23" /></phr></stem><stem n="achiev"><phr n="achieved"><ent r="3" t="143" w="206" /><ent r="3" t="235" w="162" /></phr></stem><stem n="due"><phr n="due"><ent r="3" t="143" w="207" /><ent r="3" t="170" w="645" /><ent r="3" t="170" w="714" /></phr></stem><stem n="&quot;can"><phr n="&quot;Can"><ent r="3" t="144" w="10" /><ent r="3" t="144" w="27" /><ent r="3" t="144" w="92" /></phr></stem><stem n="maintain"><phr n="maintain"><ent r="3" t="144" w="21" /><ent r="3" t="147" w="542" /></phr></stem><stem n="-level"><phr n="-level"><ent r="4" t="144" w="66" /><ent r="4" t="144" w="66" /><ent r="4" t="216" w="288" /><ent r="4" t="216" w="288" /></phr></stem><stem n="top-level"><phr n="top-level"><ent r="4" t="144" w="66" /><ent r="4" t="216" w="288" /></phr></stem><stem n="&quot;left"><phr n="&quot;left"><ent r="3" t="145" w="35" /></phr></stem><stem n="&quot;start&quot;"><phr n="&quot;start&quot;"><ent r="3" t="145" w="40" /></phr></stem><stem n="&quot;right"><phr n="&quot;right"><ent r="3" t="145" w="43" /></phr></stem><stem n="&quot;end&quot;"><phr n="&quot;end&quot;"><ent r="3" t="145" w="48" /></phr></stem><stem n="elect"><phr n="elect"><ent r="6" t="145" w="213" /><ent r="3" t="185" w="800" /><ent r="4" t="190" w="656" /></phr></stem><stem n="-click,"><phr n="-click,"><ent r="4" t="145" w="223" /><ent r="4" t="145" w="223" /><ent r="4" t="145" w="261" /><ent r="4" t="145" w="261" /></phr></stem><stem n="/off"><phr n="/off"><ent r="3" t="145" w="553" /></phr></stem><stem n="on/off"><phr n="on/off"><ent r="3" t="145" w="553" /><ent r="3" t="145" w="552" /></phr></stem><stem n="overwritten"><phr n="overwritten"><ent r="3" t="145" w="571" /><ent r="3" t="185" w="279" /></phr></stem><stem n="minu"><phr n="minus"><ent r="3" t="146" w="85" /><ent r="3" t="147" w="570" /><ent r="3" t="186" w="1618" /></phr></stem><stem n="strip"><phr n="Strip"><ent r="4" t="147" w="335" /><ent r="5" t="204" w="244" /><ent r="5" t="211" w="89" /></phr><phr n="strip"><ent r="4" t="204" w="253" /><ent r="4" t="211" w="98" /></phr></stem><stem n="pack"><phr n="Pack"><ent r="4" t="147" w="341" /><ent r="5" t="204" w="258" /><ent r="5" t="211" w="103" /></phr></stem><stem n="gzip"><phr n="GZIP"><ent r="3" t="147" w="367" /><ent r="3" t="147" w="371" /><ent r="4" t="147" w="391" /><ent r="4" t="205" w="228" /><ent r="3" t="205" w="250" /></phr></stem><stem n="shuffl"><phr n="Shuffle"><ent r="3" t="147" w="369" /></phr><phr n="shuffle"><ent r="4" t="205" w="239" /></phr></stem><stem n="none"><phr n="None"><ent r="3" t="147" w="382" /><ent r="4" t="205" w="226" /><ent r="4" t="215" w="88" /></phr></stem><stem n="(&quot;none&quot;)."><phr n="(&quot;None&quot;)."><ent r="3" t="147" w="383" /></phr></stem><stem n="chunk"><phr n="Chunk"><ent r="4" t="147" w="398" /><ent r="4" t="147" w="405" /><ent r="82" t="205" w="260" /></phr><phr n="chunk"><ent r="3" t="147" w="419" /><ent r="3" t="205" w="197" /><ent r="3" t="205" w="265" /><ent r="3" t="205" w="273" /><ent r="3" t="205" w="293" /></phr><phr n="chunks"><ent r="3" t="205" w="271" /></phr><phr n="chunked"><ent r="3" t="205" w="286" /></phr></stem><stem n="qualiti"><phr n="quality"><ent r="3" t="147" w="538" /><ent r="3" t="200" w="31" /><ent r="4" t="212" w="47" /><ent r="4" t="212" w="109" /><ent r="4" t="212" w="121" /><ent r="3" t="212" w="171" /><ent r="3" t="212" w="181" /></phr><phr n="Quality"><ent r="3" t="183" w="17" /><ent r="1000" t="200" w="1" /><ent r="102" t="200" w="6" /><ent r="5" t="212" w="96" /></phr></stem><stem n="numer"><phr n="numerous"><ent r="3" t="147" w="556" /></phr><phr n="numeric"><ent r="3" t="193" w="1329" /><ent r="3" t="194" w="1180" /></phr></stem><stem n="-tune"><phr n="-tuning"><ent r="3" t="147" w="559" /><ent r="3" t="147" w="559" /></phr></stem><stem n="fine"><phr n="fine"><ent r="3" t="147" w="559" /></phr></stem><stem n="fine-tun"><phr n="fine-tuning"><ent r="3" t="147" w="559" /></phr></stem><stem n="tune"><phr n="tuning"><ent r="3" t="147" w="560" /><ent r="3" t="217" w="319" /></phr><phr n="tuned"><ent r="3" t="217" w="270" /><ent r="3" t="217" w="298" /><ent r="3" t="217" w="311" /></phr></stem><stem n=":georefer"><phr n=":georeference"><ent r="100" t="148" w="11" /></phr></stem><stem n="whenev"><phr n="whenever"><ent r="3" t="148" w="114" /><ent r="3" t="148" w="136" /><ent r="3" t="185" w="252" /></phr></stem><stem n="dd°mm"><phr n="DD°MM"><ent r="3" t="148" w="188" /><ent r="3" t="148" w="194" /></phr></stem><stem n="dd°mm'ss"><phr n="DD°MM'SS"><ent r="3" t="148" w="189" /><ent r="3" t="148" w="188" /></phr></stem><stem n="dd°mm'ss.ss"><phr n="DD°MM'SS.SS"><ent r="3" t="148" w="190" /><ent r="3" t="148" w="188" /></phr></stem><stem n="'ss.ss&quot;,"><phr n="'SS.SS&quot;,"><ent r="3" t="148" w="191" /></phr></stem><stem n="dd.ddd°"><phr n="DD.ddd°"><ent r="3" t="148" w="192" /><ent r="3" t="148" w="191" /></phr></stem><stem n="ddd°"><phr n="ddd°"><ent r="3" t="148" w="192" /></phr></stem><stem n="dd.ddd°,"><phr n="DD.ddd°,"><ent r="3" t="148" w="192" /><ent r="3" t="148" w="191" /></phr></stem><stem n=".ddd°,"><phr n=".ddd°,"><ent r="3" t="148" w="193" /></phr></stem><stem n="dd°mm.mm"><phr n="DD°MM.MM"><ent r="3" t="148" w="195" /><ent r="3" t="148" w="194" /></phr></stem><stem n="dd°mm.mm'"><phr n="DD°MM.MM'"><ent r="3" t="148" w="195" /><ent r="3" t="148" w="194" /></phr></stem><stem n=".mm'."><phr n=".MM'."><ent r="3" t="148" w="196" /></phr></stem><stem n="-georefer"><phr n="-Georeference"><ent r="4" t="148" w="198" /><ent r="4" t="148" w="198" /><ent r="4" t="186" w="742" /><ent r="4" t="186" w="742" /></phr><phr n="-georeference"><ent r="3" t="148" w="218" /><ent r="3" t="148" w="218" /></phr></stem></index>