﻿<?xml version="1.0" encoding="utf-8"?><index><stem n="direct"><phr n="Direction"><ent r="5" t="3" w="76" /><ent r="5" t="3" w="104" /><ent r="6" t="14" w="251" /><ent r="64" t="15" w="29" /><ent r="1000" t="73" w="3" /><ent r="102" t="73" w="11" /><ent r="3" t="73" w="15" /><ent r="5" t="73" w="118" /><ent r="4" t="73" w="125" /><ent r="4" t="82" w="540" /></phr><phr n="direction"><ent r="5" t="14" w="255" /><ent r="4" t="38" w="84" /><ent r="100" t="73" w="7" /><ent r="4" t="73" w="96" /><ent r="4" t="73" w="105" /><ent r="3" t="73" w="152" /><ent r="3" t="82" w="544" /><ent r="4" t="82" w="555" /><ent r="4" t="82" w="590" /><ent r="3" t="145" w="53" /><ent r="6" t="197" w="49" /><ent r="6" t="197" w="58" /><ent r="6" t="197" w="65" /><ent r="6" t="197" w="80" /><ent r="3" t="234" w="24" /></phr><phr n="directed"><ent r="4" t="176" w="264" /></phr><phr n="direct"><ent r="3" t="195" w="11" /></phr><phr n="directions"><ent r="7" t="202" w="520" /><ent r="3" t="233" w="414" /></phr></stem><stem n="+"><phr n="+"><ent r="6" t="3" w="114" /><ent r="5" t="3" w="139" /><ent r="5" t="3" w="154" /><ent r="7" t="5" w="34" /><ent r="7" t="5" w="91" /><ent r="7" t="5" w="127" /><ent r="7" t="5" w="164" /><ent r="7" t="5" w="215" /><ent r="7" t="5" w="261" /><ent r="7" t="7" w="310" /><ent r="3" t="17" w="85" /><ent r="3" t="33" w="163" /><ent r="4" t="45" w="395" /><ent r="3" t="47" w="160" /><ent r="3" t="47" w="173" /><ent r="3" t="47" w="177" /><ent r="3" t="51" w="121" /><ent r="3" t="51" w="125" /><ent r="3" t="52" w="68" /><ent r="4" t="52" w="96" /><ent r="3" t="65" w="233" /><ent r="3" t="101" w="157" /><ent r="3" t="102" w="161" /><ent r="3" t="103" w="138" /><ent r="4" t="107" w="159" /><ent r="4" t="108" w="101" /><ent r="4" t="109" w="114" /><ent r="4" t="109" w="130" /><ent r="4" t="110" w="115" /><ent r="4" t="110" w="131" /><ent r="3" t="110" w="180" /><ent r="4" t="110" w="259" /><ent r="4" t="110" w="261" /><ent r="4" t="110" w="274" /><ent r="3" t="121" w="83" /><ent r="3" t="123" w="44" /><ent r="4" t="147" w="71" /><ent r="3" t="147" w="370" /><ent r="4" t="150" w="110" /><ent r="4" t="151" w="110" /><ent r="4" t="152" w="124" /><ent r="4" t="153" w="119" /><ent r="4" t="154" w="112" /><ent r="4" t="155" w="110" /><ent r="4" t="156" w="106" /><ent r="4" t="157" w="107" /><ent r="4" t="158" w="117" /><ent r="3" t="159" w="305" /><ent r="83" t="159" w="311" /><ent r="3" t="159" w="319" /><ent r="4" t="159" w="422" /><ent r="3" t="159" w="719" /><ent r="3" t="160" w="296" /><ent r="83" t="160" w="302" /><ent r="3" t="160" w="310" /><ent r="4" t="160" w="410" /><ent r="3" t="160" w="707" /><ent r="3" t="161" w="294" /><ent r="83" t="161" w="300" /><ent r="3" t="161" w="308" /><ent r="4" t="161" w="409" /><ent r="3" t="161" w="706" /><ent r="3" t="173" w="155" /><ent r="3" t="215" w="170" /><ent r="100" t="215" w="228" /><ent r="65" t="215" w="233" /><ent r="100" t="215" w="342" /><ent r="65" t="215" w="347" /><ent r="92" t="215" w="434" /><ent r="3" t="215" w="441" /><ent r="4" t="215" w="544" /><ent r="3" t="215" w="845" /><ent r="4" t="222" w="125" /><ent r="3" t="222" w="188" /><ent r="5" t="223" w="87" /><ent r="5" t="223" w="97" /><ent r="5" t="223" w="107" /><ent r="5" t="223" w="117" /><ent r="5" t="223" w="125" /><ent r="5" t="223" w="133" /><ent r="5" t="223" w="142" /><ent r="5" t="223" w="149" /><ent r="5" t="223" w="156" /><ent r="5" t="223" w="166" /><ent r="5" t="223" w="174" /><ent r="5" t="223" w="184" /><ent r="5" t="223" w="193" /><ent r="5" t="223" w="200" /><ent r="5" t="223" w="209" /><ent r="5" t="223" w="327" /><ent r="5" t="223" w="329" /><ent r="5" t="223" w="364" /><ent r="4" t="224" w="111" /><ent r="3" t="234" w="117" /><ent r="3" t="234" w="227" /><ent r="7" t="237" w="106" /><ent r="7" t="237" w="107" /><ent r="6" t="237" w="121" /><ent r="7" t="238" w="100" /><ent r="7" t="238" w="136" /><ent r="7" t="238" w="175" /><ent r="7" t="239" w="109" /><ent r="7" t="239" w="145" /><ent r="7" t="239" w="156" /><ent r="6" t="240" w="82" /><ent r="5" t="240" w="126" /></phr></stem><stem n="ctrl"><phr n="Ctrl"><ent r="6" t="3" w="115" /><ent r="5" t="3" w="140" /><ent r="7" t="5" w="33" /><ent r="7" t="7" w="309" /><ent r="4" t="17" w="83" /><ent r="4" t="17" w="125" /><ent r="4" t="33" w="161" /><ent r="4" t="47" w="158" /><ent r="4" t="47" w="171" /><ent r="4" t="49" w="406" /><ent r="4" t="51" w="119" /><ent r="4" t="52" w="66" /><ent r="4" t="52" w="95" /><ent r="5" t="61" w="62" /><ent r="3" t="65" w="158" /><ent r="4" t="65" w="231" /><ent r="4" t="101" w="155" /><ent r="4" t="102" w="159" /><ent r="3" t="110" w="181" /><ent r="4" t="110" w="258" /><ent r="4" t="110" w="273" /><ent r="4" t="121" w="81" /><ent r="4" t="123" w="42" /><ent r="4" t="128" w="199" /><ent r="4" t="129" w="314" /><ent r="4" t="179" w="132" /><ent r="3" t="185" w="1533" /><ent r="4" t="215" w="168" /><ent r="5" t="223" w="86" /><ent r="5" t="223" w="96" /><ent r="5" t="223" w="106" /><ent r="5" t="223" w="116" /><ent r="5" t="223" w="124" /><ent r="5" t="223" w="132" /><ent r="5" t="223" w="141" /><ent r="5" t="223" w="148" /><ent r="5" t="223" w="155" /><ent r="5" t="223" w="165" /><ent r="5" t="223" w="173" /><ent r="5" t="223" w="183" /><ent r="5" t="223" w="192" /><ent r="5" t="223" w="199" /><ent r="5" t="223" w="208" /><ent r="5" t="223" w="326" /><ent r="7" t="237" w="105" /><ent r="6" t="237" w="120" /><ent r="7" t="238" w="99" /><ent r="7" t="238" w="135" /><ent r="7" t="238" w="174" /><ent r="7" t="239" w="108" /><ent r="7" t="239" w="144" /><ent r="7" t="239" w="155" /><ent r="6" t="240" w="81" /><ent r="5" t="240" w="125" /></phr></stem><stem n="dynam"><phr n="dynamic"><ent r="6" t="3" w="119" /><ent r="3" t="110" w="175" /></phr><phr n="Dynamic"><ent r="92" t="110" w="165" /><ent r="5" t="156" w="201" /><ent r="92" t="168" w="750" /><ent r="5" t="168" w="755" /></phr><phr n="dynamically"><ent r="4" t="112" w="204" /><ent r="4" t="168" w="763" /></phr></stem><stem n="inset"><phr n="inset"><ent r="6" t="3" w="120" /><ent r="3" t="110" w="176" /><ent r="5" t="223" w="352" /><ent r="5" t="223" w="381" /></phr><phr n="Inset"><ent r="92" t="110" w="166" /></phr></stem><stem n="(the"><phr n="(the"><ent r="6" t="3" w="121" /><ent r="3" t="82" w="171" /><ent r="3" t="170" w="276" /><ent r="4" t="185" w="1652" /><ent r="3" t="186" w="2283" /><ent r="3" t="186" w="2579" /><ent r="3" t="235" w="656" /></phr><phr n="(The"><ent r="4" t="25" w="95" /><ent r="3" t="74" w="52" /><ent r="3" t="169" w="171" /><ent r="3" t="172" w="90" /></phr></stem><stem n="zoomed-in"><phr n="zoomed-in"><ent r="6" t="3" w="122" /><ent r="3" t="185" w="729" /><ent r="3" t="185" w="744" /><ent r="3" t="185" w="1722" /></phr></stem><stem n="region"><phr n="region"><ent r="6" t="3" w="124" /><ent r="4" t="59" w="71" /><ent r="4" t="59" w="87" /><ent r="3" t="85" w="62" /><ent r="4" t="85" w="84" /><ent r="4" t="85" w="105" /><ent r="4" t="96" w="157" /><ent r="4" t="150" w="216" /><ent r="3" t="170" w="420" /><ent r="3" t="180" w="35" /><ent r="3" t="185" w="1525" /><ent r="3" t="185" w="1541" /><ent r="4" t="185" w="1748" /><ent r="3" t="186" w="309" /><ent r="3" t="186" w="317" /><ent r="4" t="188" w="1201" /><ent r="4" t="188" w="1205" /></phr><phr n="regions"><ent r="3" t="85" w="28" /></phr><phr n="Region"><ent r="5" t="170" w="380" /><ent r="3" t="179" w="61" /><ent r="4" t="179" w="148" /><ent r="5" t="180" w="115" /><ent r="5" t="187" w="1248" /><ent r="4" t="188" w="1166" /></phr></stem><stem n="scene"><phr n="scene"><ent r="6" t="3" w="127" /><ent r="6" t="11" w="148" /><ent r="3" t="50" w="537" /><ent r="4" t="59" w="62" /><ent r="4" t="59" w="74" /><ent r="4" t="59" w="107" /><ent r="4" t="76" w="50" /><ent r="4" t="84" w="161" /><ent r="4" t="84" w="174" /><ent r="3" t="85" w="37" /><ent r="3" t="85" w="45" /><ent r="3" t="85" w="55" /><ent r="4" t="159" w="788" /><ent r="4" t="185" w="1025" /><ent r="4" t="185" w="1060" /><ent r="3" t="186" w="297" /><ent r="4" t="186" w="1159" /><ent r="3" t="186" w="2095" /><ent r="4" t="189" w="958" /><ent r="4" t="189" w="968" /><ent r="3" t="233" w="515" /></phr><phr n="scenes"><ent r="3" t="83" w="19" /><ent r="3" t="83" w="44" /><ent r="3" t="167" w="60" /><ent r="4" t="178" w="120" /><ent r="3" t="186" w="421" /><ent r="4" t="186" w="2541" /><ent r="4" t="186" w="2551" /><ent r="4" t="188" w="1212" /></phr></stem><stem n=".)"><phr n=".)"><ent r="6" t="3" w="128" /><ent r="3" t="4" w="113" /><ent r="7" t="10" w="110" /><ent r="4" t="25" w="104" /><ent r="3" t="41" w="32" /><ent r="4" t="51" w="167" /><ent r="4" t="51" w="222" /><ent r="4" t="55" w="64" /><ent r="4" t="71" w="132" /><ent r="3" t="74" w="71" /><ent r="4" t="89" w="71" /><ent r="3" t="95" w="165" /><ent r="3" t="97" w="185" /><ent r="4" t="109" w="241" /><ent r="4" t="110" w="599" /><ent r="4" t="112" w="172" /><ent r="3" t="118" w="411" /><ent r="4" t="129" w="245" /><ent r="4" t="159" w="935" /><ent r="3" t="164" w="66" /><ent r="3" t="172" w="96" /><ent r="3" t="186" w="980" /><ent r="3" t="186" w="1027" /><ent r="4" t="186" w="1068" /><ent r="4" t="186" w="1186" /><ent r="4" t="186" w="1908" /><ent r="4" t="187" w="613" /><ent r="3" t="187" w="937" /><ent r="3" t="187" w="1538" /><ent r="4" t="188" w="1027" /><ent r="7" t="193" w="1153" /><ent r="3" t="193" w="1751" /><ent r="6" t="194" w="1336" /><ent r="4" t="196" w="61" /><ent r="3" t="223" w="48" /><ent r="6" t="226" w="443" /><ent r="3" t="228" w="307" /></phr></stem><stem n="context"><phr n="context"><ent r="5" t="3" w="134" /><ent r="3" t="18" w="207" /><ent r="4" t="27" w="122" /><ent r="3" t="188" w="742" /><ent r="3" t="189" w="132" /><ent r="3" t="190" w="122" /></phr></stem><stem n="copi"><phr n="Copies"><ent r="6" t="3" w="142" /><ent r="7" t="5" w="100" /><ent r="4" t="54" w="196" /><ent r="5" t="91" w="638" /><ent r="7" t="119" w="115" /><ent r="5" t="159" w="660" /><ent r="5" t="160" w="648" /><ent r="5" t="161" w="647" /><ent r="5" t="215" w="781" /><ent r="7" t="238" w="105" /></phr><phr n="copied"><ent r="7" t="5" w="113" /><ent r="3" t="174" w="51" /><ent r="3" t="179" w="87" /><ent r="4" t="180" w="238" /></phr><phr n="copy"><ent r="7" t="5" w="138" /><ent r="4" t="49" w="211" /><ent r="100" t="51" w="8" /><ent r="100" t="51" w="10" /><ent r="3" t="51" w="36" /><ent r="4" t="51" w="178" /><ent r="4" t="51" w="250" /><ent r="4" t="54" w="120" /><ent r="100" t="179" w="7" /><ent r="4" t="180" w="200" /><ent r="4" t="216" w="567" /><ent r="4" t="216" w="582" /><ent r="4" t="216" w="626" /><ent r="4" t="216" w="637" /><ent r="3" t="216" w="714" /><ent r="100" t="238" w="10" /></phr><phr n="Copy"><ent r="1000" t="51" w="1" /><ent r="102" t="51" w="4" /><ent r="5" t="51" w="155" /><ent r="4" t="51" w="164" /><ent r="5" t="51" w="210" /><ent r="4" t="51" w="219" /><ent r="3" t="51" w="224" /><ent r="4" t="51" w="232" /><ent r="5" t="54" w="108" /><ent r="5" t="54" w="193" /><ent r="5" t="91" w="635" /><ent r="92" t="109" w="312" /><ent r="4" t="109" w="364" /><ent r="3" t="147" w="176" /><ent r="3" t="147" w="279" /><ent r="3" t="147" w="483" /><ent r="3" t="147" w="647" /><ent r="5" t="159" w="652" /><ent r="5" t="160" w="640" /><ent r="5" t="161" w="639" /><ent r="5" t="215" w="773" /><ent r="5" t="223" w="138" /><ent r="7" t="238" w="103" /></phr><phr n="Copying"><ent r="64" t="177" w="324" /><ent r="65" t="178" w="298" /><ent r="64" t="178" w="305" /><ent r="1000" t="179" w="1" /><ent r="102" t="179" w="10" /></phr><phr n="copying"><ent r="100" t="179" w="5" /><ent r="3" t="192" w="961" /></phr></stem><stem n="shift"><phr n="Shift"><ent r="5" t="3" w="155" /><ent r="4" t="17" w="121" /><ent r="3" t="17" w="219" /><ent r="4" t="47" w="175" /><ent r="4" t="49" w="402" /><ent r="4" t="50" w="543" /><ent r="4" t="51" w="123" /><ent r="5" t="61" w="66" /><ent r="4" t="65" w="97" /><ent r="4" t="112" w="163" /><ent r="4" t="128" w="195" /><ent r="4" t="179" w="130" /><ent r="3" t="185" w="1517" /><ent r="4" t="186" w="1291" /><ent r="5" t="223" w="328" /><ent r="5" t="223" w="363" /></phr></stem><stem n="extend"><phr n="Extends"><ent r="6" t="3" w="157" /></phr><phr n="extend"><ent r="6" t="171" w="212" /></phr><phr n="extends"><ent r="6" t="171" w="215" /></phr></stem><stem n="load"><phr n="load"><ent r="3" t="4" w="73" /><ent r="3" t="20" w="11" /><ent r="4" t="20" w="108" /><ent r="4" t="20" w="120" /><ent r="4" t="20" w="290" /><ent r="4" t="20" w="350" /><ent r="4" t="20" w="379" /><ent r="4" t="20" w="399" /><ent r="4" t="20" w="421" /><ent r="4" t="20" w="453" /><ent r="3" t="21" w="447" /><ent r="3" t="22" w="64" /><ent r="3" t="22" w="91" /><ent r="3" t="23" w="16" /><ent r="3" t="33" w="15" /><ent r="3" t="33" w="36" /><ent r="3" t="34" w="68" /><ent r="3" t="79" w="61" /><ent r="3" t="83" w="42" /><ent r="100" t="96" w="4" /><ent r="3" t="96" w="45" /><ent r="4" t="96" w="131" /><ent r="3" t="97" w="302" /><ent r="6" t="107" w="48" /><ent r="6" t="109" w="44" /><ent r="6" t="110" w="45" /><ent r="3" t="114" w="40" /><ent r="3" t="114" w="50" /><ent r="3" t="127" w="55" /><ent r="100" t="136" w="6" /><ent r="100" t="136" w="8" /><ent r="3" t="136" w="17" /><ent r="4" t="136" w="64" /><ent r="6" t="146" w="55" /><ent r="6" t="150" w="42" /><ent r="6" t="151" w="42" /><ent r="6" t="152" w="42" /><ent r="6" t="153" w="49" /><ent r="6" t="154" w="45" /><ent r="6" t="155" w="41" /><ent r="6" t="156" w="38" /><ent r="6" t="157" w="38" /><ent r="6" t="158" w="48" /><ent r="3" t="160" w="800" /><ent r="5" t="170" w="316" /><ent r="3" t="171" w="265" /><ent r="4" t="173" w="360" /><ent r="4" t="173" w="378" /><ent r="3" t="173" w="544" /><ent r="3" t="177" w="37" /><ent r="4" t="185" w="2410" /><ent r="3" t="186" w="925" /><ent r="3" t="187" w="149" /><ent r="4" t="187" w="597" /><ent r="4" t="190" w="1140" /><ent r="7" t="202" w="466" /><ent r="3" t="205" w="280" /><ent r="3" t="214" w="51" /><ent r="4" t="216" w="385" /><ent r="4" t="216" w="559" /><ent r="4" t="216" w="635" /><ent r="3" t="216" w="707" /><ent r="3" t="219" w="23" /><ent r="6" t="224" w="42" /><ent r="3" t="235" w="38" /><ent r="3" t="236" w="286" /></phr><phr n="loading"><ent r="3" t="17" w="173" /><ent r="3" t="71" w="35" /><ent r="6" t="91" w="435" /><ent r="3" t="96" w="30" /><ent r="5" t="168" w="198" /><ent r="3" t="170" w="551" /><ent r="4" t="187" w="612" /><ent r="3" t="189" w="327" /><ent r="3" t="189" w="334" /><ent r="3" t="190" w="317" /><ent r="3" t="190" w="324" /></phr><phr n="Loads"><ent r="4" t="20" w="94" /><ent r="4" t="20" w="509" /></phr><phr n="loads"><ent r="4" t="20" w="172" /><ent r="4" t="20" w="310" /><ent r="3" t="34" w="31" /><ent r="3" t="134" w="28" /><ent r="3" t="135" w="24" /><ent r="3" t="220" w="163" /><ent r="3" t="235" w="348" /><ent r="3" t="236" w="19" /></phr><phr n="loaded"><ent r="4" t="20" w="482" /><ent r="3" t="20" w="548" /><ent r="3" t="21" w="64" /><ent r="4" t="25" w="99" /><ent r="3" t="48" w="24" /><ent r="4" t="69" w="68" /><ent r="3" t="70" w="112" /><ent r="4" t="71" w="178" /><ent r="3" t="78" w="198" /><ent r="3" t="78" w="346" /><ent r="3" t="78" w="369" /><ent r="3" t="79" w="144" /><ent r="4" t="96" w="111" /><ent r="6" t="107" w="61" /><ent r="6" t="109" w="57" /><ent r="6" t="110" w="58" /><ent r="3" t="111" w="449" /><ent r="3" t="112" w="84" /><ent r="4" t="112" w="127" /><ent r="4" t="112" w="146" /><ent r="6" t="114" w="17" /><ent r="3" t="116" w="41" /><ent r="3" t="118" w="115" /><ent r="6" t="146" w="68" /><ent r="6" t="150" w="55" /><ent r="6" t="151" w="55" /><ent r="6" t="152" w="55" /><ent r="6" t="153" w="62" /><ent r="6" t="154" w="58" /><ent r="6" t="155" w="54" /><ent r="6" t="156" w="51" /><ent r="6" t="157" w="51" /><ent r="6" t="158" w="61" /><ent r="3" t="160" w="813" /><ent r="3" t="160" w="930" /><ent r="3" t="164" w="58" /><ent r="3" t="170" w="451" /><ent r="3" t="170" w="537" /><ent r="4" t="185" w="2135" /><ent r="4" t="187" w="449" /><ent r="4" t="187" w="1189" /><ent r="4" t="188" w="551" /><ent r="4" t="189" w="897" /><ent r="4" t="189" w="912" /><ent r="3" t="191" w="133" /><ent r="4" t="192" w="184" /><ent r="3" t="192" w="966" /><ent r="3" t="192" w="977" /><ent r="3" t="214" w="116" /><ent r="3" t="214" w="135" /><ent r="3" t="216" w="244" /><ent r="3" t="216" w="283" /><ent r="4" t="216" w="499" /><ent r="4" t="216" w="653" /><ent r="6" t="224" w="55" /><ent r="3" t="235" w="51" /><ent r="83" t="235" w="402" /><ent r="4" t="235" w="530" /><ent r="3" t="235" w="543" /><ent r="3" t="236" w="297" /></phr><phr n="Load"><ent r="5" t="96" w="101" /><ent r="4" t="97" w="310" /><ent r="64" t="133" w="120" /><ent r="64" t="134" w="218" /><ent r="64" t="135" w="111" /><ent r="1000" t="136" w="1" /><ent r="102" t="136" w="11" /><ent r="5" t="136" w="46" /><ent r="4" t="136" w="52" /><ent r="64" t="137" w="102" /><ent r="64" t="138" w="83" /><ent r="6" t="170" w="308" /><ent r="92" t="171" w="259" /><ent r="5" t="171" w="302" /><ent r="4" t="187" w="1097" /><ent r="4" t="187" w="1103" /><ent r="4" t="188" w="86" /><ent r="4" t="190" w="68" /><ent r="92" t="190" w="1127" /><ent r="92" t="214" w="24" /><ent r="82" t="220" w="158" /><ent r="3" t="220" w="161" /><ent r="82" t="235" w="343" /><ent r="3" t="235" w="346" /><ent r="5" t="235" w="506" /></phr><phr n="Loaded"><ent r="92" t="214" w="100" /></phr></stem><stem n="follow"><phr n="following"><ent r="3" t="4" w="87" /><ent r="3" t="20" w="45" /><ent r="3" t="21" w="136" /><ent r="3" t="22" w="17" /><ent r="3" t="22" w="93" /><ent r="3" t="22" w="122" /><ent r="3" t="25" w="18" /><ent r="3" t="26" w="14" /><ent r="4" t="26" w="101" /><ent r="3" t="29" w="18" /><ent r="3" t="44" w="82" /><ent r="4" t="54" w="50" /><ent r="4" t="56" w="83" /><ent r="4" t="72" w="76" /><ent r="3" t="82" w="632" /><ent r="3" t="84" w="144" /><ent r="3" t="86" w="23" /><ent r="6" t="91" w="542" /><ent r="3" t="106" w="11" /><ent r="3" t="125" w="21" /><ent r="3" t="128" w="732" /><ent r="3" t="132" w="36" /><ent r="5" t="145" w="288" /><ent r="3" t="174" w="40" /><ent r="3" t="181" w="96" /><ent r="4" t="181" w="312" /><ent r="3" t="185" w="53" /><ent r="3" t="186" w="93" /><ent r="4" t="186" w="1669" /><ent r="4" t="186" w="1783" /><ent r="3" t="187" w="89" /><ent r="3" t="187" w="846" /><ent r="3" t="187" w="1545" /><ent r="3" t="188" w="72" /><ent r="4" t="188" w="383" /><ent r="4" t="188" w="405" /><ent r="3" t="189" w="58" /><ent r="4" t="189" w="621" /><ent r="3" t="189" w="797" /><ent r="3" t="190" w="50" /><ent r="4" t="190" w="610" /><ent r="4" t="190" w="1057" /><ent r="3" t="191" w="61" /><ent r="3" t="192" w="50" /><ent r="3" t="193" w="1479" /><ent r="3" t="194" w="142" /><ent r="4" t="194" w="639" /><ent r="4" t="194" w="1240" /><ent r="3" t="195" w="37" /><ent r="3" t="236" w="33" /><ent r="3" t="237" w="22" /><ent r="3" t="238" w="34" /><ent r="3" t="239" w="37" /><ent r="3" t="240" w="34" /></phr><phr n="Follow"><ent r="3" t="31" w="16" /><ent r="3" t="79" w="15" /><ent r="3" t="80" w="23" /><ent r="3" t="81" w="15" /><ent r="3" t="86" w="15" /><ent r="3" t="87" w="15" /><ent r="3" t="126" w="166" /><ent r="3" t="126" w="333" /></phr><phr n="follows"><ent r="4" t="44" w="115" /><ent r="4" t="126" w="251" /><ent r="3" t="126" w="309" /><ent r="4" t="126" w="392" /><ent r="3" t="126" w="441" /><ent r="4" t="126" w="531" /><ent r="3" t="126" w="587" /><ent r="3" t="128" w="354" /><ent r="3" t="173" w="414" /><ent r="3" t="186" w="2098" /><ent r="4" t="190" w="694" /><ent r="3" t="193" w="1368" /><ent r="3" t="200" w="28" /></phr><phr n="followed"><ent r="4" t="76" w="62" /><ent r="4" t="182" w="34" /><ent r="4" t="182" w="137" /></phr><phr n="Following"><ent r="3" t="184" w="215" /></phr><phr n="follow"><ent r="3" t="192" w="1096" /><ent r="3" t="193" w="1510" /></phr></stem><stem n="aoi"><phr n="AOI"><ent r="3" t="4" w="98" /><ent r="64" t="4" w="232" /><ent r="1000" t="8" w="1" /><ent r="100" t="8" w="4" /><ent r="100" t="8" w="8" /><ent r="102" t="8" w="10" /><ent r="3" t="8" w="14" /><ent r="3" t="8" w="25" /><ent r="3" t="8" w="30" /><ent r="7" t="8" w="57" /><ent r="7" t="8" w="62" /><ent r="7" t="8" w="67" /><ent r="7" t="8" w="73" /><ent r="7" t="8" w="78" /><ent r="7" t="8" w="85" /><ent r="7" t="8" w="98" /><ent r="7" t="8" w="115" /><ent r="7" t="8" w="124" /><ent r="7" t="8" w="131" /><ent r="7" t="8" w="140" /><ent r="7" t="8" w="150" /><ent r="68" t="8" w="160" /><ent r="7" t="8" w="167" /><ent r="7" t="8" w="173" /><ent r="7" t="8" w="188" /><ent r="7" t="8" w="192" /><ent r="7" t="8" w="195" /><ent r="7" t="8" w="203" /><ent r="68" t="8" w="208" /><ent r="7" t="8" w="212" /><ent r="7" t="8" w="220" /><ent r="64" t="15" w="41" /><ent r="4" t="22" w="201" /><ent r="5" t="26" w="111" /><ent r="4" t="30" w="41" /><ent r="3" t="38" w="171" /><ent r="3" t="49" w="67" /><ent r="4" t="49" w="185" /><ent r="4" t="54" w="101" /><ent r="4" t="56" w="89" /><ent r="1000" t="59" w="1" /><ent r="100" t="59" w="4" /><ent r="100" t="59" w="7" /><ent r="100" t="59" w="9" /><ent r="102" t="59" w="11" /><ent r="3" t="59" w="21" /><ent r="100" t="59" w="116" /><ent r="3" t="59" w="129" /><ent r="3" t="59" w="146" /><ent r="4" t="59" w="166" /><ent r="5" t="59" w="186" /><ent r="4" t="59" w="201" /><ent r="4" t="59" w="204" /><ent r="4" t="59" w="211" /><ent r="4" t="59" w="223" /><ent r="65" t="59" w="229" /><ent r="100" t="59" w="232" /><ent r="4" t="59" w="239" /><ent r="4" t="59" w="254" /><ent r="64" t="59" w="304" /><ent r="64" t="59" w="308" /><ent r="1000" t="60" w="1" /><ent r="100" t="60" w="10" /><ent r="102" t="60" w="15" /><ent r="3" t="60" w="21" /><ent r="3" t="60" w="33" /><ent r="64" t="60" w="46" /><ent r="3" t="60" w="54" /><ent r="64" t="60" w="62" /><ent r="3" t="60" w="72" /><ent r="100" t="61" w="7" /><ent r="65" t="61" w="33" /><ent r="3" t="61" w="43" /><ent r="5" t="61" w="126" /><ent r="4" t="61" w="134" /><ent r="1000" t="62" w="2" /><ent r="100" t="62" w="6" /><ent r="102" t="62" w="12" /><ent r="3" t="62" w="22" /><ent r="65" t="62" w="29" /><ent r="4" t="62" w="34" /><ent r="1000" t="63" w="1" /><ent r="100" t="63" w="5" /><ent r="100" t="63" w="10" /><ent r="102" t="63" w="13" /><ent r="3" t="63" w="19" /><ent r="4" t="63" w="36" /><ent r="4" t="63" w="53" /><ent r="3" t="63" w="69" /><ent r="3" t="63" w="154" /><ent r="64" t="99" w="80" /><ent r="1000" t="100" w="1" /><ent r="102" t="100" w="4" /><ent r="100" t="100" w="12" /><ent r="3" t="100" w="20" /><ent r="65" t="100" w="24" /><ent r="3" t="100" w="158" /><ent r="3" t="110" w="299" /><ent r="65" t="113" w="55" /><ent r="4" t="113" w="86" /><ent r="4" t="113" w="93" /><ent r="3" t="113" w="119" /><ent r="64" t="149" w="29" /><ent r="1000" t="151" w="1" /><ent r="102" t="151" w="5" /><ent r="100" t="151" w="9" /><ent r="100" t="151" w="14" /><ent r="3" t="151" w="18" /><ent r="4" t="151" w="71" /><ent r="5" t="151" w="122" /><ent r="3" t="151" w="200" /><ent r="4" t="151" w="244" /><ent r="65" t="151" w="272" /><ent r="64" t="170" w="433" /><ent r="4" t="170" w="815" /><ent r="4" t="170" w="849" /><ent r="3" t="170" w="859" /><ent r="4" t="172" w="111" /><ent r="4" t="172" w="125" /><ent r="4" t="175" w="61" /><ent r="4" t="180" w="92" /><ent r="65" t="180" w="101" /><ent r="1000" t="182" w="1" /><ent r="102" t="182" w="4" /><ent r="100" t="182" w="7" /><ent r="3" t="182" w="13" /><ent r="3" t="182" w="166" /><ent r="5" t="182" w="181" /><ent r="3" t="183" w="29" /><ent r="64" t="184" w="348" /><ent r="1000" t="187" w="3" /><ent r="100" t="187" w="9" /><ent r="102" t="187" w="20" /><ent r="3" t="187" w="57" /><ent r="3" t="187" w="75" /><ent r="3" t="187" w="82" /><ent r="4" t="187" w="111" /><ent r="3" t="187" w="135" /><ent r="3" t="187" w="144" /><ent r="64" t="187" w="187" /><ent r="92" t="187" w="670" /><ent r="4" t="187" w="675" /><ent r="5" t="187" w="708" /><ent r="4" t="187" w="714" /><ent r="4" t="187" w="720" /><ent r="4" t="187" w="727" /><ent r="3" t="187" w="735" /><ent r="3" t="187" w="753" /><ent r="4" t="187" w="764" /><ent r="4" t="187" w="765" /><ent r="4" t="187" w="777" /><ent r="4" t="187" w="796" /><ent r="92" t="187" w="843" /><ent r="3" t="187" w="856" /><ent r="5" t="187" w="874" /><ent r="4" t="187" w="879" /><ent r="4" t="187" w="883" /><ent r="4" t="187" w="889" /><ent r="4" t="187" w="904" /><ent r="4" t="187" w="907" /><ent r="5" t="187" w="925" /><ent r="4" t="187" w="940" /><ent r="4" t="187" w="947" /><ent r="4" t="187" w="977" /><ent r="4" t="187" w="983" /><ent r="5" t="187" w="1261" /><ent r="64" t="188" w="150" /><ent r="4" t="188" w="1047" /><ent r="4" t="188" w="1063" /><ent r="92" t="188" w="1087" /><ent r="3" t="188" w="1102" /><ent r="3" t="188" w="1110" /><ent r="4" t="188" w="1162" /><ent r="4" t="188" w="1182" /><ent r="4" t="188" w="1186" /><ent r="4" t="188" w="1276" /><ent r="4" t="190" w="61" /><ent r="64" t="190" w="378" /><ent r="92" t="190" w="757" /><ent r="3" t="190" w="779" /><ent r="3" t="190" w="786" /><ent r="5" t="190" w="822" /><ent r="4" t="190" w="827" /><ent r="4" t="190" w="833" /><ent r="4" t="190" w="873" /><ent r="4" t="190" w="883" /><ent r="4" t="190" w="893" /><ent r="5" t="190" w="1088" /><ent r="3" t="190" w="1259" /></phr><phr n="AOIs"><ent r="7" t="8" w="178" /><ent r="7" t="8" w="183" /><ent r="68" t="8" w="186" /><ent r="64" t="38" w="43" /><ent r="3" t="59" w="122" /><ent r="3" t="59" w="277" /><ent r="1000" t="61" w="2" /><ent r="100" t="61" w="5" /><ent r="102" t="61" w="11" /><ent r="4" t="61" w="15" /><ent r="4" t="61" w="24" /><ent r="3" t="61" w="28" /><ent r="4" t="61" w="39" /><ent r="4" t="61" w="53" /><ent r="4" t="61" w="72" /><ent r="3" t="61" w="103" /><ent r="3" t="61" w="120" /><ent r="3" t="103" w="38" /><ent r="3" t="151" w="30" /><ent r="4" t="172" w="113" /><ent r="4" t="172" w="130" /><ent r="3" t="182" w="23" /><ent r="3" t="187" w="118" /><ent r="3" t="187" w="129" /><ent r="3" t="187" w="147" /><ent r="3" t="187" w="151" /><ent r="3" t="187" w="1571" /><ent r="3" t="190" w="760" /><ent r="3" t="190" w="767" /><ent r="3" t="190" w="1225" /><ent r="3" t="190" w="1246" /><ent r="4" t="192" w="206" /></phr><phr n="aoi"><ent r="4" t="22" w="202" /></phr></stem><stem n="geo"><phr n="Geo"><ent r="3" t="4" w="100" /><ent r="64" t="4" w="235" /><ent r="1000" t="9" w="1" /><ent r="100" t="9" w="4" /><ent r="100" t="9" w="8" /><ent r="102" t="9" w="10" /><ent r="7" t="9" w="24" /><ent r="64" t="75" w="75" /><ent r="65" t="76" w="59" /><ent r="5" t="110" w="352" /><ent r="65" t="111" w="321" /><ent r="4" t="111" w="326" /><ent r="65" t="112" w="97" /><ent r="5" t="112" w="105" /><ent r="3" t="112" w="114" /><ent r="3" t="112" w="241" /><ent r="65" t="186" w="462" /><ent r="4" t="186" w="843" /><ent r="5" t="186" w="855" /><ent r="4" t="186" w="860" /><ent r="5" t="186" w="865" /><ent r="3" t="186" w="1144" /><ent r="3" t="186" w="1368" /><ent r="4" t="186" w="1754" /><ent r="5" t="186" w="1760" /><ent r="4" t="186" w="1859" /><ent r="5" t="186" w="1864" /><ent r="5" t="186" w="2319" /><ent r="4" t="186" w="2326" /><ent r="5" t="186" w="3205" /><ent r="64" t="188" w="147" /><ent r="64" t="189" w="385" /><ent r="64" t="190" w="375" /><ent r="4" t="193" w="1689" /></phr><phr n="geo"><ent r="4" t="110" w="358" /><ent r="4" t="110" w="368" /><ent r="3" t="113" w="24" /><ent r="3" t="113" w="47" /><ent r="3" t="185" w="768" /></phr></stem></index>