﻿<?xml version="1.0" encoding="utf-8"?><index><stem n="text"><phr n="text"><ent r="3" t="1" w="250" /><ent r="3" t="4" w="48" /><ent r="7" t="8" w="239" /><ent r="7" t="11" w="208" /><ent r="7" t="11" w="222" /><ent r="7" t="11" w="234" /><ent r="7" t="11" w="245" /><ent r="7" t="11" w="256" /><ent r="7" t="11" w="270" /><ent r="7" t="14" w="353" /><ent r="7" t="14" w="373" /><ent r="7" t="14" w="410" /><ent r="7" t="14" w="480" /><ent r="4" t="25" w="242" /><ent r="4" t="27" w="77" /><ent r="3" t="33" w="95" /><ent r="3" t="64" w="44" /><ent r="3" t="66" w="146" /><ent r="100" t="68" w="7" /><ent r="3" t="68" w="25" /><ent r="4" t="68" w="94" /><ent r="4" t="68" w="107" /><ent r="4" t="68" w="113" /><ent r="4" t="68" w="120" /><ent r="3" t="68" w="130" /><ent r="4" t="68" w="135" /><ent r="4" t="68" w="143" /><ent r="4" t="68" w="154" /><ent r="4" t="68" w="176" /><ent r="4" t="68" w="223" /><ent r="3" t="68" w="260" /><ent r="4" t="68" w="269" /><ent r="100" t="69" w="17" /><ent r="3" t="69" w="39" /><ent r="3" t="82" w="190" /><ent r="3" t="102" w="41" /><ent r="4" t="150" w="189" /><ent r="4" t="154" w="188" /><ent r="4" t="159" w="647" /><ent r="4" t="160" w="635" /><ent r="4" t="161" w="634" /><ent r="3" t="161" w="805" /><ent r="4" t="161" w="852" /><ent r="4" t="161" w="867" /><ent r="3" t="163" w="183" /><ent r="3" t="173" w="628" /><ent r="3" t="185" w="1585" /><ent r="3" t="186" w="2953" /><ent r="3" t="186" w="2962" /><ent r="3" t="186" w="2976" /><ent r="3" t="186" w="2984" /><ent r="4" t="186" w="2997" /><ent r="4" t="186" w="3018" /><ent r="3" t="186" w="3161" /><ent r="3" t="189" w="1024" /><ent r="4" t="190" w="1027" /><ent r="3" t="192" w="612" /><ent r="3" t="192" w="652" /><ent r="3" t="192" w="1160" /><ent r="3" t="192" w="1176" /><ent r="3" t="196" w="28" /><ent r="7" t="198" w="180" /><ent r="5" t="198" w="261" /><ent r="3" t="202" w="27" /><ent r="7" t="202" w="480" /><ent r="3" t="207" w="260" /><ent r="4" t="216" w="768" /><ent r="3" t="221" w="75" /><ent r="3" t="221" w="82" /><ent r="6" t="227" w="261" /><ent r="6" t="227" w="560" /><ent r="6" t="227" w="593" /><ent r="6" t="227" w="596" /><ent r="3" t="236" w="260" /><ent r="3" t="236" w="267" /><ent r="4" t="236" w="570" /><ent r="3" t="236" w="654" /><ent r="3" t="237" w="35" /><ent r="6" t="242" w="41" /><ent r="5" t="242" w="54" /><ent r="6" t="242" w="67" /><ent r="6" t="242" w="79" /><ent r="6" t="242" w="92" /><ent r="6" t="242" w="104" /><ent r="6" t="242" w="117" /><ent r="6" t="242" w="129" /><ent r="6" t="242" w="142" /><ent r="5" t="242" w="155" /><ent r="5" t="242" w="167" /><ent r="5" t="242" w="179" /><ent r="5" t="242" w="192" /><ent r="6" t="242" w="204" /><ent r="6" t="242" w="216" /><ent r="6" t="242" w="239" /><ent r="6" t="242" w="248" /><ent r="6" t="242" w="396" /><ent r="5" t="242" w="415" /><ent r="6" t="242" w="434" /><ent r="6" t="242" w="452" /><ent r="6" t="242" w="471" /><ent r="6" t="242" w="489" /><ent r="6" t="242" w="508" /><ent r="6" t="242" w="526" /><ent r="6" t="242" w="545" /><ent r="5" t="242" w="564" /><ent r="5" t="242" w="582" /><ent r="5" t="242" w="600" /><ent r="5" t="242" w="619" /><ent r="6" t="242" w="637" /><ent r="6" t="242" w="655" /><ent r="6" t="242" w="673" /><ent r="6" t="242" w="679" /><ent r="6" t="242" w="691" /><ent r="6" t="242" w="706" /></phr><phr n="Text"><ent r="64" t="11" w="85" /><ent r="68" t="11" w="214" /><ent r="68" t="11" w="229" /><ent r="68" t="11" w="240" /><ent r="68" t="11" w="251" /><ent r="68" t="11" w="261" /><ent r="68" t="11" w="276" /><ent r="5" t="20" w="512" /><ent r="65" t="20" w="534" /><ent r="5" t="25" w="230" /><ent r="64" t="64" w="101" /><ent r="64" t="66" w="306" /><ent r="1000" t="68" w="4" /><ent r="102" t="68" w="14" /><ent r="100" t="68" w="18" /><ent r="64" t="68" w="61" /><ent r="3" t="68" w="68" /><ent r="4" t="68" w="235" /><ent r="1000" t="69" w="5" /><ent r="102" t="69" w="11" /><ent r="100" t="69" w="20" /><ent r="3" t="78" w="152" /><ent r="4" t="82" w="182" /><ent r="5" t="150" w="181" /><ent r="5" t="154" w="180" /><ent r="4" t="161" w="831" /><ent r="4" t="161" w="860" /><ent r="92" t="163" w="171" /><ent r="3" t="163" w="175" /><ent r="92" t="163" w="188" /><ent r="4" t="186" w="2938" /><ent r="4" t="186" w="3009" /><ent r="3" t="192" w="586" /><ent r="3" t="192" w="595" /><ent r="3" t="192" w="645" /><ent r="5" t="192" w="738" /><ent r="4" t="192" w="759" /><ent r="4" t="192" w="774" /><ent r="4" t="192" w="1147" /><ent r="68" t="198" w="187" /><ent r="64" t="221" w="222" /><ent r="6" t="227" w="151" /><ent r="6" t="227" w="201" /><ent r="6" t="227" w="243" /><ent r="6" t="227" w="271" /><ent r="6" t="227" w="274" /><ent r="6" t="227" w="305" /><ent r="6" t="227" w="373" /><ent r="6" t="227" w="415" /><ent r="6" t="227" w="454" /><ent r="6" t="227" w="489" /><ent r="6" t="227" w="535" /><ent r="6" t="227" w="552" /><ent r="6" t="227" w="574" /><ent r="6" t="227" w="583" /><ent r="6" t="227" w="585" /><ent r="6" t="227" w="599" /><ent r="6" t="227" w="602" /><ent r="1000" t="237" w="2" /><ent r="102" t="237" w="9" /><ent r="3" t="237" w="17" /><ent r="6" t="242" w="242" /><ent r="6" t="242" w="254" /><ent r="6" t="242" w="275" /><ent r="6" t="242" w="694" /><ent r="6" t="242" w="712" /></phr></stem><stem n="’s"><phr n="’s"><ent r="3" t="1" w="254" /><ent r="3" t="4" w="52" /><ent r="3" t="20" w="28" /><ent r="4" t="86" w="85" /><ent r="4" t="86" w="168" /><ent r="4" t="86" w="268" /><ent r="4" t="120" w="90" /><ent r="4" t="120" w="100" /><ent r="3" t="120" w="249" /><ent r="3" t="122" w="185" /><ent r="3" t="126" w="346" /><ent r="3" t="128" w="918" /><ent r="3" t="132" w="289" /><ent r="3" t="159" w="686" /><ent r="3" t="160" w="674" /><ent r="3" t="161" w="673" /><ent r="3" t="186" w="303" /><ent r="4" t="186" w="2510" /><ent r="3" t="189" w="156" /><ent r="3" t="189" w="1036" /><ent r="3" t="189" w="1040" /><ent r="3" t="190" w="146" /><ent r="7" t="202" w="472" /><ent r="3" t="216" w="812" /><ent r="6" t="227" w="86" /><ent r="6" t="227" w="117" /><ent r="6" t="227" w="327" /><ent r="3" t="234" w="372" /></phr></stem><stem n="s"><phr n="s"><ent r="3" t="1" w="254" /><ent r="3" t="4" w="52" /><ent r="4" t="17" w="107" /><ent r="3" t="20" w="28" /><ent r="3" t="38" w="111" /><ent r="3" t="49" w="428" /><ent r="3" t="49" w="436" /><ent r="4" t="71" w="114" /><ent r="4" t="86" w="85" /><ent r="4" t="86" w="168" /><ent r="4" t="86" w="268" /><ent r="3" t="97" w="291" /><ent r="4" t="100" w="76" /><ent r="4" t="105" w="177" /><ent r="4" t="105" w="225" /><ent r="4" t="110" w="465" /><ent r="7" t="119" w="80" /><ent r="7" t="119" w="119" /><ent r="7" t="119" w="153" /><ent r="5" t="119" w="229" /><ent r="4" t="120" w="90" /><ent r="4" t="120" w="100" /><ent r="3" t="120" w="249" /><ent r="3" t="122" w="185" /><ent r="3" t="125" w="193" /><ent r="3" t="126" w="346" /><ent r="3" t="128" w="555" /><ent r="3" t="128" w="918" /><ent r="4" t="129" w="278" /><ent r="3" t="132" w="289" /><ent r="3" t="159" w="686" /><ent r="3" t="160" w="674" /><ent r="3" t="160" w="949" /><ent r="3" t="161" w="673" /><ent r="6" t="173" w="521" /><ent r="6" t="173" w="528" /><ent r="4" t="183" w="105" /><ent r="3" t="186" w="303" /><ent r="4" t="186" w="1606" /><ent r="4" t="186" w="2510" /><ent r="3" t="186" w="2740" /><ent r="4" t="186" w="3027" /><ent r="4" t="188" w="1025" /><ent r="3" t="189" w="156" /><ent r="3" t="189" w="690" /><ent r="3" t="189" w="1036" /><ent r="3" t="189" w="1040" /><ent r="3" t="190" w="146" /><ent r="5" t="190" w="654" /><ent r="3" t="191" w="369" /><ent r="3" t="193" w="1314" /><ent r="3" t="193" w="1335" /><ent r="3" t="194" w="1165" /><ent r="3" t="194" w="1186" /><ent r="5" t="202" w="58" /><ent r="7" t="202" w="472" /><ent r="3" t="216" w="812" /><ent r="5" t="224" w="69" /><ent r="6" t="227" w="86" /><ent r="6" t="227" w="117" /><ent r="6" t="227" w="327" /><ent r="3" t="228" w="8" /><ent r="3" t="234" w="372" /><ent r="7" t="239" w="70" /><ent r="7" t="239" w="109" /><ent r="7" t="239" w="144" /><ent r="5" t="241" w="120" /></phr><phr n="S"><ent r="5" t="30" w="27" /><ent r="4" t="102" w="163" /><ent r="4" t="123" w="46" /><ent r="4" t="145" w="211" /><ent r="5" t="224" w="185" /><ent r="7" t="240" w="157" /></phr></stem><stem n="layer"><phr n="layer"><ent r="3" t="1" w="256" /><ent r="3" t="4" w="54" /><ent r="3" t="4" w="79" /><ent r="3" t="4" w="95" /><ent r="7" t="5" w="86" /><ent r="7" t="5" w="122" /><ent r="7" t="5" w="150" /><ent r="7" t="5" w="159" /><ent r="7" t="5" w="179" /><ent r="7" t="5" w="225" /><ent r="5" t="6" w="157" /><ent r="5" t="6" w="171" /><ent r="7" t="6" w="186" /><ent r="5" t="7" w="265" /><ent r="3" t="8" w="26" /><ent r="3" t="8" w="31" /><ent r="7" t="8" w="132" /><ent r="7" t="8" w="141" /><ent r="6" t="9" w="52" /><ent r="4" t="10" w="22" /><ent r="4" t="10" w="44" /><ent r="7" t="10" w="121" /><ent r="4" t="11" w="25" /><ent r="4" t="11" w="30" /><ent r="6" t="11" w="117" /><ent r="6" t="11" w="124" /><ent r="7" t="12" w="58" /><ent r="6" t="12" w="80" /><ent r="4" t="20" w="100" /><ent r="4" t="20" w="397" /><ent r="4" t="20" w="419" /><ent r="4" t="21" w="289" /><ent r="4" t="21" w="299" /><ent r="100" t="26" w="4" /><ent r="100" t="26" w="8" /><ent r="3" t="26" w="22" /><ent r="4" t="26" w="35" /><ent r="4" t="26" w="67" /><ent r="4" t="26" w="96" /><ent r="4" t="30" w="42" /><ent r="3" t="38" w="172" /><ent r="64" t="42" w="23" /><ent r="3" t="44" w="24" /><ent r="4" t="45" w="174" /><ent r="4" t="45" w="294" /><ent r="4" t="49" w="188" /><ent r="4" t="49" w="190" /><ent r="4" t="49" w="203" /><ent r="4" t="49" w="207" /><ent r="100" t="54" w="5" /><ent r="3" t="54" w="33" /><ent r="4" t="54" w="57" /><ent r="4" t="54" w="64" /><ent r="4" t="54" w="69" /><ent r="4" t="54" w="74" /><ent r="4" t="54" w="116" /><ent r="4" t="54" w="124" /><ent r="4" t="54" w="133" /><ent r="4" t="54" w="137" /><ent r="4" t="54" w="142" /><ent r="4" t="54" w="149" /><ent r="4" t="54" w="156" /><ent r="4" t="54" w="182" /><ent r="4" t="54" w="191" /><ent r="4" t="54" w="198" /><ent r="4" t="54" w="211" /><ent r="4" t="54" w="217" /><ent r="100" t="55" w="11" /><ent r="100" t="55" w="13" /><ent r="3" t="55" w="19" /><ent r="4" t="55" w="33" /><ent r="4" t="55" w="56" /><ent r="4" t="55" w="63" /><ent r="4" t="55" w="65" /><ent r="4" t="55" w="81" /><ent r="100" t="56" w="13" /><ent r="100" t="56" w="15" /><ent r="3" t="56" w="23" /><ent r="4" t="56" w="46" /><ent r="4" t="56" w="74" /><ent r="4" t="56" w="99" /><ent r="4" t="56" w="106" /><ent r="3" t="56" w="110" /><ent r="3" t="56" w="123" /><ent r="3" t="57" w="24" /><ent r="3" t="57" w="34" /><ent r="3" t="57" w="38" /><ent r="3" t="57" w="50" /><ent r="3" t="58" w="26" /><ent r="4" t="58" w="37" /><ent r="4" t="58" w="47" /><ent r="4" t="58" w="55" /><ent r="4" t="58" w="64" /><ent r="3" t="58" w="74" /><ent r="3" t="58" w="84" /><ent r="3" t="58" w="91" /><ent r="3" t="58" w="109" /><ent r="100" t="59" w="3" /><ent r="100" t="59" w="117" /><ent r="3" t="59" w="130" /><ent r="3" t="59" w="135" /><ent r="3" t="59" w="147" /><ent r="4" t="59" w="167" /><ent r="4" t="59" w="192" /><ent r="4" t="59" w="219" /><ent r="100" t="63" w="6" /><ent r="100" t="63" w="11" /><ent r="4" t="63" w="54" /><ent r="3" t="63" w="155" /><ent r="3" t="63" w="160" /><ent r="100" t="64" w="5" /><ent r="100" t="64" w="7" /><ent r="3" t="64" w="15" /><ent r="3" t="64" w="55" /><ent r="3" t="64" w="60" /><ent r="3" t="64" w="76" /><ent r="3" t="65" w="35" /><ent r="5" t="65" w="46" /><ent r="4" t="66" w="23" /><ent r="3" t="67" w="33" /><ent r="4" t="67" w="91" /><ent r="3" t="68" w="31" /><ent r="3" t="70" w="27" /><ent r="3" t="70" w="154" /><ent r="100" t="72" w="7" /><ent r="100" t="72" w="10" /><ent r="64" t="72" w="24" /><ent r="3" t="72" w="39" /><ent r="3" t="72" w="52" /><ent r="4" t="72" w="85" /><ent r="3" t="72" w="104" /><ent r="3" t="72" w="119" /><ent r="65" t="73" w="58" /><ent r="3" t="78" w="167" /><ent r="3" t="78" w="214" /><ent r="3" t="84" w="27" /><ent r="4" t="87" w="57" /><ent r="4" t="87" w="70" /><ent r="3" t="88" w="92" /><ent r="3" t="88" w="142" /><ent r="3" t="88" w="158" /><ent r="3" t="88" w="214" /><ent r="3" t="90" w="36" /><ent r="3" t="90" w="49" /><ent r="4" t="90" w="75" /><ent r="3" t="90" w="220" /><ent r="3" t="90" w="232" /><ent r="3" t="90" w="236" /><ent r="3" t="91" w="82" /><ent r="3" t="91" w="95" /><ent r="5" t="91" w="401" /><ent r="6" t="91" w="433" /><ent r="6" t="91" w="505" /><ent r="4" t="92" w="102" /><ent r="4" t="92" w="109" /><ent r="4" t="92" w="192" /><ent r="4" t="92" w="299" /><ent r="4" t="93" w="63" /><ent r="4" t="93" w="76" /><ent r="3" t="94" w="107" /><ent r="3" t="94" w="120" /><ent r="4" t="95" w="47" /><ent r="4" t="95" w="60" /><ent r="3" t="96" w="28" /><ent r="5" t="96" w="64" /><ent r="4" t="96" w="142" /><ent r="5" t="96" w="186" /><ent r="5" t="97" w="64" /><ent r="4" t="98" w="46" /><ent r="4" t="98" w="59" /><ent r="4" t="100" w="35" /><ent r="3" t="102" w="73" /><ent r="3" t="102" w="75" /><ent r="4" t="110" w="380" /><ent r="5" t="110" w="397" /><ent r="4" t="110" w="415" /><ent r="5" t="110" w="422" /><ent r="4" t="110" w="434" /><ent r="4" t="111" w="543" /><ent r="4" t="111" w="550" /><ent r="3" t="128" w="652" /><ent r="3" t="133" w="62" /><ent r="3" t="133" w="66" /><ent r="3" t="133" w="70" /><ent r="3" t="133" w="91" /><ent r="3" t="136" w="27" /><ent r="3" t="137" w="24" /><ent r="3" t="137" w="38" /><ent r="3" t="137" w="53" /><ent r="3" t="138" w="28" /><ent r="3" t="140" w="169" /><ent r="4" t="148" w="103" /><ent r="3" t="148" w="111" /><ent r="4" t="148" w="125" /><ent r="3" t="148" w="133" /><ent r="4" t="148" w="387" /><ent r="3" t="148" w="393" /><ent r="100" t="151" w="10" /><ent r="100" t="151" w="15" /><ent r="4" t="151" w="72" /><ent r="3" t="151" w="183" /><ent r="3" t="151" w="207" /><ent r="3" t="151" w="222" /><ent r="4" t="151" w="245" /><ent r="4" t="152" w="85" /><ent r="100" t="153" w="13" /><ent r="3" t="153" w="34" /><ent r="4" t="153" w="80" /><ent r="100" t="155" w="10" /><ent r="3" t="155" w="29" /><ent r="4" t="155" w="71" /><ent r="100" t="156" w="10" /><ent r="3" t="156" w="26" /><ent r="4" t="156" w="68" /><ent r="5" t="156" w="684" /><ent r="5" t="156" w="1119" /><ent r="100" t="157" w="10" /><ent r="3" t="157" w="26" /><ent r="4" t="157" w="68" /><ent r="3" t="157" w="217" /><ent r="3" t="157" w="240" /><ent r="3" t="157" w="255" /><ent r="4" t="158" w="79" /><ent r="3" t="158" w="191" /><ent r="3" t="158" w="216" /><ent r="3" t="158" w="231" /><ent r="3" t="161" w="65" /><ent r="3" t="161" w="69" /><ent r="3" t="161" w="887" /><ent r="3" t="161" w="900" /><ent r="100" t="164" w="6" /><ent r="100" t="164" w="11" /><ent r="3" t="164" w="33" /><ent r="4" t="164" w="87" /><ent r="3" t="164" w="158" /><ent r="100" t="165" w="6" /><ent r="100" t="165" w="11" /><ent r="3" t="165" w="32" /><ent r="4" t="165" w="76" /><ent r="100" t="166" w="14" /><ent r="3" t="166" w="38" /><ent r="4" t="166" w="68" /><ent r="4" t="166" w="82" /><ent r="3" t="166" w="256" /><ent r="4" t="167" w="84" /><ent r="3" t="168" w="19" /><ent r="3" t="168" w="49" /><ent r="5" t="168" w="716" /><ent r="3" t="174" w="246" /><ent r="3" t="175" w="92" /><ent r="3" t="175" w="106" /><ent r="3" t="179" w="75" /><ent r="3" t="179" w="84" /><ent r="4" t="180" w="93" /><ent r="5" t="183" w="95" /><ent r="4" t="183" w="103" /><ent r="3" t="183" w="159" /><ent r="3" t="185" w="1279" /><ent r="3" t="185" w="1284" /><ent r="3" t="185" w="1298" /><ent r="100" t="186" w="15" /><ent r="4" t="186" w="120" /><ent r="3" t="186" w="396" /><ent r="5" t="186" w="1035" /><ent r="4" t="186" w="1041" /><ent r="5" t="186" w="1789" /><ent r="5" t="186" w="1801" /><ent r="5" t="186" w="1876" /><ent r="4" t="186" w="2354" /><ent r="3" t="186" w="2719" /><ent r="3" t="186" w="2727" /><ent r="3" t="186" w="2735" /><ent r="3" t="186" w="2739" /><ent r="4" t="186" w="2817" /><ent r="4" t="186" w="3080" /><ent r="4" t="187" w="778" /><ent r="4" t="187" w="880" /><ent r="4" t="187" w="995" /><ent r="5" t="188" w="391" /><ent r="4" t="188" w="1163" /><ent r="4" t="188" w="1175" /><ent r="5" t="189" w="629" /><ent r="3" t="189" w="945" /><ent r="5" t="190" w="618" /><ent r="4" t="190" w="875" /><ent r="4" t="190" w="885" /><ent r="3" t="190" w="1229" /><ent r="3" t="190" w="1240" /><ent r="3" t="190" w="1251" /><ent r="4" t="192" w="114" /><ent r="4" t="192" w="118" /><ent r="4" t="192" w="121" /><ent r="4" t="192" w="133" /><ent r="4" t="192" w="145" /></phr><phr n="Layer"><ent r="64" t="4" w="108" /><ent r="68" t="5" w="95" /><ent r="68" t="5" w="131" /><ent r="68" t="5" w="168" /><ent r="5" t="6" w="165" /><ent r="66" t="6" w="176" /><ent r="64" t="8" w="39" /><ent r="64" t="8" w="45" /><ent r="7" t="8" w="116" /><ent r="64" t="11" w="38" /><ent r="64" t="11" w="44" /><ent r="7" t="13" w="87" /><ent r="6" t="13" w="96" /><ent r="64" t="15" w="39" /><ent r="5" t="20" w="336" /><ent r="5" t="20" w="386" /><ent r="5" t="20" w="408" /><ent r="5" t="20" w="446" /><ent r="5" t="21" w="281" /><ent r="1000" t="26" w="1" /><ent r="102" t="26" w="10" /><ent r="5" t="26" w="26" /><ent r="5" t="26" w="58" /><ent r="6" t="39" w="109" /><ent r="67" t="39" w="116" /><ent r="3" t="54" w="41" /><ent r="4" t="54" w="45" /><ent r="65" t="54" w="79" /><ent r="4" t="54" w="106" /><ent r="64" t="54" w="232" /><ent r="1000" t="55" w="3" /><ent r="102" t="55" w="7" /><ent r="4" t="55" w="43" /><ent r="64" t="55" w="99" /><ent r="1000" t="56" w="4" /><ent r="102" t="56" w="9" /><ent r="5" t="56" w="62" /><ent r="4" t="56" w="67" /><ent r="64" t="56" w="139" /><ent r="1000" t="57" w="1" /><ent r="102" t="57" w="5" /><ent r="3" t="57" w="10" /><ent r="3" t="57" w="44" /><ent r="64" t="59" w="140" /><ent r="5" t="59" w="178" /><ent r="64" t="59" w="305" /><ent r="64" t="59" w="309" /><ent r="64" t="60" w="47" /><ent r="1000" t="63" w="2" /><ent r="102" t="63" w="14" /><ent r="3" t="63" w="20" /><ent r="4" t="63" w="37" /><ent r="4" t="63" w="61" /><ent r="1000" t="64" w="2" /><ent r="102" t="64" w="11" /><ent r="64" t="64" w="65" /><ent r="64" t="64" w="86" /><ent r="64" t="64" w="109" /><ent r="64" t="64" w="113" /><ent r="66" t="65" w="53" /><ent r="3" t="65" w="222" /><ent r="3" t="65" w="243" /><ent r="64" t="65" w="248" /><ent r="65" t="66" w="30" /><ent r="64" t="67" w="141" /><ent r="64" t="68" w="38" /><ent r="64" t="70" w="163" /><ent r="1000" t="72" w="3" /><ent r="102" t="72" w="15" /><ent r="3" t="72" w="19" /><ent r="5" t="72" w="72" /><ent r="64" t="74" w="68" /><ent r="64" t="75" w="311" /><ent r="64" t="90" w="241" /><ent r="4" t="93" w="163" /><ent r="3" t="128" w="635" /><ent r="3" t="128" w="718" /><ent r="64" t="133" w="83" /><ent r="3" t="134" w="203" /><ent r="64" t="140" w="180" /><ent r="64" t="149" w="26" /><ent r="64" t="149" w="30" /><ent r="64" t="149" w="34" /><ent r="64" t="149" w="39" /><ent r="64" t="149" w="43" /><ent r="64" t="149" w="47" /><ent r="64" t="149" w="51" /><ent r="64" t="149" w="55" /><ent r="64" t="149" w="60" /><ent r="1000" t="150" w="2" /><ent r="102" t="150" w="6" /><ent r="100" t="150" w="10" /><ent r="100" t="150" w="15" /><ent r="3" t="150" w="19" /><ent r="4" t="150" w="72" /><ent r="1000" t="151" w="2" /><ent r="102" t="151" w="6" /><ent r="3" t="151" w="19" /><ent r="1000" t="152" w="2" /><ent r="102" t="152" w="6" /><ent r="100" t="152" w="10" /><ent r="100" t="152" w="15" /><ent r="3" t="152" w="19" /><ent r="1000" t="153" w="3" /><ent r="102" t="153" w="8" /><ent r="3" t="153" w="19" /><ent r="1000" t="154" w="2" /><ent r="100" t="154" w="6" /><ent r="100" t="154" w="11" /><ent r="102" t="154" w="14" /><ent r="3" t="154" w="19" /><ent r="4" t="154" w="75" /><ent r="1000" t="155" w="2" /><ent r="102" t="155" w="6" /><ent r="3" t="155" w="15" /><ent r="1000" t="156" w="2" /><ent r="102" t="156" w="6" /><ent r="3" t="156" w="16" /><ent r="1000" t="157" w="2" /><ent r="102" t="157" w="6" /><ent r="3" t="157" w="16" /><ent r="1000" t="158" w="3" /><ent r="102" t="158" w="8" /><ent r="100" t="158" w="13" /><ent r="100" t="158" w="19" /><ent r="3" t="158" w="24" /><ent r="3" t="158" w="242" /><ent r="4" t="161" w="55" /><ent r="4" t="161" w="58" /><ent r="92" t="161" w="790" /><ent r="3" t="161" w="794" /><ent r="4" t="161" w="812" /><ent r="92" t="161" w="874" /><ent r="3" t="161" w="878" /><ent r="64" t="161" w="904" /><ent r="3" t="161" w="912" /><ent r="64" t="161" w="922" /><ent r="1000" t="164" w="2" /><ent r="102" t="164" w="14" /><ent r="3" t="164" w="20" /><ent r="4" t="164" w="71" /><ent r="4" t="164" w="94" /><ent r="1000" t="165" w="2" /><ent r="102" t="165" w="14" /><ent r="3" t="165" w="19" /><ent r="3" t="165" w="41" /><ent r="3" t="165" w="53" /><ent r="4" t="165" w="60" /><ent r="4" t="165" w="83" /><ent r="1000" t="166" w="3" /><ent r="100" t="166" w="8" /><ent r="102" t="166" w="18" /><ent r="4" t="166" w="51" /><ent r="4" t="166" w="75" /><ent r="1000" t="167" w="3" /><ent r="100" t="167" w="8" /><ent r="100" t="167" w="14" /><ent r="102" t="167" w="18" /><ent r="3" t="167" w="25" /><ent r="4" t="167" w="67" /><ent r="4" t="167" w="91" /><ent r="1000" t="168" w="2" /><ent r="100" t="168" w="6" /><ent r="100" t="168" w="11" /><ent r="102" t="168" w="14" /><ent r="3" t="168" w="87" /><ent r="64" t="184" w="332" /><ent r="102" t="186" w="28" /><ent r="5" t="186" w="2809" /><ent r="5" t="187" w="707" /><ent r="5" t="187" w="873" /><ent r="5" t="190" w="821" /><ent r="4" t="190" w="898" /><ent r="5" t="192" w="569" /><ent r="4" t="192" w="992" /></phr><phr n="layers"><ent r="6" t="11" w="133" /><ent r="4" t="29" w="222" /><ent r="4" t="45" w="404" /><ent r="3" t="49" w="70" /><ent r="100" t="54" w="12" /><ent r="3" t="54" w="24" /><ent r="4" t="54" w="89" /><ent r="4" t="54" w="102" /><ent r="4" t="54" w="169" /><ent r="4" t="56" w="87" /><ent r="100" t="58" w="10" /><ent r="100" t="58" w="13" /><ent r="100" t="58" w="15" /><ent r="100" t="58" w="18" /><ent r="3" t="78" w="141" /><ent r="3" t="78" w="203" /><ent r="3" t="88" w="123" /><ent r="3" t="94" w="56" /><ent r="4" t="107" w="170" /><ent r="4" t="108" w="112" /><ent r="4" t="109" w="125" /><ent r="4" t="110" w="126" /><ent r="3" t="110" w="300" /><ent r="3" t="110" w="302" /><ent r="3" t="110" w="305" /><ent r="3" t="110" w="716" /><ent r="3" t="128" w="645" /><ent r="3" t="140" w="153" /><ent r="5" t="146" w="225" /><ent r="4" t="147" w="80" /><ent r="4" t="148" w="85" /><ent r="100" t="149" w="7" /><ent r="3" t="149" w="23" /><ent r="4" t="150" w="119" /><ent r="4" t="151" w="119" /><ent r="3" t="151" w="201" /><ent r="4" t="152" w="133" /><ent r="4" t="153" w="130" /><ent r="4" t="154" w="121" /><ent r="4" t="155" w="121" /><ent r="4" t="156" w="115" /><ent r="4" t="157" w="118" /><ent r="3" t="157" w="234" /><ent r="4" t="158" w="126" /><ent r="3" t="158" w="210" /><ent r="3" t="161" w="52" /><ent r="3" t="173" w="90" /><ent r="100" t="179" w="4" /><ent r="100" t="179" w="8" /><ent r="3" t="179" w="27" /><ent r="3" t="179" w="30" /><ent r="3" t="179" w="44" /><ent r="3" t="179" w="53" /><ent r="3" t="179" w="77" /><ent r="3" t="179" w="97" /><ent r="3" t="179" w="112" /><ent r="4" t="179" w="123" /><ent r="4" t="179" w="137" /><ent r="64" t="180" w="29" /><ent r="3" t="185" w="1290" /><ent r="3" t="186" w="370" /><ent r="3" t="186" w="379" /><ent r="3" t="186" w="381" /><ent r="3" t="186" w="386" /><ent r="3" t="186" w="389" /><ent r="3" t="186" w="404" /><ent r="4" t="188" w="1075" /><ent r="4" t="192" w="111" /><ent r="4" t="192" w="210" /><ent r="4" t="232" w="82" /><ent r="3" t="232" w="92" /></phr><phr n="Layers"><ent r="4" t="45" w="398" /><ent r="5" t="49" w="178" /><ent r="4" t="49" w="196" /><ent r="1000" t="54" w="3" /><ent r="102" t="54" w="10" /><ent r="5" t="54" w="83" /><ent r="64" t="54" w="236" /><ent r="64" t="55" w="94" /><ent r="64" t="55" w="103" /><ent r="64" t="56" w="135" /><ent r="1000" t="58" w="3" /><ent r="102" t="58" w="7" /><ent r="64" t="59" w="302" /><ent r="64" t="64" w="106" /><ent r="3" t="110" w="708" /><ent r="66" t="146" w="212" /><ent r="1000" t="149" w="1" /><ent r="102" t="149" w="4" /><ent r="3" t="149" w="11" /><ent r="4" t="150" w="113" /><ent r="4" t="151" w="113" /><ent r="4" t="152" w="127" /><ent r="5" t="153" w="123" /><ent r="4" t="154" w="115" /><ent r="5" t="155" w="114" /><ent r="4" t="156" w="109" /><ent r="5" t="157" w="111" /><ent r="4" t="158" w="120" /><ent r="64" t="177" w="325" /><ent r="65" t="178" w="299" /><ent r="64" t="178" w="306" /><ent r="1000" t="179" w="2" /><ent r="102" t="179" w="11" /><ent r="4" t="179" w="117" /><ent r="4" t="188" w="1061" /><ent r="4" t="188" w="1064" /></phr></stem><stem n="toggl"><phr n="toggled"><ent r="3" t="1" w="261" /><ent r="3" t="4" w="59" /><ent r="3" t="99" w="74" /></phr><phr n="toggle"><ent r="4" t="1" w="309" /><ent r="4" t="1" w="357" /><ent r="4" t="4" w="164" /><ent r="4" t="4" w="214" /><ent r="7" t="6" w="29" /><ent r="7" t="6" w="41" /><ent r="7" t="6" w="54" /><ent r="7" t="6" w="79" /><ent r="7" t="6" w="91" /><ent r="7" t="8" w="119" /><ent r="4" t="51" w="268" /><ent r="3" t="78" w="131" /><ent r="3" t="87" w="19" /><ent r="3" t="87" w="31" /><ent r="7" t="91" w="196" /><ent r="4" t="144" w="44" /><ent r="3" t="145" w="339" /><ent r="4" t="185" w="375" /><ent r="4" t="185" w="425" /><ent r="4" t="186" w="524" /><ent r="4" t="186" w="574" /><ent r="3" t="186" w="2717" /><ent r="4" t="186" w="3096" /><ent r="4" t="187" w="240" /><ent r="4" t="187" w="290" /><ent r="4" t="188" w="200" /><ent r="4" t="188" w="250" /><ent r="4" t="188" w="1537" /><ent r="4" t="189" w="438" /><ent r="4" t="189" w="488" /><ent r="4" t="190" w="427" /><ent r="4" t="190" w="477" /><ent r="4" t="192" w="351" /><ent r="4" t="192" w="401" /><ent r="3" t="193" w="351" /><ent r="4" t="194" w="260" /><ent r="4" t="194" w="310" /><ent r="4" t="209" w="130" /><ent r="4" t="210" w="62" /><ent r="4" t="211" w="79" /><ent r="4" t="212" w="91" /><ent r="4" t="213" w="135" /><ent r="4" t="214" w="64" /></phr><phr n="Toggles"><ent r="6" t="7" w="282" /><ent r="6" t="13" w="89" /><ent r="5" t="13" w="102" /><ent r="5" t="13" w="119" /><ent r="7" t="13" w="135" /><ent r="4" t="54" w="55" /><ent r="5" t="91" w="230" /><ent r="5" t="91" w="256" /><ent r="5" t="91" w="270" /><ent r="6" t="227" w="391" /><ent r="7" t="238" w="60" /><ent r="7" t="238" w="72" /></phr><phr n="Toggle"><ent r="7" t="8" w="68" /><ent r="7" t="8" w="171" /><ent r="5" t="181" w="232" /><ent r="5" t="188" w="1533" /><ent r="5" t="224" w="334" /></phr><phr n="toggles"><ent r="7" t="8" w="81" /><ent r="7" t="8" w="103" /><ent r="7" t="10" w="86" /><ent r="3" t="58" w="82" /><ent r="3" t="63" w="173" /><ent r="4" t="168" w="759" /></phr></stem></index>