<?xml version="1.0" encoding="utf-8"?><index><stem n="channel"><phr n="channel"><ent r="6" t="14" w="343" /><ent r="3" t="141" w="167" /><ent r="3" t="161" w="911" /><ent r="3" t="200" w="138" /><ent r="3" t="200" w="155" /><ent r="3" t="200" w="209" /><ent r="3" t="200" w="221" /><ent r="3" t="202" w="143" /><ent r="3" t="202" w="628" /><ent r="3" t="202" w="673" /><ent r="4" t="244" w="33" /><ent r="4" t="244" w="64" /></phr><phr n="channels"><ent r="5" t="92" w="616" /><ent r="5" t="169" w="278" /><ent r="3" t="200" w="128" /><ent r="4" t="244" w="36" /><ent r="3" t="244" w="77" /></phr><phr n="Channel"><ent r="3" t="200" w="73" /><ent r="3" t="202" w="620" /><ent r="5" t="244" w="56" /></phr><phr n="Channels"><ent r="4" t="244" w="69" /></phr></stem><stem n="increment"><phr n="increment"><ent r="6" t="14" w="345" /></phr><phr n="incrementally"><ent r="4" t="186" w="874" /><ent r="3" t="186" w="1794" /></phr></stem><stem n="small"><phr n="small"><ent r="6" t="14" w="351" /><ent r="3" t="21" w="195" /><ent r="3" t="48" w="28" /><ent r="3" t="49" w="15" /><ent r="4" t="67" w="96" /><ent r="4" t="160" w="456" /><ent r="4" t="161" w="429" /><ent r="4" t="162" w="426" /><ent r="4" t="183" w="59" /><ent r="4" t="183" w="122" /><ent r="3" t="186" w="1445" /><ent r="3" t="187" w="3085" /><ent r="4" t="190" w="842" /><ent r="4" t="193" w="1198" /><ent r="3" t="215" w="690" /><ent r="4" t="220" w="557" /></phr></stem><stem n="movi"><phr n="movie"><ent r="6" t="14" w="363" /><ent r="3" t="144" w="127" /><ent r="6" t="144" w="147" /><ent r="6" t="144" w="161" /><ent r="6" t="144" w="177" /><ent r="5" t="147" w="192" /><ent r="3" t="148" w="26" /><ent r="3" t="148" w="562" /><ent r="3" t="198" w="18" /><ent r="3" t="234" w="42" /></phr><phr n="Movie"><ent r="4" t="148" w="90" /><ent r="92" t="148" w="551" /></phr></stem><stem n="/y"><phr n="/y"><ent r="6" t="14" w="382" /><ent r="3" t="182" w="60" /><ent r="3" t="189" w="1386" /></phr></stem><stem n="x/y"><phr n="x/y"><ent r="6" t="14" w="382" /><ent r="6" t="14" w="381" /><ent r="3" t="182" w="60" /><ent r="3" t="182" w="59" /><ent r="3" t="189" w="1386" /><ent r="3" t="189" w="1385" /></phr></stem><stem n="yyyi"><phr n="yyyy"><ent r="6" t="14" w="417" /><ent r="7" t="14" w="425" /></phr><phr n="YYYY"><ent r="6" t="250" w="267" /></phr></stem><stem n="yyyy/mm"><phr n="yyyy/MM"><ent r="6" t="14" w="418" /><ent r="6" t="14" w="417" /></phr></stem><stem n="mm"><phr n="MM"><ent r="6" t="14" w="418" /><ent r="7" t="14" w="431" /><ent r="6" t="250" w="265" /><ent r="6" t="250" w="270" /></phr><phr n="mm"><ent r="6" t="14" w="421" /><ent r="7" t="14" w="449" /></phr></stem><stem n="/mm/dd"><phr n="/MM/dd"><ent r="6" t="14" w="419" /></phr></stem><stem n="yyyy/mm/dd"><phr n="yyyy/MM/dd"><ent r="6" t="14" w="419" /><ent r="6" t="14" w="417" /></phr></stem><stem n="dd"><phr n="dd"><ent r="6" t="14" w="419" /><ent r="7" t="14" w="437" /></phr><phr n="DD"><ent r="6" t="250" w="266" /></phr></stem><stem n="hh"><phr n="hh"><ent r="6" t="14" w="420" /><ent r="7" t="14" w="443" /></phr><phr n="HH"><ent r="6" t="250" w="269" /></phr></stem><stem n="hh.mm"><phr n="hh.mm"><ent r="6" t="14" w="421" /><ent r="6" t="14" w="420" /></phr></stem><stem n="hh.mm.ss"><phr n="hh.mm.ss"><ent r="6" t="14" w="422" /><ent r="6" t="14" w="420" /></phr></stem><stem n="ss"><phr n="ss"><ent r="6" t="14" w="422" /><ent r="7" t="14" w="455" /></phr><phr n="SS"><ent r="6" t="250" w="271" /></phr></stem><stem n=".mm.ss.zzzz"><phr n=".mm.ss.zzzZ"><ent r="6" t="14" w="423" /></phr></stem><stem n="hh.mm.ss.zzzz"><phr n="hh.mm.ss.zzzZ"><ent r="6" t="14" w="423" /><ent r="6" t="14" w="420" /></phr></stem><stem n="zzzz"><phr n="zzzZ"><ent r="6" t="14" w="423" /></phr></stem><stem n="year"><phr n="year"><ent r="6" t="14" w="429" /><ent r="4" t="160" w="577" /><ent r="4" t="160" w="622" /><ent r="4" t="161" w="550" /><ent r="4" t="161" w="595" /><ent r="4" t="162" w="547" /><ent r="4" t="162" w="592" /><ent r="4" t="220" w="677" /><ent r="4" t="220" w="722" /></phr></stem><stem n="month"><phr n="month"><ent r="6" t="14" w="435" /><ent r="4" t="160" w="574" /><ent r="4" t="160" w="619" /><ent r="4" t="161" w="547" /><ent r="4" t="161" w="592" /><ent r="4" t="162" w="544" /><ent r="4" t="162" w="589" /><ent r="3" t="189" w="54" /><ent r="4" t="220" w="674" /><ent r="4" t="220" w="719" /></phr></stem><stem n="dai"><phr n="day"><ent r="6" t="14" w="441" /></phr></stem><stem n="hour"><phr n="hour"><ent r="6" t="14" w="447" /></phr></stem><stem n="minut"><phr n="minute"><ent r="6" t="14" w="453" /><ent r="3" t="187" w="1574" /></phr><phr n="minutes"><ent r="3" t="78" w="117" /><ent r="3" t="82" w="60" /><ent r="4" t="83" w="688" /><ent r="3" t="154" w="165" /><ent r="4" t="187" w="1494" /><ent r="7" t="242" w="54" /><ent r="7" t="242" w="63" /><ent r="7" t="242" w="66" /><ent r="7" t="242" w="74" /></phr></stem><stem n="second"><phr n="second"><ent r="6" t="14" w="459" /><ent r="5" t="27" w="458" /><ent r="5" t="27" w="499" /><ent r="4" t="52" w="218" /><ent r="3" t="103" w="51" /><ent r="3" t="129" w="939" /><ent r="3" t="144" w="43" /><ent r="3" t="144" w="66" /><ent r="6" t="144" w="87" /><ent r="6" t="144" w="94" /><ent r="3" t="144" w="125" /><ent r="3" t="144" w="132" /><ent r="6" t="144" w="151" /><ent r="6" t="144" w="159" /><ent r="6" t="144" w="165" /><ent r="6" t="144" w="181" /><ent r="3" t="149" w="211" /><ent r="4" t="158" w="304" /><ent r="4" t="158" w="324" /><ent r="4" t="158" w="346" /><ent r="4" t="158" w="366" /><ent r="3" t="158" w="382" /><ent r="3" t="171" w="94" /><ent r="3" t="171" w="238" /><ent r="5" t="171" w="350" /><ent r="3" t="187" w="1576" /><ent r="4" t="189" w="1215" /><ent r="4" t="189" w="1456" /><ent r="4" t="201" w="104" /><ent r="4" t="201" w="129" /><ent r="4" t="201" w="195" /></phr><phr n="Second"><ent r="6" t="27" w="475" /><ent r="6" t="27" w="516" /><ent r="4" t="158" w="541" /><ent r="3" t="171" w="199" /><ent r="3" t="171" w="206" /><ent r="3" t="171" w="222" /><ent r="3" t="171" w="263" /><ent r="3" t="171" w="303" /><ent r="92" t="195" w="569" /></phr><phr n="seconds"><ent r="6" t="144" w="103" /><ent r="6" t="144" w="145" /><ent r="6" t="144" w="175" /><ent r="3" t="154" w="166" /><ent r="4" t="187" w="1496" /><ent r="7" t="242" w="67" /><ent r="7" t="242" w="77" /></phr></stem><stem n="zzz"><phr n="zzz"><ent r="7" t="14" w="461" /></phr></stem><stem n="millisecond"><phr n="millisecond"><ent r="6" t="14" w="465" /></phr></stem><stem n="zulu"><phr n="Zulu"><ent r="6" t="14" w="470" /></phr></stem><stem n=":aspam"><phr n=":ASPAM"><ent r="100" t="15" w="8" /><ent r="100" t="207" w="13" /></phr></stem><stem n="viewer"><phr n="Viewer"><ent r="64" t="15" w="22" /><ent r="8" t="129" w="421" /><ent r="1000" t="205" w="2" /><ent r="102" t="205" w="5" /><ent r="100" t="205" w="8" /><ent r="3" t="205" w="37" /><ent r="3" t="205" w="63" /><ent r="92" t="205" w="72" /><ent r="3" t="205" w="219" /><ent r="4" t="205" w="247" /><ent r="64" t="207" w="182" /></phr><phr n="viewer"><ent r="8" t="129" w="424" /><ent r="3" t="205" w="14" /></phr></stem><stem n="band"><phr n="Band"><ent r="64" t="16" w="21" /><ent r="64" t="16" w="24" /><ent r="4" t="27" w="308" /><ent r="4" t="27" w="313" /><ent r="6" t="51" w="358" /><ent r="6" t="51" w="391" /><ent r="6" t="51" w="396" /><ent r="68" t="92" w="340" /><ent r="5" t="92" w="620" /><ent r="66" t="92" w="633" /><ent r="1000" t="94" w="1" /><ent r="102" t="94" w="12" /><ent r="3" t="94" w="16" /><ent r="4" t="94" w="114" /><ent r="1000" t="96" w="2" /><ent r="100" t="96" w="5" /><ent r="102" t="96" w="8" /><ent r="5" t="96" w="70" /><ent r="4" t="96" w="104" /><ent r="3" t="96" w="133" /><ent r="3" t="96" w="136" /><ent r="3" t="173" w="93" /><ent r="1000" t="174" w="1" /><ent r="102" t="174" w="4" /><ent r="3" t="174" w="11" /><ent r="3" t="174" w="166" /><ent r="3" t="174" w="295" /><ent r="4" t="174" w="325" /><ent r="4" t="174" w="337" /><ent r="3" t="174" w="341" /><ent r="4" t="174" w="433" /><ent r="4" t="174" w="453" /><ent r="4" t="174" w="473" /><ent r="3" t="174" w="554" /><ent r="3" t="174" w="589" /><ent r="1000" t="175" w="1" /><ent r="102" t="175" w="7" /><ent r="3" t="175" w="11" /><ent r="3" t="175" w="59" /><ent r="5" t="175" w="73" /><ent r="3" t="175" w="78" /><ent r="3" t="175" w="109" /><ent r="3" t="175" w="235" /><ent r="64" t="185" w="328" /><ent r="4" t="186" w="1935" /><ent r="1000" t="187" w="5" /><ent r="102" t="187" w="24" /><ent r="4" t="187" w="226" /><ent r="92" t="187" w="1955" /><ent r="5" t="187" w="1992" /><ent r="3" t="187" w="1997" /><ent r="3" t="187" w="2015" /><ent r="4" t="187" w="2065" /><ent r="3" t="187" w="2082" /><ent r="4" t="187" w="2095" /><ent r="4" t="187" w="2129" /><ent r="4" t="187" w="2142" /><ent r="4" t="187" w="2545" /><ent r="4" t="187" w="2590" /><ent r="4" t="187" w="2604" /><ent r="4" t="187" w="2745" /><ent r="5" t="188" w="483" /><ent r="5" t="188" w="487" /><ent r="5" t="194" w="508" /><ent r="4" t="194" w="541" /><ent r="3" t="194" w="999" /><ent r="3" t="194" w="1026" /><ent r="3" t="194" w="1047" /><ent r="4" t="194" w="1110" /><ent r="7" t="194" w="1139" /><ent r="7" t="194" w="1175" /><ent r="3" t="194" w="1382" /><ent r="7" t="195" w="927" /><ent r="7" t="195" w="940" /><ent r="7" t="195" w="950" /><ent r="7" t="195" w="968" /><ent r="7" t="195" w="971" /><ent r="7" t="195" w="988" /><ent r="3" t="195" w="997" /><ent r="3" t="195" w="1231" /><ent r="3" t="200" w="187" /><ent r="3" t="200" w="193" /><ent r="3" t="200" w="197" /><ent r="3" t="200" w="206" /><ent r="3" t="200" w="211" /><ent r="3" t="200" w="218" /><ent r="3" t="200" w="223" /><ent r="1000" t="203" w="1" /><ent r="102" t="203" w="9" /><ent r="3" t="206" w="800" /><ent r="3" t="206" w="806" /><ent r="3" t="206" w="812" /><ent r="3" t="206" w="818" /><ent r="3" t="206" w="824" /><ent r="3" t="206" w="830" /><ent r="3" t="206" w="836" /><ent r="3" t="215" w="291" /><ent r="4" t="219" w="81" /><ent r="4" t="219" w="86" /><ent r="4" t="222" w="239" /><ent r="4" t="222" w="244" /><ent r="4" t="223" w="170" /><ent r="4" t="223" w="175" /><ent r="4" t="224" w="129" /><ent r="4" t="224" w="134" /><ent r="4" t="225" w="168" /><ent r="4" t="225" w="173" /><ent r="5" t="233" w="246" /><ent r="5" t="233" w="256" /></phr><phr n="bands"><ent r="3" t="27" w="213" /><ent r="4" t="27" w="258" /><ent r="3" t="51" w="279" /><ent r="4" t="94" w="154" /><ent r="4" t="94" w="191" /><ent r="3" t="95" w="46" /><ent r="3" t="96" w="145" /><ent r="3" t="101" w="113" /><ent r="3" t="141" w="20" /><ent r="3" t="169" w="244" /><ent r="4" t="169" w="288" /><ent r="3" t="171" w="22" /><ent r="3" t="171" w="33" /><ent r="3" t="171" w="89" /><ent r="3" t="171" w="538" /><ent r="3" t="173" w="82" /><ent r="4" t="173" w="147" /><ent r="3" t="174" w="24" /><ent r="3" t="174" w="44" /><ent r="3" t="174" w="201" /><ent r="3" t="174" w="217" /><ent r="4" t="174" w="419" /><ent r="3" t="175" w="137" /><ent r="4" t="175" w="151" /><ent r="3" t="186" w="212" /><ent r="4" t="186" w="1994" /><ent r="3" t="187" w="240" /><ent r="3" t="187" w="2007" /><ent r="4" t="188" w="94" /><ent r="4" t="188" w="439" /><ent r="4" t="188" w="444" /><ent r="3" t="188" w="502" /><ent r="4" t="188" w="1181" /><ent r="3" t="188" w="1429" /><ent r="4" t="188" w="1514" /><ent r="4" t="188" w="1525" /><ent r="3" t="188" w="1607" /><ent r="4" t="201" w="52" /><ent r="3" t="202" w="339" /><ent r="3" t="202" w="482" /><ent r="7" t="206" w="114" /><ent r="7" t="206" w="118" /><ent r="7" t="206" w="472" /><ent r="7" t="206" w="682" /><ent r="7" t="206" w="687" /><ent r="3" t="206" w="725" /><ent r="3" t="215" w="111" /><ent r="3" t="215" w="173" /><ent r="3" t="216" w="157" /><ent r="3" t="219" w="37" /><ent r="4" t="222" w="189" /><ent r="4" t="223" w="120" /><ent r="4" t="224" w="79" /><ent r="4" t="225" w="118" /></phr><phr n="Bands"><ent r="5" t="27" w="253" /><ent r="5" t="27" w="289" /><ent r="4" t="27" w="339" /><ent r="5" t="46" w="227" /><ent r="7" t="51" w="340" /><ent r="6" t="51" w="372" /><ent r="5" t="51" w="422" /><ent r="4" t="94" w="162" /><ent r="5" t="169" w="281" /><ent r="4" t="174" w="439" /><ent r="4" t="174" w="459" /><ent r="3" t="187" w="2011" /><ent r="4" t="188" w="465" /><ent r="3" t="202" w="255" /><ent r="3" t="202" w="262" /><ent r="7" t="206" w="486" /><ent r="4" t="215" w="158" /><ent r="3" t="216" w="73" /><ent r="3" t="216" w="80" /><ent r="4" t="219" w="62" /><ent r="3" t="219" w="112" /><ent r="5" t="222" w="184" /><ent r="5" t="222" w="220" /><ent r="4" t="222" w="270" /><ent r="5" t="223" w="115" /><ent r="5" t="223" w="151" /><ent r="4" t="223" w="201" /><ent r="5" t="224" w="74" /><ent r="5" t="224" w="110" /><ent r="4" t="224" w="160" /><ent r="5" t="225" w="113" /><ent r="5" t="225" w="149" /><ent r="4" t="225" w="199" /></phr><phr n="band"><ent r="3" t="46" w="433" /><ent r="3" t="46" w="469" /><ent r="3" t="46" w="474" /><ent r="3" t="79" w="167" /><ent r="3" t="89" w="89" /><ent r="5" t="92" w="416" /><ent r="6" t="92" w="494" /><ent r="5" t="92" w="627" /><ent r="100" t="94" w="8" /><ent r="3" t="94" w="31" /><ent r="4" t="94" w="178" /><ent r="3" t="96" w="17" /><ent r="4" t="96" w="109" /><ent r="3" t="96" w="164" /><ent r="4" t="101" w="108" /><ent r="3" t="103" w="65" /><ent r="4" t="157" w="323" /><ent r="4" t="157" w="365" /><ent r="4" t="157" w="758" /><ent r="4" t="157" w="800" /><ent r="4" t="163" w="73" /><ent r="4" t="169" w="296" /><ent r="4" t="169" w="392" /><ent r="3" t="171" w="122" /><ent r="5" t="173" w="140" /><ent r="4" t="173" w="145" /><ent r="100" t="174" w="7" /><ent r="3" t="174" w="51" /><ent r="3" t="174" w="178" /><ent r="3" t="174" w="182" /><ent r="3" t="174" w="191" /><ent r="3" t="174" w="194" /><ent r="3" t="174" w="210" /><ent r="3" t="174" w="235" /><ent r="3" t="174" w="244" /><ent r="3" t="174" w="247" /><ent r="3" t="174" w="251" /><ent r="3" t="174" w="254" /><ent r="3" t="174" w="262" /><ent r="3" t="174" w="266" /><ent r="3" t="174" w="269" /><ent r="3" t="174" w="285" /><ent r="3" t="174" w="288" /><ent r="3" t="174" w="291" /><ent r="4" t="174" w="353" /><ent r="3" t="174" w="537" /><ent r="3" t="174" w="583" /><ent r="100" t="175" w="4" /><ent r="3" t="175" w="22" /><ent r="3" t="175" w="163" /><ent r="3" t="175" w="178" /><ent r="3" t="175" w="265" /><ent r="4" t="177" w="130" /><ent r="4" t="186" w="1124" /><ent r="3" t="186" w="1194" /><ent r="3" t="186" w="1223" /><ent r="3" t="186" w="1243" /><ent r="3" t="186" w="1259" /><ent r="3" t="186" w="1324" /><ent r="3" t="186" w="1352" /><ent r="3" t="186" w="1363" /><ent r="3" t="186" w="1375" /><ent r="4" t="186" w="1591" /><ent r="3" t="186" w="1793" /><ent r="4" t="186" w="1915" /><ent r="4" t="186" w="1963" /><ent r="4" t="186" w="1978" /><ent r="100" t="187" w="8" /><ent r="3" t="187" w="65" /><ent r="4" t="187" w="110" /><ent r="3" t="187" w="250" /><ent r="3" t="187" w="256" /><ent r="3" t="187" w="2241" /><ent r="3" t="187" w="2255" /><ent r="4" t="187" w="2706" /><ent r="4" t="187" w="2718" /><ent r="3" t="187" w="3160" /><ent r="3" t="188" w="1550" /><ent r="3" t="188" w="1559" /><ent r="3" t="188" w="1569" /><ent r="3" t="191" w="705" /><ent r="3" t="191" w="711" /><ent r="3" t="191" w="716" /><ent r="3" t="200" w="136" /><ent r="4" t="201" w="54" /><ent r="4" t="201" w="66" /><ent r="4" t="201" w="73" /><ent r="4" t="201" w="85" /><ent r="4" t="201" w="93" /><ent r="4" t="201" w="146" /><ent r="4" t="201" w="158" /><ent r="4" t="201" w="165" /><ent r="4" t="201" w="177" /><ent r="4" t="201" w="185" /><ent r="100" t="203" w="5" /><ent r="7" t="206" w="101" /><ent r="7" t="206" w="112" /><ent r="7" t="206" w="305" /><ent r="7" t="206" w="308" /><ent r="7" t="206" w="314" /><ent r="7" t="206" w="478" /><ent r="7" t="206" w="599" /><ent r="7" t="206" w="609" /><ent r="7" t="206" w="623" /><ent r="7" t="206" w="649" /><ent r="7" t="206" w="669" /><ent r="7" t="206" w="674" /><ent r="3" t="206" w="796" /><ent r="3" t="215" w="305" /><ent r="5" t="233" w="266" /><ent r="5" t="233" w="276" /><ent r="5" t="233" w="296" /><ent r="5" t="233" w="316" /></phr></stem><stem n="bin"><phr n="Binning"><ent r="64" t="16" w="22" /><ent r="1000" t="174" w="2" /><ent r="102" t="174" w="5" /><ent r="3" t="174" w="12" /><ent r="3" t="174" w="296" /><ent r="4" t="174" w="326" /><ent r="4" t="174" w="338" /><ent r="3" t="174" w="342" /><ent r="92" t="174" w="531" /><ent r="3" t="174" w="555" /></phr><phr n="bin"><ent r="3" t="103" w="47" /><ent r="3" t="103" w="58" /><ent r="3" t="174" w="187" /><ent r="4" t="174" w="357" /><ent r="6" t="174" w="499" /><ent r="6" t="174" w="504" /><ent r="6" t="174" w="520" /><ent r="6" t="174" w="527" /><ent r="3" t="195" w="1517" /></phr><phr n="binning"><ent r="100" t="174" w="8" /><ent r="4" t="174" w="362" /><ent r="6" t="174" w="486" /><ent r="6" t="174" w="494" /><ent r="3" t="174" w="584" /></phr><phr n="bins"><ent r="3" t="174" w="281" /><ent r="4" t="174" w="376" /><ent r="6" t="174" w="508" /><ent r="6" t="174" w="512" /><ent r="3" t="174" w="538" /></phr><phr n="Bins"><ent r="3" t="174" w="590" /></phr></stem><stem n="math"><phr n="Math"><ent r="64" t="16" w="25" /><ent r="1000" t="175" w="2" /><ent r="102" t="175" w="8" /><ent r="3" t="175" w="12" /><ent r="3" t="175" w="60" /><ent r="5" t="175" w="74" /><ent r="3" t="175" w="79" /><ent r="3" t="175" w="110" /><ent r="3" t="175" w="236" /><ent r="64" t="185" w="329" /><ent r="1000" t="187" w="6" /><ent r="102" t="187" w="25" /><ent r="92" t="187" w="1956" /><ent r="5" t="187" w="1993" /><ent r="3" t="187" w="1998" /><ent r="3" t="187" w="2016" /><ent r="3" t="187" w="2083" /><ent r="4" t="187" w="2546" /><ent r="4" t="187" w="2591" /><ent r="4" t="187" w="2605" /><ent r="4" t="187" w="2746" /><ent r="5" t="194" w="509" /><ent r="4" t="194" w="542" /><ent r="3" t="194" w="1000" /><ent r="3" t="194" w="1027" /><ent r="3" t="194" w="1048" /><ent r="4" t="194" w="1111" /><ent r="7" t="194" w="1140" /><ent r="7" t="194" w="1176" /><ent r="3" t="194" w="1383" /><ent r="7" t="195" w="928" /><ent r="7" t="195" w="941" /><ent r="7" t="195" w="951" /><ent r="7" t="195" w="969" /><ent r="7" t="195" w="972" /><ent r="7" t="195" w="989" /><ent r="3" t="195" w="998" /><ent r="3" t="195" w="1232" /><ent r="1000" t="203" w="2" /><ent r="102" t="203" w="10" /><ent r="3" t="215" w="292" /></phr><phr n="math"><ent r="100" t="175" w="5" /><ent r="100" t="187" w="9" /><ent r="3" t="187" w="66" /><ent r="4" t="187" w="111" /><ent r="4" t="187" w="227" /><ent r="3" t="187" w="251" /><ent r="3" t="187" w="263" /><ent r="3" t="187" w="2242" /><ent r="3" t="187" w="2256" /><ent r="4" t="187" w="2707" /><ent r="4" t="187" w="2719" /><ent r="3" t="187" w="3161" /><ent r="100" t="203" w="6" /></phr></stem><stem n="fusion"><phr n="Fusion"><ent r="64" t="16" w="32" /><ent r="1000" t="177" w="6" /><ent r="100" t="177" w="13" /><ent r="100" t="177" w="22" /><ent r="102" t="177" w="29" /><ent r="3" t="177" w="38" /><ent r="64" t="177" w="318" /><ent r="1000" t="178" w="6" /><ent r="100" t="178" w="13" /><ent r="102" t="178" w="23" /><ent r="3" t="178" w="31" /><ent r="4" t="178" w="59" /><ent r="5" t="178" w="144" /><ent r="4" t="178" w="152" /><ent r="5" t="178" w="161" /><ent r="4" t="178" w="279" /><ent r="3" t="179" w="168" /><ent r="3" t="180" w="17" /><ent r="4" t="180" w="119" /><ent r="5" t="181" w="115" /><ent r="5" t="181" w="184" /><ent r="4" t="182" w="391" /><ent r="64" t="185" w="356" /><ent r="1000" t="189" w="5" /><ent r="100" t="189" w="12" /><ent r="102" t="189" w="22" /><ent r="3" t="189" w="61" /><ent r="4" t="189" w="82" /><ent r="4" t="189" w="111" /><ent r="5" t="189" w="490" /><ent r="4" t="189" w="498" /><ent r="3" t="189" w="506" /><ent r="4" t="189" w="516" /><ent r="3" t="189" w="679" /><ent r="3" t="189" w="741" /><ent r="4" t="189" w="795" /><ent r="4" t="189" w="886" /><ent r="3" t="189" w="945" /><ent r="4" t="189" w="957" /><ent r="4" t="189" w="993" /><ent r="4" t="189" w="1011" /><ent r="4" t="189" w="1645" /><ent r="3" t="189" w="1714" /></phr><phr n="fusion"><ent r="4" t="181" w="313" /><ent r="4" t="181" w="336" /><ent r="64" t="182" w="17" /><ent r="4" t="182" w="106" /><ent r="3" t="189" w="74" /><ent r="4" t="189" w="1047" /><ent r="4" t="189" w="1269" /><ent r="4" t="189" w="1308" /><ent r="3" t="189" w="1361" /></phr></stem><stem n="flatten"><phr n="Flatten"><ent r="64" t="16" w="34" /><ent r="64" t="71" w="161" /><ent r="1000" t="73" w="1" /><ent r="102" t="73" w="13" /><ent r="3" t="73" w="17" /><ent r="5" t="73" w="70" /></phr><phr n="flatten"><ent r="100" t="73" w="5" /><ent r="100" t="73" w="11" /><ent r="3" t="73" w="101" /></phr><phr n="flattening"><ent r="4" t="73" w="82" /><ent r="3" t="73" w="116" /></phr></stem><stem n="morpholog"><phr n="Morphology"><ent r="64" t="16" w="39" /><ent r="1000" t="183" w="2" /><ent r="102" t="183" w="5" /><ent r="100" t="183" w="8" /><ent r="3" t="183" w="14" /><ent r="3" t="183" w="167" /><ent r="5" t="183" w="182" /></phr><phr n="morphological"><ent r="3" t="183" w="20" /></phr></stem><stem n="princip"><phr n="Principal"><ent r="64" t="16" w="44" /><ent r="1000" t="171" w="1" /><ent r="100" t="171" w="5" /><ent r="102" t="171" w="9" /><ent r="3" t="171" w="55" /><ent r="3" t="171" w="77" /><ent r="5" t="171" w="155" /><ent r="4" t="171" w="160" /><ent r="3" t="171" w="411" /><ent r="4" t="171" w="569" /><ent r="100" t="188" w="29" /><ent r="3" t="188" w="61" /><ent r="92" t="188" w="1021" /><ent r="5" t="188" w="1057" /><ent r="4" t="188" w="1064" /><ent r="3" t="188" w="1084" /><ent r="4" t="188" w="1476" /><ent r="3" t="215" w="294" /></phr><phr n="principal"><ent r="3" t="171" w="102" /><ent r="3" t="171" w="132" /><ent r="3" t="171" w="142" /><ent r="3" t="171" w="501" /></phr></stem><stem n="analysi"><phr n="Analysis"><ent r="64" t="16" w="46" /><ent r="1000" t="171" w="3" /><ent r="100" t="171" w="7" /><ent r="102" t="171" w="11" /><ent r="3" t="171" w="79" /><ent r="5" t="171" w="157" /><ent r="4" t="171" w="162" /><ent r="3" t="171" w="413" /><ent r="4" t="171" w="571" /><ent r="100" t="188" w="31" /><ent r="3" t="188" w="63" /><ent r="92" t="188" w="1023" /><ent r="5" t="188" w="1059" /><ent r="4" t="188" w="1066" /><ent r="3" t="188" w="1086" /><ent r="4" t="188" w="1478" /><ent r="5" t="207" w="23" /></phr><phr n="analysis"><ent r="3" t="78" w="74" /><ent r="3" t="134" w="15" /><ent r="3" t="171" w="57" /><ent r="3" t="171" w="144" /><ent r="4" t="171" w="769" /><ent r="3" t="171" w="984" /><ent r="3" t="185" w="190" /><ent r="3" t="186" w="1540" /><ent r="4" t="188" w="1334" /><ent r="4" t="193" w="260" /><ent r="64" t="204" w="19" /></phr></stem><stem n="qt"><phr n="QT"><ent r="64" t="16" w="48" /><ent r="1000" t="184" w="1" /><ent r="102" t="184" w="4" /><ent r="100" t="184" w="7" /><ent r="64" t="184" w="12" /><ent r="5" t="184" w="48" /><ent r="3" t="184" w="53" /><ent r="64" t="204" w="20" /><ent r="3" t="204" w="25" /><ent r="3" t="204" w="30" /></phr></stem><stem n="cluster"><phr n="Cluster"><ent r="64" t="16" w="49" /><ent r="1000" t="184" w="2" /><ent r="102" t="184" w="5" /><ent r="100" t="184" w="8" /><ent r="64" t="184" w="13" /><ent r="3" t="184" w="19" /><ent r="5" t="184" w="49" /><ent r="3" t="184" w="54" /><ent r="5" t="184" w="62" /><ent r="64" t="204" w="18" /></phr><phr n="cluster"><ent r="3" t="184" w="35" /><ent r="4" t="184" w="73" /><ent r="4" t="204" w="95" /><ent r="4" t="204" w="115" /><ent r="4" t="204" w="123" /><ent r="4" t="204" w="132" /><ent r="4" t="204" w="139" /><ent r="4" t="204" w="151" /></phr><phr n="clusters"><ent r="3" t="184" w="145" /><ent r="3" t="184" w="162" /><ent r="3" t="204" w="65" /><ent r="4" t="204" w="90" /></phr><phr n="Clustering"><ent r="1000" t="204" w="3" /><ent r="102" t="204" w="8" /></phr><phr n="clustering"><ent r="64" t="204" w="21" /><ent r="3" t="204" w="26" /><ent r="3" t="204" w="33" /><ent r="3" t="204" w="48" /></phr></stem><stem n=":open"><phr n=":open"><ent r="100" t="18" w="5" /><ent r="100" t="19" w="8" /><ent r="100" t="80" w="10" /><ent r="100" t="119" w="74" /><ent r="100" t="122" w="6" /></phr></stem><stem n=":file"><phr n=":file"><ent r="100" t="18" w="8" /><ent r="100" t="19" w="11" /></phr><phr n=":File"><ent r="100" t="247" w="28" /></phr></stem><stem n=":import"><phr n=":import"><ent r="100" t="18" w="19" /><ent r="100" t="21" w="11" /><ent r="100" t="33" w="13" /><ent r="100" t="149" w="11" /><ent r="100" t="221" w="12" /></phr><phr n=":Import"><ent r="100" t="216" w="11" /></phr></stem><stem n="..."><phr n="..."><ent r="5" t="18" w="47" /><ent r="5" t="21" w="248" /><ent r="5" t="23" w="39" /><ent r="4" t="23" w="111" /><ent r="5" t="27" w="184" /><ent r="5" t="27" w="275" /><ent r="5" t="32" w="113" /><ent r="5" t="34" w="113" /><ent r="6" t="40" w="65" /><ent r="5" t="46" w="363" /><ent r="4" t="49" w="208" /><ent r="5" t="49" w="238" /><ent r="5" t="49" w="303" /><ent r="4" t="51" w="292" /><ent r="7" t="51" w="352" /><ent r="5" t="52" w="212" /><ent r="5" t="53" w="60" /><ent r="5" t="55" w="102" /><ent r="5" t="55" w="160" /><ent r="5" t="64" w="67" /><ent r="4" t="64" w="133" /><ent r="4" t="76" w="306" /><ent r="5" t="80" w="92" /><ent r="4" t="81" w="80" /><ent r="5" t="82" w="179" /><ent r="4" t="82" w="185" /><ent r="4" t="85" w="128" /><ent r="5" t="85" w="229" /><ent r="7" t="92" w="133" /><ent r="7" t="92" w="146" /><ent r="7" t="92" w="325" /><ent r="5" t="92" w="347" /><ent r="5" t="94" w="87" /><ent r="4" t="94" w="111" /><ent r="5" t="95" w="82" /><ent r="4" t="95" w="132" /><ent r="5" t="96" w="71" /><ent r="5" t="97" w="105" /><ent r="5" t="97" w="234" /><ent r="5" t="102" w="99" /><ent r="4" t="102" w="136" /><ent r="5" t="103" w="102" /><ent r="4" t="103" w="139" /><ent r="5" t="108" w="141" /><ent r="5" t="109" w="83" /><ent r="5" t="110" w="96" /><ent r="5" t="111" w="97" /><ent r="4" t="119" w="104" /><ent r="5" t="122" w="51" /><ent r="5" t="131" w="48" /><ent r="5" t="137" w="48" /><ent r="5" t="139" w="54" /><ent r="6" t="144" w="79" /><ent r="6" t="144" w="139" /><ent r="5" t="146" w="380" /><ent r="4" t="146" w="405" /><ent r="5" t="148" w="53" /><ent r="5" t="149" w="53" /><ent r="5" t="151" w="92" /><ent r="5" t="152" w="92" /><ent r="5" t="153" w="106" /><ent r="5" t="154" w="101" /><ent r="5" t="155" w="94" /><ent r="5" t="156" w="92" /><ent r="5" t="157" w="88" /><ent r="5" t="158" w="89" /><ent r="5" t="159" w="99" /><ent r="5" t="160" w="77" /><ent r="5" t="160" w="451" /><ent r="5" t="161" w="107" /><ent r="5" t="161" w="424" /><ent r="5" t="162" w="106" /><ent r="4" t="162" w="130" /><ent r="5" t="162" w="421" /><ent r="5" t="164" w="49" /><ent r="4" t="164" w="208" /><ent r="4" t="164" w="245" /><ent r="5" t="165" w="100" /><ent r="5" t="165" w="116" /><ent r="4" t="165" w="214" /><ent r="5" t="166" w="89" /><ent r="5" t="167" w="81" /><ent r="5" t="168" w="97" /><ent r="4" t="168" w="155" /><ent r="5" t="169" w="113" /><ent r="5" t="170" w="152" /><ent r="5" t="173" w="70" /><ent r="5" t="187" w="723" /><ent r="5" t="187" w="781" /><ent r="5" t="188" w="472" /><ent r="5" t="188" w="780" /><ent r="5" t="190" w="638" /><ent r="5" t="191" w="640" /><ent r="5" t="192" w="247" /><ent r="5" t="194" w="432" /><ent r="4" t="196" w="88" /><ent r="82" t="202" w="321" /><ent r="3" t="202" w="325" /><ent r="82" t="202" w="342" /><ent r="3" t="202" w="345" /><ent r="82" t="202" w="353" /><ent r="82" t="202" w="364" /><ent r="3" t="202" w="367" /><ent r="82" t="202" w="380" /><ent r="3" t="202" w="383" /><ent r="5" t="202" w="700" /><ent r="5" t="207" w="79" /><ent r="82" t="216" w="139" /><ent r="3" t="216" w="143" /><ent r="82" t="216" w="160" /><ent r="3" t="216" w="163" /><ent r="82" t="216" w="171" /><ent r="82" t="216" w="182" /><ent r="3" t="216" w="185" /><ent r="82" t="216" w="198" /><ent r="3" t="216" w="201" /><ent r="4" t="219" w="48" /><ent r="5" t="220" w="127" /><ent r="5" t="220" w="552" /><ent r="5" t="222" w="206" /><ent r="5" t="223" w="137" /><ent r="5" t="224" w="96" /><ent r="5" t="225" w="135" /><ent r="5" t="234" w="94" /><ent r="5" t="236" w="93" /><ent r="5" t="238" w="207" /></phr></stem></index>