<?xml version="1.0" encoding="utf-8"?><index><stem n="plot"><phr n="plots"><ent r="3" t="0" w="50" /><ent r="4" t="92" w="103" /><ent r="4" t="92" w="110" /><ent r="3" t="94" w="58" /><ent r="3" t="192" w="946" /><ent r="7" t="205" w="519" /><ent r="7" t="205" w="541" /><ent r="7" t="205" w="558" /></phr><phr n="plot"><ent r="3" t="34" w="73" /><ent r="3" t="35" w="54" /><ent r="4" t="87" w="119" /><ent r="3" t="87" w="156" /><ent r="3" t="88" w="192" /><ent r="100" t="89" w="14" /><ent r="100" t="89" w="17" /><ent r="3" t="89" w="24" /><ent r="4" t="89" w="37" /><ent r="4" t="89" w="45" /><ent r="4" t="89" w="63" /><ent r="4" t="89" w="70" /><ent r="3" t="89" w="74" /><ent r="3" t="89" w="89" /><ent r="5" t="91" w="242" /><ent r="7" t="91" w="315" /><ent r="5" t="91" w="654" /><ent r="5" t="91" w="670" /><ent r="7" t="91" w="707" /><ent r="3" t="92" w="56" /><ent r="4" t="92" w="70" /><ent r="4" t="92" w="148" /><ent r="4" t="92" w="160" /><ent r="4" t="92" w="205" /><ent r="3" t="92" w="253" /><ent r="4" t="92" w="312" /><ent r="3" t="92" w="335" /><ent r="3" t="93" w="35" /><ent r="4" t="94" w="75" /><ent r="3" t="95" w="136" /><ent r="4" t="96" w="161" /><ent r="4" t="100" w="67" /><ent r="3" t="101" w="32" /><ent r="3" t="101" w="40" /><ent r="3" t="101" w="44" /><ent r="3" t="101" w="49" /><ent r="3" t="101" w="63" /><ent r="3" t="101" w="73" /><ent r="3" t="101" w="123" /><ent r="4" t="102" w="97" /><ent r="3" t="102" w="127" /><ent r="4" t="110" w="431" /><ent r="3" t="162" w="24" /><ent r="4" t="170" w="476" /><ent r="3" t="170" w="1053" /><ent r="3" t="170" w="1056" /><ent r="4" t="170" w="1077" /><ent r="4" t="170" w="1109" /><ent r="3" t="187" w="1212" /><ent r="7" t="205" w="506" /><ent r="7" t="205" w="522" /><ent r="7" t="205" w="544" /><ent r="3" t="205" w="770" /><ent r="3" t="205" w="778" /></phr><phr n="Plot"><ent r="1000" t="87" w="5" /><ent r="102" t="87" w="13" /><ent r="64" t="87" w="27" /><ent r="1000" t="89" w="4" /><ent r="102" t="89" w="9" /><ent r="3" t="91" w="55" /><ent r="3" t="91" w="106" /><ent r="68" t="91" w="207" /><ent r="5" t="96" w="70" /><ent r="3" t="96" w="86" /><ent r="5" t="96" w="192" /><ent r="3" t="96" w="209" /><ent r="5" t="97" w="70" /><ent r="3" t="97" w="87" /><ent r="5" t="100" w="58" /><ent r="3" t="162" w="102" /><ent r="3" t="162" w="106" /><ent r="4" t="162" w="110" /><ent r="65" t="162" w="139" /><ent r="3" t="162" w="165" /><ent r="65" t="170" w="484" /><ent r="92" t="170" w="1039" /><ent r="4" t="187" w="1198" /><ent r="4" t="187" w="1361" /><ent r="5" t="224" w="178" /><ent r="5" t="224" w="187" /></phr></stem><stem n="view"><phr n="views"><ent r="3" t="0" w="56" /><ent r="4" t="49" w="372" /><ent r="4" t="49" w="377" /><ent r="3" t="49" w="393" /><ent r="4" t="49" w="411" /><ent r="3" t="49" w="441" /><ent r="3" t="49" w="468" /><ent r="3" t="49" w="472" /><ent r="3" t="49" w="475" /><ent r="3" t="49" w="479" /><ent r="3" t="49" w="488" /><ent r="3" t="49" w="512" /><ent r="4" t="109" w="496" /><ent r="4" t="176" w="184" /><ent r="4" t="176" w="196" /><ent r="3" t="180" w="54" /><ent r="3" t="180" w="62" /><ent r="100" t="181" w="6" /><ent r="4" t="181" w="342" /><ent r="4" t="186" w="3225" /><ent r="4" t="188" w="100" /><ent r="3" t="188" w="1120" /><ent r="3" t="192" w="944" /></phr><phr n="View"><ent r="5" t="1" w="279" /><ent r="5" t="4" w="134" /><ent r="4" t="14" w="44" /><ent r="67" t="28" w="121" /><ent r="67" t="28" w="126" /><ent r="67" t="28" w="136" /><ent r="67" t="28" w="141" /><ent r="5" t="29" w="50" /><ent r="65" t="29" w="92" /><ent r="5" t="29" w="98" /><ent r="65" t="29" w="134" /><ent r="5" t="29" w="140" /><ent r="65" t="29" w="193" /><ent r="5" t="29" w="252" /><ent r="65" t="29" w="298" /><ent r="4" t="36" w="32" /><ent r="5" t="37" w="42" /><ent r="3" t="40" w="12" /><ent r="4" t="40" w="37" /><ent r="3" t="41" w="12" /><ent r="4" t="41" w="49" /><ent r="3" t="41" w="80" /><ent r="4" t="47" w="77" /><ent r="4" t="49" w="216" /><ent r="4" t="50" w="596" /><ent r="3" t="69" w="133" /><ent r="4" t="109" w="319" /><ent r="4" t="118" w="204" /><ent r="3" t="126" w="215" /><ent r="64" t="133" w="130" /><ent r="64" t="134" w="228" /><ent r="64" t="135" w="121" /><ent r="1000" t="137" w="3" /><ent r="102" t="137" w="11" /><ent r="3" t="137" w="16" /><ent r="5" t="137" w="83" /><ent r="5" t="140" w="53" /><ent r="4" t="147" w="125" /><ent r="3" t="147" w="152" /><ent r="4" t="147" w="228" /><ent r="3" t="147" w="255" /><ent r="4" t="147" w="432" /><ent r="3" t="147" w="459" /><ent r="4" t="147" w="596" /><ent r="3" t="147" w="623" /><ent r="5" t="159" w="71" /><ent r="3" t="159" w="142" /><ent r="3" t="159" w="147" /><ent r="92" t="159" w="211" /><ent r="4" t="159" w="217" /><ent r="92" t="159" w="779" /><ent r="3" t="159" w="786" /><ent r="3" t="161" w="144" /><ent r="3" t="161" w="148" /><ent r="82" t="161" w="209" /><ent r="82" t="161" w="745" /><ent r="3" t="162" w="103" /><ent r="4" t="162" w="111" /><ent r="92" t="181" w="77" /><ent r="92" t="181" w="290" /><ent r="5" t="185" w="345" /><ent r="5" t="185" w="622" /><ent r="4" t="185" w="803" /><ent r="4" t="185" w="971" /><ent r="4" t="185" w="1065" /><ent r="5" t="185" w="1862" /><ent r="5" t="186" w="494" /><ent r="5" t="186" w="2026" /><ent r="5" t="186" w="3197" /><ent r="5" t="187" w="210" /><ent r="5" t="187" w="1035" /><ent r="5" t="188" w="170" /><ent r="92" t="188" w="1369" /><ent r="92" t="188" w="1636" /><ent r="5" t="189" w="409" /><ent r="5" t="190" w="397" /><ent r="4" t="191" w="112" /><ent r="5" t="192" w="321" /><ent r="5" t="192" w="722" /><ent r="4" t="192" w="985" /><ent r="3" t="192" w="1014" /><ent r="3" t="192" w="1025" /><ent r="3" t="192" w="1060" /><ent r="3" t="192" w="1102" /><ent r="4" t="192" w="1120" /><ent r="4" t="193" w="317" /><ent r="5" t="194" w="230" /><ent r="4" t="218" w="27" /><ent r="3" t="218" w="54" /><ent r="1000" t="219" w="2" /><ent r="100" t="219" w="6" /><ent r="102" t="219" w="10" /><ent r="4" t="219" w="16" /><ent r="4" t="220" w="32" /><ent r="3" t="220" w="59" /><ent r="1000" t="221" w="2" /><ent r="102" t="221" w="7" /><ent r="100" t="221" w="12" /><ent r="3" t="221" w="18" /><ent r="1000" t="222" w="2" /><ent r="102" t="222" w="10" /><ent r="4" t="222" w="16" /><ent r="1000" t="223" w="2" /><ent r="100" t="223" w="7" /><ent r="102" t="223" w="12" /><ent r="4" t="223" w="18" /><ent r="5" t="224" w="203" /><ent r="5" t="226" w="129" /><ent r="4" t="226" w="136" /><ent r="6" t="228" w="161" /><ent r="6" t="228" w="204" /><ent r="6" t="228" w="246" /><ent r="6" t="228" w="308" /><ent r="6" t="228" w="376" /><ent r="6" t="228" w="418" /><ent r="6" t="228" w="457" /><ent r="6" t="228" w="492" /><ent r="6" t="228" w="652" /><ent r="6" t="228" w="667" /><ent r="6" t="228" w="669" /><ent r="1000" t="240" w="3" /><ent r="100" t="240" w="8" /><ent r="100" t="240" w="11" /><ent r="102" t="240" w="18" /><ent r="3" t="240" w="29" /></phr><phr n="view"><ent r="4" t="2" w="49" /><ent r="7" t="5" w="52" /><ent r="7" t="5" w="180" /><ent r="7" t="5" w="229" /><ent r="3" t="17" w="169" /><ent r="3" t="23" w="102" /><ent r="3" t="28" w="99" /><ent r="4" t="29" w="65" /><ent r="4" t="29" w="111" /><ent r="4" t="29" w="155" /><ent r="4" t="29" w="224" /><ent r="4" t="29" w="229" /><ent r="4" t="29" w="265" /><ent r="3" t="48" w="117" /><ent r="3" t="49" w="39" /><ent r="3" t="49" w="310" /><ent r="3" t="49" w="314" /><ent r="3" t="49" w="318" /><ent r="3" t="49" w="322" /><ent r="3" t="49" w="435" /><ent r="3" t="49" w="446" /><ent r="3" t="49" w="450" /><ent r="3" t="49" w="459" /><ent r="4" t="50" w="476" /><ent r="3" t="50" w="497" /><ent r="3" t="50" w="516" /><ent r="3" t="50" w="521" /><ent r="3" t="50" w="567" /><ent r="3" t="50" w="579" /><ent r="3" t="50" w="609" /><ent r="3" t="52" w="43" /><ent r="5" t="69" w="90" /><ent r="5" t="69" w="97" /><ent r="4" t="69" w="106" /><ent r="4" t="69" w="111" /><ent r="3" t="75" w="37" /><ent r="3" t="75" w="279" /><ent r="3" t="75" w="297" /><ent r="3" t="78" w="393" /><ent r="3" t="83" w="48" /><ent r="3" t="86" w="237" /><ent r="7" t="91" w="329" /><ent r="3" t="99" w="8" /><ent r="3" t="100" w="16" /><ent r="3" t="103" w="131" /><ent r="4" t="109" w="264" /><ent r="4" t="109" w="270" /><ent r="4" t="109" w="282" /><ent r="3" t="109" w="330" /><ent r="3" t="109" w="336" /><ent r="3" t="109" w="411" /><ent r="4" t="110" w="505" /><ent r="4" t="110" w="537" /><ent r="4" t="110" w="550" /><ent r="4" t="110" w="578" /><ent r="3" t="112" w="21" /><ent r="3" t="112" w="257" /><ent r="3" t="116" w="23" /><ent r="3" t="118" w="414" /><ent r="3" t="121" w="22" /><ent r="3" t="131" w="91" /><ent r="3" t="134" w="178" /><ent r="3" t="134" w="191" /><ent r="3" t="135" w="34" /><ent r="3" t="135" w="44" /><ent r="3" t="135" w="62" /><ent r="3" t="135" w="70" /><ent r="3" t="135" w="75" /><ent r="100" t="137" w="7" /><ent r="3" t="137" w="22" /><ent r="3" t="137" w="32" /><ent r="3" t="137" w="45" /><ent r="3" t="137" w="49" /><ent r="3" t="137" w="62" /><ent r="4" t="137" w="70" /><ent r="3" t="138" w="32" /><ent r="3" t="146" w="108" /><ent r="3" t="147" w="137" /><ent r="3" t="147" w="143" /><ent r="3" t="147" w="218" /><ent r="3" t="147" w="240" /><ent r="3" t="147" w="246" /><ent r="3" t="147" w="321" /><ent r="3" t="147" w="444" /><ent r="3" t="147" w="450" /><ent r="3" t="147" w="525" /><ent r="3" t="147" w="608" /><ent r="3" t="147" w="614" /><ent r="3" t="147" w="689" /><ent r="3" t="151" w="189" /><ent r="3" t="157" w="223" /><ent r="3" t="158" w="197" /><ent r="3" t="159" w="20" /><ent r="3" t="159" w="31" /><ent r="3" t="159" w="47" /><ent r="3" t="159" w="122" /><ent r="3" t="159" w="133" /><ent r="3" t="159" w="311" /><ent r="3" t="159" w="529" /><ent r="4" t="159" w="798" /><ent r="4" t="159" w="814" /><ent r="4" t="159" w="859" /><ent r="4" t="159" w="880" /><ent r="4" t="159" w="937" /><ent r="3" t="160" w="497" /><ent r="3" t="161" w="48" /><ent r="3" t="161" w="496" /><ent r="3" t="161" w="765" /><ent r="3" t="169" w="43" /><ent r="3" t="170" w="234" /><ent r="3" t="175" w="115" /><ent r="4" t="176" w="211" /><ent r="4" t="176" w="215" /><ent r="4" t="176" w="226" /><ent r="100" t="180" w="9" /><ent r="3" t="180" w="40" /><ent r="4" t="180" w="172" /><ent r="4" t="180" w="197" /><ent r="4" t="180" w="244" /><ent r="3" t="181" w="34" /><ent r="3" t="181" w="40" /><ent r="3" t="181" w="51" /><ent r="3" t="181" w="99" /><ent r="3" t="181" w="298" /><ent r="4" t="181" w="364" /><ent r="4" t="181" w="385" /><ent r="4" t="181" w="405" /><ent r="3" t="185" w="777" /><ent r="4" t="185" w="1751" /><ent r="4" t="185" w="2109" /><ent r="3" t="186" w="3058" /><ent r="3" t="186" w="3169" /><ent r="3" t="187" w="138" /><ent r="4" t="187" w="868" /><ent r="3" t="187" w="1540" /><ent r="3" t="188" w="1104" /><ent r="4" t="188" w="1218" /><ent r="4" t="188" w="1246" /><ent r="3" t="188" w="1381" /><ent r="3" t="188" w="1395" /><ent r="3" t="188" w="1644" /><ent r="3" t="188" w="1719" /><ent r="3" t="189" w="699" /><ent r="4" t="190" w="680" /><ent r="4" t="190" w="1164" /><ent r="4" t="192" w="194" /><ent r="4" t="192" w="897" /><ent r="3" t="192" w="1044" /><ent r="4" t="192" w="1081" /><ent r="3" t="207" w="31" /><ent r="3" t="211" w="630" /><ent r="3" t="218" w="39" /><ent r="3" t="218" w="45" /><ent r="3" t="220" w="44" /><ent r="3" t="220" w="50" /><ent r="3" t="221" w="30" /><ent r="6" t="228" w="660" /></phr><phr n="viewed"><ent r="3" t="111" w="179" /><ent r="4" t="112" w="203" /></phr><phr n="Views"><ent r="4" t="179" w="154" /><ent r="64" t="179" w="164" /><ent r="1000" t="180" w="6" /><ent r="102" t="180" w="20" /><ent r="4" t="180" w="136" /><ent r="64" t="180" w="364" /><ent r="1000" t="181" w="3" /><ent r="102" t="181" w="10" /><ent r="5" t="186" w="2495" /><ent r="4" t="188" w="1050" /><ent r="92" t="188" w="1090" /><ent r="3" t="192" w="973" /><ent r="3" t="192" w="1088" /></phr></stem><stem n="manipul"><phr n="manipulate"><ent r="3" t="0" w="58" /><ent r="4" t="180" w="168" /><ent r="3" t="181" w="47" /><ent r="3" t="185" w="47" /><ent r="3" t="185" w="185" /><ent r="3" t="185" w="205" /><ent r="4" t="185" w="1542" /><ent r="3" t="185" w="2412" /><ent r="3" t="186" w="87" /><ent r="4" t="188" w="1242" /><ent r="3" t="188" w="1391" /><ent r="3" t="189" w="1114" /><ent r="4" t="194" w="203" /><ent r="3" t="200" w="150" /></phr><phr n="manipulating"><ent r="3" t="0" w="76" /><ent r="3" t="103" w="37" /></phr><phr n="Manipulating"><ent r="64" t="180" w="362" /><ent r="1000" t="181" w="1" /><ent r="102" t="181" w="8" /><ent r="92" t="181" w="74" /><ent r="92" t="181" w="286" /><ent r="92" t="188" w="1632" /></phr><phr n="Manipulation"><ent r="64" t="184" w="320" /><ent r="1000" t="185" w="3" /><ent r="103" t="185" w="14" /><ent r="95" t="185" w="613" /></phr><phr n="manipulation"><ent r="100" t="185" w="8" /><ent r="3" t="185" w="37" /><ent r="4" t="185" w="61" /><ent r="3" t="185" w="114" /><ent r="4" t="188" w="1693" /><ent r="4" t="206" w="433" /></phr><phr n="Manipulate"><ent r="4" t="186" w="119" /><ent r="4" t="188" w="98" /></phr></stem><stem n="run"><phr n="run"><ent r="3" t="0" w="62" /><ent r="4" t="59" w="78" /><ent r="3" t="82" w="434" /><ent r="3" t="82" w="448" /><ent r="3" t="82" w="496" /><ent r="3" t="100" w="117" /><ent r="3" t="113" w="128" /><ent r="4" t="120" w="143" /><ent r="4" t="120" w="148" /><ent r="3" t="120" w="207" /><ent r="3" t="121" w="25" /><ent r="100" t="122" w="5" /><ent r="100" t="122" w="9" /><ent r="3" t="122" w="20" /><ent r="4" t="122" w="32" /><ent r="3" t="122" w="116" /><ent r="3" t="122" w="173" /><ent r="4" t="125" w="72" /><ent r="3" t="125" w="131" /><ent r="3" t="125" w="143" /><ent r="3" t="125" w="157" /><ent r="3" t="125" w="166" /><ent r="3" t="126" w="137" /><ent r="4" t="128" w="792" /><ent r="3" t="128" w="855" /><ent r="3" t="128" w="865" /><ent r="3" t="128" w="876" /><ent r="3" t="128" w="883" /><ent r="4" t="132" w="84" /><ent r="3" t="132" w="121" /><ent r="3" t="132" w="133" /><ent r="3" t="132" w="147" /><ent r="3" t="132" w="156" /><ent r="3" t="132" w="308" /><ent r="3" t="132" w="323" /><ent r="3" t="148" w="114" /><ent r="3" t="148" w="134" /><ent r="4" t="156" w="268" /><ent r="3" t="160" w="877" /><ent r="4" t="173" w="323" /><ent r="3" t="173" w="552" /><ent r="3" t="175" w="27" /><ent r="4" t="177" w="56" /><ent r="4" t="177" w="274" /><ent r="4" t="180" w="163" /><ent r="4" t="180" w="263" /><ent r="4" t="180" w="281" /><ent r="4" t="180" w="289" /><ent r="4" t="180" w="309" /><ent r="4" t="180" w="332" /><ent r="4" t="180" w="343" /><ent r="3" t="181" w="83" /><ent r="3" t="182" w="164" /><ent r="4" t="183" w="125" /><ent r="4" t="186" w="2228" /><ent r="4" t="186" w="2234" /><ent r="4" t="187" w="1278" /><ent r="3" t="187" w="1573" /><ent r="3" t="188" w="762" /><ent r="3" t="188" w="891" /><ent r="4" t="188" w="1237" /><ent r="4" t="188" w="1255" /><ent r="4" t="188" w="1270" /><ent r="4" t="188" w="1320" /><ent r="3" t="188" w="1373" /><ent r="4" t="188" w="1654" /><ent r="3" t="193" w="570" /><ent r="3" t="193" w="584" /><ent r="3" t="193" w="811" /><ent r="5" t="194" w="168" /><ent r="5" t="194" w="173" /><ent r="4" t="194" w="189" /><ent r="4" t="194" w="525" /><ent r="3" t="194" w="829" /><ent r="3" t="202" w="115" /><ent r="3" t="204" w="75" /><ent r="3" t="235" w="111" /></phr><phr n="running"><ent r="3" t="0" w="79" /><ent r="4" t="59" w="99" /><ent r="3" t="103" w="31" /><ent r="3" t="105" w="26" /><ent r="4" t="105" w="192" /><ent r="3" t="120" w="237" /><ent r="8" t="128" w="437" /><ent r="3" t="128" w="628" /><ent r="4" t="148" w="93" /><ent r="3" t="160" w="868" /><ent r="3" t="169" w="110" /><ent r="4" t="187" w="1074" /><ent r="3" t="187" w="1453" /><ent r="4" t="193" w="1840" /><ent r="3" t="194" w="35" /><ent r="3" t="202" w="106" /></phr><phr n="Run"><ent r="64" t="118" w="568" /><ent r="4" t="120" w="156" /><ent r="64" t="120" w="264" /><ent r="64" t="121" w="141" /><ent r="1000" t="122" w="1" /><ent r="102" t="122" w="11" /><ent r="4" t="122" w="40" /><ent r="92" t="122" w="61" /><ent r="92" t="122" w="107" /><ent r="5" t="180" w="154" /><ent r="92" t="186" w="2007" /><ent r="5" t="188" w="1227" /><ent r="1000" t="194" w="2" /><ent r="103" t="194" w="15" /><ent r="4" t="194" w="101" /><ent r="92" t="194" w="1413" /><ent r="4" t="194" w="1476" /><ent r="3" t="194" w="1485" /></phr><phr n="runs"><ent r="3" t="173" w="65" /><ent r="3" t="173" w="396" /><ent r="4" t="193" w="1835" /></phr></stem><stem n="algorithm"><phr n="algorithms"><ent r="3" t="0" w="63" /><ent r="3" t="0" w="80" /><ent r="3" t="103" w="32" /><ent r="3" t="112" w="303" /><ent r="3" t="113" w="130" /><ent r="3" t="128" w="85" /><ent r="4" t="176" w="192" /><ent r="3" t="179" w="34" /><ent r="3" t="182" w="15" /><ent r="3" t="182" w="17" /><ent r="3" t="182" w="25" /><ent r="3" t="182" w="168" /><ent r="4" t="193" w="58" /><ent r="3" t="193" w="85" /><ent r="3" t="193" w="211" /><ent r="3" t="193" w="276" /><ent r="3" t="193" w="806" /><ent r="3" t="193" w="876" /><ent r="4" t="194" w="87" /><ent r="3" t="194" w="824" /><ent r="3" t="206" w="268" /><ent r="4" t="206" w="484" /></phr><phr n="Algorithms"><ent r="64" t="4" w="255" /><ent r="1000" t="15" w="2" /><ent r="102" t="15" w="6" /><ent r="100" t="15" w="10" /><ent r="3" t="15" w="15" /><ent r="65" t="72" w="64" /><ent r="64" t="73" w="49" /><ent r="4" t="73" w="111" /><ent r="65" t="113" w="73" /><ent r="65" t="170" w="150" /><ent r="3" t="173" w="303" /><ent r="4" t="173" w="333" /><ent r="65" t="174" w="68" /><ent r="65" t="175" w="68" /><ent r="65" t="177" w="130" /><ent r="4" t="177" w="138" /><ent r="65" t="182" w="175" /><ent r="65" t="183" w="42" /><ent r="64" t="186" w="478" /><ent r="4" t="186" w="2015" /><ent r="5" t="186" w="2033" /><ent r="5" t="186" w="2040" /><ent r="64" t="187" w="194" /><ent r="5" t="187" w="1038" /><ent r="4" t="187" w="1044" /><ent r="5" t="187" w="1054" /><ent r="64" t="188" w="154" /><ent r="5" t="188" w="500" /><ent r="5" t="188" w="509" /><ent r="92" t="193" w="1074" /><ent r="92" t="194" w="901" /></phr><phr n="algorithm"><ent r="3" t="27" w="17" /><ent r="4" t="27" w="65" /><ent r="4" t="59" w="43" /><ent r="4" t="59" w="67" /><ent r="4" t="59" w="80" /><ent r="4" t="59" w="101" /><ent r="3" t="83" w="57" /><ent r="4" t="84" w="187" /><ent r="3" t="111" w="121" /><ent r="8" t="128" w="367" /><ent r="3" t="168" w="57" /><ent r="3" t="170" w="851" /><ent r="3" t="173" w="13" /><ent r="3" t="173" w="64" /><ent r="3" t="173" w="96" /><ent r="3" t="173" w="297" /><ent r="4" t="173" w="327" /><ent r="3" t="173" w="395" /><ent r="3" t="173" w="556" /><ent r="3" t="175" w="15" /><ent r="3" t="175" w="29" /><ent r="4" t="177" w="79" /><ent r="4" t="180" w="265" /><ent r="4" t="180" w="291" /><ent r="4" t="180" w="313" /><ent r="4" t="180" w="322" /><ent r="4" t="180" w="336" /><ent r="64" t="181" w="18" /><ent r="4" t="182" w="187" /><ent r="64" t="183" w="14" /><ent r="4" t="183" w="127" /><ent r="3" t="185" w="196" /><ent r="3" t="186" w="67" /><ent r="4" t="186" w="2226" /><ent r="3" t="186" w="2296" /><ent r="3" t="186" w="3243" /><ent r="4" t="187" w="1077" /><ent r="3" t="187" w="1456" /><ent r="3" t="187" w="1576" /><ent r="3" t="188" w="608" /><ent r="4" t="188" w="1259" /><ent r="4" t="188" w="1272" /><ent r="4" t="188" w="1294" /><ent r="4" t="188" w="1324" /><ent r="3" t="188" w="1349" /><ent r="3" t="188" w="1377" /><ent r="3" t="193" w="232" /><ent r="3" t="193" w="834" /><ent r="64" t="204" w="22" /><ent r="3" t="204" w="80" /><ent r="4" t="206" w="602" /><ent r="3" t="235" w="113" /><ent r="3" t="236" w="18" /><ent r="3" t="236" w="321" /></phr><phr n="Algorithm"><ent r="8" t="128" w="364" /><ent r="4" t="177" w="214" /><ent r="4" t="188" w="687" /><ent r="1000" t="200" w="3" /><ent r="102" t="200" w="8" /><ent r="64" t="202" w="788" /><ent r="1000" t="204" w="4" /><ent r="102" t="204" w="9" /></phr></stem><stem n="provid"><phr n="provides"><ent r="3" t="0" w="70" /><ent r="3" t="0" w="83" /><ent r="3" t="1" w="36" /><ent r="3" t="1" w="87" /><ent r="3" t="1" w="238" /><ent r="3" t="2" w="14" /><ent r="3" t="4" w="36" /><ent r="3" t="15" w="17" /><ent r="3" t="16" w="15" /><ent r="3" t="45" w="12" /><ent r="4" t="54" w="48" /><ent r="3" t="77" w="96" /><ent r="3" t="78" w="26" /><ent r="3" t="78" w="360" /><ent r="4" t="82" w="84" /><ent r="3" t="91" w="19" /><ent r="3" t="97" w="12" /><ent r="3" t="104" w="21" /><ent r="3" t="105" w="21" /><ent r="3" t="118" w="238" /><ent r="3" t="118" w="322" /><ent r="3" t="118" w="474" /><ent r="3" t="146" w="8" /><ent r="3" t="147" w="555" /><ent r="3" t="156" w="1154" /><ent r="3" t="159" w="8" /><ent r="3" t="160" w="179" /><ent r="3" t="160" w="195" /><ent r="3" t="160" w="215" /><ent r="3" t="160" w="247" /><ent r="3" t="160" w="796" /><ent r="5" t="168" w="202" /><ent r="3" t="168" w="305" /><ent r="3" t="169" w="161" /><ent r="3" t="170" w="204" /><ent r="4" t="170" w="606" /><ent r="4" t="188" w="668" /><ent r="4" t="192" w="162" /><ent r="3" t="193" w="111" /><ent r="3" t="194" w="135" /><ent r="3" t="195" w="10" /><ent r="4" t="195" w="67" /><ent r="4" t="195" w="173" /><ent r="3" t="202" w="34" /><ent r="3" t="206" w="20" /><ent r="3" t="206" w="40" /><ent r="3" t="206" w="60" /><ent r="3" t="206" w="177" /><ent r="3" t="207" w="27" /><ent r="3" t="208" w="18" /><ent r="4" t="222" w="42" /><ent r="3" t="226" w="103" /></phr><phr n="provided"><ent r="54" t="0" w="114" /><ent r="3" t="170" w="859" /><ent r="4" t="176" w="166" /><ent r="4" t="176" w="236" /><ent r="3" t="177" w="243" /><ent r="3" t="200" w="95" /><ent r="3" t="201" w="283" /></phr><phr n="provide"><ent r="3" t="1" w="148" /><ent r="3" t="1" w="167" /><ent r="3" t="1" w="212" /><ent r="3" t="1" w="228" /><ent r="3" t="1" w="573" /><ent r="3" t="4" w="9" /><ent r="3" t="4" w="25" /><ent r="3" t="128" w="336" /><ent r="7" t="128" w="395" /><ent r="3" t="169" w="20" /><ent r="3" t="170" w="297" /><ent r="4" t="177" w="194" /><ent r="3" t="184" w="23" /><ent r="3" t="200" w="145" /><ent r="6" t="228" w="321" /></phr></stem><stem n="core"><phr n="core"><ent r="3" t="0" w="72" /><ent r="4" t="176" w="240" /><ent r="3" t="184" w="32" /><ent r="3" t="184" w="110" /><ent r="3" t="184" w="147" /><ent r="3" t="184" w="152" /><ent r="3" t="184" w="234" /><ent r="3" t="184" w="241" /><ent r="3" t="185" w="2422" /><ent r="3" t="186" w="3267" /><ent r="3" t="187" w="1583" /><ent r="3" t="190" w="1303" /></phr><phr n="Core"><ent r="3" t="184" w="11" /></phr></stem><stem n="applic"><phr n="application"><ent r="3" t="0" w="73" /><ent r="3" t="1" w="27" /><ent r="3" t="1" w="420" /><ent r="3" t="1" w="434" /><ent r="3" t="1" w="585" /><ent r="3" t="18" w="29" /><ent r="3" t="21" w="37" /><ent r="3" t="51" w="55" /><ent r="7" t="119" w="42" /><ent r="4" t="185" w="397" /><ent r="4" t="186" w="546" /><ent r="4" t="186" w="1918" /><ent r="4" t="187" w="262" /><ent r="4" t="188" w="222" /><ent r="4" t="189" w="461" /><ent r="4" t="190" w="449" /><ent r="4" t="192" w="373" /><ent r="4" t="194" w="282" /><ent r="3" t="196" w="16" /><ent r="4" t="206" w="367" /><ent r="3" t="236" w="130" /><ent r="7" t="238" w="94" /><ent r="7" t="238" w="130" /><ent r="7" t="238" w="207" /></phr><phr n="Application"><ent r="64" t="0" w="105" /><ent r="1000" t="1" w="5" /><ent r="100" t="1" w="9" /><ent r="102" t="1" w="17" /><ent r="3" t="1" w="30" /><ent r="3" t="1" w="176" /><ent r="4" t="2" w="65" /><ent r="4" t="4" w="186" /><ent r="4" t="17" w="33" /><ent r="4" t="33" w="100" /><ent r="3" t="36" w="27" /><ent r="4" t="37" w="36" /><ent r="3" t="40" w="31" /><ent r="3" t="41" w="43" /><ent r="4" t="45" w="364" /><ent r="4" t="48" w="38" /><ent r="4" t="49" w="120" /><ent r="4" t="50" w="127" /><ent r="4" t="53" w="45" /><ent r="3" t="75" w="54" /><ent r="4" t="78" w="44" /><ent r="4" t="79" w="76" /><ent r="4" t="80" w="47" /><ent r="4" t="81" w="88" /><ent r="4" t="81" w="164" /><ent r="4" t="82" w="34" /><ent r="3" t="88" w="58" /><ent r="3" t="103" w="158" /><ent r="3" t="104" w="92" /><ent r="3" t="105" w="151" /><ent r="4" t="107" w="128" /><ent r="3" t="108" w="47" /><ent r="4" t="108" w="70" /><ent r="4" t="109" w="83" /><ent r="4" t="109" w="213" /><ent r="4" t="109" w="229" /><ent r="4" t="110" w="84" /><ent r="3" t="111" w="247" /><ent r="3" t="111" w="588" /><ent r="3" t="118" w="90" /><ent r="4" t="120" w="23" /><ent r="4" t="121" w="37" /><ent r="4" t="122" w="47" /><ent r="4" t="122" w="73" /><ent r="3" t="122" w="123" /><ent r="4" t="125" w="34" /><ent r="4" t="125" w="92" /><ent r="3" t="126" w="35" /><ent r="3" t="126" w="132" /><ent r="3" t="126" w="352" /><ent r="3" t="126" w="617" /><ent r="4" t="128" w="751" /><ent r="4" t="132" w="49" /><ent r="4" t="146" w="115" /><ent r="4" t="147" w="40" /><ent r="4" t="148" w="38" /><ent r="4" t="150" w="79" /><ent r="4" t="151" w="79" /><ent r="4" t="152" w="93" /><ent r="4" t="153" w="88" /><ent r="4" t="154" w="82" /><ent r="4" t="155" w="79" /><ent r="4" t="156" w="75" /><ent r="4" t="157" w="76" /><ent r="4" t="158" w="86" /><ent r="4" t="159" w="66" /><ent r="3" t="159" w="234" /><ent r="3" t="161" w="236" /><ent r="3" t="170" w="1035" /><ent r="4" t="186" w="708" /><ent r="4" t="188" w="922" /><ent r="5" t="194" w="183" /><ent r="4" t="194" w="1440" /><ent r="4" t="211" w="118" /><ent r="4" t="225" w="81" /><ent r="4" t="226" w="69" /><ent r="4" t="227" w="80" /></phr><phr n="applicable"><ent r="7" t="5" w="23" /><ent r="6" t="239" w="62" /><ent r="6" t="239" w="68" /></phr><phr n="applications"><ent r="3" t="82" w="620" /><ent r="3" t="189" w="107" /><ent r="3" t="190" w="97" /></phr></stem><stem n="suit"><phr n="suite"><ent r="3" t="0" w="74" /></phr><phr n="Suite"><ent r="54" t="0" w="118" /><ent r="64" t="17" w="256" /><ent r="64" t="20" w="559" /><ent r="1000" t="22" w="3" /><ent r="102" t="22" w="12" /><ent r="3" t="22" w="89" /><ent r="3" t="22" w="118" /><ent r="64" t="24" w="136" /></phr></stem><stem n="access"><phr n="access"><ent r="3" t="0" w="84" /><ent r="3" t="1" w="37" /><ent r="3" t="1" w="88" /><ent r="3" t="1" w="213" /><ent r="3" t="1" w="229" /><ent r="3" t="1" w="271" /><ent r="3" t="4" w="10" /><ent r="3" t="4" w="26" /><ent r="4" t="14" w="35" /><ent r="3" t="15" w="18" /><ent r="3" t="16" w="16" /><ent r="3" t="54" w="39" /><ent r="3" t="65" w="57" /><ent r="3" t="77" w="97" /><ent r="3" t="78" w="27" /><ent r="3" t="91" w="38" /><ent r="3" t="92" w="26" /><ent r="3" t="92" w="35" /><ent r="3" t="92" w="46" /><ent r="4" t="92" w="163" /><ent r="4" t="92" w="269" /><ent r="3" t="118" w="239" /><ent r="3" t="126" w="193" /><ent r="3" t="146" w="106" /><ent r="3" t="163" w="18" /><ent r="3" t="174" w="57" /><ent r="4" t="180" w="174" /><ent r="7" t="184" w="279" /><ent r="3" t="184" w="314" /><ent r="3" t="185" w="337" /><ent r="7" t="185" w="496" /><ent r="3" t="186" w="486" /><ent r="7" t="186" w="645" /><ent r="3" t="186" w="2737" /><ent r="3" t="187" w="202" /><ent r="7" t="187" w="361" /><ent r="3" t="188" w="162" /><ent r="7" t="188" w="321" /><ent r="3" t="189" w="401" /><ent r="7" t="189" w="560" /><ent r="3" t="190" w="389" /><ent r="7" t="190" w="548" /><ent r="7" t="191" w="205" /><ent r="3" t="192" w="313" /><ent r="7" t="192" w="472" /><ent r="3" t="193" w="310" /><ent r="7" t="193" w="391" /><ent r="3" t="194" w="222" /><ent r="7" t="194" w="381" /><ent r="3" t="195" w="18" /><ent r="3" t="206" w="276" /><ent r="3" t="206" w="301" /><ent r="3" t="206" w="316" /><ent r="4" t="206" w="531" /><ent r="6" t="228" w="322" /></phr><phr n="accessed"><ent r="3" t="4" w="92" /><ent r="3" t="33" w="59" /><ent r="3" t="185" w="1061" /></phr><phr n="Accesses"><ent r="3" t="65" w="240" /></phr><phr n="accessible"><ent r="4" t="192" w="268" /></phr><phr n="Access"><ent r="4" t="196" w="40" /></phr></stem></index>