﻿<?xml version="1.0" encoding="utf-8"?><index><stem n="set"><phr n="sets"><ent r="3" t="0" w="32" /><ent r="3" t="0" w="41" /><ent r="5" t="6" w="132" /><ent r="7" t="14" w="88" /><ent r="4" t="19" w="101" /><ent r="3" t="22" w="19" /><ent r="3" t="25" w="57" /><ent r="3" t="28" w="47" /><ent r="3" t="28" w="63" /><ent r="3" t="28" w="83" /><ent r="4" t="34" w="189" /><ent r="3" t="58" w="265" /><ent r="3" t="73" w="29" /><ent r="3" t="73" w="80" /><ent r="4" t="73" w="91" /><ent r="4" t="73" w="169" /><ent r="4" t="73" w="349" /><ent r="3" t="100" w="16" /><ent r="3" t="106" w="399" /><ent r="5" t="116" w="409" /><ent r="3" t="136" w="284" /><ent r="3" t="137" w="83" /><ent r="4" t="137" w="125" /><ent r="4" t="137" w="155" /><ent r="3" t="137" w="218" /><ent r="3" t="173" w="827" /><ent r="3" t="194" w="121" /><ent r="4" t="194" w="146" /><ent r="4" t="194" w="188" /><ent r="4" t="195" w="54" /><ent r="3" t="195" w="248" /><ent r="3" t="196" w="18" /><ent r="3" t="204" w="689" /><ent r="4" t="206" w="468" /><ent r="4" t="206" w="608" /><ent r="3" t="206" w="906" /><ent r="3" t="206" w="943" /><ent r="3" t="206" w="1405" /><ent r="3" t="208" w="768" /><ent r="3" t="208" w="774" /><ent r="3" t="224" w="28" /><ent r="3" t="242" w="217" /><ent r="3" t="244" w="64" /><ent r="3" t="244" w="477" /></phr><phr n="set"><ent r="3" t="1" w="157" /><ent r="7" t="5" w="199" /><ent r="7" t="5" w="245" /><ent r="7" t="6" w="122" /><ent r="3" t="13" w="28" /><ent r="3" t="13" w="31" /><ent r="5" t="13" w="77" /><ent r="6" t="14" w="217" /><ent r="6" t="14" w="284" /><ent r="5" t="14" w="300" /><ent r="3" t="19" w="20" /><ent r="3" t="19" w="27" /><ent r="3" t="22" w="26" /><ent r="3" t="22" w="392" /><ent r="3" t="22" w="399" /><ent r="3" t="24" w="25" /><ent r="3" t="25" w="44" /><ent r="3" t="25" w="76" /><ent r="3" t="25" w="155" /><ent r="4" t="26" w="76" /><ent r="4" t="26" w="119" /><ent r="3" t="27" w="27" /><ent r="100" t="28" w="8" /><ent r="100" t="28" w="11" /><ent r="3" t="28" w="38" /><ent r="3" t="28" w="112" /><ent r="3" t="28" w="131" /><ent r="4" t="29" w="59" /><ent r="4" t="29" w="187" /><ent r="4" t="29" w="236" /><ent r="4" t="29" w="359" /><ent r="4" t="29" w="493" /><ent r="4" t="29" w="530" /><ent r="3" t="30" w="69" /><ent r="100" t="33" w="7" /><ent r="100" t="33" w="10" /><ent r="3" t="33" w="21" /><ent r="3" t="33" w="90" /><ent r="100" t="34" w="11" /><ent r="100" t="34" w="14" /><ent r="64" t="34" w="28" /><ent r="4" t="34" w="53" /><ent r="4" t="34" w="58" /><ent r="4" t="34" w="88" /><ent r="4" t="34" w="126" /><ent r="4" t="34" w="152" /><ent r="4" t="34" w="212" /><ent r="64" t="36" w="27" /><ent r="4" t="36" w="525" /><ent r="4" t="36" w="551" /><ent r="4" t="36" w="569" /><ent r="3" t="40" w="71" /><ent r="4" t="41" w="95" /><ent r="3" t="43" w="46" /><ent r="3" t="45" w="12" /><ent r="5" t="45" w="160" /><ent r="5" t="45" w="202" /><ent r="5" t="45" w="210" /><ent r="5" t="45" w="218" /><ent r="5" t="45" w="253" /><ent r="5" t="45" w="267" /><ent r="3" t="46" w="16" /><ent r="3" t="47" w="146" /><ent r="3" t="47" w="249" /><ent r="3" t="47" w="362" /><ent r="3" t="47" w="388" /><ent r="3" t="47" w="453" /><ent r="3" t="47" w="617" /><ent r="3" t="48" w="25" /><ent r="4" t="48" w="76" /><ent r="4" t="48" w="90" /><ent r="3" t="50" w="16" /><ent r="3" t="51" w="24" /><ent r="4" t="51" w="228" /><ent r="3" t="52" w="24" /><ent r="3" t="53" w="24" /><ent r="3" t="54" w="24" /><ent r="3" t="55" w="24" /><ent r="3" t="56" w="21" /><ent r="3" t="57" w="19" /><ent r="5" t="57" w="443" /><ent r="5" t="57" w="460" /><ent r="5" t="57" w="878" /><ent r="5" t="57" w="895" /><ent r="3" t="58" w="19" /><ent r="4" t="58" w="419" /><ent r="4" t="58" w="436" /><ent r="3" t="58" w="542" /><ent r="3" t="59" w="29" /><ent r="3" t="65" w="236" /><ent r="3" t="72" w="26" /><ent r="100" t="73" w="5" /><ent r="4" t="73" w="162" /><ent r="3" t="73" w="280" /><ent r="4" t="73" w="342" /><ent r="3" t="74" w="86" /><ent r="3" t="75" w="90" /><ent r="3" t="75" w="101" /><ent r="3" t="77" w="94" /><ent r="4" t="78" w="93" /><ent r="3" t="83" w="31" /><ent r="4" t="93" w="188" /><ent r="3" t="95" w="24" /><ent r="3" t="98" w="14" /><ent r="3" t="98" w="80" /><ent r="3" t="98" w="97" /><ent r="3" t="106" w="16" /><ent r="3" t="106" w="131" /><ent r="3" t="106" w="489" /><ent r="3" t="106" w="630" /><ent r="6" t="116" w="351" /><ent r="5" t="116" w="371" /><ent r="7" t="116" w="458" /><ent r="3" t="118" w="27" /><ent r="4" t="118" w="121" /><ent r="4" t="118" w="336" /><ent r="4" t="118" w="347" /><ent r="3" t="119" w="22" /><ent r="3" t="124" w="13" /><ent r="65" t="124" w="18" /><ent r="3" t="128" w="42" /><ent r="4" t="131" w="64" /><ent r="4" t="131" w="80" /><ent r="3" t="132" w="105" /><ent r="3" t="133" w="26" /><ent r="3" t="134" w="24" /><ent r="3" t="134" w="176" /><ent r="3" t="134" w="253" /><ent r="4" t="134" w="302" /><ent r="3" t="134" w="346" /><ent r="3" t="134" w="428" /><ent r="3" t="135" w="24" /><ent r="4" t="135" w="501" /><ent r="4" t="135" w="545" /><ent r="3" t="136" w="76" /><ent r="3" t="136" w="115" /><ent r="3" t="136" w="215" /><ent r="3" t="136" w="275" /><ent r="3" t="136" w="306" /><ent r="3" t="136" w="364" /><ent r="4" t="136" w="399" /><ent r="4" t="136" w="517" /><ent r="4" t="136" w="561" /><ent r="3" t="139" w="29" /><ent r="3" t="141" w="19" /><ent r="3" t="141" w="35" /><ent r="3" t="142" w="16" /><ent r="3" t="143" w="535" /><ent r="4" t="145" w="141" /><ent r="3" t="145" w="253" /><ent r="4" t="148" w="94" /><ent r="3" t="150" w="129" /><ent r="3" t="150" w="155" /><ent r="3" t="153" w="853" /><ent r="3" t="153" w="874" /><ent r="3" t="157" w="119" /><ent r="3" t="157" w="145" /><ent r="3" t="157" w="169" /><ent r="3" t="157" w="306" /><ent r="3" t="157" w="317" /><ent r="3" t="158" w="38" /><ent r="3" t="165" w="25" /><ent r="4" t="165" w="40" /><ent r="3" t="165" w="75" /><ent r="3" t="165" w="88" /><ent r="3" t="165" w="106" /><ent r="3" t="165" w="125" /><ent r="3" t="169" w="42" /><ent r="4" t="171" w="70" /><ent r="4" t="171" w="171" /><ent r="4" t="171" w="272" /><ent r="3" t="171" w="330" /><ent r="3" t="171" w="352" /><ent r="3" t="172" w="12" /><ent r="3" t="172" w="28" /><ent r="3" t="172" w="222" /><ent r="4" t="172" w="247" /><ent r="4" t="172" w="771" /><ent r="3" t="173" w="816" /><ent r="3" t="173" w="894" /><ent r="3" t="173" w="899" /><ent r="3" t="173" w="1144" /><ent r="3" t="173" w="1170" /><ent r="3" t="174" w="27" /><ent r="3" t="174" w="753" /><ent r="4" t="174" w="869" /><ent r="3" t="175" w="168" /><ent r="3" t="177" w="56" /><ent r="3" t="177" w="62" /><ent r="3" t="179" w="44" /><ent r="3" t="179" w="272" /><ent r="3" t="179" w="313" /><ent r="5" t="181" w="481" /><ent r="5" t="181" w="498" /><ent r="4" t="182" w="308" /><ent r="4" t="182" w="325" /><ent r="3" t="182" w="427" /><ent r="3" t="184" w="340" /><ent r="3" t="184" w="376" /><ent r="3" t="185" w="35" /><ent r="3" t="185" w="65" /><ent r="3" t="185" w="68" /><ent r="4" t="185" w="335" /><ent r="4" t="185" w="391" /><ent r="4" t="185" w="657" /><ent r="4" t="186" w="58" /><ent r="4" t="186" w="100" /><ent r="4" t="186" w="315" /><ent r="4" t="186" w="326" /><ent r="3" t="187" w="30" /><ent r="3" t="187" w="118" /><ent r="4" t="187" w="311" /><ent r="4" t="187" w="364" /><ent r="5" t="188" w="319" /><ent r="4" t="188" w="1112" /><ent r="3" t="193" w="24" /><ent r="4" t="193" w="57" /><ent r="4" t="194" w="135" /><ent r="4" t="194" w="230" /><ent r="3" t="195" w="41" /><ent r="3" t="195" w="46" /><ent r="4" t="195" w="72" /><ent r="4" t="195" w="77" /><ent r="4" t="195" w="94" /><ent r="4" t="195" w="108" /><ent r="4" t="195" w="117" /><ent r="4" t="195" w="171" /><ent r="4" t="195" w="181" /><ent r="4" t="198" w="111" /><ent r="3" t="203" w="249" /><ent r="3" t="203" w="1362" /><ent r="3" t="204" w="162" /><ent r="3" t="204" w="400" /><ent r="4" t="204" w="792" /><ent r="4" t="204" w="802" /><ent r="3" t="204" w="940" /><ent r="4" t="204" w="1201" /><ent r="4" t="204" w="1231" /><ent r="3" t="204" w="1345" /><ent r="4" t="204" w="1854" /><ent r="4" t="204" w="1870" /><ent r="4" t="204" w="2545" /><ent r="3" t="204" w="2603" /><ent r="3" t="204" w="2607" /><ent r="3" t="204" w="2612" /><ent r="4" t="204" w="2639" /><ent r="4" t="204" w="2682" /><ent r="3" t="205" w="741" /><ent r="4" t="205" w="1283" /><ent r="4" t="206" w="548" /><ent r="4" t="206" w="626" /><ent r="4" t="206" w="643" /><ent r="3" t="206" w="662" /><ent r="3" t="206" w="667" /><ent r="3" t="206" w="676" /><ent r="3" t="206" w="688" /><ent r="3" t="206" w="698" /><ent r="3" t="206" w="707" /><ent r="3" t="206" w="723" /><ent r="3" t="207" w="144" /><ent r="3" t="207" w="243" /><ent r="3" t="207" w="741" /><ent r="3" t="207" w="749" /><ent r="4" t="207" w="976" /><ent r="3" t="207" w="1125" /><ent r="3" t="208" w="134" /><ent r="3" t="208" w="233" /><ent r="3" t="208" w="1316" /><ent r="4" t="209" w="512" /><ent r="4" t="209" w="573" /><ent r="3" t="209" w="602" /><ent r="3" t="210" w="89" /><ent r="4" t="218" w="163" /><ent r="3" t="220" w="42" /><ent r="7" t="220" w="459" /><ent r="3" t="221" w="25" /><ent r="64" t="221" w="49" /><ent r="3" t="221" w="53" /><ent r="3" t="221" w="104" /><ent r="4" t="221" w="310" /><ent r="3" t="222" w="41" /><ent r="3" t="222" w="234" /><ent r="3" t="223" w="193" /><ent r="3" t="225" w="40" /><ent r="3" t="227" w="149" /><ent r="3" t="227" w="169" /><ent r="3" t="227" w="195" /><ent r="3" t="231" w="154" /><ent r="3" t="231" w="174" /><ent r="3" t="231" w="200" /><ent r="6" t="236" w="294" /><ent r="4" t="241" w="79" /><ent r="4" t="241" w="96" /><ent r="3" t="242" w="106" /><ent r="3" t="242" w="163" /><ent r="3" t="242" w="482" /><ent r="3" t="243" w="168" /><ent r="3" t="244" w="53" /><ent r="3" t="244" w="256" /><ent r="3" t="244" w="335" /><ent r="83" t="244" w="404" /><ent r="4" t="244" w="429" /><ent r="3" t="244" w="470" /><ent r="3" t="244" w="474" /><ent r="3" t="244" w="632" /><ent r="3" t="244" w="772" /></phr><phr n="Setting"><ent r="92" t="18" w="140" /><ent r="92" t="150" w="184" /><ent r="92" t="157" w="292" /><ent r="92" t="171" w="65" /><ent r="64" t="184" w="394" /><ent r="1000" t="185" w="1" /><ent r="102" t="185" w="9" /><ent r="64" t="186" w="367" /><ent r="64" t="187" w="607" /><ent r="92" t="189" w="262" /><ent r="92" t="189" w="309" /></phr><phr n="Sets"><ent r="65" t="19" w="107" /><ent r="1000" t="28" w="4" /><ent r="102" t="28" w="17" /><ent r="92" t="28" w="22" /><ent r="92" t="28" w="93" /><ent r="5" t="57" w="681" /><ent r="5" t="57" w="1116" /><ent r="4" t="134" w="188" /><ent r="4" t="134" w="219" /><ent r="4" t="134" w="439" /><ent r="4" t="135" w="673" /><ent r="5" t="181" w="714" /></phr><phr n="Set"><ent r="4" t="20" w="155" /><ent r="1000" t="33" w="3" /><ent r="102" t="33" w="15" /><ent r="64" t="33" w="85" /><ent r="1000" t="34" w="2" /><ent r="102" t="34" w="6" /><ent r="5" t="69" w="225" /><ent r="4" t="72" w="241" /><ent r="4" t="72" w="306" /><ent r="5" t="116" w="344" /><ent r="67" t="116" w="362" /><ent r="5" t="118" w="351" /><ent r="1000" t="119" w="1" /><ent r="100" t="119" w="5" /><ent r="102" t="119" w="12" /><ent r="3" t="119" w="16" /><ent r="5" t="119" w="79" /><ent r="4" t="119" w="128" /><ent r="5" t="185" w="203" /><ent r="5" t="185" w="223" /><ent r="5" t="185" w="243" /><ent r="5" t="186" w="330" /><ent r="5" t="187" w="178" /><ent r="5" t="187" w="198" /><ent r="5" t="187" w="218" /><ent r="4" t="188" w="1055" /><ent r="4" t="194" w="142" /><ent r="4" t="195" w="176" /><ent r="4" t="195" w="186" /><ent r="4" t="199" w="159" /><ent r="4" t="199" w="215" /><ent r="4" t="204" w="2490" /><ent r="4" t="204" w="2530" /><ent r="4" t="204" w="2547" /><ent r="4" t="204" w="2644" /><ent r="4" t="204" w="2702" /><ent r="4" t="204" w="2716" /><ent r="4" t="205" w="481" /><ent r="4" t="206" w="631" /><ent r="4" t="206" w="648" /><ent r="3" t="206" w="1424" /><ent r="4" t="206" w="1533" /><ent r="4" t="206" w="1572" /><ent r="4" t="206" w="1592" /><ent r="5" t="211" w="457" /><ent r="3" t="211" w="968" /><ent r="3" t="211" w="974" /><ent r="3" t="211" w="1044" /><ent r="7" t="211" w="1118" /><ent r="7" t="211" w="1121" /><ent r="3" t="211" w="1373" /><ent r="7" t="212" w="953" /><ent r="7" t="212" w="1018" /><ent r="7" t="212" w="1021" /><ent r="3" t="212" w="1251" /><ent r="5" t="234" w="258" /><ent r="5" t="234" w="267" /><ent r="5" t="234" w="276" /><ent r="5" t="234" w="285" /><ent r="5" t="234" w="294" /><ent r="5" t="234" w="303" /><ent r="93" t="242" w="144" /></phr><phr n="setting"><ent r="4" t="75" w="182" /><ent r="3" t="106" w="247" /><ent r="4" t="134" w="451" /><ent r="3" t="136" w="291" /><ent r="3" t="189" w="268" /><ent r="4" t="189" w="294" /><ent r="3" t="189" w="315" /><ent r="4" t="189" w="341" /><ent r="4" t="199" w="193" /><ent r="4" t="203" w="1654" /><ent r="4" t="230" w="35" /></phr><phr n="settings"><ent r="3" t="171" w="561" /><ent r="3" t="183" w="31" /><ent r="3" t="189" w="185" /><ent r="3" t="189" w="232" /><ent r="4" t="189" w="250" /><ent r="4" t="189" w="286" /><ent r="4" t="189" w="333" /><ent r="3" t="190" w="161" /><ent r="4" t="203" w="2317" /><ent r="4" t="207" w="980" /></phr><phr n="Settings"><ent r="92" t="189" w="227" /><ent r="5" t="195" w="286" /><ent r="3" t="206" w="835" /><ent r="4" t="206" w="864" /><ent r="5" t="222" w="272" /></phr></stem><stem n="specif"><phr n="specific"><ent r="3" t="0" w="35" /><ent r="3" t="26" w="24" /><ent r="3" t="27" w="16" /><ent r="3" t="31" w="30" /><ent r="4" t="32" w="98" /><ent r="3" t="73" w="474" /><ent r="3" t="74" w="275" /><ent r="3" t="94" w="88" /><ent r="4" t="100" w="46" /><ent r="3" t="112" w="24" /><ent r="3" t="129" w="29" /><ent r="3" t="157" w="266" /><ent r="3" t="173" w="892" /><ent r="3" t="202" w="55" /><ent r="3" t="205" w="74" /><ent r="7" t="220" w="166" /><ent r="7" t="220" w="313" /><ent r="7" t="220" w="534" /><ent r="7" t="220" w="589" /><ent r="3" t="244" w="129" /></phr><phr n="Specifications"><ent r="64" t="25" w="231" /><ent r="65" t="29" w="538" /><ent r="1000" t="245" w="6" /><ent r="102" t="245" w="13" /></phr><phr n="Specific"><ent r="92" t="31" w="162" /></phr><phr n="specification"><ent r="3" t="93" w="57" /><ent r="3" t="93" w="59" /><ent r="3" t="93" w="151" /><ent r="3" t="93" w="153" /></phr></stem><stem n="technic"><phr n="technical"><ent r="3" t="0" w="36" /></phr></stem><stem n="sensor"><phr n="sensors"><ent r="3" t="0" w="37" /><ent r="3" t="194" w="45" /><ent r="3" t="206" w="124" /></phr><phr n="Sensor"><ent r="66" t="7" w="268" /><ent r="1000" t="68" w="1" /><ent r="102" t="68" w="4" /><ent r="100" t="68" w="7" /><ent r="3" t="68" w="10" /><ent r="3" t="68" w="182" /><ent r="3" t="68" w="204" /></phr><phr n="sensor"><ent r="3" t="203" w="266" /><ent r="3" t="203" w="275" /><ent r="3" t="209" w="368" /><ent r="7" t="220" w="308" /><ent r="3" t="220" w="728" /><ent r="3" t="243" w="86" /><ent r="3" t="243" w="94" /></phr></stem><stem n="present"><phr n="presents"><ent r="3" t="0" w="39" /></phr><phr n="present"><ent r="3" t="85" w="114" /><ent r="3" t="173" w="994" /><ent r="7" t="220" w="136" /></phr></stem><stem n="us"><phr n="using"><ent r="3" t="0" w="47" /><ent r="3" t="0" w="95" /><ent r="3" t="1" w="98" /><ent r="3" t="2" w="19" /><ent r="3" t="2" w="147" /><ent r="3" t="11" w="70" /><ent r="6" t="14" w="227" /><ent r="6" t="14" w="287" /><ent r="4" t="20" w="391" /><ent r="4" t="20" w="500" /><ent r="3" t="20" w="661" /><ent r="4" t="39" w="80" /><ent r="4" t="41" w="32" /><ent r="3" t="42" w="93" /><ent r="3" t="42" w="115" /><ent r="3" t="47" w="187" /><ent r="3" t="47" w="290" /><ent r="3" t="47" w="494" /><ent r="3" t="47" w="658" /><ent r="3" t="63" w="18" /><ent r="3" t="73" w="394" /><ent r="3" t="75" w="87" /><ent r="4" t="75" w="110" /><ent r="3" t="89" w="156" /><ent r="3" t="89" w="229" /><ent r="3" t="93" w="55" /><ent r="4" t="95" w="179" /><ent r="3" t="98" w="64" /><ent r="3" t="98" w="106" /><ent r="3" t="99" w="19" /><ent r="4" t="100" w="56" /><ent r="3" t="101" w="19" /><ent r="3" t="102" w="217" /><ent r="3" t="102" w="284" /><ent r="4" t="105" w="78" /><ent r="4" t="105" w="108" /><ent r="4" t="105" w="154" /><ent r="3" t="106" w="467" /><ent r="3" t="114" w="233" /><ent r="4" t="115" w="37" /><ent r="4" t="115" w="83" /><ent r="3" t="134" w="381" /><ent r="3" t="136" w="107" /><ent r="4" t="136" w="311" /><ent r="3" t="137" w="34" /><ent r="3" t="137" w="259" /><ent r="6" t="139" w="8" /><ent r="100" t="143" w="6" /><ent r="100" t="143" w="33" /><ent r="3" t="154" w="35" /><ent r="4" t="156" w="60" /><ent r="3" t="159" w="57" /><ent r="3" t="165" w="151" /><ent r="4" t="171" w="73" /><ent r="4" t="171" w="174" /><ent r="4" t="171" w="275" /><ent r="4" t="171" w="434" /><ent r="4" t="171" w="445" /><ent r="3" t="189" w="89" /><ent r="3" t="190" w="24" /><ent r="3" t="192" w="24" /><ent r="3" t="192" w="172" /><ent r="4" t="194" w="160" /><ent r="3" t="195" w="28" /><ent r="3" t="198" w="47" /><ent r="4" t="198" w="194" /><ent r="4" t="200" w="38" /><ent r="4" t="200" w="75" /><ent r="4" t="200" w="105" /><ent r="4" t="200" w="141" /><ent r="3" t="202" w="115" /><ent r="3" t="202" w="145" /><ent r="7" t="202" w="273" /><ent r="64" t="202" w="344" /><ent r="7" t="203" w="490" /><ent r="3" t="203" w="2435" /><ent r="3" t="204" w="59" /><ent r="3" t="204" w="91" /><ent r="3" t="204" w="408" /><ent r="7" t="204" w="639" /><ent r="3" t="204" w="1547" /><ent r="3" t="204" w="1635" /><ent r="4" t="204" w="2932" /><ent r="3" t="204" w="2948" /><ent r="4" t="204" w="3031" /><ent r="3" t="204" w="3088" /><ent r="3" t="204" w="3287" /><ent r="3" t="205" w="83" /><ent r="4" t="205" w="104" /><ent r="7" t="205" w="355" /><ent r="4" t="205" w="647" /><ent r="4" t="205" w="974" /><ent r="3" t="205" w="1138" /><ent r="3" t="205" w="1147" /><ent r="3" t="205" w="1210" /><ent r="4" t="205" w="1325" /><ent r="3" t="205" w="1578" /><ent r="3" t="206" w="56" /><ent r="7" t="206" w="315" /><ent r="3" t="206" w="1172" /><ent r="3" t="206" w="1694" /><ent r="7" t="207" w="553" /><ent r="7" t="208" w="542" /><ent r="4" t="208" w="990" /><ent r="4" t="208" w="1204" /><ent r="3" t="208" w="1263" /><ent r="3" t="208" w="1357" /><ent r="3" t="209" w="38" /><ent r="7" t="209" w="199" /><ent r="3" t="209" w="592" /><ent r="7" t="210" w="466" /><ent r="3" t="210" w="955" /><ent r="3" t="211" w="27" /><ent r="3" t="211" w="129" /><ent r="7" t="211" w="385" /><ent r="3" t="211" w="1402" /><ent r="3" t="211" w="1924" /><ent r="3" t="212" w="125" /><ent r="5" t="212" w="179" /><ent r="7" t="212" w="375" /><ent r="3" t="212" w="1627" /><ent r="3" t="218" w="179" /><ent r="3" t="227" w="172" /><ent r="3" t="231" w="177" /><ent r="3" t="234" w="54" /><ent r="6" t="236" w="119" /><ent r="6" t="236" w="127" /><ent r="7" t="240" w="49" /><ent r="7" t="240" w="59" /><ent r="7" t="240" w="72" /><ent r="7" t="240" w="83" /><ent r="7" t="240" w="91" /></phr><phr n="uses"><ent r="3" t="0" w="54" /><ent r="4" t="20" w="454" /><ent r="4" t="29" w="86" /><ent r="3" t="30" w="95" /><ent r="3" t="83" w="36" /><ent r="3" t="93" w="154" /><ent r="3" t="93" w="167" /><ent r="3" t="134" w="328" /><ent r="3" t="184" w="256" /><ent r="3" t="192" w="15" /><ent r="3" t="202" w="81" /><ent r="3" t="202" w="160" /><ent r="3" t="203" w="282" /><ent r="3" t="204" w="275" /><ent r="3" t="243" w="112" /></phr><phr n="Using"><ent r="4" t="1" w="317" /><ent r="4" t="4" w="172" /><ent r="4" t="36" w="380" /><ent r="3" t="88" w="30" /><ent r="1000" t="143" w="1" /><ent r="102" t="143" w="35" /><ent r="64" t="145" w="53" /><ent r="64" t="145" w="259" /><ent r="64" t="146" w="136" /><ent r="64" t="147" w="192" /><ent r="64" t="148" w="147" /><ent r="64" t="150" w="230" /><ent r="64" t="189" w="197" /><ent r="1000" t="190" w="2" /><ent r="102" t="190" w="9" /><ent r="4" t="198" w="95" /><ent r="64" t="202" w="372" /><ent r="4" t="203" w="383" /><ent r="3" t="203" w="662" /><ent r="3" t="203" w="1836" /><ent r="4" t="204" w="532" /><ent r="3" t="204" w="2076" /><ent r="102" t="205" w="16" /><ent r="4" t="205" w="248" /><ent r="4" t="206" w="208" /><ent r="4" t="207" w="446" /><ent r="4" t="208" w="435" /><ent r="4" t="208" w="746" /><ent r="4" t="208" w="901" /><ent r="4" t="208" w="969" /><ent r="1000" t="209" w="2" /><ent r="102" t="209" w="17" /><ent r="4" t="210" w="359" /><ent r="4" t="212" w="268" /><ent r="3" t="233" w="162" /><ent r="92" t="244" w="154" /></phr><phr n="useful"><ent r="6" t="11" w="129" /><ent r="4" t="57" w="261" /><ent r="3" t="62" w="37" /><ent r="5" t="181" w="197" /><ent r="3" t="188" w="47" /><ent r="3" t="188" w="526" /><ent r="3" t="191" w="28" /></phr><phr n="used"><ent r="7" t="13" w="185" /><ent r="3" t="21" w="39" /><ent r="3" t="22" w="464" /><ent r="3" t="22" w="638" /><ent r="3" t="26" w="41" /><ent r="3" t="27" w="22" /><ent r="3" t="27" w="68" /><ent r="3" t="29" w="9" /><ent r="3" t="30" w="25" /><ent r="3" t="30" w="42" /><ent r="3" t="30" w="118" /><ent r="4" t="34" w="146" /><ent r="3" t="42" w="63" /><ent r="3" t="53" w="77" /><ent r="3" t="69" w="491" /><ent r="3" t="71" w="138" /><ent r="3" t="92" w="47" /><ent r="3" t="106" w="354" /><ent r="3" t="106" w="616" /><ent r="6" t="116" w="357" /><ent r="3" t="119" w="28" /><ent r="4" t="122" w="130" /><ent r="3" t="122" w="157" /><ent r="3" t="122" w="173" /><ent r="4" t="135" w="204" /><ent r="3" t="136" w="41" /><ent r="3" t="136" w="64" /><ent r="3" t="136" w="359" /><ent r="3" t="137" w="297" /><ent r="3" t="143" w="244" /><ent r="3" t="145" w="220" /><ent r="3" t="153" w="655" /><ent r="3" t="172" w="342" /><ent r="3" t="172" w="517" /><ent r="3" t="173" w="334" /><ent r="3" t="173" w="506" /><ent r="3" t="173" w="885" /><ent r="3" t="174" w="332" /><ent r="3" t="174" w="504" /><ent r="3" t="184" w="15" /><ent r="3" t="184" w="40" /><ent r="3" t="184" w="44" /><ent r="3" t="184" w="75" /><ent r="3" t="184" w="327" /><ent r="5" t="188" w="187" /><ent r="3" t="188" w="249" /><ent r="5" t="188" w="342" /><ent r="3" t="188" w="982" /><ent r="6" t="189" w="214" /><ent r="3" t="191" w="580" /><ent r="3" t="194" w="108" /><ent r="4" t="194" w="305" /><ent r="3" t="196" w="65" /><ent r="3" t="197" w="31" /><ent r="3" t="202" w="90" /><ent r="82" t="202" w="213" /><ent r="3" t="203" w="313" /><ent r="3" t="204" w="179" /><ent r="3" t="204" w="189" /><ent r="3" t="204" w="288" /><ent r="3" t="204" w="457" /><ent r="3" t="205" w="182" /><ent r="3" t="205" w="1111" /><ent r="3" t="206" w="118" /><ent r="3" t="206" w="139" /><ent r="3" t="207" w="98" /><ent r="3" t="207" w="112" /><ent r="3" t="207" w="249" /><ent r="3" t="207" w="263" /><ent r="3" t="207" w="380" /><ent r="3" t="208" w="88" /><ent r="3" t="208" w="102" /><ent r="3" t="208" w="239" /><ent r="3" t="208" w="253" /><ent r="3" t="208" w="370" /><ent r="3" t="210" w="294" /><ent r="3" t="211" w="300" /><ent r="4" t="212" w="207" /><ent r="3" t="214" w="22" /><ent r="5" t="216" w="276" /><ent r="3" t="219" w="29" /><ent r="7" t="220" w="576" /><ent r="7" t="220" w="618" /><ent r="7" t="220" w="644" /><ent r="3" t="233" w="49" /><ent r="6" t="236" w="177" /><ent r="6" t="236" w="230" /><ent r="3" t="239" w="27" /><ent r="3" t="242" w="516" /><ent r="3" t="244" w="122" /></phr><phr n="Used"><ent r="4" t="106" w="379" /></phr></stem><stem n="imag"><phr n="images"><ent r="3" t="0" w="48" /><ent r="5" t="7" w="240" /><ent r="3" t="32" w="129" /><ent r="6" t="45" w="63" /><ent r="6" t="49" w="50" /><ent r="6" t="51" w="50" /><ent r="6" t="52" w="50" /><ent r="6" t="53" w="50" /><ent r="6" t="54" w="57" /><ent r="6" t="55" w="53" /><ent r="6" t="56" w="49" /><ent r="6" t="57" w="46" /><ent r="6" t="58" w="46" /><ent r="6" t="59" w="56" /><ent r="4" t="73" w="252" /><ent r="3" t="95" w="29" /><ent r="3" t="96" w="33" /><ent r="3" t="102" w="196" /><ent r="4" t="131" w="69" /><ent r="4" t="131" w="86" /><ent r="6" t="132" w="56" /><ent r="3" t="134" w="29" /><ent r="6" t="134" w="52" /><ent r="3" t="135" w="30" /><ent r="6" t="135" w="53" /><ent r="4" t="137" w="196" /><ent r="4" t="181" w="768" /><ent r="3" t="196" w="44" /><ent r="4" t="198" w="352" /><ent r="4" t="199" w="308" /><ent r="3" t="203" w="756" /><ent r="3" t="204" w="70" /><ent r="3" t="204" w="2399" /><ent r="4" t="204" w="2408" /><ent r="4" t="204" w="2449" /><ent r="3" t="206" w="927" /><ent r="3" t="206" w="962" /><ent r="4" t="206" w="996" /><ent r="4" t="206" w="1349" /><ent r="4" t="206" w="1607" /><ent r="3" t="206" w="1645" /><ent r="3" t="210" w="945" /><ent r="4" t="211" w="1881" /></phr><phr n="image"><ent r="3" t="1" w="253" /><ent r="5" t="3" w="41" /><ent r="3" t="4" w="51" /><ent r="3" t="4" w="75" /><ent r="6" t="7" w="42" /><ent r="6" t="7" w="57" /><ent r="6" t="7" w="77" /><ent r="6" t="7" w="129" /><ent r="5" t="7" w="255" /><ent r="6" t="7" w="320" /><ent r="3" t="8" w="22" /><ent r="3" t="10" w="55" /><ent r="4" t="11" w="21" /><ent r="7" t="12" w="29" /><ent r="7" t="12" w="42" /><ent r="3" t="14" w="58" /><ent r="3" t="20" w="183" /><ent r="3" t="20" w="307" /><ent r="4" t="20" w="515" /><ent r="4" t="20" w="612" /><ent r="3" t="20" w="697" /><ent r="4" t="29" w="404" /><ent r="4" t="29" w="426" /><ent r="3" t="31" w="41" /><ent r="3" t="31" w="78" /><ent r="3" t="31" w="96" /><ent r="3" t="31" w="125" /><ent r="3" t="32" w="131" /><ent r="4" t="38" w="62" /><ent r="4" t="38" w="85" /><ent r="4" t="38" w="108" /><ent r="4" t="38" w="127" /><ent r="4" t="38" w="152" /><ent r="4" t="38" w="182" /><ent r="4" t="38" w="275" /><ent r="4" t="38" w="304" /><ent r="3" t="41" w="51" /><ent r="3" t="42" w="67" /><ent r="3" t="45" w="13" /><ent r="3" t="47" w="159" /><ent r="3" t="47" w="184" /><ent r="3" t="47" w="204" /><ent r="3" t="47" w="262" /><ent r="3" t="47" w="287" /><ent r="3" t="47" w="307" /><ent r="3" t="47" w="466" /><ent r="3" t="47" w="491" /><ent r="3" t="47" w="511" /><ent r="3" t="47" w="630" /><ent r="3" t="47" w="655" /><ent r="3" t="47" w="675" /><ent r="3" t="54" w="37" /><ent r="4" t="57" w="138" /><ent r="4" t="57" w="211" /><ent r="5" t="57" w="641" /><ent r="5" t="57" w="676" /><ent r="5" t="57" w="1076" /><ent r="5" t="57" w="1111" /><ent r="3" t="57" w="1160" /><ent r="4" t="58" w="507" /><ent r="3" t="60" w="13" /><ent r="3" t="62" w="55" /><ent r="4" t="62" w="77" /><ent r="4" t="62" w="79" /><ent r="4" t="65" w="151" /><ent r="4" t="65" w="177" /><ent r="3" t="67" w="24" /><ent r="3" t="67" w="31" /><ent r="4" t="67" w="39" /><ent r="4" t="67" w="54" /><ent r="3" t="68" w="14" /><ent r="4" t="68" w="55" /><ent r="3" t="68" w="132" /><ent r="3" t="69" w="18" /><ent r="3" t="69" w="53" /><ent r="4" t="69" w="118" /><ent r="4" t="69" w="122" /><ent r="4" t="69" w="166" /><ent r="4" t="69" w="286" /><ent r="3" t="69" w="343" /><ent r="100" t="71" w="10" /><ent r="3" t="71" w="18" /><ent r="3" t="71" w="50" /><ent r="3" t="71" w="95" /><ent r="3" t="72" w="127" /><ent r="100" t="74" w="7" /><ent r="3" t="74" w="32" /><ent r="3" t="74" w="38" /><ent r="3" t="74" w="48" /><ent r="3" t="74" w="76" /><ent r="3" t="75" w="34" /><ent r="3" t="75" w="52" /><ent r="3" t="75" w="69" /><ent r="3" t="75" w="79" /><ent r="3" t="75" w="103" /><ent r="4" t="75" w="150" /><ent r="3" t="75" w="169" /><ent r="4" t="75" w="205" /><ent r="3" t="75" w="278" /><ent r="3" t="77" w="18" /><ent r="3" t="77" w="88" /><ent r="3" t="78" w="28" /><ent r="3" t="80" w="26" /><ent r="4" t="80" w="40" /><ent r="4" t="80" w="53" /><ent r="4" t="83" w="160" /><ent r="4" t="83" w="258" /><ent r="3" t="83" w="288" /><ent r="3" t="88" w="18" /><ent r="3" t="88" w="47" /><ent r="3" t="88" w="70" /><ent r="3" t="91" w="46" /><ent r="3" t="91" w="55" /><ent r="100" t="94" w="6" /><ent r="3" t="94" w="15" /><ent r="3" t="94" w="22" /><ent r="3" t="94" w="106" /><ent r="3" t="94" w="109" /><ent r="3" t="94" w="121" /><ent r="3" t="94" w="136" /><ent r="100" t="95" w="12" /><ent r="3" t="96" w="28" /><ent r="3" t="97" w="24" /><ent r="3" t="97" w="33" /><ent r="4" t="97" w="86" /><ent r="3" t="97" w="146" /><ent r="3" t="102" w="140" /><ent r="3" t="102" w="207" /><ent r="3" t="104" w="116" /><ent r="3" t="106" w="569" /><ent r="3" t="112" w="19" /><ent r="5" t="114" w="168" /><ent r="5" t="114" w="199" /><ent r="3" t="120" w="167" /><ent r="3" t="122" w="30" /><ent r="4" t="122" w="230" /><ent r="4" t="125" w="31" /><ent r="4" t="131" w="25" /><ent r="4" t="131" w="56" /><ent r="3" t="132" w="20" /><ent r="3" t="132" w="83" /><ent r="3" t="134" w="380" /><ent r="3" t="134" w="397" /><ent r="4" t="134" w="445" /><ent r="4" t="134" w="530" /><ent r="4" t="134" w="546" /><ent r="3" t="135" w="249" /><ent r="3" t="135" w="339" /><ent r="4" t="135" w="462" /><ent r="3" t="135" w="719" /><ent r="3" t="138" w="112" /><ent r="6" t="139" w="16" /><ent r="3" t="158" w="18" /><ent r="3" t="158" w="23" /><ent r="3" t="166" w="52" /><ent r="3" t="166" w="106" /><ent r="4" t="167" w="35" /><ent r="6" t="171" w="218" /><ent r="4" t="171" w="257" /><ent r="3" t="172" w="13" /><ent r="3" t="172" w="227" /><ent r="4" t="172" w="253" /><ent r="4" t="172" w="271" /><ent r="3" t="181" w="22" /><ent r="3" t="181" w="36" /><ent r="4" t="181" w="100" /><ent r="3" t="181" w="249" /><ent r="3" t="181" w="312" /><ent r="5" t="181" w="676" /><ent r="5" t="181" w="704" /><ent r="4" t="181" w="790" /><ent r="3" t="184" w="52" /><ent r="3" t="184" w="67" /><ent r="3" t="188" w="407" /><ent r="3" t="188" w="452" /><ent r="3" t="188" w="493" /><ent r="3" t="188" w="843" /><ent r="3" t="188" w="965" /><ent r="3" t="188" w="973" /><ent r="3" t="188" w="1023" /><ent r="3" t="189" w="188" /><ent r="6" t="189" w="209" /><ent r="6" t="189" w="223" /><ent r="3" t="191" w="18" /><ent r="3" t="191" w="35" /><ent r="3" t="191" w="403" /><ent r="4" t="191" w="435" /><ent r="4" t="191" w="455" /><ent r="4" t="191" w="475" /><ent r="4" t="196" w="101" /><ent r="4" t="196" w="108" /><ent r="4" t="198" w="80" /><ent r="4" t="198" w="211" /><ent r="3" t="199" w="22" /><ent r="3" t="199" w="65" /><ent r="4" t="199" w="279" /><ent r="4" t="199" w="284" /><ent r="4" t="199" w="375" /><ent r="4" t="200" w="73" /><ent r="4" t="200" w="83" /><ent r="4" t="200" w="103" /><ent r="4" t="200" w="113" /><ent r="100" t="203" w="7" /><ent r="3" t="203" w="36" /><ent r="3" t="203" w="113" /><ent r="3" t="203" w="150" /><ent r="3" t="203" w="302" /><ent r="3" t="203" w="310" /><ent r="4" t="203" w="622" /><ent r="3" t="203" w="751" /><ent r="3" t="203" w="765" /><ent r="4" t="203" w="900" /><ent r="3" t="203" w="1006" /><ent r="4" t="203" w="1107" /><ent r="4" t="203" w="2016" /><ent r="4" t="203" w="2133" /><ent r="4" t="203" w="2232" /><ent r="4" t="203" w="2408" /><ent r="3" t="203" w="2434" /><ent r="3" t="204" w="73" /><ent r="4" t="204" w="102" /><ent r="3" t="204" w="353" /><ent r="3" t="204" w="961" /><ent r="3" t="204" w="1432" /><ent r="4" t="204" w="1837" /><ent r="4" t="204" w="1918" /><ent r="3" t="204" w="2330" /><ent r="4" t="204" w="2335" /><ent r="4" t="204" w="2694" /><ent r="4" t="204" w="2870" /><ent r="4" t="204" w="2891" /><ent r="3" t="204" w="2974" /><ent r="3" t="204" w="3015" /><ent r="3" t="204" w="3072" /><ent r="4" t="204" w="3129" /><ent r="4" t="204" w="3136" /><ent r="4" t="204" w="3158" /><ent r="3" t="204" w="3275" /><ent r="3" t="204" w="3278" /><ent r="3" t="205" w="45" /><ent r="4" t="205" w="546" /><ent r="4" t="205" w="573" /><ent r="4" t="205" w="599" /><ent r="4" t="205" w="610" /><ent r="4" t="205" w="616" /><ent r="4" t="205" w="642" /><ent r="4" t="205" w="646" /><ent r="4" t="205" w="665" /><ent r="4" t="205" w="759" /><ent r="3" t="205" w="853" /><ent r="4" t="205" w="898" /><ent r="4" t="205" w="973" /><ent r="3" t="205" w="1452" /><ent r="3" t="205" w="1464" /><ent r="4" t="206" w="491" /><ent r="4" t="206" w="514" /><ent r="4" t="206" w="1193" /><ent r="4" t="206" w="1221" /><ent r="4" t="206" w="1258" /><ent r="3" t="206" w="1474" /><ent r="3" t="206" w="1670" /><ent r="3" t="206" w="1676" /><ent r="3" t="206" w="1684" /><ent r="4" t="206" w="1742" /><ent r="4" t="206" w="1760" /><ent r="4" t="207" w="1037" /><ent r="3" t="207" w="1115" /><ent r="3" t="208" w="808" /><ent r="4" t="208" w="874" /><ent r="4" t="208" w="913" /><ent r="4" t="210" w="816" /><ent r="4" t="210" w="903" /><ent r="3" t="210" w="1038" /><ent r="4" t="210" w="1115" /><ent r="4" t="210" w="1132" /><ent r="7" t="216" w="219" /><ent r="5" t="216" w="232" /><ent r="5" t="216" w="247" /><ent r="5" t="216" w="271" /><ent r="7" t="220" w="85" /><ent r="7" t="220" w="97" /><ent r="7" t="220" w="109" /><ent r="7" t="220" w="120" /><ent r="7" t="220" w="396" /><ent r="7" t="220" w="403" /><ent r="7" t="220" w="579" /><ent r="7" t="220" w="596" /><ent r="7" t="220" w="610" /><ent r="7" t="220" w="636" /><ent r="7" t="220" w="661" /><ent r="3" t="223" w="212" /><ent r="3" t="223" w="217" /><ent r="3" t="223" w="269" /><ent r="3" t="223" w="284" /><ent r="4" t="228" w="25" /><ent r="4" t="228" w="44" /><ent r="3" t="229" w="27" /><ent r="3" t="229" w="47" /><ent r="4" t="229" w="61" /><ent r="4" t="230" w="24" /><ent r="4" t="230" w="50" /><ent r="4" t="230" w="73" /><ent r="4" t="232" w="26" /><ent r="4" t="232" w="32" /><ent r="4" t="232" w="46" /><ent r="5" t="234" w="229" /><ent r="6" t="236" w="39" /><ent r="6" t="236" w="51" /><ent r="6" t="236" w="60" /><ent r="6" t="236" w="325" /></phr><phr n="Image"><ent r="100" t="1" w="483" /><ent r="92" t="1" w="487" /><ent r="3" t="1" w="492" /><ent r="3" t="1" w="501" /><ent r="3" t="1" w="518" /><ent r="7" t="6" w="108" /><ent r="68" t="6" w="112" /><ent r="67" t="7" w="327" /><ent r="6" t="29" w="295" /><ent r="92" t="57" w="169" /><ent r="4" t="68" w="193" /><ent r="4" t="68" w="198" /><ent r="92" t="69" w="109" /><ent r="92" t="69" w="333" /><ent r="1000" t="71" w="3" /><ent r="102" t="71" w="7" /><ent r="3" t="71" w="61" /><ent r="4" t="71" w="85" /><ent r="92" t="72" w="120" /><ent r="1000" t="74" w="1" /><ent r="100" t="74" w="9" /><ent r="102" t="74" w="13" /><ent r="3" t="74" w="18" /><ent r="3" t="74" w="59" /><ent r="3" t="74" w="109" /><ent r="5" t="74" w="139" /><ent r="3" t="74" w="154" /><ent r="3" t="74" w="161" /><ent r="5" t="74" w="298" /><ent r="4" t="80" w="57" /><ent r="1000" t="94" w="2" /><ent r="102" t="94" w="10" /><ent r="3" t="94" w="33" /><ent r="4" t="94" w="45" /><ent r="4" t="94" w="61" /><ent r="3" t="94" w="92" /><ent r="3" t="94" w="98" /><ent r="64" t="94" w="170" /><ent r="1000" t="95" w="2" /><ent r="102" t="95" w="7" /><ent r="3" t="95" w="18" /><ent r="5" t="95" w="68" /><ent r="5" t="95" w="200" /><ent r="5" t="95" w="244" /><ent r="64" t="95" w="298" /><ent r="64" t="135" w="323" /><ent r="4" t="181" w="107" /><ent r="4" t="182" w="42" /><ent r="64" t="202" w="319" /><ent r="1000" t="203" w="2" /><ent r="103" t="203" w="13" /><ent r="4" t="203" w="60" /><ent r="100" t="203" w="84" /><ent r="4" t="203" w="88" /><ent r="4" t="203" w="293" /><ent r="95" t="203" w="630" /><ent r="92" t="203" w="2186" /><ent r="5" t="203" w="2199" /><ent r="3" t="203" w="2207" /><ent r="4" t="203" w="2219" /><ent r="4" t="203" w="2263" /><ent r="92" t="203" w="2375" /><ent r="92" t="205" w="840" /><ent r="3" t="210" w="1061" /><ent r="4" t="229" w="51" /><ent r="4" t="230" w="58" /><ent r="6" t="236" w="64" /><ent r="6" t="236" w="66" /><ent r="6" t="236" w="144" /><ent r="6" t="236" w="196" /><ent r="6" t="236" w="238" /><ent r="6" t="236" w="300" /><ent r="6" t="236" w="319" /><ent r="6" t="236" w="334" /><ent r="6" t="236" w="336" /><ent r="6" t="236" w="366" /><ent r="6" t="236" w="410" /><ent r="6" t="236" w="447" /><ent r="6" t="236" w="482" /><ent r="6" t="236" w="528" /></phr><phr n="Images"><ent r="6" t="29" w="136" /><ent r="6" t="34" w="45" /><ent r="3" t="42" w="28" /></phr></stem></index>