﻿<?xml version="1.0" encoding="utf-8"?><index><stem n="interleav"><phr n="interleave"><ent r="3" t="173" w="102" /><ent r="7" t="202" w="285" /><ent r="3" t="202" w="725" /><ent r="3" t="216" w="239" /><ent r="3" t="216" w="287" /><ent r="4" t="216" w="393" /><ent r="4" t="216" w="604" /></phr><phr n="Interleave"><ent r="3" t="173" w="111" /><ent r="92" t="216" w="217" /><ent r="4" t="216" w="223" /><ent r="4" t="216" w="544" /><ent r="3" t="216" w="663" /></phr><phr n="interleaved"><ent r="7" t="202" w="297" /><ent r="7" t="202" w="303" /></phr><phr n="interleaving"><ent r="4" t="216" w="557" /><ent r="3" t="216" w="658" /><ent r="3" t="216" w="720" /></phr></stem><stem n="fastest"><phr n="fastest"><ent r="3" t="173" w="107" /><ent r="4" t="216" w="507" /></phr></stem><stem n="bip"><phr n="BIP"><ent r="3" t="173" w="109" /><ent r="7" t="202" w="300" /><ent r="3" t="216" w="233" /><ent r="3" t="216" w="273" /><ent r="3" t="216" w="300" /></phr><phr n="bip"><ent r="5" t="185" w="550" /><ent r="4" t="191" w="296" /><ent r="6" t="191" w="553" /></phr></stem><stem n="convers"><phr n="conversion"><ent r="3" t="173" w="112" /></phr></stem><stem n="2-byte"><phr n="2-byte"><ent r="3" t="173" w="141" /></phr></stem><stem n="“(5"><phr n="“(5"><ent r="3" t="173" w="154" /></phr></stem><stem n=")/2”"><phr n=")/2”"><ent r="3" t="173" w="158" /></phr></stem><stem n="thought"><phr n="thought"><ent r="3" t="173" w="170" /></phr></stem><stem n="“from"><phr n="“from"><ent r="3" t="173" w="190" /><ent r="3" t="173" w="243" /><ent r="3" t="173" w="250" /><ent r="3" t="173" w="265" /><ent r="3" t="173" w="284" /></phr></stem><stem n="7"><phr n="7"><ent r="3" t="173" w="255" /><ent r="3" t="173" w="267" /><ent r="3" t="173" w="270" /><ent r="3" t="173" w="286" /><ent r="4" t="173" w="422" /><ent r="3" t="173" w="607" /><ent r="3" t="194" w="1269" /><ent r="7" t="202" w="146" /><ent r="3" t="202" w="710" /><ent r="3" t="202" w="821" /></phr></stem><stem n="”."><phr n="”."><ent r="3" t="173" w="256" /><ent r="3" t="173" w="271" /><ent r="3" t="173" w="293" /></phr></stem><stem n="gap"><phr n="gaps"><ent r="3" t="173" w="278" /><ent r="3" t="175" w="81" /><ent r="4" t="182" w="63" /><ent r="4" t="182" w="93" /></phr></stem><stem n="exclud"><phr n="excluding"><ent r="3" t="173" w="290" /></phr></stem><stem n="8"><phr n="8"><ent r="3" t="173" w="292" /><ent r="3" t="194" w="1273" /><ent r="7" t="202" w="192" /></phr></stem><stem n="though"><phr n="though"><ent r="4" t="173" w="421" /><ent r="4" t="173" w="441" /></phr></stem><stem n="9"><phr n="9"><ent r="4" t="173" w="442" /><ent r="3" t="173" w="610" /><ent r="3" t="194" w="1279" /><ent r="6" t="194" w="1335" /><ent r="6" t="202" w="234" /></phr></stem><stem n="12"><phr n="12"><ent r="4" t="173" w="460" /><ent r="3" t="173" w="612" /><ent r="6" t="202" w="251" /></phr></stem><stem n=".txt"><phr n=".txt"><ent r="3" t="173" w="541" /><ent r="3" t="173" w="603" /><ent r="3" t="173" w="623" /></phr></stem><stem n="txt"><phr n="txt"><ent r="3" t="173" w="541" /><ent r="3" t="173" w="603" /><ent r="3" t="173" w="623" /></phr></stem><stem n="gui"><phr n="GUI"><ent r="3" t="173" w="580" /></phr></stem><stem n="express"><phr n="expressions"><ent r="3" t="174" w="17" /></phr><phr n="expression"><ent r="4" t="174" w="145" /><ent r="3" t="174" w="168" /><ent r="3" t="174" w="184" /><ent r="3" t="174" w="281" /><ent r="3" t="174" w="294" /><ent r="5" t="193" w="628" /><ent r="3" t="193" w="664" /><ent r="7" t="193" w="1155" /><ent r="4" t="193" w="1229" /><ent r="3" t="193" w="1377" /><ent r="7" t="194" w="958" /><ent r="7" t="194" w="960" /><ent r="3" t="194" w="1255" /></phr><phr n="Expression"><ent r="4" t="193" w="1098" /><ent r="7" t="193" w="1157" /><ent r="7" t="193" w="1163" /><ent r="5" t="193" w="1178" /><ent r="7" t="194" w="966" /></phr></stem><stem n="bands/cub"><phr n="bands/cubes"><ent r="4" t="174" w="152" /><ent r="4" t="174" w="151" /></phr></stem><stem n="bands/cubes."><phr n="bands/cubes."><ent r="4" t="174" w="152" /><ent r="4" t="174" w="151" /></phr></stem><stem n="/cubes."><phr n="/cubes."><ent r="4" t="174" w="153" /></phr></stem><stem n="(and"><phr n="(and"><ent r="3" t="174" w="162" /></phr></stem><stem n="multi-cub"><phr n="multi-cube"><ent r="3" t="174" w="165" /></phr></stem><stem n="-cube),"><phr n="-cube),"><ent r="3" t="174" w="167" /><ent r="3" t="174" w="167" /></phr></stem><stem n="evalu"><phr n="evaluated"><ent r="3" t="174" w="171" /></phr></stem><stem n="definit"><phr n="definitions"><ent r="3" t="174" w="187" /></phr><phr n="Definition"><ent r="6" t="226" w="17" /></phr></stem><stem n="radian"><phr n="Radians"><ent r="5" t="174" w="203" /></phr><phr n="radians"><ent r="4" t="174" w="216" /></phr></stem><stem n="triginometr"><phr n="triginometric"><ent r="4" t="174" w="209" /></phr></stem><stem n="sing"><phr n="singe"><ent r="3" t="174" w="264" /></phr></stem><stem n="blob"><phr n="blobs"><ent r="100" t="175" w="10" /><ent r="3" t="175" w="20" /><ent r="3" t="175" w="33" /><ent r="4" t="182" w="84" /><ent r="4" t="182" w="96" /><ent r="4" t="182" w="114" /><ent r="4" t="182" w="123" /></phr><phr n="blob"><ent r="3" t="175" w="94" /><ent r="4" t="182" w="154" /></phr><phr n="Blobs"><ent r="5" t="175" w="129" /></phr></stem><stem n="contigu"><phr n="contiguous"><ent r="3" t="175" w="17" /></phr></stem><stem n="block"><phr n="blocks"><ent r="3" t="175" w="18" /></phr><phr n="block"><ent r="3" t="193" w="256" /><ent r="4" t="216" w="372" /></phr></stem><stem n="&quot;blobs,&quot;"><phr n="&quot;blobs,&quot;"><ent r="3" t="175" w="21" /></phr></stem><stem n="distinct"><phr n="distinct"><ent r="3" t="175" w="32" /></phr></stem><stem n="clean"><phr n="cleans"><ent r="3" t="175" w="82" /></phr><phr n="clean"><ent r="3" t="186" w="3044" /></phr></stem><stem n="-look"><phr n="-Look"><ent r="1000" t="176" w="3" /><ent r="1000" t="176" w="3" /><ent r="100" t="176" w="10" /><ent r="100" t="176" w="10" /><ent r="102" t="176" w="26" /><ent r="102" t="176" w="26" /><ent r="3" t="176" w="35" /><ent r="3" t="176" w="35" /><ent r="64" t="176" w="315" /><ent r="64" t="176" w="315" /><ent r="1000" t="177" w="3" /><ent r="1000" t="177" w="3" /><ent r="100" t="177" w="10" /><ent r="100" t="177" w="10" /><ent r="102" t="177" w="20" /><ent r="102" t="177" w="20" /><ent r="4" t="177" w="149" /><ent r="4" t="177" w="149" /><ent r="5" t="177" w="158" /><ent r="5" t="177" w="158" /><ent r="3" t="179" w="14" /><ent r="3" t="179" w="14" /><ent r="64" t="184" w="353" /><ent r="64" t="184" w="353" /><ent r="1000" t="188" w="2" /><ent r="1000" t="188" w="2" /><ent r="100" t="188" w="9" /><ent r="100" t="188" w="9" /><ent r="102" t="188" w="19" /><ent r="102" t="188" w="19" /><ent r="3" t="188" w="58" /><ent r="3" t="188" w="58" /><ent r="4" t="188" w="79" /><ent r="4" t="188" w="79" /><ent r="4" t="188" w="108" /><ent r="4" t="188" w="108" /><ent r="4" t="188" w="521" /><ent r="4" t="188" w="521" /><ent r="3" t="188" w="529" /><ent r="3" t="188" w="529" /><ent r="4" t="188" w="539" /><ent r="4" t="188" w="539" /><ent r="3" t="188" w="764" /><ent r="3" t="188" w="764" /><ent r="4" t="188" w="815" /><ent r="4" t="188" w="815" /><ent r="4" t="188" w="905" /><ent r="4" t="188" w="905" /><ent r="4" t="188" w="1012" /><ent r="4" t="188" w="1012" /><ent r="4" t="188" w="1030" /><ent r="4" t="188" w="1030" /><ent r="4" t="188" w="1656" /><ent r="4" t="188" w="1656" /><ent r="3" t="188" w="1725" /><ent r="3" t="188" w="1725" /></phr></stem><stem n="quick"><phr n="Quick"><ent r="1000" t="176" w="3" /><ent r="100" t="176" w="10" /><ent r="100" t="176" w="19" /><ent r="102" t="176" w="26" /><ent r="3" t="176" w="35" /><ent r="64" t="176" w="315" /><ent r="1000" t="177" w="3" /><ent r="100" t="177" w="10" /><ent r="102" t="177" w="20" /><ent r="4" t="177" w="149" /><ent r="5" t="177" w="158" /><ent r="4" t="177" w="276" /><ent r="3" t="179" w="14" /><ent r="64" t="184" w="353" /><ent r="1000" t="188" w="2" /><ent r="100" t="188" w="9" /><ent r="102" t="188" w="19" /><ent r="3" t="188" w="58" /><ent r="4" t="188" w="79" /><ent r="4" t="188" w="108" /><ent r="4" t="188" w="521" /><ent r="3" t="188" w="529" /><ent r="4" t="188" w="539" /><ent r="3" t="188" w="764" /><ent r="4" t="188" w="815" /><ent r="4" t="188" w="905" /><ent r="4" t="188" w="1012" /><ent r="4" t="188" w="1030" /><ent r="4" t="188" w="1307" /><ent r="4" t="188" w="1656" /><ent r="3" t="188" w="1725" /></phr></stem><stem n="quick-look"><phr n="Quick-Look"><ent r="1000" t="176" w="3" /><ent r="100" t="176" w="10" /><ent r="100" t="176" w="19" /><ent r="102" t="176" w="26" /><ent r="3" t="176" w="35" /><ent r="64" t="176" w="315" /><ent r="1000" t="177" w="3" /><ent r="100" t="177" w="10" /><ent r="102" t="177" w="20" /><ent r="4" t="177" w="149" /><ent r="5" t="177" w="158" /><ent r="3" t="179" w="14" /><ent r="64" t="184" w="353" /><ent r="1000" t="188" w="2" /><ent r="100" t="188" w="9" /><ent r="102" t="188" w="19" /><ent r="3" t="188" w="58" /><ent r="4" t="188" w="79" /><ent r="4" t="188" w="108" /><ent r="4" t="188" w="521" /><ent r="3" t="188" w="529" /><ent r="4" t="188" w="539" /><ent r="3" t="188" w="764" /><ent r="4" t="188" w="815" /><ent r="4" t="188" w="905" /><ent r="4" t="188" w="1012" /><ent r="4" t="188" w="1030" /><ent r="4" t="188" w="1656" /><ent r="3" t="188" w="1725" /></phr></stem><stem n="-in:quick-look"><phr n="-in:Quick-Look"><ent r="100" t="176" w="19" /><ent r="100" t="176" w="20" /></phr></stem><stem n="fuse"><phr n="fuses"><ent r="3" t="176" w="41" /><ent r="4" t="182" w="51" /></phr><phr n="fusing"><ent r="3" t="176" w="117" /><ent r="4" t="177" w="91" /><ent r="3" t="188" w="622" /><ent r="4" t="188" w="1073" /></phr><phr n="fused"><ent r="4" t="176" w="137" /><ent r="4" t="176" w="152" /><ent r="4" t="176" w="206" /><ent r="3" t="179" w="37" /><ent r="3" t="180" w="42" /><ent r="4" t="180" w="170" /><ent r="100" t="181" w="5" /><ent r="4" t="181" w="362" /><ent r="4" t="188" w="99" /><ent r="3" t="188" w="1106" /><ent r="4" t="188" w="1244" /></phr><phr n="fuse"><ent r="4" t="176" w="221" /><ent r="3" t="188" w="120" /><ent r="4" t="188" w="1203" /></phr><phr n="Fused"><ent r="64" t="180" w="363" /><ent r="1000" t="181" w="2" /><ent r="102" t="181" w="9" /></phr></stem><stem n="eo"><phr n="EO"><ent r="3" t="176" w="48" /><ent r="4" t="177" w="97" /></phr></stem><stem n="thermal"><phr n="Thermal"><ent r="3" t="176" w="50" /></phr></stem><stem n="ir"><phr n="IR"><ent r="3" t="176" w="51" /><ent r="3" t="186" w="316" /></phr><phr n="ir"><ent r="5" t="188" w="413" /><ent r="5" t="188" w="421" /><ent r="5" t="188" w="432" /><ent r="5" t="188" w="455" /><ent r="5" t="188" w="558" /><ent r="5" t="188" w="575" /></phr></stem><stem n="skew"><phr n="skewed"><ent r="3" t="176" w="60" /><ent r="3" t="188" w="133" /></phr></stem><stem n="translat"><phr n="translated"><ent r="3" t="176" w="63" /><ent r="3" t="188" w="136" /></phr><phr n="translation"><ent r="3" t="181" w="61" /><ent r="3" t="188" w="1402" /></phr></stem><stem n="-gener"><phr n="-generation"><ent r="3" t="176" w="65" /><ent r="3" t="176" w="65" /></phr></stem><stem n="next-gener"><phr n="next-generation"><ent r="3" t="176" w="65" /></phr></stem><stem n="better"><phr n="better"><ent r="3" t="176" w="72" /><ent r="4" t="177" w="88" /><ent r="3" t="186" w="972" /><ent r="3" t="188" w="619" /><ent r="4" t="216" w="429" /></phr></stem><stem n="design"><phr n="designed"><ent r="3" t="176" w="86" /><ent r="3" t="185" w="101" /></phr><phr n="designated"><ent r="3" t="184" w="49" /></phr><phr n="Designate"><ent r="92" t="187" w="836" /><ent r="4" t="188" w="93" /></phr><phr n="designate"><ent r="3" t="187" w="848" /></phr><phr n="designates"><ent r="3" t="189" w="293" /><ent r="3" t="190" w="283" /></phr></stem><stem n="restrict"><phr n="restrictions"><ent r="3" t="176" w="125" /><ent r="4" t="216" w="605" /></phr><phr n="Restrictions"><ent r="6" t="241" w="36" /></phr></stem><stem n="secondari"><phr n="Secondary"><ent r="4" t="176" w="133" /><ent r="4" t="177" w="75" /><ent r="4" t="177" w="115" /><ent r="4" t="177" w="184" /><ent r="5" t="180" w="228" /><ent r="4" t="188" w="585" /><ent r="3" t="188" w="604" /><ent r="3" t="188" w="644" /><ent r="4" t="188" w="1522" /></phr><phr n="secondary"><ent r="3" t="177" w="44" /><ent r="4" t="178" w="107" /><ent r="4" t="180" w="210" /><ent r="3" t="181" w="64" /><ent r="4" t="181" w="278" /><ent r="3" t="188" w="1405" /><ent r="3" t="188" w="1601" /><ent r="4" t="188" w="1666" /></phr></stem><stem n="lack"><phr n="lacking"><ent r="4" t="176" w="154" /></phr></stem><stem n="(ground"><phr n="(Ground"><ent r="4" t="176" w="162" /></phr></stem><stem n="accur"><phr n="accurately"><ent r="4" t="176" w="200" /></phr><phr n="accurate"><ent r="3" t="177" w="250" /><ent r="3" t="186" w="964" /><ent r="3" t="188" w="728" /></phr></stem><stem n="-by-sid"><phr n="-by-side"><ent r="4" t="176" w="208" /><ent r="4" t="176" w="209" /><ent r="4" t="176" w="223" /><ent r="4" t="176" w="224" /><ent r="4" t="180" w="241" /><ent r="4" t="180" w="242" /><ent r="3" t="181" w="31" /><ent r="3" t="181" w="32" /><ent r="3" t="181" w="295" /><ent r="3" t="181" w="296" /><ent r="4" t="181" w="305" /><ent r="4" t="181" w="306" /><ent r="4" t="181" w="382" /><ent r="4" t="181" w="383" /><ent r="4" t="181" w="402" /><ent r="4" t="181" w="403" /><ent r="3" t="188" w="1641" /><ent r="3" t="188" w="1642" /><ent r="4" t="188" w="1684" /><ent r="4" t="188" w="1685" /><ent r="3" t="188" w="1716" /><ent r="3" t="188" w="1717" /></phr><phr n="-by-Side"><ent r="3" t="180" w="51" /><ent r="3" t="180" w="52" /><ent r="5" t="180" w="143" /><ent r="5" t="180" w="144" /><ent r="92" t="181" w="287" /><ent r="92" t="181" w="288" /><ent r="3" t="188" w="1117" /><ent r="3" t="188" w="1118" /><ent r="92" t="188" w="1633" /><ent r="92" t="188" w="1634" /></phr></stem><stem n="side-bi"><phr n="side-by"><ent r="4" t="176" w="208" /><ent r="4" t="176" w="223" /><ent r="4" t="180" w="241" /><ent r="3" t="181" w="31" /><ent r="3" t="181" w="295" /><ent r="4" t="181" w="305" /><ent r="4" t="181" w="382" /><ent r="4" t="181" w="402" /><ent r="4" t="186" w="2390" /><ent r="3" t="188" w="1641" /><ent r="4" t="188" w="1684" /><ent r="3" t="188" w="1716" /><ent r="4" t="192" w="904" /></phr><phr n="Side-by"><ent r="3" t="180" w="51" /><ent r="5" t="180" w="143" /><ent r="92" t="181" w="287" /><ent r="3" t="188" w="1117" /><ent r="92" t="188" w="1633" /></phr></stem><stem n="side-by-sid"><phr n="side-by-side"><ent r="4" t="176" w="208" /><ent r="4" t="176" w="223" /><ent r="4" t="180" w="241" /><ent r="3" t="181" w="31" /><ent r="3" t="181" w="295" /><ent r="4" t="181" w="305" /><ent r="4" t="181" w="382" /><ent r="4" t="181" w="402" /><ent r="4" t="186" w="2390" /><ent r="3" t="188" w="1641" /><ent r="4" t="188" w="1684" /><ent r="3" t="188" w="1716" /><ent r="4" t="192" w="904" /></phr><phr n="Side-by-Side"><ent r="3" t="180" w="51" /><ent r="5" t="180" w="143" /><ent r="92" t="181" w="287" /><ent r="3" t="188" w="1117" /><ent r="92" t="188" w="1633" /></phr></stem><stem n="by-sid"><phr n="by-side"><ent r="4" t="176" w="209" /><ent r="4" t="176" w="224" /><ent r="4" t="180" w="242" /><ent r="3" t="181" w="32" /><ent r="3" t="181" w="296" /><ent r="4" t="181" w="306" /><ent r="4" t="181" w="383" /><ent r="4" t="181" w="403" /><ent r="4" t="186" w="2391" /><ent r="3" t="188" w="1642" /><ent r="4" t="188" w="1685" /><ent r="3" t="188" w="1717" /><ent r="4" t="192" w="905" /></phr><phr n="by-Side"><ent r="3" t="180" w="52" /><ent r="5" t="180" w="144" /><ent r="92" t="181" w="288" /><ent r="3" t="188" w="1118" /><ent r="92" t="188" w="1634" /></phr></stem><stem n="why"><phr n="why"><ent r="4" t="176" w="218" /></phr></stem><stem n="fall"><phr n="fall"><ent r="4" t="176" w="241" /></phr></stem><stem n="categori"><phr n="category"><ent r="4" t="176" w="244" /></phr></stem><stem n="geoloc"><phr n="geolocation"><ent r="4" t="176" w="250" /><ent r="3" t="178" w="56" /><ent r="3" t="188" w="878" /></phr></stem><stem n="problem"><phr n="problems"><ent r="4" t="176" w="258" /></phr></stem><stem n="desk"><phr n="Desk"><ent r="4" t="176" w="269" /></phr></stem><stem n="“not"><phr n="“Not"><ent r="4" t="176" w="277" /></phr></stem><stem n="“for"><phr n="“For"><ent r="4" t="176" w="282" /></phr></stem><stem n="dodii"><phr n="DODIIS"><ent r="4" t="176" w="299" /></phr></stem><stem n="certifi"><phr n="certified"><ent r="4" t="176" w="300" /></phr></stem><stem n="-in:start"><phr n="-in:starting"><ent r="100" t="177" w="16" /><ent r="100" t="177" w="16" /></phr></stem><stem n="properli"><phr n="properly"><ent r="4" t="177" w="61" /></phr></stem><stem n="recommend"><phr n="recommend"><ent r="4" t="177" w="64" /><ent r="3" t="188" w="593" /><ent r="3" t="188" w="708" /><ent r="3" t="193" w="1701" /></phr></stem><stem n="produc"><phr n="produce"><ent r="4" t="177" w="86" /><ent r="3" t="185" w="239" /><ent r="3" t="188" w="617" /><ent r="3" t="192" w="930" /></phr></stem><stem n="("><phr n="("><ent r="4" t="177" w="189" /><ent r="4" t="177" w="259" /><ent r="4" t="178" w="220" /><ent r="4" t="180" w="148" /><ent r="4" t="180" w="188" /><ent r="4" t="180" w="246" /><ent r="4" t="181" w="184" /><ent r="3" t="186" w="1620" /><ent r="4" t="188" w="664" /><ent r="4" t="194" w="472" /><ent r="3" t="200" w="12" /></phr></stem><stem n="agre"><phr n="agree"><ent r="3" t="177" w="239" /></phr></stem><stem n="did"><phr n="did"><ent r="3" t="177" w="330" /></phr></stem><stem n="correct"><phr n="correct"><ent r="3" t="178" w="52" /><ent r="4" t="178" w="252" /><ent r="4" t="186" w="2204" /><ent r="3" t="188" w="874" /><ent r="3" t="220" w="209" /><ent r="3" t="225" w="173" /><ent r="3" t="235" w="394" /></phr></stem><stem n="inconsist"><phr n="inconsistencies"><ent r="3" t="178" w="53" /><ent r="3" t="188" w="875" /></phr></stem><stem n="visibl"><phr n="visible"><ent r="3" t="178" w="214" /><ent r="4" t="178" w="269" /><ent r="3" t="186" w="308" /><ent r="4" t="188" w="493" /><ent r="3" t="193" w="268" /><ent r="3" t="193" w="296" /><ent r="4" t="231" w="81" /><ent r="3" t="231" w="91" /></phr></stem><stem n="verifi"><phr n="Verify"><ent r="5" t="178" w="241" /></phr><phr n="verify"><ent r="4" t="178" w="245" /></phr></stem><stem n="-hair"><phr n="-hair"><ent r="4" t="178" w="266" /><ent r="4" t="178" w="266" /></phr></stem><stem n="cross"><phr n="cross"><ent r="4" t="178" w="266" /><ent r="4" t="178" w="282" /></phr></stem><stem n="cross-hair"><phr n="cross-hair"><ent r="4" t="178" w="266" /><ent r="4" t="178" w="282" /></phr></stem><stem n="hair"><phr n="hair"><ent r="4" t="178" w="267" /><ent r="4" t="178" w="283" /></phr></stem><stem n="-hair."><phr n="-hair."><ent r="4" t="178" w="284" /><ent r="4" t="178" w="284" /></phr></stem><stem n="transfer"><phr n="transferring"><ent r="3" t="179" w="25" /></phr><phr n="transfer"><ent r="4" t="179" w="127" /></phr></stem><stem n="flicker"><phr n="Flicker"><ent r="3" t="180" w="48" /><ent r="5" t="180" w="138" /><ent r="5" t="180" w="155" /><ent r="5" t="180" w="184" /><ent r="92" t="181" w="75" /><ent r="5" t="181" w="116" /><ent r="5" t="181" w="128" /><ent r="4" t="181" w="349" /><ent r="3" t="188" w="1114" /><ent r="5" t="188" w="1220" /><ent r="5" t="188" w="1228" /><ent r="92" t="188" w="1367" /><ent r="4" t="188" w="1433" /></phr><phr n="flicker"><ent r="4" t="180" w="165" /><ent r="4" t="180" w="171" /><ent r="4" t="180" w="176" /><ent r="4" t="180" w="196" /><ent r="3" t="181" w="38" /><ent r="3" t="181" w="42" /><ent r="3" t="181" w="49" /><ent r="3" t="181" w="69" /><ent r="3" t="181" w="71" /><ent r="3" t="181" w="85" /><ent r="3" t="181" w="101" /><ent r="3" t="181" w="136" /><ent r="3" t="181" w="156" /><ent r="4" t="181" w="161" /><ent r="4" t="181" w="174" /><ent r="4" t="181" w="182" /><ent r="3" t="181" w="212" /><ent r="4" t="181" w="217" /><ent r="4" t="181" w="358" /><ent r="4" t="181" w="363" /><ent r="4" t="181" w="370" /><ent r="4" t="181" w="379" /><ent r="4" t="188" w="1239" /><ent r="4" t="188" w="1245" /><ent r="3" t="188" w="1379" /><ent r="3" t="188" w="1386" /><ent r="3" t="188" w="1393" /><ent r="3" t="188" w="1410" /><ent r="3" t="188" w="1412" /><ent r="3" t="188" w="1417" /><ent r="3" t="188" w="1440" /><ent r="3" t="188" w="1462" /><ent r="4" t="188" w="1467" /><ent r="4" t="188" w="1485" /><ent r="4" t="188" w="1495" /><ent r="3" t="188" w="1501" /><ent r="4" t="188" w="1506" /><ent r="4" t="188" w="1648" /></phr><phr n="flickering"><ent r="4" t="181" w="343" /></phr></stem><stem n="/blend"><phr n="/Blend"><ent r="3" t="180" w="49" /><ent r="5" t="180" w="139" /><ent r="92" t="181" w="76" /><ent r="3" t="188" w="1115" /><ent r="5" t="188" w="1221" /><ent r="92" t="188" w="1368" /></phr><phr n="/blend"><ent r="3" t="181" w="39" /><ent r="3" t="181" w="50" /><ent r="3" t="188" w="1380" /><ent r="3" t="188" w="1394" /></phr></stem><stem n="flicker/blend"><phr n="Flicker/Blend"><ent r="3" t="180" w="49" /><ent r="3" t="180" w="48" /><ent r="5" t="180" w="139" /><ent r="5" t="180" w="138" /><ent r="92" t="181" w="76" /><ent r="92" t="181" w="75" /><ent r="3" t="188" w="1115" /><ent r="3" t="188" w="1114" /><ent r="5" t="188" w="1221" /><ent r="5" t="188" w="1220" /><ent r="92" t="188" w="1368" /><ent r="92" t="188" w="1367" /></phr><phr n="flicker/blend"><ent r="3" t="181" w="39" /><ent r="3" t="181" w="38" /><ent r="3" t="181" w="50" /><ent r="3" t="181" w="49" /><ent r="3" t="188" w="1380" /><ent r="3" t="188" w="1379" /><ent r="3" t="188" w="1394" /><ent r="3" t="188" w="1393" /></phr></stem><stem n="done"><phr n="done"><ent r="5" t="180" w="158" /><ent r="5" t="188" w="1233" /><ent r="4" t="188" w="1710" /></phr></stem><stem n="optim"><phr n="Optimize"><ent r="5" t="180" w="273" /></phr><phr n="optimizations"><ent r="3" t="185" w="272" /></phr></stem><stem n="restart"><phr n="restarting"><ent r="4" t="180" w="293" /><ent r="4" t="180" w="354" /><ent r="4" t="188" w="1283" /></phr><phr n="restart"><ent r="4" t="181" w="356" /></phr></stem><stem n="soon"><phr n="soon"><ent r="4" t="180" w="319" /></phr></stem><stem n="/manual"><phr n="/manual"><ent r="3" t="181" w="68" /><ent r="3" t="188" w="1409" /></phr></stem><stem n="automated/manu"><phr n="automated/manual"><ent r="3" t="181" w="68" /><ent r="3" t="181" w="67" /><ent r="3" t="188" w="1409" /><ent r="3" t="188" w="1408" /></phr></stem><stem n="de-select"><phr n="de-selecting"><ent r="4" t="181" w="204" /><ent r="6" t="226" w="401" /></phr><phr n="de-select"><ent r="3" t="214" w="43" /><ent r="3" t="214" w="73" /></phr></stem><stem n=",y"><phr n=",y"><ent r="3" t="181" w="262" /></phr></stem><stem n="x,y"><phr n="x,y"><ent r="3" t="181" w="262" /><ent r="3" t="181" w="261" /></phr></stem><stem n="/"><phr n="/"><ent r="4" t="181" w="317" /><ent r="4" t="181" w="321" /><ent r="4" t="181" w="325" /><ent r="4" t="181" w="329" /><ent r="5" t="186" w="3228" /><ent r="3" t="202" w="693" /><ent r="3" t="234" w="203" /></phr></stem><stem n="shift+z"><phr n="Shift+Z"><ent r="4" t="181" w="317" /></phr></stem><stem n="==&gt;"><phr n="==&gt;"><ent r="4" t="181" w="318" /><ent r="4" t="181" w="326" /><ent r="4" t="181" w="334" /></phr></stem><stem n="shift+right"><phr n="Shift+Right"><ent r="4" t="181" w="325" /></phr></stem><stem n="binari"><phr n="binary"><ent r="3" t="182" w="19" /></phr></stem><stem n="dilat"><phr n="dilation"><ent r="4" t="182" w="33" /><ent r="4" t="182" w="74" /><ent r="4" t="182" w="140" /></phr><phr n="Dilation"><ent r="5" t="182" w="68" /><ent r="4" t="182" w="70" /><ent r="4" t="182" w="81" /></phr></stem><stem n="eros"><phr n="erosion"><ent r="4" t="182" w="37" /><ent r="4" t="182" w="104" /><ent r="4" t="182" w="136" /></phr><phr n="Erosion"><ent r="5" t="182" w="98" /><ent r="4" t="182" w="100" /><ent r="4" t="182" w="111" /></phr></stem><stem n="3x3"><phr n="3x3"><ent r="4" t="182" w="40" /><ent r="4" t="182" w="77" /><ent r="4" t="182" w="107" /><ent r="4" t="182" w="143" /></phr></stem><stem n="contour"><phr n="contours"><ent r="4" t="182" w="50" /></phr><phr n="contour"><ent r="4" t="182" w="66" /><ent r="4" t="182" w="151" /></phr></stem><stem n="narrow"><phr n="narrow"><ent r="4" t="182" w="52" /><ent r="4" t="182" w="156" /></phr></stem><stem n="break"><phr n="breaks"><ent r="4" t="182" w="53" /><ent r="4" t="182" w="155" /></phr></stem><stem n="thin"><phr n="thin"><ent r="4" t="182" w="56" /><ent r="4" t="182" w="160" /></phr></stem><stem n="gulf"><phr n="gulfs"><ent r="4" t="182" w="57" /></phr></stem><stem n="hole"><phr n="holes"><ent r="4" t="182" w="60" /></phr></stem><stem n="grow"><phr n="grow"><ent r="4" t="182" w="86" /></phr></stem><stem n="nearbi"><phr n="nearby"><ent r="4" t="182" w="95" /></phr></stem><stem n="shrink"><phr n="shrink"><ent r="4" t="182" w="116" /></phr></stem><stem n="-2"><phr n="-2"><ent r="4" t="182" w="127" /><ent r="4" t="182" w="127" /></phr></stem><stem n="1-2"><phr n="1-2"><ent r="4" t="182" w="127" /></phr></stem><stem n="isthmus"><phr n="isthmuses"><ent r="4" t="182" w="157" /></phr></stem><stem n="protrus"><phr n="protrusions"><ent r="4" t="182" w="161" /></phr></stem><stem n="radiu"><phr n="radius"><ent r="5" t="183" w="63" /><ent r="4" t="183" w="70" /><ent r="4" t="183" w="83" /><ent r="3" t="183" w="150" /><ent r="3" t="233" w="455" /></phr></stem><stem n="larg"><phr n="large"><ent r="4" t="183" w="68" /><ent r="3" t="185" w="1459" /><ent r="4" t="216" w="375" /></phr></stem><stem n="smaller"><phr n="smaller"><ent r="4" t="183" w="81" /><ent r="3" t="185" w="678" /></phr></stem><stem n="(zoom"><phr n="(zoomed"><ent r="3" t="183" w="132" /></phr></stem><stem n="centroid"><phr n="centroid"><ent r="3" t="183" w="154" /></phr></stem><stem n="&quot;clusters.&quot;"><phr n="&quot;clusters.&quot;"><ent r="3" t="183" w="163" /></phr></stem><stem n="!"><phr n="!"><ent r="3" t="184" w="13" /></phr></stem><stem n="studio"><phr n="Studio"><ent r="3" t="184" w="19" /></phr></stem><stem n="scenario"><phr n="scenarios"><ent r="3" t="184" w="27" /></phr><phr n="scenario"><ent r="3" t="184" w="64" /><ent r="3" t="187" w="1193" /></phr></stem><stem n="learn"><phr n="Learning"><ent r="3" t="184" w="51" /><ent r="82" t="184" w="69" /><ent r="4" t="185" w="20" /><ent r="4" t="186" w="37" /><ent r="4" t="187" w="26" /><ent r="4" t="188" w="28" /><ent r="4" t="189" w="18" /><ent r="4" t="190" w="21" /><ent r="4" t="191" w="25" /><ent r="4" t="192" w="18" /><ent r="4" t="193" w="14" /><ent r="4" t="194" w="22" /></phr><phr n="learned"><ent r="3" t="193" w="121" /></phr></stem><stem n="intend"><phr n="Intended"><ent r="92" t="184" w="66" /></phr><phr n="intended"><ent r="3" t="184" w="73" /></phr></stem><stem n="audienc"><phr n="audience"><ent r="92" t="184" w="67" /><ent r="3" t="184" w="74" /></phr></stem><stem n="anyon"><phr n="anyone"><ent r="3" t="184" w="79" /></phr></stem><stem n="users/oper"><phr n="users/operators"><ent r="3" t="184" w="99" /><ent r="3" t="184" w="98" /></phr></stem><stem n="users/operators,"><phr n="users/operators,"><ent r="3" t="184" w="99" /><ent r="3" t="184" w="98" /></phr></stem><stem n="/operators,"><phr n="/operators,"><ent r="3" t="184" w="100" /></phr></stem><stem n="supervisor"><phr n="supervisors"><ent r="3" t="184" w="103" /></phr></stem><stem n="critic"><phr n="criticality"><ent r="82" t="184" w="106" /></phr><phr n="critical"><ent r="3" t="184" w="155" /><ent r="3" t="202" w="32" /></phr></stem></index>