﻿<?xml version="1.0" encoding="utf-8"?><index><stem n="put"><phr n="Puts"><ent r="5" t="6" w="168" /></phr><phr n="puts"><ent r="3" t="57" w="21" /></phr><phr n="put"><ent r="3" t="126" w="357" /></phr></stem><stem n="-in,"><phr n="-in,"><ent r="7" t="6" w="189" /><ent r="7" t="6" w="189" /><ent r="3" t="105" w="82" /><ent r="3" t="105" w="82" /><ent r="4" t="105" w="195" /><ent r="4" t="105" w="195" /><ent r="3" t="111" w="424" /><ent r="3" t="111" w="424" /><ent r="3" t="111" w="438" /><ent r="3" t="111" w="438" /><ent r="3" t="111" w="466" /><ent r="3" t="111" w="466" /><ent r="3" t="111" w="482" /><ent r="3" t="111" w="482" /><ent r="3" t="159" w="23" /><ent r="3" t="159" w="23" /><ent r="3" t="159" w="34" /><ent r="3" t="159" w="34" /><ent r="3" t="159" w="294" /><ent r="3" t="159" w="294" /><ent r="3" t="169" w="107" /><ent r="3" t="169" w="107" /><ent r="3" t="169" w="129" /><ent r="3" t="169" w="129" /><ent r="4" t="177" w="282" /><ent r="4" t="177" w="282" /><ent r="3" t="184" w="139" /><ent r="3" t="184" w="139" /><ent r="3" t="193" w="987" /><ent r="3" t="193" w="987" /></phr><phr n="-In,"><ent r="3" t="170" w="210" /><ent r="3" t="170" w="210" /></phr></stem><stem n="element"><phr n="elements"><ent r="7" t="6" w="192" /><ent r="3" t="78" w="344" /><ent r="3" t="112" w="14" /><ent r="3" t="112" w="33" /><ent r="4" t="112" w="187" /><ent r="3" t="112" w="276" /><ent r="3" t="113" w="21" /><ent r="3" t="113" w="124" /><ent r="3" t="160" w="192" /><ent r="3" t="196" w="25" /></phr><phr n="element"><ent r="4" t="24" w="33" /><ent r="4" t="24" w="41" /><ent r="4" t="27" w="108" /><ent r="100" t="31" w="14" /><ent r="3" t="31" w="24" /><ent r="3" t="31" w="79" /><ent r="4" t="54" w="153" /><ent r="4" t="69" w="88" /><ent r="3" t="112" w="25" /><ent r="3" t="112" w="38" /><ent r="3" t="112" w="62" /><ent r="3" t="112" w="71" /><ent r="3" t="112" w="293" /><ent r="3" t="128" w="29" /><ent r="3" t="140" w="175" /><ent r="3" t="159" w="25" /><ent r="3" t="159" w="36" /><ent r="3" t="159" w="296" /><ent r="3" t="160" w="36" /><ent r="3" t="160" w="57" /><ent r="3" t="160" w="65" /><ent r="3" t="160" w="110" /><ent r="3" t="160" w="287" /><ent r="3" t="160" w="758" /><ent r="3" t="160" w="969" /><ent r="3" t="160" w="974" /><ent r="3" t="160" w="993" /><ent r="3" t="160" w="1007" /><ent r="4" t="182" w="43" /><ent r="4" t="182" w="80" /><ent r="4" t="182" w="110" /><ent r="4" t="182" w="146" /><ent r="4" t="216" w="299" /><ent r="3" t="216" w="405" /><ent r="3" t="216" w="412" /><ent r="3" t="216" w="428" /><ent r="3" t="229" w="321" /><ent r="3" t="236" w="184" /><ent r="4" t="236" w="424" /></phr><phr n="Elements"><ent r="4" t="27" w="111" /><ent r="5" t="44" w="49" /><ent r="3" t="78" w="90" /><ent r="92" t="78" w="335" /><ent r="3" t="78" w="339" /><ent r="100" t="160" w="11" /><ent r="4" t="160" w="86" /><ent r="3" t="160" w="939" /><ent r="92" t="160" w="962" /><ent r="6" t="191" w="542" /><ent r="4" t="216" w="302" /><ent r="5" t="236" w="417" /></phr><phr n="Element"><ent r="1000" t="31" w="4" /><ent r="102" t="31" w="9" /><ent r="5" t="91" w="591" /><ent r="64" t="159" w="1022" /><ent r="1000" t="160" w="2" /><ent r="100" t="160" w="6" /><ent r="102" t="160" w="14" /><ent r="3" t="160" w="19" /><ent r="3" t="160" w="73" /><ent r="5" t="168" w="251" /><ent r="5" t="187" w="1262" /><ent r="5" t="190" w="1089" /><ent r="3" t="193" w="979" /><ent r="3" t="193" w="999" /><ent r="3" t="193" w="1002" /><ent r="3" t="193" w="1018" /><ent r="7" t="193" w="1127" /><ent r="7" t="194" w="1027" /><ent r="3" t="194" w="1035" /><ent r="3" t="194" w="1040" /><ent r="3" t="194" w="1044" /><ent r="82" t="221" w="137" /><ent r="3" t="221" w="141" /><ent r="64" t="221" w="216" /><ent r="64" t="229" w="15" /><ent r="64" t="236" w="30" /><ent r="3" t="236" w="172" /><ent r="82" t="236" w="322" /><ent r="3" t="236" w="326" /><ent r="65" t="236" w="451" /><ent r="4" t="236" w="458" /><ent r="64" t="242" w="19" /></phr></stem><stem n="/menu"><phr n="/Menu"><ent r="6" t="7" w="14" /><ent r="7" t="11" w="90" /></phr></stem><stem n="button/menu"><phr n="Button/Menu"><ent r="6" t="7" w="14" /><ent r="6" t="7" w="13" /><ent r="7" t="11" w="90" /><ent r="7" t="11" w="89" /></phr></stem><stem n="must"><phr n="must"><ent r="6" t="7" w="38" /><ent r="6" t="7" w="53" /><ent r="3" t="13" w="32" /><ent r="3" t="18" w="78" /><ent r="4" t="20" w="360" /><ent r="3" t="21" w="210" /><ent r="3" t="22" w="53" /><ent r="4" t="27" w="63" /><ent r="4" t="29" w="231" /><ent r="4" t="32" w="98" /><ent r="3" t="44" w="29" /><ent r="4" t="49" w="199" /><ent r="3" t="59" w="124" /><ent r="3" t="64" w="57" /><ent r="3" t="88" w="178" /><ent r="3" t="97" w="31" /><ent r="4" t="109" w="526" /><ent r="3" t="111" w="259" /><ent r="6" t="114" w="13" /><ent r="3" t="115" w="33" /><ent r="3" t="122" w="151" /><ent r="3" t="132" w="167" /><ent r="3" t="133" w="85" /><ent r="3" t="137" w="56" /><ent r="3" t="140" w="170" /><ent r="5" t="170" w="182" /><ent r="3" t="170" w="424" /><ent r="3" t="177" w="35" /><ent r="4" t="177" w="49" /><ent r="4" t="186" w="1170" /><ent r="4" t="186" w="1559" /><ent r="4" t="188" w="829" /><ent r="3" t="188" w="849" /><ent r="3" t="189" w="801" /><ent r="4" t="192" w="134" /><ent r="4" t="192" w="182" /><ent r="3" t="193" w="865" /><ent r="3" t="193" w="1267" /><ent r="3" t="193" w="1308" /><ent r="3" t="193" w="1470" /><ent r="3" t="193" w="1651" /><ent r="3" t="194" w="1118" /><ent r="3" t="194" w="1159" /><ent r="3" t="202" w="23" /><ent r="3" t="203" w="55" /><ent r="4" t="208" w="221" /><ent r="4" t="209" w="102" /><ent r="4" t="213" w="107" /><ent r="3" t="216" w="97" /><ent r="3" t="216" w="414" /><ent r="6" t="227" w="292" /><ent r="3" t="234" w="296" /><ent r="3" t="236" w="478" /><ent r="4" t="237" w="143" /></phr><phr n="Must"><ent r="4" t="200" w="143" /></phr></stem><stem n="rectangl"><phr n="rectangle"><ent r="6" t="7" w="64" /><ent r="6" t="7" w="74" /><ent r="6" t="39" w="87" /><ent r="4" t="41" w="181" /><ent r="4" t="48" w="70" /><ent r="3" t="48" w="96" /><ent r="4" t="50" w="174" /><ent r="7" t="60" w="90" /><ent r="7" t="119" w="261" /><ent r="7" t="119" w="295" /><ent r="3" t="128" w="153" /><ent r="3" t="128" w="235" /><ent r="3" t="128" w="349" /><ent r="3" t="128" w="516" /><ent r="4" t="129" w="325" /><ent r="4" t="151" w="262" /><ent r="3" t="165" w="127" /><ent r="4" t="180" w="118" /><ent r="3" t="185" w="721" /><ent r="4" t="188" w="1192" /><ent r="7" t="198" w="44" /><ent r="7" t="198" w="48" /><ent r="7" t="241" w="163" /><ent r="7" t="241" w="201" /></phr><phr n="Rectangle"><ent r="5" t="41" w="167" /><ent r="4" t="178" w="85" /><ent r="5" t="185" w="646" /><ent r="3" t="185" w="654" /><ent r="4" t="187" w="650" /><ent r="4" t="187" w="892" /><ent r="6" t="227" w="148" /><ent r="6" t="227" w="150" /><ent r="6" t="227" w="198" /><ent r="6" t="227" w="200" /><ent r="6" t="227" w="240" /><ent r="6" t="227" w="242" /><ent r="6" t="227" w="302" /><ent r="6" t="227" w="304" /><ent r="6" t="227" w="370" /><ent r="6" t="227" w="372" /><ent r="6" t="227" w="412" /><ent r="6" t="227" w="414" /><ent r="6" t="227" w="451" /><ent r="6" t="227" w="453" /><ent r="6" t="227" w="486" /><ent r="6" t="227" w="488" /><ent r="6" t="227" w="532" /><ent r="6" t="227" w="534" /></phr></stem><stem n="percentag"><phr n="percentage"><ent r="7" t="7" w="82" /><ent r="7" t="7" w="88" /><ent r="7" t="7" w="95" /><ent r="4" t="41" w="154" /><ent r="4" t="41" w="165" /><ent r="4" t="41" w="225" /><ent r="3" t="48" w="330" /><ent r="4" t="109" w="224" /><ent r="4" t="109" w="289" /><ent r="4" t="185" w="891" /><ent r="3" t="186" w="1083" /></phr><phr n="Percentage"><ent r="5" t="109" w="217" /><ent r="5" t="109" w="279" /><ent r="6" t="156" w="420" /><ent r="6" t="156" w="855" /><ent r="5" t="157" w="398" /><ent r="6" t="168" w="457" /><ent r="3" t="190" w="740" /><ent r="5" t="233" w="56" /></phr></stem><stem n="choos"><phr n="choose"><ent r="7" t="7" w="86" /><ent r="4" t="20" w="71" /><ent r="4" t="80" w="72" /><ent r="3" t="80" w="103" /><ent r="3" t="170" w="1040" /><ent r="4" t="181" w="114" /><ent r="4" t="186" w="2608" /><ent r="4" t="192" w="252" /><ent r="6" t="227" w="282" /><ent r="6" t="227" w="433" /><ent r="4" t="236" w="551" /><ent r="4" t="236" w="722" /></phr><phr n="choosing"><ent r="3" t="161" w="263" /></phr><phr n="Choose"><ent r="5" t="170" w="870" /><ent r="4" t="185" w="2172" /><ent r="4" t="189" w="838" /></phr><phr n="chooses"><ent r="4" t="200" w="85" /></phr></stem><stem n="amount"><phr n="amount"><ent r="7" t="7" w="105" /><ent r="6" t="14" w="350" /><ent r="3" t="47" w="31" /><ent r="3" t="170" w="69" /><ent r="3" t="187" w="168" /><ent r="4" t="187" w="1493" /></phr></stem><stem n="fit"><phr n="fit"><ent r="6" t="7" w="111" /><ent r="3" t="109" w="400" /><ent r="3" t="111" w="133" /><ent r="3" t="111" w="143" /><ent r="5" t="119" w="197" /><ent r="3" t="147" w="207" /><ent r="3" t="147" w="310" /><ent r="3" t="147" w="514" /><ent r="3" t="147" w="678" /><ent r="3" t="168" w="75" /><ent r="3" t="185" w="841" /><ent r="3" t="185" w="868" /><ent r="3" t="201" w="16" /><ent r="3" t="201" w="54" /><ent r="3" t="201" w="60" /><ent r="3" t="201" w="78" /><ent r="3" t="201" w="116" /><ent r="5" t="224" w="372" /><ent r="3" t="234" w="31" /><ent r="3" t="234" w="47" /></phr><phr n="Fit"><ent r="5" t="41" w="187" /><ent r="3" t="50" w="492" /><ent r="5" t="109" w="261" /><ent r="3" t="185" w="804" /><ent r="4" t="185" w="828" /><ent r="3" t="185" w="859" /><ent r="4" t="186" w="821" /><ent r="4" t="186" w="1246" /><ent r="4" t="186" w="1845" /><ent r="4" t="186" w="2421" /><ent r="4" t="186" w="3123" /><ent r="4" t="187" w="632" /><ent r="4" t="188" w="446" /><ent r="4" t="192" w="691" /><ent r="7" t="238" w="125" /></phr><phr n="fits"><ent r="4" t="41" w="196" /><ent r="5" t="119" w="205" /><ent r="7" t="238" w="134" /></phr></stem><stem n="rotat"><phr n="Rotates"><ent r="6" t="7" w="137" /><ent r="6" t="7" w="147" /><ent r="6" t="7" w="181" /><ent r="5" t="7" w="238" /><ent r="5" t="7" w="253" /><ent r="7" t="40" w="77" /><ent r="7" t="40" w="90" /><ent r="7" t="40" w="127" /></phr><phr n="Rotate"><ent r="67" t="7" w="145" /><ent r="67" t="7" w="155" /><ent r="67" t="7" w="167" /><ent r="67" t="7" w="179" /><ent r="67" t="7" w="216" /><ent r="67" t="7" w="236" /><ent r="67" t="7" w="280" /><ent r="6" t="39" w="102" /><ent r="67" t="39" w="107" /><ent r="1000" t="40" w="1" /><ent r="102" t="40" w="5" /><ent r="3" t="40" w="8" /><ent r="3" t="40" w="24" /><ent r="4" t="40" w="42" /><ent r="7" t="40" w="73" /><ent r="7" t="40" w="86" /><ent r="7" t="40" w="124" /><ent r="7" t="40" w="163" /><ent r="3" t="44" w="210" /><ent r="64" t="44" w="218" /><ent r="3" t="70" w="139" /><ent r="4" t="181" w="327" /><ent r="4" t="181" w="329" /><ent r="4" t="185" w="1040" /><ent r="4" t="185" w="1086" /><ent r="5" t="224" w="213" /><ent r="5" t="224" w="221" /><ent r="5" t="224" w="229" /></phr><phr n="rotation"><ent r="6" t="7" w="209" /><ent r="7" t="40" w="155" /><ent r="4" t="44" w="37" /><ent r="4" t="44" w="178" /><ent r="4" t="73" w="131" /><ent r="3" t="185" w="1074" /><ent r="6" t="227" w="514" /></phr><phr n="rotate"><ent r="6" t="7" w="222" /><ent r="7" t="11" w="174" /><ent r="100" t="40" w="3" /><ent r="3" t="40" w="17" /><ent r="3" t="40" w="47" /><ent r="7" t="40" w="169" /><ent r="3" t="44" w="134" /><ent r="3" t="44" w="152" /><ent r="3" t="49" w="58" /><ent r="3" t="49" w="229" /><ent r="3" t="70" w="134" /><ent r="3" t="137" w="47" /><ent r="4" t="185" w="65" /><ent r="3" t="185" w="120" /><ent r="4" t="188" w="1699" /></phr><phr n="rotates"><ent r="3" t="43" w="21" /><ent r="3" t="44" w="12" /><ent r="4" t="185" w="1058" /></phr><phr n="rotated"><ent r="4" t="43" w="56" /><ent r="3" t="176" w="61" /><ent r="3" t="188" w="134" /></phr><phr n="Rotation"><ent r="4" t="44" w="195" /><ent r="4" t="44" w="200" /><ent r="6" t="227" w="504" /><ent r="6" t="227" w="507" /><ent r="6" t="227" w="550" /></phr></stem><stem n="counterclockwis"><phr n="counterclockwise"><ent r="6" t="7" w="141" /></phr></stem><stem n="90°"><phr n="90°"><ent r="6" t="7" w="143" /><ent r="6" t="7" w="153" /><ent r="7" t="40" w="75" /><ent r="7" t="40" w="84" /><ent r="7" t="40" w="88" /><ent r="7" t="40" w="96" /></phr></stem><stem n="clockwis"><phr n="clockwise"><ent r="6" t="7" w="151" /><ent r="7" t="40" w="82" /><ent r="7" t="40" w="94" /><ent r="3" t="44" w="136" /><ent r="3" t="44" w="153" /></phr></stem><stem n="flip"><phr n="Flips"><ent r="6" t="7" w="157" /><ent r="6" t="7" w="169" /><ent r="7" t="40" w="101" /><ent r="7" t="40" w="114" /></phr><phr n="Flip"><ent r="7" t="40" w="98" /><ent r="7" t="40" w="111" /><ent r="4" t="185" w="1018" /><ent r="5" t="224" w="215" /><ent r="5" t="224" w="223" /></phr><phr n="flip"><ent r="4" t="185" w="64" /></phr><phr n="flips"><ent r="4" t="185" w="1023" /></phr></stem><stem n="horizont"><phr n="horizontally"><ent r="6" t="7" w="161" /><ent r="7" t="40" w="105" /><ent r="5" t="224" w="216" /></phr><phr n="Horizontally"><ent r="7" t="40" w="99" /><ent r="3" t="65" w="198" /></phr><phr n="horizontal"><ent r="7" t="60" w="143" /><ent r="7" t="60" w="199" /><ent r="3" t="65" w="185" /><ent r="3" t="171" w="67" /><ent r="4" t="185" w="1030" /></phr><phr n="Horizontal"><ent r="4" t="87" w="124" /><ent r="4" t="87" w="128" /></phr></stem><stem n="(from"><phr n="(from"><ent r="6" t="7" w="162" /><ent r="6" t="7" w="174" /><ent r="7" t="40" w="106" /><ent r="7" t="40" w="119" /></phr></stem><stem n=")."><phr n=")."><ent r="6" t="7" w="166" /><ent r="6" t="7" w="178" /><ent r="7" t="14" w="110" /><ent r="4" t="25" w="252" /><ent r="4" t="25" w="273" /><ent r="4" t="27" w="548" /><ent r="7" t="40" w="110" /><ent r="7" t="40" w="123" /><ent r="4" t="50" w="195" /><ent r="4" t="61" w="87" /><ent r="3" t="63" w="161" /><ent r="4" t="87" w="71" /><ent r="3" t="91" w="96" /><ent r="4" t="92" w="206" /><ent r="4" t="92" w="313" /><ent r="4" t="93" w="77" /><ent r="3" t="94" w="121" /><ent r="4" t="95" w="61" /><ent r="4" t="98" w="60" /><ent r="3" t="102" w="76" /><ent r="3" t="110" w="182" /><ent r="3" t="120" w="254" /><ent r="3" t="132" w="321" /><ent r="5" t="156" w="199" /><ent r="4" t="156" w="380" /><ent r="4" t="156" w="815" /><ent r="3" t="161" w="243" /><ent r="3" t="163" w="157" /><ent r="3" t="169" w="88" /><ent r="3" t="173" w="144" /><ent r="3" t="184" w="209" /><ent r="3" t="185" w="1494" /><ent r="3" t="185" w="1510" /><ent r="4" t="185" w="1804" /><ent r="4" t="185" w="2141" /><ent r="3" t="186" w="1622" /><ent r="4" t="186" w="2892" /><ent r="4" t="187" w="967" /><ent r="4" t="188" w="1472" /><ent r="4" t="194" w="477" /><ent r="6" t="197" w="50" /><ent r="7" t="202" w="150" /><ent r="7" t="202" w="378" /><ent r="4" t="209" w="93" /><ent r="4" t="213" w="98" /><ent r="3" t="217" w="335" /><ent r="4" t="217" w="560" /><ent r="3" t="217" w="731" /><ent r="6" t="227" w="270" /><ent r="4" t="229" w="110" /></phr></stem><stem n="vertic"><phr n="vertically"><ent r="6" t="7" w="173" /><ent r="7" t="40" w="118" /><ent r="5" t="224" w="224" /></phr><phr n="Vertically"><ent r="7" t="40" w="112" /><ent r="3" t="65" w="200" /><ent r="4" t="185" w="1019" /><ent r="4" t="186" w="2256" /><ent r="5" t="188" w="473" /></phr><phr n="vertical"><ent r="7" t="60" w="148" /><ent r="7" t="60" w="210" /><ent r="3" t="65" w="180" /><ent r="3" t="171" w="65" /></phr><phr n="vertices"><ent r="7" t="60" w="165" /><ent r="7" t="198" w="82" /></phr><phr n="Vertical"><ent r="4" t="87" w="126" /><ent r="4" t="87" w="131" /></phr></stem><stem n="top"><phr n="top"><ent r="6" t="7" w="175" /><ent r="5" t="7" w="243" /><ent r="7" t="40" w="120" /><ent r="3" t="43" w="28" /><ent r="4" t="43" w="59" /><ent r="3" t="112" w="40" /><ent r="3" t="118" w="378" /><ent r="4" t="144" w="66" /><ent r="3" t="159" w="329" /><ent r="3" t="160" w="320" /><ent r="3" t="161" w="318" /><ent r="3" t="163" w="137" /><ent r="4" t="185" w="2123" /><ent r="3" t="186" w="1581" /><ent r="3" t="193" w="798" /><ent r="3" t="193" w="845" /><ent r="3" t="193" w="934" /><ent r="3" t="193" w="1593" /><ent r="3" t="194" w="814" /><ent r="3" t="194" w="874" /><ent r="4" t="216" w="288" /><ent r="3" t="216" w="451" /></phr><phr n="Top"><ent r="3" t="65" w="183" /><ent r="3" t="159" w="304" /><ent r="83" t="159" w="310" /><ent r="3" t="159" w="318" /><ent r="4" t="159" w="421" /><ent r="3" t="159" w="718" /><ent r="3" t="160" w="295" /><ent r="83" t="160" w="301" /><ent r="3" t="160" w="309" /><ent r="4" t="160" w="409" /><ent r="3" t="160" w="706" /><ent r="3" t="161" w="293" /><ent r="83" t="161" w="299" /><ent r="3" t="161" w="307" /><ent r="4" t="161" w="408" /><ent r="3" t="161" w="705" /><ent r="100" t="216" w="227" /><ent r="65" t="216" w="232" /><ent r="100" t="216" w="341" /><ent r="65" t="216" w="346" /><ent r="92" t="216" w="433" /><ent r="3" t="216" w="440" /><ent r="4" t="216" w="543" /><ent r="3" t="216" w="844" /></phr></stem><stem n="bottom"><phr n="bottom"><ent r="6" t="7" w="177" /><ent r="7" t="40" w="122" /><ent r="3" t="45" w="417" /><ent r="3" t="70" w="72" /><ent r="3" t="78" w="101" /><ent r="3" t="82" w="361" /><ent r="3" t="88" w="116" /><ent r="3" t="111" w="242" /><ent r="3" t="111" w="595" /><ent r="3" t="112" w="42" /><ent r="3" t="118" w="361" /><ent r="3" t="159" w="331" /><ent r="3" t="160" w="322" /><ent r="3" t="161" w="320" /><ent r="4" t="173" w="369" /><ent r="3" t="181" w="143" /><ent r="3" t="185" w="1271" /><ent r="4" t="185" w="2126" /><ent r="3" t="186" w="1095" /><ent r="3" t="186" w="2132" /><ent r="4" t="186" w="3189" /><ent r="3" t="188" w="1447" /><ent r="3" t="216" w="453" /><ent r="3" t="234" w="126" /></phr><phr n="Bottom"><ent r="3" t="65" w="188" /><ent r="3" t="159" w="306" /><ent r="83" t="159" w="312" /><ent r="3" t="159" w="320" /><ent r="4" t="159" w="423" /><ent r="3" t="159" w="720" /><ent r="3" t="160" w="297" /><ent r="83" t="160" w="303" /><ent r="3" t="160" w="311" /><ent r="4" t="160" w="411" /><ent r="3" t="160" w="708" /><ent r="3" t="161" w="295" /><ent r="83" t="161" w="301" /><ent r="3" t="161" w="309" /><ent r="4" t="161" w="410" /><ent r="3" t="161" w="707" /><ent r="100" t="216" w="229" /><ent r="65" t="216" w="234" /><ent r="100" t="216" w="343" /><ent r="65" t="216" w="348" /><ent r="92" t="216" w="435" /><ent r="3" t="216" w="442" /><ent r="4" t="216" w="545" /><ent r="3" t="216" w="846" /></phr></stem><stem n="degre"><phr n="degrees"><ent r="6" t="7" w="189" /><ent r="6" t="7" w="210" /><ent r="7" t="40" w="135" /><ent r="7" t="40" w="156" /><ent r="3" t="44" w="159" /><ent r="4" t="174" w="214" /><ent r="4" t="185" w="1027" /><ent r="3" t="186" w="1527" /><ent r="6" t="227" w="523" /><ent r="6" t="227" w="646" /><ent r="7" t="231" w="44" /><ent r="7" t="231" w="51" /><ent r="7" t="231" w="60" /><ent r="7" t="231" w="73" /></phr><phr n="Degrees"><ent r="5" t="174" w="199" /><ent r="7" t="194" w="978" /><ent r="7" t="231" w="65" /></phr><phr n="degree"><ent r="3" t="186" w="1535" /><ent r="3" t="186" w="1586" /><ent r="3" t="201" w="14" /><ent r="3" t="201" w="23" /><ent r="3" t="201" w="52" /><ent r="3" t="201" w="58" /><ent r="3" t="201" w="76" /><ent r="3" t="201" w="114" /><ent r="3" t="202" w="690" /></phr></stem><stem n="enter"><phr n="enter"><ent r="6" t="7" w="191" /><ent r="6" t="7" w="207" /><ent r="3" t="18" w="55" /><ent r="3" t="18" w="79" /><ent r="4" t="20" w="250" /><ent r="4" t="20" w="274" /><ent r="3" t="24" w="58" /><ent r="4" t="27" w="168" /><ent r="4" t="28" w="67" /><ent r="4" t="30" w="85" /><ent r="3" t="31" w="52" /><ent r="7" t="40" w="137" /><ent r="7" t="40" w="153" /><ent r="4" t="41" w="212" /><ent r="4" t="44" w="35" /><ent r="4" t="44" w="111" /><ent r="3" t="44" w="142" /><ent r="3" t="44" w="147" /><ent r="4" t="45" w="622" /><ent r="4" t="51" w="235" /><ent r="4" t="84" w="239" /><ent r="7" t="91" w="302" /><ent r="3" t="104" w="28" /><ent r="3" t="104" w="62" /><ent r="3" t="111" w="97" /><ent r="4" t="111" w="415" /><ent r="4" t="111" w="494" /><ent r="3" t="115" w="39" /><ent r="3" t="127" w="41" /><ent r="3" t="128" w="269" /><ent r="4" t="138" w="62" /><ent r="3" t="147" w="330" /><ent r="4" t="156" w="315" /><ent r="4" t="156" w="750" /><ent r="4" t="159" w="645" /><ent r="4" t="160" w="633" /><ent r="4" t="161" w="632" /><ent r="4" t="161" w="865" /><ent r="3" t="166" w="297" /><ent r="4" t="168" w="383" /><ent r="3" t="170" w="829" /><ent r="3" t="171" w="137" /><ent r="3" t="186" w="1417" /><ent r="3" t="186" w="1539" /><ent r="3" t="186" w="2961" /><ent r="4" t="191" w="449" /><ent r="4" t="193" w="626" /><ent r="4" t="193" w="649" /><ent r="4" t="193" w="711" /><ent r="4" t="196" w="118" /><ent r="4" t="204" w="247" /><ent r="4" t="209" w="103" /><ent r="4" t="211" w="53" /><ent r="4" t="211" w="92" /><ent r="4" t="212" w="61" /><ent r="4" t="213" w="108" /><ent r="4" t="216" w="766" /><ent r="3" t="221" w="94" /><ent r="3" t="226" w="61" /><ent r="3" t="228" w="40" /><ent r="3" t="228" w="71" /><ent r="4" t="229" w="126" /><ent r="4" t="229" w="160" /><ent r="3" t="236" w="279" /><ent r="4" t="236" w="710" /></phr><phr n="entered"><ent r="5" t="7" w="261" /><ent r="3" t="44" w="20" /><ent r="3" t="44" w="31" /><ent r="3" t="75" w="18" /><ent r="3" t="111" w="128" /><ent r="4" t="173" w="386" /><ent r="3" t="186" w="1594" /><ent r="3" t="186" w="1630" /><ent r="3" t="234" w="273" /><ent r="3" t="234" w="298" /><ent r="3" t="234" w="308" /></phr><phr n="Enter"><ent r="4" t="27" w="146" /><ent r="4" t="45" w="525" /><ent r="5" t="45" w="534" /><ent r="3" t="48" w="274" /><ent r="3" t="48" w="326" /><ent r="4" t="49" w="545" /><ent r="4" t="50" w="642" /><ent r="4" t="68" w="112" /><ent r="4" t="68" w="117" /><ent r="4" t="82" w="294" /><ent r="4" t="84" w="277" /><ent r="4" t="93" w="120" /><ent r="4" t="94" w="140" /><ent r="3" t="97" w="288" /><ent r="4" t="98" w="78" /><ent r="3" t="104" w="67" /><ent r="3" t="109" w="349" /><ent r="1000" t="127" w="1" /><ent r="102" t="127" w="9" /><ent r="4" t="129" w="90" /><ent r="4" t="129" w="136" /><ent r="4" t="129" w="204" /><ent r="65" t="129" w="237" /><ent r="64" t="132" w="465" /><ent r="4" t="145" w="415" /><ent r="3" t="147" w="163" /><ent r="3" t="147" w="266" /><ent r="3" t="147" w="470" /><ent r="3" t="147" w="634" /><ent r="4" t="168" w="220" /><ent r="4" t="171" w="245" /><ent r="4" t="173" w="347" /><ent r="5" t="186" w="1502" /><ent r="5" t="186" w="1660" /><ent r="4" t="186" w="3200" /><ent r="4" t="187" w="1421" /><ent r="3" t="192" w="594" /><ent r="3" t="192" w="1159" /><ent r="3" t="194" w="677" /><ent r="4" t="194" w="1549" /><ent r="4" t="194" w="1587" /><ent r="4" t="208" w="200" /><ent r="3" t="209" w="13" /><ent r="3" t="209" w="134" /><ent r="4" t="210" w="32" /><ent r="3" t="213" w="16" /><ent r="3" t="213" w="139" /><ent r="4" t="214" w="34" /><ent r="5" t="222" w="235" /><ent r="4" t="226" w="100" /></phr><phr n="entering"><ent r="4" t="76" w="64" /><ent r="3" t="186" w="1526" /><ent r="3" t="186" w="1555" /><ent r="3" t="234" w="24" /></phr></stem><stem n="360"><phr n="360"><ent r="6" t="7" w="212" /><ent r="6" t="7" w="214" /><ent r="7" t="40" w="158" /><ent r="7" t="40" w="160" /><ent r="6" t="227" w="522" /><ent r="6" t="227" w="645" /></phr></stem><stem n="-360."><phr n="-360."><ent r="6" t="7" w="215" /><ent r="6" t="7" w="215" /><ent r="7" t="40" w="161" /><ent r="7" t="40" w="161" /></phr></stem><stem n="freeli"><phr n="freely"><ent r="6" t="7" w="221" /><ent r="7" t="40" w="168" /></phr></stem><stem n="georeferenc"><phr n="georeferenced"><ent r="5" t="7" w="239" /><ent r="64" t="13" w="35" /><ent r="65" t="27" w="529" /><ent r="4" t="27" w="554" /><ent r="4" t="29" w="233" /><ent r="3" t="43" w="23" /><ent r="3" t="67" w="49" /><ent r="3" t="67" w="59" /><ent r="3" t="74" w="83" /><ent r="3" t="111" w="79" /><ent r="3" t="111" w="113" /><ent r="6" t="114" w="19" /><ent r="3" t="148" w="322" /><ent r="4" t="176" w="159" /><ent r="3" t="186" w="165" /><ent r="3" t="186" w="214" /><ent r="4" t="186" w="1196" /><ent r="4" t="186" w="2544" /><ent r="4" t="186" w="2553" /><ent r="3" t="188" w="1341" /><ent r="3" t="189" w="692" /><ent r="5" t="198" w="234" /><ent r="5" t="198" w="249" /><ent r="7" t="202" w="557" /></phr><phr n="georeferencing"><ent r="64" t="50" w="81" /><ent r="3" t="111" w="187" /><ent r="3" t="111" w="354" /><ent r="7" t="128" w="392" /><ent r="7" t="128" w="400" /><ent r="5" t="146" w="206" /><ent r="3" t="148" w="21" /><ent r="3" t="166" w="40" /><ent r="3" t="176" w="104" /><ent r="4" t="176" w="148" /><ent r="4" t="176" w="155" /><ent r="3" t="177" w="242" /><ent r="3" t="186" w="55" /><ent r="3" t="186" w="184" /><ent r="3" t="186" w="191" /><ent r="3" t="186" w="965" /><ent r="4" t="186" w="1055" /><ent r="3" t="186" w="2299" /><ent r="3" t="186" w="2304" /><ent r="3" t="186" w="3238" /><ent r="3" t="188" w="721" /><ent r="3" t="188" w="731" /><ent r="3" t="188" w="736" /><ent r="100" t="234" w="14" /></phr><phr n="Georeferencing"><ent r="64" t="186" w="1025" /><ent r="4" t="186" w="1050" /><ent r="65" t="186" w="1184" /><ent r="4" t="186" w="1743" /><ent r="1000" t="234" w="3" /><ent r="102" t="234" w="7" /><ent r="93" t="234" w="11" /></phr></stem><stem n="so"><phr n="so"><ent r="5" t="7" w="241" /><ent r="4" t="41" w="193" /><ent r="3" t="43" w="25" /><ent r="4" t="43" w="57" /><ent r="3" t="49" w="223" /><ent r="4" t="49" w="256" /><ent r="4" t="59" w="207" /><ent r="4" t="73" w="90" /><ent r="4" t="80" w="84" /><ent r="5" t="91" w="385" /><ent r="3" t="103" w="207" /><ent r="4" t="109" w="268" /><ent r="5" t="119" w="202" /><ent r="3" t="128" w="948" /><ent r="3" t="148" w="351" /><ent r="3" t="168" w="66" /><ent r="3" t="170" w="657" /><ent r="3" t="170" w="726" /><ent r="3" t="181" w="52" /><ent r="3" t="183" w="134" /><ent r="3" t="185" w="280" /><ent r="4" t="185" w="623" /><ent r="4" t="185" w="2109" /><ent r="3" t="186" w="341" /><ent r="4" t="186" w="804" /><ent r="3" t="186" w="2258" /><ent r="4" t="186" w="2428" /><ent r="4" t="186" w="2878" /><ent r="4" t="186" w="3024" /><ent r="3" t="186" w="3145" /><ent r="4" t="188" w="478" /><ent r="4" t="188" w="914" /><ent r="4" t="188" w="1076" /><ent r="3" t="190" w="741" /><ent r="4" t="191" w="493" /><ent r="3" t="193" w="1297" /><ent r="4" t="194" w="607" /><ent r="4" t="194" w="788" /><ent r="3" t="194" w="1148" /><ent r="6" t="194" w="1323" /><ent r="4" t="195" w="181" /><ent r="3" t="201" w="65" /><ent r="4" t="217" w="496" /><ent r="3" t="234" w="431" /><ent r="7" t="238" w="131" /></phr><phr n="SOs"><ent r="3" t="169" w="87" /></phr><phr n="So"><ent r="3" t="184" w="149" /><ent r="3" t="193" w="1019" /><ent r="3" t="228" w="37" /><ent r="3" t="228" w="68" /></phr></stem></index>