﻿<?xml version="1.0" encoding="utf-8"?><index><stem n="posit"><phr n="positions"><ent r="3" t="1" w="117" /><ent r="3" t="1" w="129" /></phr><phr n="positioned"><ent r="6" t="11" w="151" /><ent r="3" t="137" w="27" /></phr><phr n="position"><ent r="7" t="14" w="478" /><ent r="5" t="57" w="431" /><ent r="5" t="57" w="866" /><ent r="4" t="58" w="407" /><ent r="3" t="89" w="29" /><ent r="4" t="90" w="136" /><ent r="4" t="90" w="174" /><ent r="4" t="92" w="159" /><ent r="3" t="110" w="151" /><ent r="3" t="110" w="217" /><ent r="4" t="135" w="541" /><ent r="3" t="136" w="211" /><ent r="3" t="153" w="919" /><ent r="3" t="174" w="763" /><ent r="4" t="175" w="127" /><ent r="5" t="181" w="469" /><ent r="4" t="182" w="296" /><ent r="4" t="204" w="2900" /><ent r="6" t="236" w="82" /><ent r="4" t="241" w="67" /><ent r="3" t="242" w="102" /></phr><phr n="positive"><ent r="5" t="57" w="548" /><ent r="5" t="57" w="983" /><ent r="4" t="58" w="522" /><ent r="5" t="181" w="586" /><ent r="4" t="182" w="407" /><ent r="4" t="241" w="184" /></phr><phr n="Positioning"><ent r="3" t="136" w="34" /></phr><phr n="Position"><ent r="5" t="172" w="1002" /></phr></stem><stem n="close"><phr n="close"><ent r="3" t="1" w="120" /><ent r="3" t="30" w="121" /><ent r="100" t="77" w="6" /><ent r="100" t="77" w="8" /><ent r="3" t="77" w="16" /><ent r="4" t="77" w="39" /><ent r="4" t="87" w="194" /><ent r="3" t="87" w="228" /><ent r="4" t="106" w="512" /><ent r="3" t="106" w="524" /><ent r="4" t="106" w="653" /><ent r="3" t="122" w="249" /><ent r="3" t="122" w="315" /><ent r="3" t="128" w="226" /><ent r="4" t="172" w="173" /><ent r="3" t="172" w="206" /><ent r="5" t="173" w="128" /><ent r="3" t="173" w="163" /><ent r="4" t="174" w="164" /><ent r="3" t="174" w="198" /><ent r="5" t="175" w="194" /><ent r="3" t="175" w="228" /><ent r="6" t="176" w="67" /><ent r="3" t="176" w="102" /><ent r="4" t="177" w="239" /><ent r="3" t="177" w="273" /><ent r="3" t="178" w="168" /><ent r="3" t="178" w="202" /><ent r="4" t="179" w="102" /><ent r="3" t="179" w="136" /><ent r="4" t="180" w="198" /><ent r="3" t="180" w="232" /><ent r="4" t="181" w="134" /><ent r="3" t="181" w="168" /><ent r="3" t="192" w="305" /><ent r="4" t="198" w="315" /><ent r="4" t="199" w="368" /><ent r="4" t="204" w="2412" /><ent r="4" t="206" w="1394" /><ent r="3" t="210" w="792" /><ent r="100" t="248" w="6" /></phr><phr n="Closes"><ent r="7" t="5" w="40" /><ent r="7" t="248" w="194" /></phr><phr n="Close"><ent r="5" t="41" w="178" /><ent r="1000" t="77" w="1" /><ent r="102" t="77" w="11" /><ent r="5" t="77" w="57" /><ent r="3" t="77" w="70" /><ent r="5" t="97" w="137" /><ent r="4" t="104" w="64" /><ent r="5" t="105" w="144" /><ent r="5" t="105" w="240" /><ent r="5" t="106" w="641" /><ent r="4" t="122" w="322" /><ent r="3" t="128" w="234" /><ent r="5" t="134" w="517" /><ent r="3" t="137" w="229" /><ent r="5" t="200" w="28" /><ent r="4" t="200" w="30" /><ent r="4" t="203" w="92" /><ent r="5" t="203" w="606" /><ent r="4" t="203" w="772" /><ent r="4" t="203" w="779" /><ent r="4" t="203" w="1792" /><ent r="5" t="203" w="2341" /><ent r="92" t="203" w="2345" /><ent r="5" t="203" w="2359" /><ent r="4" t="203" w="2365" /><ent r="4" t="203" w="2416" /><ent r="5" t="204" w="1069" /><ent r="4" t="204" w="1190" /><ent r="4" t="204" w="1197" /><ent r="4" t="204" w="1328" /><ent r="5" t="204" w="1744" /><ent r="4" t="204" w="1835" /><ent r="5" t="204" w="2257" /><ent r="4" t="204" w="2389" /><ent r="4" t="204" w="3246" /><ent r="5" t="205" w="605" /><ent r="5" t="205" w="829" /><ent r="5" t="205" w="1016" /><ent r="4" t="205" w="1441" /><ent r="5" t="205" w="1552" /><ent r="5" t="206" w="1369" /><ent r="4" t="206" w="1714" /><ent r="4" t="206" w="1801" /><ent r="5" t="207" w="951" /><ent r="4" t="207" w="1153" /><ent r="4" t="208" w="1334" /><ent r="4" t="210" w="813" /><ent r="5" t="210" w="1191" /><ent r="4" t="211" w="1862" /><ent r="5" t="211" w="1872" /><ent r="5" t="211" w="1907" /><ent r="4" t="212" w="1422" /><ent r="4" t="212" w="1426" /><ent r="7" t="248" w="192" /></phr><phr n="closes"><ent r="4" t="86" w="59" /><ent r="4" t="199" w="407" /></phr><phr n="closing"><ent r="3" t="99" w="340" /><ent r="4" t="134" w="528" /><ent r="4" t="134" w="544" /><ent r="4" t="206" w="1329" /></phr><phr n="closed"><ent r="3" t="103" w="126" /><ent r="3" t="104" w="119" /><ent r="4" t="199" w="400" /></phr><phr n="Closing"><ent r="4" t="200" w="44" /></phr></stem><stem n="will"><phr n="will"><ent r="3" t="1" w="124" /><ent r="3" t="14" w="30" /><ent r="3" t="18" w="133" /><ent r="3" t="20" w="256" /><ent r="3" t="20" w="278" /><ent r="4" t="20" w="418" /><ent r="4" t="20" w="427" /><ent r="4" t="20" w="517" /><ent r="4" t="20" w="607" /><ent r="4" t="20" w="631" /><ent r="4" t="20" w="638" /><ent r="3" t="20" w="685" /><ent r="3" t="22" w="579" /><ent r="3" t="22" w="848" /><ent r="3" t="25" w="69" /><ent r="3" t="25" w="81" /><ent r="3" t="25" w="88" /><ent r="3" t="26" w="53" /><ent r="3" t="27" w="38" /><ent r="3" t="30" w="107" /><ent r="3" t="30" w="127" /><ent r="4" t="30" w="298" /><ent r="4" t="30" w="304" /><ent r="3" t="30" w="372" /><ent r="3" t="30" w="417" /><ent r="3" t="47" w="134" /><ent r="3" t="47" w="237" /><ent r="3" t="47" w="441" /><ent r="3" t="47" w="605" /><ent r="5" t="57" w="410" /><ent r="5" t="57" w="845" /><ent r="3" t="69" w="62" /><ent r="3" t="69" w="68" /><ent r="3" t="69" w="608" /><ent r="3" t="69" w="640" /><ent r="3" t="71" w="122" /><ent r="3" t="73" w="460" /><ent r="3" t="73" w="489" /><ent r="3" t="74" w="92" /><ent r="3" t="77" w="101" /><ent r="4" t="93" w="66" /><ent r="4" t="96" w="86" /><ent r="3" t="97" w="147" /><ent r="3" t="103" w="59" /><ent r="4" t="121" w="143" /><ent r="4" t="121" w="162" /><ent r="4" t="125" w="69" /><ent r="4" t="135" w="435" /><ent r="3" t="136" w="216" /><ent r="4" t="137" w="144" /><ent r="3" t="149" w="87" /><ent r="3" t="149" w="105" /><ent r="3" t="150" w="139" /><ent r="3" t="151" w="210" /><ent r="3" t="151" w="264" /><ent r="4" t="151" w="291" /><ent r="3" t="151" w="406" /><ent r="4" t="151" w="424" /><ent r="3" t="151" w="542" /><ent r="4" t="151" w="569" /><ent r="3" t="152" w="34" /><ent r="3" t="153" w="653" /><ent r="3" t="153" w="695" /><ent r="3" t="153" w="861" /><ent r="3" t="157" w="129" /><ent r="3" t="168" w="213" /><ent r="3" t="171" w="569" /><ent r="3" t="172" w="457" /><ent r="3" t="172" w="722" /><ent r="3" t="173" w="446" /><ent r="3" t="173" w="711" /><ent r="3" t="173" w="982" /><ent r="3" t="174" w="444" /><ent r="3" t="174" w="709" /><ent r="3" t="177" w="152" /><ent r="3" t="179" w="318" /><ent r="5" t="181" w="448" /><ent r="4" t="184" w="134" /><ent r="4" t="184" w="152" /><ent r="4" t="184" w="188" /><ent r="4" t="184" w="204" /><ent r="3" t="184" w="380" /><ent r="3" t="185" w="66" /><ent r="3" t="187" w="92" /><ent r="3" t="187" w="107" /><ent r="3" t="188" w="414" /><ent r="3" t="188" w="445" /><ent r="3" t="188" w="494" /><ent r="3" t="188" w="507" /><ent r="3" t="188" w="635" /><ent r="3" t="188" w="837" /><ent r="3" t="188" w="853" /><ent r="3" t="188" w="929" /><ent r="3" t="188" w="935" /><ent r="3" t="191" w="97" /><ent r="3" t="191" w="104" /><ent r="3" t="191" w="124" /><ent r="3" t="191" w="132" /><ent r="3" t="191" w="147" /><ent r="3" t="191" w="158" /><ent r="3" t="191" w="196" /><ent r="4" t="191" w="427" /><ent r="4" t="191" w="447" /><ent r="4" t="191" w="467" /><ent r="3" t="191" w="597" /><ent r="3" t="192" w="169" /><ent r="4" t="194" w="198" /><ent r="4" t="194" w="275" /><ent r="4" t="195" w="80" /><ent r="4" t="195" w="102" /><ent r="4" t="196" w="141" /><ent r="3" t="196" w="170" /><ent r="4" t="196" w="198" /><ent r="3" t="196" w="211" /><ent r="4" t="196" w="255" /><ent r="4" t="196" w="272" /><ent r="3" t="197" w="54" /><ent r="3" t="197" w="85" /><ent r="4" t="198" w="280" /><ent r="4" t="198" w="285" /><ent r="4" t="199" w="344" /><ent r="4" t="199" w="376" /><ent r="4" t="201" w="74" /><ent r="4" t="201" w="88" /><ent r="3" t="202" w="41" /><ent r="3" t="203" w="29" /><ent r="3" t="203" w="1357" /><ent r="3" t="203" w="1460" /><ent r="3" t="203" w="1468" /><ent r="3" t="203" w="1825" /><ent r="4" t="203" w="2017" /><ent r="4" t="203" w="2258" /><ent r="4" t="203" w="2293" /><ent r="4" t="203" w="2409" /><ent r="3" t="204" w="49" /><ent r="3" t="204" w="216" /><ent r="3" t="204" w="354" /><ent r="3" t="204" w="963" /><ent r="4" t="204" w="2241" /><ent r="4" t="204" w="2558" /><ent r="4" t="204" w="2721" /><ent r="3" t="204" w="3085" /><ent r="3" t="204" w="3188" /><ent r="3" t="205" w="39" /><ent r="3" t="205" w="71" /><ent r="3" t="205" w="86" /><ent r="3" t="205" w="1201" /><ent r="4" t="205" w="1292" /><ent r="4" t="205" w="1373" /><ent r="4" t="205" w="1386" /><ent r="3" t="205" w="1412" /><ent r="4" t="205" w="1486" /><ent r="3" t="206" w="37" /><ent r="3" t="206" w="670" /><ent r="3" t="206" w="1411" /><ent r="3" t="207" w="27" /><ent r="3" t="207" w="41" /><ent r="4" t="207" w="902" /><ent r="3" t="207" w="1056" /><ent r="3" t="208" w="30" /><ent r="3" t="208" w="44" /><ent r="3" t="209" w="34" /><ent r="3" t="209" w="58" /><ent r="3" t="209" w="156" /><ent r="3" t="210" w="27" /><ent r="3" t="210" w="43" /><ent r="4" t="210" w="189" /><ent r="4" t="210" w="211" /><ent r="4" t="210" w="285" /><ent r="3" t="210" w="613" /><ent r="4" t="210" w="914" /><ent r="4" t="210" w="1116" /><ent r="3" t="210" w="1163" /><ent r="3" t="210" w="1177" /><ent r="3" t="211" w="23" /><ent r="3" t="211" w="44" /><ent r="3" t="211" w="569" /><ent r="3" t="211" w="809" /><ent r="3" t="211" w="858" /><ent r="3" t="211" w="882" /><ent r="3" t="211" w="1324" /><ent r="4" t="211" w="1353" /><ent r="3" t="211" w="1439" /><ent r="4" t="211" w="1803" /><ent r="4" t="211" w="1843" /><ent r="4" t="211" w="1877" /><ent r="3" t="212" w="31" /><ent r="3" t="212" w="44" /><ent r="3" t="212" w="63" /><ent r="3" t="212" w="827" /><ent r="3" t="212" w="1175" /><ent r="3" t="212" w="1384" /><ent r="4" t="212" w="1597" /><ent r="3" t="224" w="201" /><ent r="4" t="227" w="42" /><ent r="4" t="231" w="47" /><ent r="3" t="233" w="21" /><ent r="3" t="233" w="55" /><ent r="3" t="237" w="47" /><ent r="3" t="237" w="78" /><ent r="3" t="237" w="98" /><ent r="4" t="241" w="46" /><ent r="3" t="242" w="107" /><ent r="3" t="244" w="249" /><ent r="3" t="244" w="261" /><ent r="3" t="244" w="268" /><ent r="4" t="244" w="745" /><ent r="4" t="245" w="80" /><ent r="4" t="245" w="172" /></phr></stem><stem n="same"><phr n="same"><ent r="3" t="1" w="128" /><ent r="3" t="1" w="218" /><ent r="3" t="4" w="15" /><ent r="3" t="20" w="286" /><ent r="4" t="20" w="520" /><ent r="4" t="20" w="543" /><ent r="4" t="20" w="590" /><ent r="3" t="25" w="158" /><ent r="4" t="34" w="96" /><ent r="3" t="42" w="54" /><ent r="4" t="42" w="227" /><ent r="4" t="42" w="231" /><ent r="5" t="57" w="387" /><ent r="5" t="57" w="822" /><ent r="4" t="58" w="389" /><ent r="3" t="69" w="342" /><ent r="3" t="69" w="605" /><ent r="3" t="73" w="38" /><ent r="3" t="73" w="325" /><ent r="4" t="78" w="97" /><ent r="3" t="93" w="156" /><ent r="3" t="103" w="45" /><ent r="5" t="116" w="411" /><ent r="4" t="135" w="385" /><ent r="3" t="145" w="244" /><ent r="3" t="153" w="136" /><ent r="3" t="156" w="40" /><ent r="3" t="156" w="94" /><ent r="3" t="165" w="69" /><ent r="3" t="174" w="915" /><ent r="5" t="181" w="425" /><ent r="4" t="182" w="278" /><ent r="3" t="187" w="86" /><ent r="3" t="187" w="123" /><ent r="3" t="188" w="299" /><ent r="4" t="188" w="792" /><ent r="3" t="188" w="960" /><ent r="3" t="189" w="98" /><ent r="3" t="191" w="135" /><ent r="3" t="192" w="131" /><ent r="3" t="196" w="39" /><ent r="4" t="198" w="350" /><ent r="4" t="203" w="567" /><ent r="3" t="204" w="338" /><ent r="4" t="204" w="2706" /><ent r="4" t="204" w="2810" /><ent r="3" t="206" w="922" /><ent r="4" t="206" w="1347" /><ent r="4" t="206" w="1775" /><ent r="3" t="207" w="285" /><ent r="3" t="207" w="310" /><ent r="3" t="207" w="1106" /><ent r="3" t="208" w="275" /><ent r="3" t="208" w="300" /><ent r="3" t="208" w="1236" /><ent r="4" t="209" w="300" /><ent r="7" t="211" w="1151" /><ent r="3" t="211" w="1500" /><ent r="6" t="215" w="79" /><ent r="3" t="218" w="72" /><ent r="7" t="220" w="615" /><ent r="7" t="220" w="641" /><ent r="4" t="241" w="23" /><ent r="3" t="244" w="338" /><ent r="3" t="244" w="481" /></phr></stem><stem n="again"><phr n="again"><ent r="3" t="1" w="134" /><ent r="3" t="124" w="70" /><ent r="3" t="191" w="550" /><ent r="3" t="196" w="212" /><ent r="4" t="203" w="1920" /><ent r="4" t="203" w="1938" /><ent r="4" t="204" w="1768" /><ent r="4" t="204" w="1871" /><ent r="4" t="206" w="1188" /><ent r="4" t="211" w="1342" /><ent r="3" t="238" w="73" /><ent r="4" t="238" w="81" /></phr><phr n="Again"><ent r="4" t="204" w="1666" /></phr></stem><stem n="-down"><phr n="-down"><ent r="100" t="1" w="136" /><ent r="100" t="1" w="136" /><ent r="3" t="1" w="145" /><ent r="3" t="1" w="145" /><ent r="3" t="1" w="197" /><ent r="3" t="1" w="197" /><ent r="3" t="1" w="223" /><ent r="3" t="1" w="223" /><ent r="4" t="1" w="281" /><ent r="4" t="1" w="281" /><ent r="3" t="4" w="20" /><ent r="3" t="4" w="20" /><ent r="4" t="4" w="136" /><ent r="4" t="4" w="136" /><ent r="7" t="7" w="98" /><ent r="7" t="7" w="98" /><ent r="7" t="9" w="25" /><ent r="7" t="9" w="25" /><ent r="7" t="11" w="102" /><ent r="7" t="11" w="102" /><ent r="7" t="12" w="52" /><ent r="7" t="12" w="52" /><ent r="6" t="12" w="74" /><ent r="6" t="12" w="74" /><ent r="7" t="13" w="152" /><ent r="7" t="13" w="152" /><ent r="7" t="13" w="178" /><ent r="7" t="13" w="178" /><ent r="6" t="14" w="198" /><ent r="6" t="14" w="198" /><ent r="6" t="14" w="224" /><ent r="6" t="14" w="224" /><ent r="4" t="17" w="149" /><ent r="4" t="17" w="149" /><ent r="3" t="20" w="145" /><ent r="3" t="20" w="145" /><ent r="4" t="22" w="217" /><ent r="4" t="22" w="217" /><ent r="4" t="22" w="331" /><ent r="4" t="22" w="331" /><ent r="4" t="22" w="479" /><ent r="4" t="22" w="479" /><ent r="4" t="22" w="598" /><ent r="4" t="22" w="598" /><ent r="4" t="22" w="653" /><ent r="4" t="22" w="653" /><ent r="4" t="22" w="665" /><ent r="4" t="22" w="665" /><ent r="4" t="22" w="710" /><ent r="4" t="22" w="710" /><ent r="4" t="22" w="755" /><ent r="4" t="22" w="755" /><ent r="3" t="22" w="840" /><ent r="3" t="22" w="840" /><ent r="3" t="22" w="870" /><ent r="3" t="22" w="870" /><ent r="3" t="23" w="89" /><ent r="3" t="23" w="89" /><ent r="3" t="25" w="124" /><ent r="3" t="25" w="124" /><ent r="3" t="25" w="131" /><ent r="3" t="25" w="131" /><ent r="4" t="32" w="58" /><ent r="4" t="32" w="58" /><ent r="4" t="36" w="142" /><ent r="4" t="36" w="142" /><ent r="3" t="36" w="316" /><ent r="3" t="36" w="316" /><ent r="5" t="36" w="469" /><ent r="5" t="36" w="469" /><ent r="5" t="36" w="510" /><ent r="5" t="36" w="510" /><ent r="4" t="41" w="142" /><ent r="4" t="41" w="142" /><ent r="4" t="42" w="178" /><ent r="4" t="42" w="178" /><ent r="3" t="46" w="250" /><ent r="3" t="46" w="250" /><ent r="3" t="47" w="374" /><ent r="3" t="47" w="374" /><ent r="3" t="47" w="410" /><ent r="3" t="47" w="410" /><ent r="3" t="48" w="163" /><ent r="3" t="48" w="163" /><ent r="3" t="48" w="196" /><ent r="3" t="48" w="196" /><ent r="4" t="52" w="132" /><ent r="4" t="52" w="132" /><ent r="3" t="52" w="149" /><ent r="3" t="52" w="149" /><ent r="4" t="53" w="141" /><ent r="4" t="53" w="141" /><ent r="3" t="53" w="180" /><ent r="3" t="53" w="180" /><ent r="4" t="54" w="139" /><ent r="4" t="54" w="139" /><ent r="4" t="56" w="136" /><ent r="4" t="56" w="136" /><ent r="4" t="57" w="337" /><ent r="4" t="57" w="337" /><ent r="4" t="57" w="563" /><ent r="4" t="57" w="563" /><ent r="4" t="57" w="772" /><ent r="4" t="57" w="772" /><ent r="4" t="57" w="998" /><ent r="4" t="57" w="998" /><ent r="3" t="58" w="164" /><ent r="3" t="58" w="164" /><ent r="3" t="58" w="181" /><ent r="3" t="58" w="181" /><ent r="3" t="59" w="157" /><ent r="3" t="59" w="157" /><ent r="4" t="69" w="237" /><ent r="4" t="69" w="237" /><ent r="4" t="69" w="326" /><ent r="4" t="69" w="326" /><ent r="4" t="74" w="221" /><ent r="4" t="74" w="221" /><ent r="5" t="74" w="400" /><ent r="5" t="74" w="400" /><ent r="3" t="84" w="67" /><ent r="3" t="84" w="67" /><ent r="4" t="85" w="137" /><ent r="4" t="85" w="137" /><ent r="4" t="86" w="40" /><ent r="4" t="86" w="40" /><ent r="4" t="86" w="56" /><ent r="4" t="86" w="56" /><ent r="100" t="89" w="7" /><ent r="100" t="89" w="7" /><ent r="100" t="89" w="11" /><ent r="100" t="89" w="11" /><ent r="3" t="89" w="59" /><ent r="3" t="89" w="59" /><ent r="4" t="90" w="50" /><ent r="4" t="90" w="50" /><ent r="4" t="90" w="201" /><ent r="4" t="90" w="201" /><ent r="4" t="90" w="232" /><ent r="4" t="90" w="232" /><ent r="4" t="90" w="277" /><ent r="4" t="90" w="277" /><ent r="4" t="91" w="113" /><ent r="4" t="91" w="113" /><ent r="4" t="92" w="188" /><ent r="4" t="92" w="188" /><ent r="4" t="92" w="206" /><ent r="4" t="92" w="206" /><ent r="3" t="99" w="227" /><ent r="3" t="99" w="227" /><ent r="4" t="120" w="112" /><ent r="4" t="120" w="112" /><ent r="4" t="121" w="220" /><ent r="4" t="121" w="220" /><ent r="4" t="122" w="98" /><ent r="4" t="122" w="98" /><ent r="3" t="125" w="101" /><ent r="3" t="125" w="101" /><ent r="3" t="130" w="163" /><ent r="3" t="130" w="163" /><ent r="4" t="134" w="464" /><ent r="4" t="134" w="464" /><ent r="4" t="136" w="332" /><ent r="4" t="136" w="332" /><ent r="4" t="136" w="546" /><ent r="4" t="136" w="546" /><ent r="100" t="143" w="19" /><ent r="100" t="143" w="19" /><ent r="3" t="143" w="148" /><ent r="3" t="143" w="148" /><ent r="3" t="149" w="97" /><ent r="3" t="149" w="97" /><ent r="4" t="150" w="214" /><ent r="4" t="150" w="214" /><ent r="4" t="151" w="46" /><ent r="4" t="151" w="46" /><ent r="4" t="151" w="58" /><ent r="4" t="151" w="58" /><ent r="4" t="151" w="64" /><ent r="4" t="151" w="64" /><ent r="3" t="151" w="89" /><ent r="3" t="151" w="89" /><ent r="3" t="151" w="113" /><ent r="3" t="151" w="113" /><ent r="3" t="151" w="157" /><ent r="3" t="151" w="157" /><ent r="3" t="151" w="176" /><ent r="3" t="151" w="176" /><ent r="3" t="151" w="186" /><ent r="3" t="151" w="186" /><ent r="3" t="151" w="199" /><ent r="3" t="151" w="199" /><ent r="3" t="151" w="207" /><ent r="3" t="151" w="207" /><ent r="3" t="151" w="216" /><ent r="3" t="151" w="216" /><ent r="3" t="151" w="222" /><ent r="3" t="151" w="222" /><ent r="3" t="151" w="253" /><ent r="3" t="151" w="253" /><ent r="4" t="151" w="276" /><ent r="4" t="151" w="276" /><ent r="4" t="151" w="289" /><ent r="4" t="151" w="289" /><ent r="3" t="151" w="311" /><ent r="3" t="151" w="311" /><ent r="4" t="151" w="329" /><ent r="4" t="151" w="329" /><ent r="3" t="151" w="342" /><ent r="3" t="151" w="342" /><ent r="4" t="151" w="429" /><ent r="4" t="151" w="429" /><ent r="3" t="151" w="460" /><ent r="3" t="151" w="460" /><ent r="4" t="151" w="554" /><ent r="4" t="151" w="554" /><ent r="4" t="151" w="567" /><ent r="4" t="151" w="567" /><ent r="3" t="157" w="345" /><ent r="3" t="157" w="345" /><ent r="3" t="157" w="411" /><ent r="3" t="157" w="411" /><ent r="4" t="157" w="447" /><ent r="4" t="157" w="447" /><ent r="4" t="164" w="67" /><ent r="4" t="164" w="67" /><ent r="4" t="172" w="243" /><ent r="4" t="172" w="243" /><ent r="4" t="172" w="262" /><ent r="4" t="172" w="262" /><ent r="4" t="172" w="357" /><ent r="4" t="172" w="357" /><ent r="4" t="172" w="476" /><ent r="4" t="172" w="476" /><ent r="4" t="172" w="532" /><ent r="4" t="172" w="532" /><ent r="4" t="172" w="544" /><ent r="4" t="172" w="544" /><ent r="4" t="172" w="589" /><ent r="4" t="172" w="589" /><ent r="4" t="172" w="634" /><ent r="4" t="172" w="634" /><ent r="3" t="172" w="714" /><ent r="3" t="172" w="714" /><ent r="3" t="172" w="744" /><ent r="3" t="172" w="744" /><ent r="4" t="173" w="349" /><ent r="4" t="173" w="349" /><ent r="4" t="173" w="465" /><ent r="4" t="173" w="465" /><ent r="4" t="173" w="521" /><ent r="4" t="173" w="521" /><ent r="4" t="173" w="533" /><ent r="4" t="173" w="533" /><ent r="4" t="173" w="578" /><ent r="4" t="173" w="578" /><ent r="4" t="173" w="623" /><ent r="4" t="173" w="623" /><ent r="3" t="173" w="703" /><ent r="3" t="173" w="703" /><ent r="3" t="173" w="733" /><ent r="3" t="173" w="733" /><ent r="3" t="173" w="1103" /><ent r="3" t="173" w="1103" /><ent r="3" t="173" w="1116" /><ent r="3" t="173" w="1116" /><ent r="4" t="174" w="347" /><ent r="4" t="174" w="347" /><ent r="4" t="174" w="463" /><ent r="4" t="174" w="463" /><ent r="4" t="174" w="519" /><ent r="4" t="174" w="519" /><ent r="4" t="174" w="531" /><ent r="4" t="174" w="531" /><ent r="4" t="174" w="576" /><ent r="4" t="174" w="576" /><ent r="4" t="174" w="621" /><ent r="4" t="174" w="621" /><ent r="3" t="174" w="701" /><ent r="3" t="174" w="701" /><ent r="3" t="174" w="731" /><ent r="3" t="174" w="731" /><ent r="3" t="177" w="205" /><ent r="3" t="177" w="205" /><ent r="4" t="179" w="165" /><ent r="4" t="179" w="165" /><ent r="3" t="179" w="193" /><ent r="3" t="179" w="193" /><ent r="3" t="179" w="208" /><ent r="3" t="179" w="208" /><ent r="3" t="180" w="147" /><ent r="3" t="180" w="147" /><ent r="4" t="181" w="415" /><ent r="4" t="181" w="415" /><ent r="4" t="181" w="602" /><ent r="4" t="181" w="602" /><ent r="3" t="182" w="78" /><ent r="3" t="182" w="78" /><ent r="4" t="188" w="392" /><ent r="4" t="188" w="392" /><ent r="4" t="188" w="566" /><ent r="4" t="188" w="566" /><ent r="4" t="188" w="603" /><ent r="4" t="188" w="603" /><ent r="4" t="190" w="104" /><ent r="4" t="190" w="104" /><ent r="4" t="203" w="1994" /><ent r="4" t="203" w="1994" /><ent r="4" t="203" w="2056" /><ent r="4" t="203" w="2056" /><ent r="6" t="204" w="878" /><ent r="6" t="204" w="878" /><ent r="3" t="204" w="1005" /><ent r="3" t="204" w="1005" /><ent r="4" t="204" w="1790" /><ent r="4" t="204" w="1790" /><ent r="4" t="204" w="2877" /><ent r="4" t="204" w="2877" /><ent r="3" t="205" w="1149" /><ent r="3" t="205" w="1149" /><ent r="3" t="205" w="1160" /><ent r="3" t="205" w="1160" /><ent r="4" t="208" w="1108" /><ent r="4" t="208" w="1108" /><ent r="3" t="208" w="1247" /><ent r="3" t="208" w="1247" /><ent r="4" t="210" w="630" /><ent r="4" t="210" w="630" /><ent r="4" t="210" w="1069" /><ent r="4" t="210" w="1069" /><ent r="3" t="211" w="319" /><ent r="3" t="211" w="319" /><ent r="7" t="211" w="1135" /><ent r="7" t="211" w="1135" /><ent r="4" t="212" w="518" /><ent r="4" t="212" w="518" /><ent r="4" t="214" w="50" /><ent r="4" t="214" w="50" /><ent r="3" t="216" w="21" /><ent r="3" t="216" w="21" /><ent r="3" t="221" w="248" /><ent r="3" t="221" w="248" /><ent r="3" t="222" w="179" /><ent r="3" t="222" w="179" /><ent r="3" t="223" w="138" /><ent r="3" t="223" w="138" /><ent r="3" t="225" w="177" /><ent r="3" t="225" w="177" /><ent r="4" t="226" w="241" /><ent r="4" t="226" w="241" /><ent r="4" t="226" w="293" /><ent r="4" t="226" w="293" /><ent r="4" t="235" w="135" /><ent r="4" t="235" w="135" /><ent r="4" t="235" w="211" /><ent r="4" t="235" w="211" /><ent r="6" t="236" w="220" /><ent r="6" t="236" w="220" /><ent r="6" t="236" w="429" /><ent r="6" t="236" w="429" /><ent r="3" t="239" w="20" /><ent r="3" t="239" w="20" /><ent r="3" t="240" w="20" /><ent r="3" t="240" w="20" /><ent r="3" t="244" w="304" /><ent r="3" t="244" w="304" /><ent r="3" t="244" w="311" /><ent r="3" t="244" w="311" /></phr><phr n="-Down"><ent r="92" t="1" w="140" /><ent r="92" t="1" w="140" /><ent r="68" t="11" w="107" /><ent r="68" t="11" w="107" /><ent r="1000" t="89" w="2" /><ent r="1000" t="89" w="2" /><ent r="102" t="89" w="17" /><ent r="102" t="89" w="17" /><ent r="3" t="89" w="23" /><ent r="3" t="89" w="23" /><ent r="92" t="143" w="136" /><ent r="92" t="143" w="136" /></phr></stem><stem n="drop"><phr n="drop"><ent r="100" t="1" w="136" /><ent r="3" t="1" w="145" /><ent r="3" t="1" w="223" /><ent r="4" t="1" w="281" /><ent r="3" t="4" w="20" /><ent r="4" t="4" w="136" /><ent r="7" t="7" w="98" /><ent r="7" t="8" w="157" /><ent r="7" t="9" w="25" /><ent r="7" t="11" w="102" /><ent r="7" t="12" w="52" /><ent r="6" t="12" w="74" /><ent r="7" t="13" w="152" /><ent r="7" t="13" w="178" /><ent r="6" t="14" w="198" /><ent r="6" t="14" w="224" /><ent r="4" t="17" w="149" /><ent r="3" t="20" w="145" /><ent r="4" t="22" w="217" /><ent r="4" t="22" w="331" /><ent r="4" t="22" w="479" /><ent r="4" t="22" w="598" /><ent r="4" t="22" w="653" /><ent r="4" t="22" w="665" /><ent r="4" t="22" w="710" /><ent r="4" t="22" w="755" /><ent r="3" t="22" w="840" /><ent r="3" t="22" w="870" /><ent r="3" t="23" w="89" /><ent r="3" t="25" w="124" /><ent r="3" t="25" w="131" /><ent r="4" t="32" w="58" /><ent r="4" t="36" w="142" /><ent r="3" t="36" w="316" /><ent r="5" t="36" w="469" /><ent r="5" t="36" w="510" /><ent r="4" t="41" w="142" /><ent r="4" t="42" w="178" /><ent r="4" t="46" w="125" /><ent r="3" t="46" w="250" /><ent r="3" t="47" w="374" /><ent r="3" t="47" w="410" /><ent r="3" t="48" w="163" /><ent r="3" t="48" w="196" /><ent r="4" t="52" w="132" /><ent r="3" t="52" w="149" /><ent r="4" t="53" w="141" /><ent r="3" t="53" w="180" /><ent r="4" t="54" w="139" /><ent r="4" t="56" w="136" /><ent r="4" t="57" w="337" /><ent r="4" t="57" w="563" /><ent r="4" t="57" w="772" /><ent r="4" t="57" w="998" /><ent r="3" t="58" w="164" /><ent r="3" t="58" w="181" /><ent r="3" t="59" w="157" /><ent r="4" t="69" w="237" /><ent r="4" t="69" w="326" /><ent r="4" t="74" w="221" /><ent r="5" t="74" w="400" /><ent r="3" t="84" w="67" /><ent r="4" t="85" w="137" /><ent r="4" t="86" w="40" /><ent r="4" t="86" w="56" /><ent r="3" t="87" w="103" /><ent r="3" t="87" w="122" /><ent r="3" t="87" w="132" /><ent r="100" t="89" w="7" /><ent r="100" t="89" w="11" /><ent r="3" t="89" w="59" /><ent r="4" t="90" w="50" /><ent r="4" t="90" w="201" /><ent r="4" t="90" w="232" /><ent r="4" t="90" w="277" /><ent r="4" t="91" w="113" /><ent r="4" t="92" w="188" /><ent r="4" t="92" w="206" /><ent r="3" t="94" w="104" /><ent r="3" t="99" w="227" /><ent r="3" t="99" w="293" /><ent r="3" t="102" w="220" /><ent r="3" t="102" w="238" /><ent r="4" t="120" w="112" /><ent r="4" t="121" w="220" /><ent r="4" t="122" w="98" /><ent r="3" t="125" w="101" /><ent r="3" t="130" w="163" /><ent r="4" t="134" w="464" /><ent r="4" t="136" w="332" /><ent r="4" t="136" w="546" /><ent r="100" t="143" w="19" /><ent r="100" t="143" w="130" /><ent r="3" t="143" w="148" /><ent r="3" t="149" w="97" /><ent r="4" t="150" w="214" /><ent r="4" t="151" w="46" /><ent r="4" t="151" w="58" /><ent r="4" t="151" w="64" /><ent r="3" t="151" w="89" /><ent r="3" t="151" w="113" /><ent r="3" t="151" w="157" /><ent r="3" t="151" w="176" /><ent r="3" t="151" w="186" /><ent r="3" t="151" w="199" /><ent r="3" t="151" w="207" /><ent r="3" t="151" w="216" /><ent r="3" t="151" w="222" /><ent r="4" t="151" w="276" /><ent r="4" t="151" w="289" /><ent r="4" t="151" w="329" /><ent r="3" t="151" w="342" /><ent r="4" t="151" w="429" /><ent r="3" t="151" w="460" /><ent r="4" t="151" w="554" /><ent r="4" t="151" w="567" /><ent r="3" t="153" w="178" /><ent r="3" t="154" w="38" /><ent r="3" t="154" w="119" /><ent r="3" t="157" w="345" /><ent r="3" t="157" w="411" /><ent r="4" t="157" w="447" /><ent r="4" t="164" w="67" /><ent r="3" t="170" w="18" /><ent r="4" t="172" w="243" /><ent r="4" t="172" w="262" /><ent r="4" t="172" w="357" /><ent r="4" t="172" w="476" /><ent r="4" t="172" w="532" /><ent r="4" t="172" w="544" /><ent r="4" t="172" w="589" /><ent r="4" t="172" w="634" /><ent r="3" t="172" w="714" /><ent r="3" t="172" w="744" /><ent r="4" t="173" w="349" /><ent r="4" t="173" w="465" /><ent r="4" t="173" w="521" /><ent r="4" t="173" w="533" /><ent r="4" t="173" w="578" /><ent r="4" t="173" w="623" /><ent r="3" t="173" w="703" /><ent r="3" t="173" w="733" /><ent r="3" t="173" w="1103" /><ent r="3" t="173" w="1116" /><ent r="4" t="174" w="347" /><ent r="4" t="174" w="463" /><ent r="4" t="174" w="519" /><ent r="4" t="174" w="531" /><ent r="4" t="174" w="576" /><ent r="4" t="174" w="621" /><ent r="3" t="174" w="701" /><ent r="3" t="174" w="731" /><ent r="3" t="177" w="205" /><ent r="4" t="179" w="165" /><ent r="3" t="179" w="193" /><ent r="3" t="179" w="208" /><ent r="3" t="180" w="147" /><ent r="4" t="181" w="415" /><ent r="4" t="181" w="602" /><ent r="3" t="182" w="78" /><ent r="3" t="182" w="111" /><ent r="3" t="182" w="130" /><ent r="3" t="182" w="140" /><ent r="4" t="188" w="392" /><ent r="4" t="188" w="566" /><ent r="4" t="188" w="603" /><ent r="4" t="190" w="104" /><ent r="4" t="203" w="347" /><ent r="4" t="203" w="589" /><ent r="4" t="203" w="1994" /><ent r="4" t="203" w="2056" /><ent r="4" t="204" w="496" /><ent r="6" t="204" w="878" /><ent r="3" t="204" w="909" /><ent r="3" t="204" w="1005" /><ent r="4" t="204" w="1790" /><ent r="3" t="204" w="2362" /><ent r="4" t="204" w="2877" /><ent r="4" t="205" w="212" /><ent r="3" t="205" w="1149" /><ent r="3" t="205" w="1160" /><ent r="4" t="205" w="1257" /><ent r="4" t="206" w="172" /><ent r="4" t="207" w="410" /><ent r="4" t="208" w="399" /><ent r="4" t="208" w="1108" /><ent r="3" t="208" w="1247" /><ent r="4" t="210" w="323" /><ent r="4" t="210" w="630" /><ent r="4" t="210" w="1069" /><ent r="3" t="211" w="319" /><ent r="3" t="211" w="477" /><ent r="3" t="211" w="521" /><ent r="3" t="211" w="670" /><ent r="4" t="211" w="753" /><ent r="7" t="211" w="1135" /><ent r="4" t="212" w="232" /><ent r="4" t="212" w="518" /><ent r="4" t="214" w="50" /><ent r="3" t="216" w="21" /><ent r="3" t="221" w="248" /><ent r="3" t="222" w="179" /><ent r="3" t="223" w="138" /><ent r="3" t="225" w="177" /><ent r="4" t="226" w="241" /><ent r="4" t="226" w="293" /><ent r="4" t="235" w="135" /><ent r="4" t="235" w="211" /><ent r="6" t="236" w="220" /><ent r="6" t="236" w="429" /><ent r="3" t="239" w="20" /><ent r="3" t="240" w="20" /><ent r="3" t="244" w="304" /><ent r="3" t="244" w="311" /></phr><phr n="Drop"><ent r="92" t="1" w="140" /><ent r="3" t="1" w="197" /><ent r="68" t="11" w="107" /><ent r="4" t="46" w="132" /><ent r="1000" t="89" w="2" /><ent r="102" t="89" w="17" /><ent r="3" t="89" w="23" /><ent r="92" t="143" w="136" /><ent r="3" t="151" w="253" /><ent r="3" t="151" w="311" /><ent r="3" t="151" w="394" /><ent r="3" t="151" w="443" /><ent r="64" t="166" w="133" /><ent r="64" t="168" w="192" /><ent r="1000" t="170" w="2" /><ent r="102" t="170" w="6" /><ent r="3" t="170" w="11" /><ent r="3" t="170" w="28" /><ent r="5" t="170" w="77" /><ent r="3" t="170" w="95" /></phr><phr n="dropped"><ent r="3" t="168" w="215" /></phr></stem></index>