﻿<?xml version="1.0" encoding="utf-8"?><index><stem n="can't"><phr n="Can't"><ent r="92" t="28" w="98" /><ent r="92" t="28" w="97" /></phr><phr n="can't"><ent r="4" t="135" w="727" /><ent r="4" t="135" w="726" /><ent r="4" t="135" w="742" /><ent r="4" t="135" w="741" /></phr></stem><stem n="green"><phr n="green"><ent r="3" t="28" w="103" /><ent r="4" t="57" w="375" /><ent r="4" t="57" w="810" /><ent r="3" t="69" w="451" /><ent r="3" t="98" w="57" /><ent r="3" t="112" w="96" /><ent r="3" t="120" w="79" /><ent r="3" t="127" w="68" /><ent r="6" t="153" w="374" /><ent r="3" t="203" w="1242" /><ent r="3" t="203" w="1384" /><ent r="3" t="203" w="1390" /><ent r="4" t="203" w="2032" /><ent r="4" t="203" w="2116" /><ent r="3" t="204" w="1337" /><ent r="4" t="204" w="2931" /><ent r="5" t="204" w="3025" /><ent r="3" t="205" w="1525" /><ent r="3" t="208" w="778" /><ent r="7" t="211" w="1167" /><ent r="5" t="211" w="1182" /><ent r="5" t="234" w="286" /></phr><phr n="Green"><ent r="3" t="203" w="1491" /></phr></stem><stem n="red"><phr n="red"><ent r="3" t="28" w="123" /><ent r="4" t="57" w="372" /><ent r="4" t="57" w="807" /><ent r="3" t="69" w="450" /><ent r="3" t="112" w="95" /><ent r="3" t="120" w="78" /><ent r="3" t="127" w="67" /><ent r="4" t="153" w="827" /><ent r="3" t="157" w="243" /><ent r="3" t="191" w="43" /><ent r="3" t="203" w="1241" /><ent r="3" t="203" w="1305" /><ent r="3" t="203" w="1345" /><ent r="4" t="203" w="2029" /><ent r="4" t="205" w="953" /><ent r="3" t="205" w="1516" /><ent r="4" t="207" w="917" /><ent r="4" t="207" w="966" /><ent r="3" t="208" w="772" /><ent r="4" t="210" w="785" /><ent r="3" t="211" w="563" /><ent r="5" t="234" w="304" /></phr><phr n="Red"><ent r="3" t="203" w="1490" /><ent r="3" t="204" w="2120" /></phr></stem><stem n="recogn"><phr n="recognized"><ent r="3" t="29" w="29" /><ent r="4" t="38" w="211" /><ent r="3" t="220" w="13" /></phr><phr n="recognizes"><ent r="3" t="43" w="48" /><ent r="3" t="224" w="189" /></phr><phr n="recognize"><ent r="3" t="129" w="55" /></phr></stem><stem n="know"><phr n="knowing"><ent r="4" t="29" w="61" /><ent r="4" t="29" w="238" /><ent r="4" t="100" w="41" /><ent r="3" t="202" w="150" /></phr><phr n="know"><ent r="4" t="57" w="234" /><ent r="4" t="196" w="111" /></phr><phr n="Knowing"><ent r="3" t="202" w="121" /></phr></stem><stem n="’t"><phr n="’t"><ent r="4" t="29" w="80" /><ent r="3" t="99" w="329" /><ent r="3" t="143" w="372" /><ent r="3" t="159" w="75" /><ent r="3" t="204" w="972" /><ent r="5" t="205" w="1312" /></phr></stem><stem n="find"><phr n="find"><ent r="4" t="29" w="81" /><ent r="3" t="108" w="219" /><ent r="4" t="204" w="1985" /><ent r="3" t="204" w="3270" /><ent r="3" t="206" w="807" /></phr><phr n="finds"><ent r="3" t="193" w="31" /></phr></stem><stem n="cgm"><phr n="CGM"><ent r="5" t="29" w="91" /><ent r="4" t="29" w="95" /><ent r="4" t="31" w="151" /></phr><phr n="cgm"><ent r="4" t="31" w="152" /></phr></stem><stem n="dted"><phr n="DTED"><ent r="5" t="29" w="102" /><ent r="4" t="29" w="111" /><ent r="4" t="31" w="109" /></phr></stem><stem n="envi"><phr n="ENVI"><ent r="5" t="29" w="114" /><ent r="6" t="29" w="131" /><ent r="65" t="29" w="144" /><ent r="5" t="29" w="148" /><ent r="4" t="29" w="153" /><ent r="4" t="29" w="169" /><ent r="65" t="29" w="191" /><ent r="4" t="31" w="99" /><ent r="4" t="31" w="142" /><ent r="67" t="33" w="105" /><ent r="5" t="34" w="31" /><ent r="6" t="34" w="40" /><ent r="4" t="34" w="63" /><ent r="65" t="34" w="74" /><ent r="1000" t="42" w="1" /><ent r="100" t="42" w="4" /><ent r="102" t="42" w="6" /><ent r="3" t="42" w="10" /><ent r="3" t="42" w="29" /><ent r="3" t="42" w="38" /><ent r="3" t="42" w="58" /><ent r="3" t="42" w="85" /><ent r="3" t="42" w="87" /><ent r="3" t="42" w="102" /><ent r="64" t="42" w="106" /><ent r="3" t="42" w="117" /><ent r="4" t="42" w="182" /><ent r="4" t="42" w="189" /><ent r="4" t="42" w="197" /><ent r="1000" t="43" w="1" /><ent r="100" t="43" w="5" /><ent r="102" t="43" w="7" /><ent r="3" t="43" w="12" /><ent r="3" t="43" w="28" /><ent r="3" t="43" w="61" /><ent r="3" t="43" w="84" /><ent r="1000" t="44" w="1" /><ent r="100" t="44" w="5" /><ent r="102" t="44" w="7" /><ent r="3" t="44" w="12" /><ent r="3" t="44" w="17" /><ent r="5" t="203" w="581" /><ent r="5" t="209" w="262" /><ent r="1000" t="220" w="1" /><ent r="100" t="220" w="5" /><ent r="102" t="220" w="7" /><ent r="3" t="220" w="15" /><ent r="3" t="220" w="29" /><ent r="5" t="220" w="56" /><ent r="5" t="220" w="61" /><ent r="7" t="220" w="156" /><ent r="7" t="220" w="167" /><ent r="92" t="220" w="678" /><ent r="3" t="220" w="682" /><ent r="3" t="220" w="718" /><ent r="1000" t="221" w="1" /><ent r="102" t="221" w="5" /><ent r="100" t="221" w="9" /><ent r="3" t="221" w="14" /><ent r="3" t="221" w="18" /><ent r="3" t="221" w="34" /><ent r="3" t="221" w="39" /><ent r="3" t="221" w="70" /><ent r="3" t="221" w="91" /><ent r="92" t="221" w="293" /><ent r="3" t="221" w="305" /></phr></stem><stem n="spectral"><phr n="spectral"><ent r="4" t="29" w="121" /><ent r="4" t="29" w="181" /><ent r="3" t="42" w="16" /><ent r="3" t="43" w="40" /><ent r="3" t="44" w="34" /><ent r="3" t="136" w="202" /><ent r="5" t="181" w="429" /><ent r="3" t="188" w="21" /><ent r="3" t="188" w="26" /><ent r="3" t="188" w="62" /><ent r="3" t="188" w="88" /><ent r="3" t="204" w="293" /><ent r="5" t="204" w="786" /><ent r="6" t="204" w="1225" /><ent r="5" t="204" w="1848" /><ent r="5" t="204" w="2481" /><ent r="5" t="204" w="2677" /><ent r="4" t="205" w="1182" /><ent r="4" t="241" w="27" /></phr><phr n="Spectral"><ent r="64" t="202" w="340" /><ent r="102" t="205" w="12" /><ent r="3" t="205" w="178" /></phr><phr n="spectrally"><ent r="3" t="205" w="51" /></phr></stem><stem n="environ"><phr n="ENvironment"><ent r="6" t="29" w="133" /><ent r="6" t="34" w="42" /><ent r="3" t="42" w="25" /></phr><phr n="environment"><ent r="4" t="150" w="87" /></phr><phr n="environments"><ent r="4" t="194" w="308" /></phr></stem><stem n="visual"><phr n="Visualizing"><ent r="6" t="29" w="135" /><ent r="6" t="34" w="44" /><ent r="3" t="42" w="27" /></phr><phr n="visualizations"><ent r="3" t="137" w="300" /></phr><phr n="visualized"><ent r="3" t="138" w="115" /></phr><phr n="visual"><ent r="4" t="195" w="96" /></phr></stem><stem n="librari"><phr n="Library"><ent r="5" t="29" w="149" /><ent r="4" t="29" w="154" /><ent r="65" t="29" w="192" /><ent r="4" t="29" w="207" /><ent r="1000" t="43" w="2" /><ent r="102" t="43" w="8" /><ent r="3" t="43" w="13" /><ent r="3" t="43" w="62" /><ent r="1000" t="44" w="2" /><ent r="102" t="44" w="8" /><ent r="3" t="44" w="13" /></phr><phr n="library"><ent r="4" t="29" w="182" /><ent r="3" t="43" w="41" /><ent r="3" t="44" w="24" /><ent r="3" t="44" w="35" /><ent r="3" t="44" w="50" /><ent r="3" t="220" w="46" /></phr></stem><stem n="similar"><phr n="similar"><ent r="4" t="29" w="166" /><ent r="4" t="32" w="79" /><ent r="3" t="43" w="25" /><ent r="3" t="68" w="207" /><ent r="3" t="87" w="163" /><ent r="3" t="129" w="14" /><ent r="3" t="130" w="68" /><ent r="3" t="188" w="16" /><ent r="3" t="203" w="1503" /><ent r="3" t="203" w="1841" /></phr></stem><stem n="part"><phr n="part"><ent r="4" t="29" w="178" /><ent r="3" t="43" w="37" /><ent r="3" t="43" w="75" /><ent r="3" t="62" w="52" /><ent r="3" t="151" w="347" /><ent r="3" t="202" w="231" /><ent r="4" t="205" w="895" /><ent r="3" t="207" w="307" /><ent r="3" t="208" w="297" /><ent r="3" t="211" w="229" /><ent r="4" t="211" w="1838" /><ent r="5" t="230" w="151" /></phr><phr n="Part"><ent r="92" t="205" w="837" /></phr></stem><stem n="instead"><phr n="instead"><ent r="4" t="29" w="183" /><ent r="4" t="36" w="563" /><ent r="3" t="43" w="42" /><ent r="4" t="73" w="264" /><ent r="3" t="93" w="161" /><ent r="3" t="211" w="142" /><ent r="3" t="237" w="113" /></phr></stem><stem n="gdal"><phr n="GDAL"><ent r="5" t="29" w="197" /><ent r="4" t="29" w="208" /><ent r="4" t="29" w="214" /></phr><phr n="gdal"><ent r="65" t="29" w="218" /></phr></stem><stem n="geospati"><phr n="Geospatial"><ent r="4" t="29" w="204" /></phr></stem><stem n="abstract"><phr n="Abstraction"><ent r="4" t="29" w="206" /></phr></stem><stem n="(gdal)"><phr n="(GDAL)"><ent r="4" t="29" w="209" /></phr></stem><stem n="www"><phr n="www"><ent r="65" t="29" w="217" /></phr></stem><stem n="www.gdal"><phr n="www.gdal"><ent r="65" t="29" w="218" /><ent r="65" t="29" w="217" /></phr></stem><stem n=".gdal.org"><phr n=".gdal.org"><ent r="65" t="29" w="219" /></phr></stem><stem n="www.gdal.org"><phr n="www.gdal.org"><ent r="65" t="29" w="219" /><ent r="65" t="29" w="217" /></phr></stem><stem n="org"><phr n="org"><ent r="65" t="29" w="219" /><ent r="68" t="202" w="266" /><ent r="68" t="203" w="483" /><ent r="68" t="204" w="632" /><ent r="68" t="205" w="348" /><ent r="68" t="206" w="308" /><ent r="68" t="207" w="546" /><ent r="68" t="208" w="535" /><ent r="68" t="209" w="192" /><ent r="68" t="210" w="459" /><ent r="68" t="211" w="378" /><ent r="68" t="212" w="368" /><ent r="64" t="218" w="16" /></phr></stem><stem n="hdf5"><phr n="HDF5"><ent r="5" t="29" w="223" /><ent r="4" t="31" w="107" /><ent r="4" t="31" w="140" /><ent r="4" t="223" w="238" /></phr></stem><stem n="tag"><phr n="Tagged"><ent r="6" t="29" w="294" /></phr><phr n="tags"><ent r="4" t="29" w="329" /></phr></stem><stem n="geocoordin"><phr n="geocoordinates"><ent r="4" t="29" w="304" /><ent r="4" t="34" w="94" /></phr><phr n="Geocoordinate"><ent r="4" t="48" w="160" /><ent r="5" t="206" w="437" /><ent r="5" t="207" w="675" /><ent r="5" t="208" w="664" /></phr></stem><stem n="latitud"><phr n="latitude"><ent r="4" t="29" w="305" /><ent r="4" t="36" w="543" /><ent r="4" t="48" w="83" /><ent r="4" t="48" w="117" /><ent r="3" t="48" w="125" /><ent r="4" t="48" w="139" /><ent r="3" t="48" w="147" /><ent r="100" t="54" w="11" /><ent r="3" t="54" w="31" /><ent r="4" t="73" w="254" /><ent r="3" t="98" w="24" /><ent r="3" t="98" w="85" /><ent r="4" t="100" w="43" /><ent r="4" t="100" w="66" /><ent r="3" t="136" w="82" /><ent r="3" t="136" w="253" /><ent r="4" t="136" w="502" /><ent r="4" t="179" w="66" /><ent r="3" t="179" w="308" /><ent r="4" t="196" w="113" /><ent r="3" t="204" w="140" /><ent r="3" t="204" w="168" /><ent r="3" t="204" w="1828" /><ent r="3" t="204" w="2393" /><ent r="5" t="206" w="395" /><ent r="5" t="206" w="402" /><ent r="4" t="206" w="412" /><ent r="4" t="206" w="424" /><ent r="5" t="207" w="633" /><ent r="5" t="207" w="640" /><ent r="4" t="207" w="650" /><ent r="4" t="207" w="662" /><ent r="5" t="208" w="622" /><ent r="5" t="208" w="629" /><ent r="4" t="208" w="639" /><ent r="4" t="208" w="651" /><ent r="5" t="216" w="258" /><ent r="3" t="219" w="33" /><ent r="7" t="240" w="46" /><ent r="7" t="240" w="56" /><ent r="7" t="240" w="69" /><ent r="3" t="242" w="87" /><ent r="3" t="242" w="111" /><ent r="3" t="242" w="172" /><ent r="3" t="242" w="205" /><ent r="3" t="242" w="324" /><ent r="3" t="242" w="376" /><ent r="3" t="242" w="389" /><ent r="3" t="242" w="440" /><ent r="3" t="242" w="461" /></phr><phr n="Latitude"><ent r="3" t="48" w="174" /><ent r="3" t="48" w="181" /><ent r="4" t="48" w="192" /><ent r="1000" t="54" w="1" /><ent r="5" t="73" w="244" /><ent r="5" t="99" w="238" /><ent r="4" t="173" w="1110" /><ent r="1000" t="179" w="1" /><ent r="100" t="179" w="6" /><ent r="100" t="179" w="12" /><ent r="102" t="179" w="16" /><ent r="5" t="179" w="156" /><ent r="3" t="179" w="280" /><ent r="3" t="179" w="301" /><ent r="4" t="204" w="1000" /><ent r="3" t="204" w="1072" /><ent r="4" t="204" w="1480" /><ent r="4" t="204" w="1532" /><ent r="7" t="204" w="1699" /><ent r="3" t="204" w="3066" /><ent r="5" t="206" w="442" /><ent r="5" t="206" w="451" /><ent r="5" t="207" w="680" /><ent r="5" t="207" w="689" /><ent r="5" t="208" w="669" /><ent r="5" t="208" w="678" /><ent r="6" t="236" w="154" /><ent r="6" t="236" w="207" /><ent r="6" t="236" w="249" /><ent r="6" t="236" w="311" /><ent r="6" t="236" w="379" /><ent r="6" t="236" w="460" /><ent r="6" t="236" w="495" /><ent r="6" t="236" w="576" /></phr></stem><stem n="latitude/longitud"><phr n="latitude/longitude"><ent r="4" t="29" w="306" /><ent r="4" t="29" w="305" /><ent r="4" t="36" w="544" /><ent r="4" t="36" w="543" /><ent r="4" t="48" w="84" /><ent r="4" t="48" w="83" /><ent r="4" t="48" w="118" /><ent r="4" t="48" w="117" /><ent r="3" t="48" w="126" /><ent r="3" t="48" w="125" /><ent r="4" t="48" w="140" /><ent r="4" t="48" w="139" /><ent r="3" t="48" w="148" /><ent r="3" t="48" w="147" /><ent r="100" t="54" w="12" /><ent r="100" t="54" w="11" /><ent r="4" t="73" w="255" /><ent r="4" t="73" w="254" /><ent r="3" t="98" w="25" /><ent r="3" t="98" w="24" /><ent r="3" t="98" w="86" /><ent r="3" t="98" w="85" /><ent r="4" t="100" w="44" /><ent r="4" t="100" w="43" /><ent r="4" t="100" w="67" /><ent r="4" t="100" w="66" /><ent r="3" t="136" w="83" /><ent r="3" t="136" w="82" /><ent r="3" t="136" w="254" /><ent r="3" t="136" w="253" /><ent r="4" t="136" w="503" /><ent r="4" t="136" w="502" /><ent r="4" t="179" w="67" /><ent r="4" t="179" w="66" /><ent r="3" t="204" w="169" /><ent r="3" t="204" w="168" /><ent r="3" t="204" w="1829" /><ent r="3" t="204" w="1828" /><ent r="3" t="204" w="2394" /><ent r="3" t="204" w="2393" /><ent r="5" t="206" w="396" /><ent r="5" t="206" w="395" /><ent r="5" t="206" w="403" /><ent r="5" t="206" w="402" /><ent r="4" t="206" w="413" /><ent r="4" t="206" w="412" /><ent r="4" t="206" w="425" /><ent r="4" t="206" w="424" /><ent r="5" t="207" w="634" /><ent r="5" t="207" w="633" /><ent r="5" t="207" w="641" /><ent r="5" t="207" w="640" /><ent r="4" t="207" w="651" /><ent r="4" t="207" w="650" /><ent r="4" t="207" w="663" /><ent r="4" t="207" w="662" /><ent r="5" t="208" w="623" /><ent r="5" t="208" w="622" /><ent r="5" t="208" w="630" /><ent r="5" t="208" w="629" /><ent r="4" t="208" w="640" /><ent r="4" t="208" w="639" /><ent r="4" t="208" w="652" /><ent r="4" t="208" w="651" /><ent r="3" t="219" w="34" /><ent r="3" t="219" w="33" /><ent r="3" t="242" w="88" /><ent r="3" t="242" w="87" /><ent r="3" t="242" w="112" /><ent r="3" t="242" w="111" /><ent r="3" t="242" w="173" /><ent r="3" t="242" w="172" /><ent r="3" t="242" w="206" /><ent r="3" t="242" w="205" /><ent r="3" t="242" w="325" /><ent r="3" t="242" w="324" /><ent r="3" t="242" w="377" /><ent r="3" t="242" w="376" /><ent r="3" t="242" w="390" /><ent r="3" t="242" w="389" /><ent r="3" t="242" w="441" /><ent r="3" t="242" w="440" /><ent r="3" t="242" w="462" /><ent r="3" t="242" w="461" /></phr><phr n="Latitude/Longitude"><ent r="3" t="48" w="175" /><ent r="3" t="48" w="174" /><ent r="3" t="48" w="182" /><ent r="3" t="48" w="181" /><ent r="4" t="48" w="193" /><ent r="4" t="48" w="192" /><ent r="1000" t="54" w="2" /><ent r="1000" t="54" w="1" /><ent r="5" t="73" w="245" /><ent r="5" t="73" w="244" /><ent r="5" t="99" w="239" /><ent r="5" t="99" w="238" /><ent r="4" t="173" w="1111" /><ent r="4" t="173" w="1110" /><ent r="1000" t="179" w="2" /><ent r="1000" t="179" w="1" /><ent r="100" t="179" w="7" /><ent r="100" t="179" w="6" /><ent r="100" t="179" w="13" /><ent r="100" t="179" w="12" /><ent r="102" t="179" w="17" /><ent r="102" t="179" w="16" /><ent r="5" t="179" w="157" /><ent r="5" t="179" w="156" /><ent r="4" t="204" w="1001" /><ent r="4" t="204" w="1000" /><ent r="3" t="204" w="1073" /><ent r="3" t="204" w="1072" /><ent r="3" t="204" w="3067" /><ent r="3" t="204" w="3066" /><ent r="5" t="206" w="443" /><ent r="5" t="206" w="442" /><ent r="5" t="206" w="452" /><ent r="5" t="206" w="451" /><ent r="5" t="207" w="681" /><ent r="5" t="207" w="680" /><ent r="5" t="207" w="690" /><ent r="5" t="207" w="689" /><ent r="5" t="208" w="670" /><ent r="5" t="208" w="669" /><ent r="5" t="208" w="679" /><ent r="5" t="208" w="678" /><ent r="6" t="236" w="155" /><ent r="6" t="236" w="154" /><ent r="6" t="236" w="208" /><ent r="6" t="236" w="207" /><ent r="6" t="236" w="250" /><ent r="6" t="236" w="249" /><ent r="6" t="236" w="312" /><ent r="6" t="236" w="311" /><ent r="6" t="236" w="380" /><ent r="6" t="236" w="379" /><ent r="6" t="236" w="461" /><ent r="6" t="236" w="460" /><ent r="6" t="236" w="496" /><ent r="6" t="236" w="495" /><ent r="6" t="236" w="577" /><ent r="6" t="236" w="576" /></phr></stem><stem n="longitud"><phr n="longitude"><ent r="4" t="29" w="306" /><ent r="4" t="36" w="544" /><ent r="4" t="48" w="84" /><ent r="4" t="48" w="118" /><ent r="3" t="48" w="126" /><ent r="4" t="48" w="140" /><ent r="3" t="48" w="148" /><ent r="100" t="54" w="12" /><ent r="3" t="54" w="33" /><ent r="4" t="73" w="255" /><ent r="3" t="98" w="25" /><ent r="3" t="98" w="86" /><ent r="4" t="100" w="44" /><ent r="4" t="100" w="67" /><ent r="3" t="136" w="83" /><ent r="3" t="136" w="254" /><ent r="4" t="136" w="503" /><ent r="4" t="179" w="67" /><ent r="3" t="179" w="310" /><ent r="4" t="196" w="115" /><ent r="3" t="204" w="142" /><ent r="3" t="204" w="169" /><ent r="3" t="204" w="1829" /><ent r="3" t="204" w="2394" /><ent r="5" t="206" w="396" /><ent r="5" t="206" w="403" /><ent r="4" t="206" w="413" /><ent r="4" t="206" w="425" /><ent r="5" t="207" w="634" /><ent r="5" t="207" w="641" /><ent r="4" t="207" w="651" /><ent r="4" t="207" w="663" /><ent r="5" t="208" w="623" /><ent r="5" t="208" w="630" /><ent r="4" t="208" w="640" /><ent r="4" t="208" w="652" /><ent r="5" t="216" w="260" /><ent r="3" t="219" w="34" /><ent r="7" t="240" w="48" /><ent r="7" t="240" w="58" /><ent r="7" t="240" w="71" /><ent r="3" t="242" w="88" /><ent r="3" t="242" w="112" /><ent r="3" t="242" w="173" /><ent r="3" t="242" w="206" /><ent r="3" t="242" w="325" /><ent r="3" t="242" w="377" /><ent r="3" t="242" w="390" /><ent r="3" t="242" w="441" /><ent r="3" t="242" w="462" /></phr><phr n="Longitude"><ent r="3" t="48" w="175" /><ent r="3" t="48" w="182" /><ent r="4" t="48" w="193" /><ent r="1000" t="54" w="2" /><ent r="5" t="73" w="245" /><ent r="5" t="99" w="239" /><ent r="4" t="173" w="1111" /><ent r="1000" t="179" w="2" /><ent r="100" t="179" w="7" /><ent r="100" t="179" w="13" /><ent r="102" t="179" w="17" /><ent r="5" t="179" w="157" /><ent r="3" t="179" w="282" /><ent r="3" t="179" w="303" /><ent r="4" t="204" w="1001" /><ent r="3" t="204" w="1073" /><ent r="4" t="204" w="1658" /><ent r="7" t="204" w="1701" /><ent r="4" t="204" w="2572" /><ent r="3" t="204" w="3067" /><ent r="5" t="206" w="443" /><ent r="5" t="206" w="452" /><ent r="5" t="207" w="681" /><ent r="5" t="207" w="690" /><ent r="5" t="208" w="670" /><ent r="5" t="208" w="679" /><ent r="6" t="236" w="155" /><ent r="6" t="236" w="208" /><ent r="6" t="236" w="250" /><ent r="6" t="236" w="312" /><ent r="6" t="236" w="380" /><ent r="6" t="236" w="461" /><ent r="6" t="236" w="496" /><ent r="6" t="236" w="577" /></phr></stem><stem n="(latitude/longitude)"><phr n="(latitude/longitude)"><ent r="4" t="29" w="307" /></phr></stem><stem n="tile"><phr n="tiled"><ent r="4" t="29" w="311" /></phr><phr n="Tile"><ent r="5" t="57" w="244" /><ent r="4" t="204" w="2274" /><ent r="5" t="204" w="2429" /><ent r="5" t="206" w="533" /><ent r="5" t="210" w="810" /><ent r="5" t="210" w="910" /></phr><phr n="tile"><ent r="3" t="206" w="960" /></phr></stem><stem n="plain"><phr n="plain"><ent r="4" t="29" w="319" /></phr></stem><stem n="tif"><phr n="TIF"><ent r="4" t="29" w="320" /></phr><phr n="tif"><ent r="5" t="206" w="478" /><ent r="5" t="206" w="486" /><ent r="5" t="206" w="497" /><ent r="5" t="206" w="520" /><ent r="5" t="206" w="623" /><ent r="5" t="206" w="640" /><ent r="5" t="207" w="730" /><ent r="5" t="208" w="725" /><ent r="5" t="210" w="525" /><ent r="5" t="210" w="564" /><ent r="5" t="210" w="728" /><ent r="5" t="210" w="852" /><ent r="5" t="210" w="1079" /><ent r="5" t="211" w="1858" /><ent r="4" t="212" w="720" /><ent r="4" t="212" w="745" /><ent r="4" t="212" w="774" /></phr></stem><stem n="hyperion"><phr n="Hyperion"><ent r="5" t="29" w="340" /></phr></stem><stem n="nativ"><phr n="native"><ent r="4" t="29" w="355" /><ent r="3" t="220" w="18" /></phr><phr n="natively"><ent r="4" t="34" w="148" /></phr><phr n="Native"><ent r="3" t="42" w="30" /></phr></stem><stem n="export"><phr n="exported"><ent r="4" t="29" w="364" /><ent r="4" t="36" w="70" /><ent r="5" t="36" w="421" /><ent r="5" t="36" w="438" /><ent r="5" t="36" w="460" /><ent r="5" t="36" w="501" /><ent r="4" t="36" w="562" /><ent r="3" t="47" w="186" /><ent r="3" t="47" w="220" /><ent r="3" t="47" w="289" /><ent r="3" t="47" w="323" /><ent r="3" t="47" w="493" /><ent r="3" t="47" w="527" /><ent r="3" t="47" w="657" /><ent r="3" t="47" w="691" /><ent r="3" t="134" w="413" /><ent r="3" t="208" w="824" /><ent r="3" t="208" w="1233" /><ent r="3" t="208" w="1293" /><ent r="3" t="208" w="1321" /><ent r="4" t="227" w="62" /><ent r="4" t="228" w="43" /><ent r="4" t="229" w="60" /><ent r="4" t="230" w="72" /><ent r="4" t="231" w="67" /><ent r="4" t="232" w="45" /></phr><phr n="Exporter"><ent r="4" t="29" w="368" /><ent r="4" t="33" w="73" /><ent r="67" t="33" w="106" /><ent r="67" t="33" w="110" /><ent r="67" t="33" w="114" /><ent r="67" t="33" w="118" /><ent r="67" t="33" w="122" /><ent r="5" t="34" w="32" /><ent r="65" t="34" w="75" /><ent r="5" t="34" w="80" /><ent r="65" t="34" w="113" /><ent r="5" t="34" w="118" /><ent r="65" t="34" w="162" /><ent r="5" t="34" w="167" /><ent r="4" t="34" w="171" /><ent r="65" t="34" w="199" /><ent r="5" t="34" w="204" /><ent r="65" t="34" w="225" /><ent r="5" t="34" w="231" /><ent r="5" t="34" w="255" /><ent r="5" t="35" w="27" /><ent r="65" t="35" w="52" /><ent r="5" t="35" w="59" /><ent r="65" t="35" w="84" /><ent r="5" t="35" w="89" /><ent r="5" t="36" w="132" /><ent r="5" t="36" w="138" /><ent r="92" t="36" w="362" /><ent r="3" t="36" w="368" /><ent r="5" t="37" w="82" /><ent r="67" t="37" w="117" /><ent r="67" t="37" w="122" /><ent r="67" t="37" w="127" /><ent r="67" t="37" w="131" /><ent r="67" t="37" w="136" /><ent r="67" t="37" w="141" /><ent r="67" t="37" w="146" /><ent r="5" t="38" w="32" /><ent r="65" t="38" w="45" /><ent r="5" t="38" w="51" /><ent r="65" t="38" w="93" /><ent r="5" t="38" w="99" /><ent r="65" t="38" w="135" /><ent r="5" t="38" w="141" /><ent r="65" t="38" w="194" /><ent r="5" t="38" w="199" /><ent r="5" t="38" w="236" /><ent r="65" t="38" w="244" /><ent r="5" t="38" w="251" /><ent r="65" t="38" w="260" /><ent r="5" t="38" w="266" /><ent r="65" t="38" w="312" /><ent r="5" t="38" w="317" /><ent r="3" t="39" w="56" /><ent r="4" t="39" w="62" /><ent r="65" t="39" w="105" /><ent r="4" t="40" w="67" /><ent r="1000" t="41" w="3" /><ent r="102" t="41" w="7" /><ent r="100" t="41" w="11" /><ent r="3" t="41" w="19" /><ent r="4" t="41" w="36" /><ent r="5" t="41" w="78" /><ent r="5" t="41" w="85" /><ent r="5" t="41" w="126" /><ent r="4" t="41" w="173" /><ent r="1000" t="44" w="3" /><ent r="102" t="44" w="9" /><ent r="3" t="44" w="14" /><ent r="8" t="153" w="376" /><ent r="3" t="184" w="363" /><ent r="4" t="194" w="256" /><ent r="4" t="203" w="82" /><ent r="4" t="203" w="222" /><ent r="4" t="203" w="2327" /><ent r="100" t="204" w="440" /><ent r="4" t="204" w="443" /><ent r="4" t="204" w="3210" /><ent r="4" t="204" w="3218" /><ent r="5" t="204" w="3223" /><ent r="4" t="208" w="1051" /><ent r="5" t="208" w="1058" /><ent r="4" t="208" w="1071" /><ent r="5" t="212" w="576" /><ent r="5" t="212" w="590" /><ent r="7" t="212" w="1011" /><ent r="3" t="212" w="1281" /><ent r="1000" t="221" w="2" /><ent r="102" t="221" w="6" /><ent r="100" t="221" w="10" /><ent r="3" t="221" w="15" /><ent r="3" t="221" w="40" /><ent r="3" t="221" w="71" /><ent r="3" t="221" w="92" /><ent r="92" t="221" w="294" /><ent r="1000" t="222" w="2" /><ent r="102" t="222" w="6" /><ent r="100" t="222" w="10" /><ent r="3" t="222" w="15" /><ent r="3" t="222" w="36" /><ent r="92" t="222" w="225" /><ent r="3" t="222" w="231" /><ent r="1000" t="223" w="2" /><ent r="102" t="223" w="6" /><ent r="100" t="223" w="10" /><ent r="3" t="223" w="16" /><ent r="92" t="223" w="184" /><ent r="3" t="223" w="190" /><ent r="1000" t="224" w="2" /><ent r="100" t="224" w="6" /><ent r="102" t="224" w="10" /><ent r="3" t="224" w="15" /><ent r="3" t="224" w="63" /><ent r="1000" t="225" w="2" /><ent r="102" t="225" w="6" /><ent r="3" t="225" w="15" /><ent r="1000" t="226" w="3" /><ent r="100" t="226" w="8" /><ent r="102" t="226" w="13" /><ent r="3" t="226" w="19" /><ent r="1000" t="227" w="2" /><ent r="100" t="227" w="6" /><ent r="102" t="227" w="10" /><ent r="1000" t="228" w="3" /><ent r="100" t="228" w="7" /><ent r="102" t="228" w="12" /><ent r="4" t="228" w="18" /><ent r="1000" t="229" w="3" /><ent r="102" t="229" w="8" /><ent r="100" t="229" w="13" /><ent r="3" t="229" w="19" /><ent r="1000" t="230" w="3" /><ent r="100" t="230" w="7" /><ent r="102" t="230" w="11" /><ent r="4" t="230" w="17" /><ent r="1000" t="231" w="3" /><ent r="100" t="231" w="8" /><ent r="102" t="231" w="13" /><ent r="1000" t="232" w="3" /><ent r="100" t="232" w="8" /><ent r="102" t="232" w="13" /><ent r="4" t="232" w="19" /><ent r="3" t="245" w="302" /></phr><phr n="Export"><ent r="64" t="30" w="531" /><ent r="1000" t="33" w="1" /><ent r="102" t="33" w="13" /><ent r="5" t="33" w="46" /><ent r="4" t="33" w="50" /><ent r="6" t="33" w="102" /><ent r="64" t="33" w="135" /><ent r="1000" t="36" w="1" /><ent r="102" t="36" w="10" /><ent r="5" t="36" w="117" /><ent r="4" t="36" w="127" /><ent r="4" t="36" w="186" /><ent r="1000" t="37" w="1" /><ent r="102" t="37" w="13" /><ent r="4" t="37" w="41" /><ent r="4" t="37" w="55" /><ent r="3" t="37" w="59" /><ent r="6" t="37" w="113" /><ent r="1000" t="39" w="1" /><ent r="102" t="39" w="13" /><ent r="5" t="39" w="45" /><ent r="4" t="39" w="49" /><ent r="1000" t="40" w="1" /><ent r="102" t="40" w="6" /><ent r="5" t="40" w="40" /><ent r="4" t="40" w="44" /><ent r="5" t="41" w="42" /><ent r="4" t="41" w="55" /><ent r="4" t="41" w="60" /><ent r="4" t="41" w="118" /><ent r="66" t="45" w="178" /><ent r="1000" t="47" w="1" /><ent r="102" t="47" w="4" /><ent r="3" t="47" w="13" /><ent r="4" t="47" w="32" /><ent r="4" t="47" w="74" /><ent r="4" t="47" w="84" /><ent r="4" t="74" w="447" /><ent r="4" t="74" w="633" /><ent r="4" t="74" w="637" /><ent r="5" t="78" w="204" /><ent r="5" t="116" w="661" /><ent r="65" t="158" w="137" /><ent r="65" t="159" w="235" /><ent r="64" t="160" w="128" /><ent r="65" t="162" w="115" /><ent r="64" t="202" w="322" /><ent r="64" t="202" w="335" /><ent r="64" t="202" w="367" /><ent r="1000" t="203" w="5" /><ent r="103" t="203" w="16" /><ent r="4" t="203" w="76" /><ent r="92" t="203" w="2143" /><ent r="5" t="203" w="2155" /><ent r="3" t="203" w="2159" /><ent r="92" t="203" w="2189" /><ent r="5" t="203" w="2275" /><ent r="4" t="203" w="2307" /><ent r="102" t="204" w="31" /><ent r="4" t="204" w="124" /><ent r="92" t="204" w="3057" /><ent r="5" t="204" w="3205" /><ent r="4" t="205" w="803" /><ent r="5" t="205" w="999" /><ent r="1000" t="208" w="2" /><ent r="102" t="208" w="15" /><ent r="4" t="208" w="63" /><ent r="92" t="208" w="1010" /><ent r="5" t="208" w="1040" /><ent r="4" t="208" w="1044" /><ent r="4" t="208" w="1179" /><ent r="4" t="209" w="98" /><ent r="5" t="212" w="552" /><ent r="7" t="212" w="997" /><ent r="7" t="212" w="1013" /><ent r="3" t="212" w="1275" /><ent r="3" t="225" w="227" /><ent r="92" t="227" w="142" /><ent r="92" t="231" w="147" /></phr><phr n="Exporters"><ent r="92" t="31" w="115" /><ent r="64" t="33" w="86" /><ent r="1000" t="34" w="3" /><ent r="102" t="34" w="7" /><ent r="100" t="34" w="9" /><ent r="1000" t="35" w="2" /><ent r="100" t="35" w="7" /><ent r="102" t="35" w="11" /><ent r="65" t="37" w="95" /><ent r="1000" t="38" w="3" /><ent r="102" t="38" w="7" /><ent r="100" t="38" w="9" /></phr><phr n="export"><ent r="3" t="31" w="120" /><ent r="100" t="33" w="5" /><ent r="100" t="33" w="11" /><ent r="3" t="33" w="18" /><ent r="4" t="33" w="35" /><ent r="3" t="33" w="92" /><ent r="64" t="34" w="25" /><ent r="4" t="34" w="70" /><ent r="4" t="34" w="85" /><ent r="4" t="34" w="108" /><ent r="4" t="34" w="123" /><ent r="4" t="34" w="157" /><ent r="4" t="34" w="194" /><ent r="4" t="34" w="209" /><ent r="4" t="34" w="220" /><ent r="3" t="35" w="20" /><ent r="4" t="35" w="47" /><ent r="4" t="35" w="79" /><ent r="100" t="36" w="5" /><ent r="100" t="36" w="7" /><ent r="3" t="36" w="93" /><ent r="3" t="36" w="378" /><ent r="100" t="37" w="7" /><ent r="100" t="37" w="9" /><ent r="4" t="37" w="18" /><ent r="3" t="37" w="103" /><ent r="64" t="38" w="25" /><ent r="4" t="38" w="37" /><ent r="4" t="38" w="40" /><ent r="4" t="38" w="56" /><ent r="4" t="38" w="87" /><ent r="4" t="38" w="104" /><ent r="4" t="38" w="129" /><ent r="4" t="38" w="146" /><ent r="4" t="38" w="188" /><ent r="4" t="38" w="204" /><ent r="4" t="38" w="239" /><ent r="4" t="38" w="254" /><ent r="4" t="38" w="271" /><ent r="4" t="38" w="306" /><ent r="4" t="38" w="320" /><ent r="100" t="39" w="7" /><ent r="100" t="39" w="9" /><ent r="3" t="39" w="18" /><ent r="4" t="39" w="99" /><ent r="100" t="40" w="11" /><ent r="3" t="40" w="20" /><ent r="4" t="41" w="30" /><ent r="4" t="41" w="105" /><ent r="5" t="41" w="137" /><ent r="4" t="41" w="152" /><ent r="4" t="41" w="166" /><ent r="5" t="45" w="186" /><ent r="100" t="47" w="7" /><ent r="100" t="47" w="11" /><ent r="3" t="47" w="133" /><ent r="3" t="47" w="236" /><ent r="3" t="47" w="440" /><ent r="3" t="47" w="564" /><ent r="3" t="47" w="604" /><ent r="3" t="74" w="52" /><ent r="4" t="74" w="452" /><ent r="4" t="74" w="650" /><ent r="4" t="78" w="209" /><ent r="5" t="116" w="666" /><ent r="3" t="134" w="327" /><ent r="3" t="193" w="46" /><ent r="100" t="203" w="10" /><ent r="3" t="203" w="49" /><ent r="4" t="203" w="2335" /><ent r="3" t="203" w="2432" /><ent r="100" t="204" w="13" /><ent r="3" t="204" w="75" /><ent r="3" t="204" w="89" /><ent r="3" t="204" w="448" /><ent r="3" t="204" w="3061" /><ent r="4" t="204" w="3132" /><ent r="3" t="204" w="3280" /><ent r="4" t="205" w="824" /><ent r="4" t="205" w="1011" /><ent r="100" t="208" w="8" /><ent r="100" t="208" w="10" /><ent r="3" t="208" w="45" /><ent r="3" t="208" w="846" /><ent r="4" t="208" w="1159" /><ent r="3" t="208" w="1252" /><ent r="3" t="208" w="1347" /><ent r="3" t="209" w="416" /><ent r="4" t="209" w="478" /><ent r="64" t="221" w="46" /><ent r="3" t="221" w="100" /><ent r="3" t="221" w="119" /><ent r="3" t="221" w="144" /><ent r="3" t="221" w="306" /><ent r="4" t="221" w="338" /><ent r="3" t="222" w="50" /><ent r="3" t="222" w="75" /><ent r="3" t="223" w="28" /><ent r="3" t="225" w="48" /><ent r="3" t="225" w="73" /><ent r="4" t="227" w="41" /><ent r="3" t="227" w="166" /><ent r="3" t="227" w="209" /><ent r="3" t="229" w="23" /><ent r="4" t="231" w="46" /><ent r="3" t="231" w="171" /><ent r="3" t="231" w="214" /></phr><phr n="exporters"><ent r="3" t="33" w="81" /><ent r="100" t="34" w="15" /><ent r="3" t="34" w="19" /><ent r="100" t="35" w="5" /><ent r="3" t="35" w="15" /><ent r="4" t="37" w="90" /><ent r="100" t="38" w="15" /><ent r="3" t="38" w="19" /><ent r="3" t="153" w="86" /></phr><phr n="exporter"><ent r="4" t="34" w="176" /><ent r="3" t="36" w="15" /><ent r="4" t="36" w="61" /><ent r="4" t="38" w="329" /><ent r="8" t="153" w="379" /><ent r="4" t="203" w="2170" /><ent r="3" t="224" w="20" /><ent r="3" t="224" w="54" /><ent r="3" t="224" w="135" /><ent r="3" t="224" w="159" /><ent r="3" t="224" w="216" /><ent r="100" t="225" w="10" /><ent r="4" t="244" w="758" /></phr><phr n="exports"><ent r="3" t="36" w="16" /><ent r="5" t="45" w="194" /><ent r="3" t="47" w="531" /><ent r="3" t="134" w="378" /><ent r="3" t="134" w="394" /></phr><phr n="exporting"><ent r="64" t="36" w="24" /><ent r="3" t="40" w="75" /><ent r="3" t="47" w="22" /><ent r="3" t="128" w="29" /><ent r="4" t="194" w="260" /><ent r="3" t="203" w="40" /><ent r="3" t="208" w="36" /><ent r="3" t="221" w="87" /><ent r="3" t="222" w="31" /><ent r="3" t="225" w="31" /><ent r="3" t="225" w="247" /><ent r="3" t="227" w="17" /><ent r="4" t="228" w="28" /><ent r="4" t="230" w="29" /><ent r="3" t="231" w="20" /><ent r="4" t="232" w="29" /></phr></stem></index>