﻿<?xml version="1.0" encoding="utf-8"?><index><stem n="plug"><phr n="plug"><ent r="3" t="0" w="88" /><ent r="3" t="1" w="43" /><ent r="3" t="1" w="161" /><ent r="3" t="1" w="588" /><ent r="3" t="1" w="592" /><ent r="7" t="6" w="147" /><ent r="3" t="20" w="435" /><ent r="3" t="22" w="28" /><ent r="3" t="67" w="392" /><ent r="3" t="67" w="412" /><ent r="3" t="67" w="424" /><ent r="3" t="90" w="35" /><ent r="3" t="91" w="50" /><ent r="3" t="92" w="24" /><ent r="3" t="92" w="36" /><ent r="3" t="92" w="54" /><ent r="3" t="92" w="80" /><ent r="3" t="92" w="95" /><ent r="3" t="92" w="101" /><ent r="3" t="92" w="170" /><ent r="4" t="92" w="193" /><ent r="4" t="92" w="211" /><ent r="3" t="98" w="45" /><ent r="3" t="98" w="325" /><ent r="4" t="98" w="346" /><ent r="4" t="98" w="356" /><ent r="4" t="98" w="362" /><ent r="4" t="98" w="372" /><ent r="3" t="98" w="392" /><ent r="3" t="98" w="406" /><ent r="3" t="98" w="420" /><ent r="3" t="98" w="427" /><ent r="3" t="112" w="312" /><ent r="3" t="112" w="319" /><ent r="8" t="112" w="368" /><ent r="8" t="112" w="380" /><ent r="7" t="112" w="393" /><ent r="8" t="112" w="409" /><ent r="8" t="112" w="425" /><ent r="3" t="128" w="22" /><ent r="3" t="128" w="42" /><ent r="3" t="139" w="21" /><ent r="3" t="139" w="32" /><ent r="3" t="150" w="25" /><ent r="3" t="150" w="44" /><ent r="4" t="150" w="70" /><ent r="3" t="150" w="95" /><ent r="3" t="150" w="104" /><ent r="3" t="150" w="115" /><ent r="3" t="150" w="126" /><ent r="3" t="150" w="135" /><ent r="4" t="150" w="145" /><ent r="3" t="150" w="167" /><ent r="3" t="150" w="179" /><ent r="3" t="152" w="13" /><ent r="3" t="152" w="61" /><ent r="100" t="154" w="17" /><ent r="3" t="154" w="112" /><ent r="3" t="159" w="87" /><ent r="3" t="160" w="119" /><ent r="3" t="160" w="127" /><ent r="3" t="160" w="137" /><ent r="3" t="160" w="224" /><ent r="3" t="168" w="194" /><ent r="4" t="168" w="655" /><ent r="3" t="168" w="1172" /><ent r="3" t="168" w="1541" /><ent r="4" t="169" w="624" /><ent r="3" t="169" w="1256" /><ent r="3" t="186" w="260" /><ent r="3" t="210" w="20" /><ent r="3" t="210" w="35" /><ent r="3" t="210" w="47" /></phr><phr n="Plug"><ent r="92" t="1" w="580" /><ent r="7" t="6" w="64" /><ent r="68" t="6" w="69" /><ent r="3" t="67" w="90" /><ent r="92" t="67" w="378" /><ent r="3" t="67" w="383" /><ent r="65" t="75" w="38" /><ent r="1000" t="92" w="2" /><ent r="100" t="92" w="7" /><ent r="102" t="92" w="12" /><ent r="3" t="92" w="18" /><ent r="3" t="92" w="120" /><ent r="4" t="92" w="157" /><ent r="4" t="92" w="181" /><ent r="4" t="92" w="229" /><ent r="3" t="98" w="320" /><ent r="4" t="98" w="340" /><ent r="3" t="109" w="23" /><ent r="3" t="115" w="192" /><ent r="64" t="139" w="383" /><ent r="1000" t="150" w="1" /><ent r="100" t="150" w="5" /><ent r="100" t="150" w="10" /><ent r="102" t="150" w="13" /><ent r="3" t="150" w="17" /><ent r="3" t="150" w="35" /><ent r="4" t="150" w="57" /><ent r="4" t="150" w="62" /><ent r="3" t="150" w="155" /><ent r="3" t="151" w="208" /><ent r="3" t="151" w="229" /><ent r="3" t="151" w="259" /><ent r="3" t="151" w="265" /><ent r="3" t="151" w="294" /><ent r="3" t="151" w="305" /><ent r="1000" t="154" w="7" /><ent r="100" t="154" w="14" /><ent r="102" t="154" w="30" /><ent r="3" t="154" w="39" /><ent r="4" t="154" w="174" /><ent r="64" t="154" w="319" /><ent r="1000" t="155" w="7" /><ent r="100" t="155" w="14" /><ent r="3" t="155" w="32" /><ent r="3" t="155" w="122" /><ent r="4" t="155" w="153" /><ent r="4" t="155" w="280" /><ent r="3" t="157" w="18" /><ent r="3" t="157" w="38" /><ent r="82" t="160" w="210" /><ent r="64" t="160" w="359" /><ent r="1000" t="164" w="6" /><ent r="100" t="164" w="13" /><ent r="102" t="164" w="23" /><ent r="3" t="164" w="62" /><ent r="4" t="164" w="83" /><ent r="4" t="164" w="112" /><ent r="4" t="164" w="400" /><ent r="3" t="164" w="643" /><ent r="4" t="164" w="1490" /><ent r="4" t="168" w="58" /><ent r="4" t="168" w="218" /><ent r="92" t="168" w="604" /><ent r="4" t="168" w="616" /><ent r="4" t="168" w="628" /><ent r="4" t="168" w="638" /><ent r="4" t="169" w="81" /><ent r="4" t="169" w="550" /><ent r="92" t="169" w="583" /><ent r="5" t="169" w="591" /><ent r="4" t="169" w="604" /><ent r="4" t="169" w="614" /></phr></stem><stem n="plug-in"><phr n="plug-ins"><ent r="3" t="0" w="88" /><ent r="3" t="1" w="43" /><ent r="3" t="1" w="161" /><ent r="3" t="1" w="588" /><ent r="3" t="1" w="592" /><ent r="3" t="20" w="435" /><ent r="3" t="67" w="392" /><ent r="3" t="67" w="412" /><ent r="3" t="67" w="424" /><ent r="3" t="90" w="35" /><ent r="3" t="92" w="24" /><ent r="4" t="92" w="211" /><ent r="3" t="98" w="45" /><ent r="3" t="98" w="325" /><ent r="4" t="98" w="346" /><ent r="4" t="98" w="356" /><ent r="4" t="98" w="362" /><ent r="3" t="112" w="312" /><ent r="3" t="112" w="319" /><ent r="7" t="112" w="393" /><ent r="3" t="128" w="22" /><ent r="3" t="128" w="42" /><ent r="4" t="150" w="70" /><ent r="3" t="150" w="95" /><ent r="3" t="150" w="179" /><ent r="3" t="160" w="119" /><ent r="3" t="160" w="224" /><ent r="3" t="168" w="194" /><ent r="3" t="168" w="1541" /><ent r="3" t="169" w="1256" /><ent r="3" t="186" w="260" /><ent r="3" t="210" w="20" /><ent r="3" t="210" w="35" /><ent r="3" t="210" w="47" /></phr><phr n="Plug-Ins"><ent r="92" t="1" w="580" /><ent r="92" t="67" w="378" /><ent r="3" t="67" w="383" /><ent r="3" t="98" w="320" /><ent r="4" t="150" w="57" /><ent r="4" t="150" w="62" /></phr><phr n="Plug-In"><ent r="7" t="6" w="64" /><ent r="68" t="6" w="69" /><ent r="65" t="75" w="38" /><ent r="1000" t="92" w="2" /><ent r="100" t="92" w="7" /><ent r="102" t="92" w="12" /><ent r="3" t="92" w="18" /><ent r="3" t="92" w="120" /><ent r="4" t="92" w="157" /><ent r="4" t="92" w="181" /><ent r="4" t="92" w="229" /><ent r="4" t="98" w="340" /><ent r="3" t="109" w="23" /><ent r="3" t="115" w="192" /><ent r="64" t="139" w="383" /><ent r="1000" t="150" w="1" /><ent r="100" t="150" w="5" /><ent r="100" t="150" w="10" /><ent r="102" t="150" w="13" /><ent r="3" t="150" w="155" /><ent r="3" t="151" w="208" /><ent r="3" t="151" w="229" /><ent r="3" t="151" w="259" /><ent r="3" t="151" w="265" /><ent r="3" t="151" w="294" /><ent r="3" t="151" w="305" /><ent r="1000" t="154" w="7" /><ent r="102" t="154" w="30" /><ent r="3" t="154" w="39" /><ent r="64" t="154" w="319" /><ent r="1000" t="155" w="7" /><ent r="3" t="155" w="122" /><ent r="4" t="155" w="153" /><ent r="3" t="157" w="18" /><ent r="3" t="157" w="38" /><ent r="64" t="160" w="359" /><ent r="1000" t="164" w="6" /><ent r="102" t="164" w="23" /><ent r="3" t="164" w="62" /><ent r="4" t="164" w="83" /><ent r="4" t="164" w="112" /><ent r="4" t="164" w="400" /><ent r="3" t="164" w="643" /><ent r="4" t="164" w="1490" /><ent r="4" t="168" w="58" /><ent r="4" t="168" w="616" /><ent r="4" t="168" w="628" /><ent r="4" t="168" w="638" /><ent r="4" t="169" w="81" /><ent r="4" t="169" w="550" /><ent r="92" t="169" w="583" /><ent r="5" t="169" w="591" /><ent r="4" t="169" w="604" /><ent r="4" t="169" w="614" /></phr><phr n="plug-in"><ent r="7" t="6" w="147" /><ent r="3" t="22" w="28" /><ent r="3" t="91" w="50" /><ent r="3" t="92" w="36" /><ent r="3" t="92" w="54" /><ent r="3" t="92" w="80" /><ent r="3" t="92" w="95" /><ent r="3" t="92" w="101" /><ent r="3" t="92" w="170" /><ent r="4" t="92" w="193" /><ent r="4" t="98" w="372" /><ent r="3" t="98" w="392" /><ent r="3" t="98" w="406" /><ent r="3" t="98" w="420" /><ent r="3" t="98" w="427" /><ent r="8" t="112" w="368" /><ent r="8" t="112" w="380" /><ent r="8" t="112" w="409" /><ent r="8" t="112" w="425" /><ent r="3" t="139" w="21" /><ent r="3" t="139" w="32" /><ent r="3" t="150" w="25" /><ent r="3" t="150" w="44" /><ent r="3" t="150" w="104" /><ent r="3" t="150" w="115" /><ent r="3" t="150" w="126" /><ent r="3" t="150" w="135" /><ent r="4" t="150" w="145" /><ent r="3" t="150" w="167" /><ent r="3" t="152" w="13" /><ent r="3" t="152" w="61" /><ent r="100" t="154" w="17" /><ent r="3" t="154" w="112" /><ent r="3" t="159" w="87" /><ent r="3" t="160" w="127" /><ent r="3" t="160" w="137" /><ent r="4" t="168" w="655" /><ent r="3" t="168" w="1172" /><ent r="4" t="169" w="624" /></phr><phr n="Plug-ins"><ent r="3" t="67" w="90" /><ent r="82" t="160" w="210" /></phr><phr n="Plug-in"><ent r="3" t="150" w="17" /><ent r="3" t="150" w="35" /><ent r="100" t="154" w="14" /><ent r="4" t="154" w="174" /><ent r="100" t="155" w="14" /><ent r="3" t="155" w="32" /><ent r="4" t="155" w="280" /><ent r="100" t="164" w="13" /><ent r="4" t="168" w="218" /><ent r="92" t="168" w="604" /></phr></stem><stem n="in"><phr n="ins"><ent r="3" t="0" w="89" /><ent r="3" t="1" w="44" /><ent r="3" t="1" w="162" /><ent r="3" t="1" w="589" /><ent r="3" t="1" w="593" /><ent r="3" t="20" w="436" /><ent r="3" t="67" w="91" /><ent r="3" t="67" w="393" /><ent r="3" t="67" w="413" /><ent r="3" t="67" w="425" /><ent r="3" t="90" w="36" /><ent r="3" t="92" w="25" /><ent r="4" t="92" w="212" /><ent r="3" t="98" w="46" /><ent r="3" t="98" w="326" /><ent r="4" t="98" w="347" /><ent r="4" t="98" w="357" /><ent r="4" t="98" w="363" /><ent r="3" t="112" w="313" /><ent r="3" t="112" w="320" /><ent r="7" t="112" w="394" /><ent r="3" t="128" w="23" /><ent r="3" t="128" w="43" /><ent r="4" t="150" w="71" /><ent r="3" t="150" w="96" /><ent r="3" t="150" w="180" /><ent r="3" t="160" w="120" /><ent r="82" t="160" w="211" /><ent r="3" t="160" w="225" /><ent r="3" t="168" w="195" /><ent r="3" t="168" w="1542" /><ent r="3" t="169" w="1257" /><ent r="3" t="186" w="261" /><ent r="3" t="210" w="21" /><ent r="3" t="210" w="36" /><ent r="3" t="210" w="48" /></phr><phr n="Ins"><ent r="92" t="1" w="581" /><ent r="92" t="67" w="379" /><ent r="3" t="67" w="384" /><ent r="3" t="98" w="321" /><ent r="4" t="150" w="58" /><ent r="4" t="150" w="63" /></phr></stem><stem n="-ins."><phr n="-ins."><ent r="3" t="0" w="90" /><ent r="3" t="0" w="90" /><ent r="3" t="1" w="45" /><ent r="3" t="1" w="45" /><ent r="3" t="1" w="590" /><ent r="3" t="1" w="590" /><ent r="3" t="67" w="92" /><ent r="3" t="67" w="92" /><ent r="3" t="67" w="414" /><ent r="3" t="67" w="414" /><ent r="3" t="67" w="426" /><ent r="3" t="67" w="426" /><ent r="4" t="92" w="213" /><ent r="4" t="92" w="213" /><ent r="3" t="98" w="47" /><ent r="3" t="98" w="47" /><ent r="4" t="98" w="348" /><ent r="4" t="98" w="348" /><ent r="3" t="128" w="44" /><ent r="3" t="128" w="44" /><ent r="3" t="160" w="121" /><ent r="3" t="160" w="121" /></phr></stem><stem n="get"><phr n="get"><ent r="3" t="0" w="92" /><ent r="4" t="161" w="1873" /><ent r="3" t="165" w="131" /><ent r="3" t="166" w="121" /></phr></stem><stem n="start"><phr n="started"><ent r="3" t="0" w="93" /></phr><phr n="Starts"><ent r="64" t="18" w="232" /><ent r="1000" t="19" w="5" /><ent r="102" t="19" w="17" /></phr><phr n="start"><ent r="3" t="19" w="26" /><ent r="7" t="51" w="101" /><ent r="7" t="51" w="163" /><ent r="3" t="123" w="128" /><ent r="3" t="126" w="21" /><ent r="3" t="126" w="36" /><ent r="3" t="126" w="55" /><ent r="4" t="126" w="414" /><ent r="4" t="131" w="203" /><ent r="3" t="155" w="27" /><ent r="3" t="155" w="120" /><ent r="4" t="155" w="147" /><ent r="4" t="162" w="911" /><ent r="4" t="162" w="2599" /><ent r="4" t="164" w="394" /><ent r="4" t="167" w="226" /><ent r="4" t="169" w="1709" /><ent r="7" t="171" w="97" /><ent r="7" t="171" w="132" /><ent r="3" t="177" w="24" /><ent r="7" t="177" w="392" /><ent r="7" t="177" w="395" /><ent r="6" t="206" w="611" /></phr><phr n="starting"><ent r="3" t="19" w="148" /><ent r="100" t="155" w="16" /><ent r="7" t="177" w="400" /></phr><phr n="Start"><ent r="4" t="26" w="223" /><ent r="4" t="26" w="240" /><ent r="4" t="26" w="307" /><ent r="5" t="126" w="402" /><ent r="5" t="159" w="165" /><ent r="4" t="163" w="480" /><ent r="4" t="164" w="77" /><ent r="92" t="164" w="347" /><ent r="5" t="164" w="1305" /><ent r="4" t="168" w="51" /><ent r="92" t="168" w="515" /><ent r="5" t="169" w="1585" /><ent r="4" t="189" w="79" /><ent r="4" t="191" w="149" /><ent r="4" t="191" w="166" /><ent r="4" t="191" w="233" /><ent r="4" t="192" w="85" /><ent r="4" t="192" w="102" /><ent r="4" t="192" w="169" /><ent r="4" t="193" w="38" /><ent r="4" t="193" w="55" /><ent r="4" t="193" w="122" /><ent r="4" t="194" w="83" /><ent r="4" t="194" w="100" /><ent r="4" t="194" w="167" /><ent r="4" t="196" w="116" /><ent r="3" t="196" w="144" /><ent r="4" t="198" w="120" /><ent r="3" t="198" w="148" /></phr><phr n="starts"><ent r="3" t="92" w="56" /><ent r="4" t="162" w="916" /></phr><phr n="Starting"><ent r="64" t="154" w="313" /><ent r="1000" t="155" w="1" /><ent r="102" t="155" w="18" /></phr></stem><stem n=","><phr n=","><ent r="3" t="0" w="98" /><ent r="3" t="1" w="28" /><ent r="3" t="1" w="42" /><ent r="3" t="1" w="58" /><ent r="3" t="1" w="61" /><ent r="3" t="1" w="102" /><ent r="3" t="1" w="235" /><ent r="3" t="1" w="248" /><ent r="3" t="1" w="249" /><ent r="4" t="1" w="320" /><ent r="3" t="1" w="390" /><ent r="3" t="1" w="438" /><ent r="3" t="1" w="508" /><ent r="4" t="2" w="61" /><ent r="4" t="2" w="79" /><ent r="3" t="2" w="129" /><ent r="3" t="4" w="32" /><ent r="3" t="4" w="46" /><ent r="3" t="4" w="47" /><ent r="3" t="4" w="99" /><ent r="3" t="4" w="100" /><ent r="3" t="4" w="101" /><ent r="4" t="4" w="175" /><ent r="7" t="6" w="147" /><ent r="7" t="6" w="150" /><ent r="6" t="7" w="125" /><ent r="6" t="7" w="126" /><ent r="6" t="7" w="127" /><ent r="6" t="7" w="133" /><ent r="6" t="7" w="134" /><ent r="6" t="7" w="135" /><ent r="6" t="7" w="213" /><ent r="7" t="8" w="123" /><ent r="7" t="8" w="138" /><ent r="4" t="10" w="36" /><ent r="7" t="10" w="102" /><ent r="3" t="11" w="55" /><ent r="6" t="11" w="131" /><ent r="7" t="13" w="62" /><ent r="7" t="13" w="75" /><ent r="3" t="14" w="67" /><ent r="6" t="14" w="216" /><ent r="6" t="14" w="375" /><ent r="6" t="14" w="412" /><ent r="6" t="14" w="499" /><ent r="6" t="14" w="505" /><ent r="4" t="18" w="35" /><ent r="3" t="18" w="59" /><ent r="3" t="18" w="72" /><ent r="3" t="18" w="102" /><ent r="4" t="18" w="127" /><ent r="4" t="18" w="142" /><ent r="3" t="18" w="149" /><ent r="3" t="18" w="211" /><ent r="3" t="19" w="52" /><ent r="3" t="19" w="77" /><ent r="3" t="19" w="150" /><ent r="3" t="19" w="169" /><ent r="3" t="19" w="187" /><ent r="3" t="20" w="40" /><ent r="4" t="20" w="110" /><ent r="4" t="20" w="122" /><ent r="4" t="20" w="180" /><ent r="4" t="20" w="198" /><ent r="4" t="20" w="259" /><ent r="3" t="20" w="432" /><ent r="3" t="21" w="46" /><ent r="3" t="21" w="47" /><ent r="3" t="21" w="48" /><ent r="3" t="21" w="49" /><ent r="3" t="21" w="99" /><ent r="3" t="21" w="114" /><ent r="3" t="21" w="124" /><ent r="3" t="21" w="176" /><ent r="3" t="21" w="190" /><ent r="3" t="21" w="209" /><ent r="4" t="21" w="255" /><ent r="4" t="21" w="267" /><ent r="3" t="21" w="347" /><ent r="3" t="21" w="374" /><ent r="4" t="21" w="423" /><ent r="4" t="21" w="434" /><ent r="4" t="21" w="496" /><ent r="3" t="22" w="35" /><ent r="3" t="22" w="68" /><ent r="4" t="23" w="35" /><ent r="4" t="23" w="45" /><ent r="4" t="23" w="85" /><ent r="3" t="23" w="107" /><ent r="3" t="23" w="119" /><ent r="3" t="24" w="65" /><ent r="3" t="24" w="83" /><ent r="3" t="24" w="95" /><ent r="4" t="25" w="68" /><ent r="4" t="25" w="107" /><ent r="4" t="25" w="155" /><ent r="4" t="25" w="181" /><ent r="4" t="26" w="68" /><ent r="4" t="26" w="112" /><ent r="4" t="26" w="126" /><ent r="3" t="26" w="199" /><ent r="3" t="26" w="211" /><ent r="3" t="26" w="212" /><ent r="4" t="26" w="221" /><ent r="4" t="26" w="225" /><ent r="4" t="26" w="228" /><ent r="4" t="26" w="238" /><ent r="4" t="26" w="242" /><ent r="4" t="26" w="245" /><ent r="4" t="26" w="256" /><ent r="4" t="26" w="270" /><ent r="3" t="26" w="304" /><ent r="4" t="26" w="341" /><ent r="4" t="26" w="357" /><ent r="3" t="26" w="371" /><ent r="4" t="26" w="393" /><ent r="5" t="26" w="473" /><ent r="5" t="26" w="514" /><ent r="4" t="26" w="532" /><ent r="4" t="26" w="547" /><ent r="5" t="27" w="32" /><ent r="4" t="27" w="74" /><ent r="4" t="27" w="92" /><ent r="3" t="27" w="106" /><ent r="4" t="28" w="42" /><ent r="4" t="28" w="74" /><ent r="4" t="28" w="113" /><ent r="4" t="28" w="128" /><ent r="4" t="28" w="167" /><ent r="4" t="28" w="186" /><ent r="4" t="28" w="201" /><ent r="4" t="28" w="238" /><ent r="4" t="29" w="38" /><ent r="3" t="29" w="59" /><ent r="3" t="30" w="58" /><ent r="3" t="30" w="80" /><ent r="3" t="31" w="67" /><ent r="4" t="31" w="91" /><ent r="3" t="32" w="80" /><ent r="4" t="32" w="102" /><ent r="3" t="32" w="123" /><ent r="3" t="32" w="135" /><ent r="4" t="32" w="157" /><ent r="3" t="33" w="19" /><ent r="3" t="35" w="29" /><ent r="3" t="35" w="49" /><ent r="4" t="36" w="38" /><ent r="3" t="37" w="33" /><ent r="7" t="37" w="143" /><ent r="3" t="38" w="45" /><ent r="4" t="38" w="135" /><ent r="3" t="39" w="13" /><ent r="3" t="39" w="29" /><ent r="3" t="39" w="100" /><ent r="3" t="39" w="101" /><ent r="3" t="39" w="121" /><ent r="3" t="39" w="142" /><ent r="3" t="39" w="155" /><ent r="3" t="39" w="169" /><ent r="4" t="40" w="40" /><ent r="3" t="40" w="62" /><ent r="3" t="40" w="125" /><ent r="3" t="40" w="147" /><ent r="3" t="40" w="148" /><ent r="3" t="40" w="212" /><ent r="3" t="40" w="339" /><ent r="3" t="41" w="56" /><ent r="3" t="41" w="57" /><ent r="3" t="41" w="67" /><ent r="3" t="41" w="68" /><ent r="4" t="41" w="83" /><ent r="3" t="41" w="105" /><ent r="4" t="41" w="146" /><ent r="4" t="41" w="147" /><ent r="3" t="41" w="188" /><ent r="3" t="41" w="189" /><ent r="4" t="41" w="271" /><ent r="4" t="41" w="311" /><ent r="3" t="42" w="27" /><ent r="3" t="42" w="29" /><ent r="3" t="42" w="39" /><ent r="3" t="42" w="87" /><ent r="4" t="42" w="129" /><ent r="3" t="42" w="152" /><ent r="4" t="42" w="277" /><ent r="3" t="42" w="331" /><ent r="3" t="42" w="376" /><ent r="3" t="43" w="71" /><ent r="4" t="43" w="137" /><ent r="4" t="43" w="191" /><ent r="4" t="43" w="235" /><ent r="4" t="43" w="257" /><ent r="3" t="44" w="17" /><ent r="3" t="44" w="34" /><ent r="3" t="44" w="81" /><ent r="4" t="44" w="98" /><ent r="3" t="44" w="127" /><ent r="4" t="45" w="30" /><ent r="4" t="45" w="47" /><ent r="3" t="45" w="68" /><ent r="3" t="45" w="100" /><ent r="4" t="46" w="141" /><ent r="4" t="46" w="142" /><ent r="4" t="47" w="46" /><ent r="4" t="48" w="60" /><ent r="4" t="48" w="90" /><ent r="4" t="48" w="91" /><ent r="4" t="48" w="93" /><ent r="4" t="48" w="102" /><ent r="4" t="49" w="35" /><ent r="4" t="49" w="55" /><ent r="4" t="49" w="64" /><ent r="3" t="49" w="96" /><ent r="3" t="49" w="113" /><ent r="3" t="50" w="123" /><ent r="3" t="50" w="136" /><ent r="4" t="50" w="156" /><ent r="4" t="50" w="200" /><ent r="4" t="50" w="217" /><ent r="4" t="50" w="237" /><ent r="3" t="51" w="49" /><ent r="7" t="51" w="95" /><ent r="7" t="51" w="111" /><ent r="7" t="51" w="157" /><ent r="7" t="51" w="173" /><ent r="4" t="52" w="36" /><ent r="4" t="52" w="58" /><ent r="4" t="52" w="129" /><ent r="4" t="53" w="32" /><ent r="3" t="54" w="21" /><ent r="4" t="54" w="64" /><ent r="3" t="54" w="85" /><ent r="3" t="54" w="104" /><ent r="3" t="54" w="124" /><ent r="3" t="54" w="142" /><ent r="4" t="54" w="193" /><ent r="3" t="54" w="211" /><ent r="3" t="54" w="227" /><ent r="3" t="55" w="36" /><ent r="3" t="55" w="42" /><ent r="3" t="55" w="43" /><ent r="3" t="55" w="56" /><ent r="3" t="55" w="77" /><ent r="5" t="56" w="42" /><ent r="3" t="56" w="69" /><ent r="3" t="56" w="147" /><ent r="3" t="56" w="148" /><ent r="3" t="56" w="149" /><ent r="3" t="56" w="179" /><ent r="3" t="56" w="183" /><ent r="3" t="56" w="184" /><ent r="4" t="57" w="19" /><ent r="4" t="57" w="45" /><ent r="4" t="57" w="67" /><ent r="4" t="57" w="197" /><ent r="4" t="57" w="225" /><ent r="4" t="57" w="244" /><ent r="4" t="57" w="267" /><ent r="4" t="57" w="286" /><ent r="3" t="58" w="27" /><ent r="4" t="58" w="54" /><ent r="4" t="58" w="66" /><ent r="4" t="58" w="221" /><ent r="4" t="58" w="238" /><ent r="4" t="58" w="268" /><ent r="4" t="58" w="287" /><ent r="4" t="58" w="314" /><ent r="4" t="58" w="319" /><ent r="4" t="58" w="323" /><ent r="3" t="59" w="100" /><ent r="3" t="59" w="122" /><ent r="3" t="59" w="137" /><ent r="4" t="60" w="43" /><ent r="4" t="60" w="50" /><ent r="4" t="60" w="77" /><ent r="3" t="60" w="95" /><ent r="4" t="60" w="117" /><ent r="4" t="60" w="140" /><ent r="4" t="60" w="157" /><ent r="4" t="60" w="175" /><ent r="4" t="60" w="187" /><ent r="4" t="60" w="225" /><ent r="4" t="60" w="232" /><ent r="4" t="60" w="254" /><ent r="3" t="60" w="280" /><ent r="4" t="62" w="52" /><ent r="4" t="62" w="67" /><ent r="4" t="62" w="114" /><ent r="3" t="63" w="33" /><ent r="3" t="63" w="88" /><ent r="3" t="64" w="22" /><ent r="3" t="64" w="23" /><ent r="3" t="64" w="56" /><ent r="3" t="64" w="78" /><ent r="3" t="64" w="266" /><ent r="3" t="64" w="327" /><ent r="4" t="65" w="62" /><ent r="3" t="66" w="25" /><ent r="3" t="66" w="109" /><ent r="4" t="67" w="45" /><ent r="3" t="67" w="87" /><ent r="3" t="67" w="88" /><ent r="3" t="67" w="89" /><ent r="3" t="67" w="159" /><ent r="3" t="67" w="160" /><ent r="3" t="67" w="161" /><ent r="3" t="67" w="180" /><ent r="3" t="67" w="181" /><ent r="3" t="67" w="205" /><ent r="3" t="67" w="207" /><ent r="3" t="67" w="291" /><ent r="3" t="67" w="341" /><ent r="4" t="68" w="50" /><ent r="4" t="69" w="49" /><ent r="4" t="69" w="76" /><ent r="3" t="69" w="107" /><ent r="3" t="70" w="52" /><ent r="4" t="70" w="90" /><ent r="4" t="70" w="112" /><ent r="4" t="70" w="134" /><ent r="4" t="70" w="166" /><ent r="4" t="70" w="208" /><ent r="4" t="70" w="230" /><ent r="4" t="71" w="36" /><ent r="4" t="71" w="103" /><ent r="4" t="71" w="175" /><ent r="3" t="71" w="306" /><ent r="3" t="71" w="327" /><ent r="4" t="71" w="377" /><ent r="3" t="72" w="24" /><ent r="3" t="72" w="26" /><ent r="3" t="72" w="28" /><ent r="3" t="73" w="36" /><ent r="3" t="73" w="43" /><ent r="3" t="73" w="108" /><ent r="3" t="73" w="123" /><ent r="4" t="73" w="239" /><ent r="3" t="74" w="24" /><ent r="4" t="74" w="99" /><ent r="3" t="76" w="92" /><ent r="4" t="76" w="126" /><ent r="4" t="76" w="128" /><ent r="4" t="76" w="130" /><ent r="3" t="76" w="164" /><ent r="3" t="76" w="165" /><ent r="3" t="76" w="170" /><ent r="3" t="77" w="60" /><ent r="3" t="77" w="82" /><ent r="3" t="77" w="95" /><ent r="3" t="77" w="96" /><ent r="3" t="77" w="97" /><ent r="4" t="78" w="55" /><ent r="3" t="78" w="84" /><ent r="4" t="79" w="98" /><ent r="4" t="79" w="120" /><ent r="3" t="79" w="157" /><ent r="7" t="80" w="408" /><ent r="7" t="80" w="409" /><ent r="5" t="81" w="143" /><ent r="5" t="81" w="191" /><ent r="3" t="82" w="100" /><ent r="4" t="82" w="137" /><ent r="4" t="82" w="155" /><ent r="4" t="82" w="179" /><ent r="4" t="83" w="70" /><ent r="3" t="84" w="80" /><ent r="3" t="84" w="81" /><ent r="3" t="84" w="94" /><ent r="5" t="85" w="56" /><ent r="3" t="85" w="81" /><ent r="4" t="85" w="100" /><ent r="5" t="85" w="180" /><ent r="3" t="85" w="206" /><ent r="4" t="85" w="225" /><ent r="5" t="86" w="57" /><ent r="3" t="86" w="83" /><ent r="4" t="86" w="102" /><ent r="3" t="86" w="163" /><ent r="4" t="86" w="238" /><ent r="3" t="86" w="254" /><ent r="3" t="86" w="266" /><ent r="3" t="86" w="308" /><ent r="3" t="86" w="320" /><ent r="3" t="88" w="29" /><ent r="3" t="88" w="46" /><ent r="3" t="88" w="63" /><ent r="4" t="88" w="89" /><ent r="3" t="89" w="68" /><ent r="3" t="89" w="69" /><ent r="4" t="89" w="92" /><ent r="3" t="90" w="31" /><ent r="3" t="90" w="39" /><ent r="3" t="90" w="40" /><ent r="3" t="90" w="44" /><ent r="3" t="90" w="71" /><ent r="3" t="90" w="72" /><ent r="3" t="90" w="98" /><ent r="3" t="90" w="113" /><ent r="3" t="90" w="120" /><ent r="3" t="90" w="160" /><ent r="3" t="90" w="183" /><ent r="3" t="91" w="68" /><ent r="3" t="91" w="94" /><ent r="3" t="91" w="116" /><ent r="3" t="92" w="57" /><ent r="3" t="92" w="85" /><ent r="3" t="92" w="104" /><ent r="3" t="92" w="217" /><ent r="4" t="92" w="242" /><ent r="3" t="94" w="84" /><ent r="3" t="94" w="108" /><ent r="3" t="94" w="109" /><ent r="4" t="94" w="130" /><ent r="4" t="94" w="154" /><ent r="3" t="94" w="200" /><ent r="4" t="95" w="72" /><ent r="4" t="95" w="96" /><ent r="4" t="96" w="85" /><ent r="4" t="96" w="109" /><ent r="3" t="96" w="324" /><ent r="3" t="96" w="343" /><ent r="3" t="96" w="367" /><ent r="4" t="96" w="452" /><ent r="4" t="96" w="473" /><ent r="4" t="96" w="496" /><ent r="4" t="96" w="509" /><ent r="4" t="97" w="86" /><ent r="4" t="97" w="110" /><ent r="3" t="97" w="300" /><ent r="3" t="97" w="302" /><ent r="4" t="97" w="379" /><ent r="4" t="97" w="408" /><ent r="4" t="97" w="444" /><ent r="4" t="97" w="455" /><ent r="3" t="98" w="132" /><ent r="3" t="98" w="196" /><ent r="3" t="98" w="232" /><ent r="3" t="98" w="257" /><ent r="4" t="98" w="294" /><ent r="4" t="98" w="434" /><ent r="3" t="98" w="474" /><ent r="6" t="99" w="12" /><ent r="3" t="99" w="86" /><ent r="3" t="99" w="107" /><ent r="3" t="100" w="32" /><ent r="3" t="100" w="44" /><ent r="3" t="100" w="45" /><ent r="3" t="100" w="46" /><ent r="3" t="100" w="51" /><ent r="3" t="101" w="19" /><ent r="3" t="101" w="22" /><ent r="3" t="101" w="33" /><ent r="3" t="103" w="47" /><ent r="3" t="103" w="48" /><ent r="3" t="103" w="49" /><ent r="3" t="103" w="92" /><ent r="3" t="103" w="122" /><ent r="3" t="103" w="123" /><ent r="3" t="103" w="157" /><ent r="3" t="103" w="165" /><ent r="3" t="103" w="179" /><ent r="3" t="103" w="193" /><ent r="3" t="103" w="207" /><ent r="3" t="103" w="221" /><ent r="3" t="103" w="255" /><ent r="100" t="103" w="271" /><ent r="3" t="103" w="297" /><ent r="3" t="103" w="309" /><ent r="3" t="103" w="460" /><ent r="4" t="103" w="484" /><ent r="4" t="103" w="486" /><ent r="4" t="103" w="492" /><ent r="4" t="103" w="498" /><ent r="4" t="103" w="503" /><ent r="4" t="103" w="523" /><ent r="3" t="103" w="575" /><ent r="7" t="104" w="26" /><ent r="7" t="104" w="41" /><ent r="7" t="104" w="244" /><ent r="7" t="104" w="278" /><ent r="4" t="105" w="25" /><ent r="3" t="105" w="51" /><ent r="4" t="105" w="83" /><ent r="4" t="105" w="129" /><ent r="4" t="105" w="138" /><ent r="4" t="105" w="155" /><ent r="4" t="105" w="185" /><ent r="3" t="106" w="23" /><ent r="3" t="106" w="24" /><ent r="4" t="106" w="39" /><ent r="4" t="106" w="64" /><ent r="3" t="106" w="97" /><ent r="4" t="106" w="107" /><ent r="3" t="106" w="137" /><ent r="4" t="107" w="75" /><ent r="3" t="107" w="125" /><ent r="3" t="107" w="150" /><ent r="3" t="107" w="176" /><ent r="4" t="108" w="25" /><ent r="3" t="108" w="58" /><ent r="4" t="108" w="69" /><ent r="3" t="109" w="35" /><ent r="3" t="109" w="41" /><ent r="3" t="109" w="52" /><ent r="3" t="109" w="103" /><ent r="3" t="110" w="137" /><ent r="3" t="110" w="163" /><ent r="4" t="110" w="202" /><ent r="4" t="110" w="205" /><ent r="3" t="111" w="181" /><ent r="4" t="111" w="231" /><ent r="4" t="111" w="235" /><ent r="4" t="111" w="282" /><ent r="5" t="111" w="285" /><ent r="4" t="111" w="290" /><ent r="4" t="111" w="374" /><ent r="4" t="111" w="378" /><ent r="4" t="111" w="423" /><ent r="3" t="111" w="498" /><ent r="4" t="111" w="513" /><ent r="4" t="111" w="517" /><ent r="4" t="111" w="562" /><ent r="5" t="111" w="565" /><ent r="4" t="111" w="570" /><ent r="3" t="112" w="86" /><ent r="3" t="112" w="87" /><ent r="3" t="112" w="110" /><ent r="3" t="112" w="111" /><ent r="3" t="112" w="119" /><ent r="3" t="112" w="122" /><ent r="3" t="112" w="146" /><ent r="3" t="112" w="171" /><ent r="3" t="112" w="205" /><ent r="3" t="112" w="208" /><ent r="3" t="112" w="229" /><ent r="3" t="112" w="255" /><ent r="3" t="112" w="281" /><ent r="3" t="112" w="330" /><ent r="3" t="112" w="598" /><ent r="3" t="112" w="607" /><ent r="3" t="112" w="758" /><ent r="3" t="112" w="779" /><ent r="3" t="112" w="793" /><ent r="3" t="112" w="837" /><ent r="3" t="112" w="846" /><ent r="4" t="113" w="41" /><ent r="4" t="113" w="114" /><ent r="4" t="113" w="169" /><ent r="4" t="113" w="182" /><ent r="3" t="114" w="105" /><ent r="3" t="114" w="172" /><ent r="3" t="114" w="191" /><ent r="3" t="114" w="228" /><ent r="3" t="115" w="127" /><ent r="3" t="115" w="153" /><ent r="3" t="115" w="259" /><ent r="3" t="115" w="274" /><ent r="3" t="115" w="286" /><ent r="3" t="115" w="302" /><ent r="3" t="116" w="19" /><ent r="3" t="117" w="46" /><ent r="3" t="117" w="79" /><ent r="4" t="117" w="97" /><ent r="4" t="117" w="114" /><ent r="3" t="117" w="178" /><ent r="3" t="117" w="199" /><ent r="3" t="118" w="53" /><ent r="3" t="118" w="79" /><ent r="3" t="118" w="93" /><ent r="3" t="119" w="20" /><ent r="4" t="119" w="44" /><ent r="4" t="119" w="56" /><ent r="3" t="120" w="47" /><ent r="3" t="120" w="50" /><ent r="3" t="120" w="59" /><ent r="3" t="120" w="62" /><ent r="4" t="120" w="79" /><ent r="4" t="121" w="49" /><ent r="4" t="121" w="62" /><ent r="4" t="122" w="46" /><ent r="4" t="122" w="58" /><ent r="3" t="122" w="88" /><ent r="3" t="123" w="15" /><ent r="4" t="123" w="49" /><ent r="3" t="124" w="26" /><ent r="3" t="124" w="74" /><ent r="3" t="126" w="31" /><ent r="3" t="126" w="54" /><ent r="4" t="126" w="100" /><ent r="4" t="126" w="139" /><ent r="4" t="126" w="193" /><ent r="3" t="126" w="310" /><ent r="3" t="126" w="322" /><ent r="3" t="126" w="344" /><ent r="3" t="126" w="376" /><ent r="3" t="126" w="490" /><ent r="3" t="126" w="585" /><ent r="3" t="126" w="654" /><ent r="3" t="127" w="17" /><ent r="3" t="127" w="44" /><ent r="3" t="127" w="49" /><ent r="3" t="127" w="63" /><ent r="3" t="127" w="89" /><ent r="4" t="127" w="125" /><ent r="3" t="127" w="148" /><ent r="4" t="127" w="248" /><ent r="4" t="127" w="368" /><ent r="4" t="127" w="387" /><ent r="4" t="127" w="419" /><ent r="4" t="127" w="466" /><ent r="4" t="127" w="469" /><ent r="4" t="127" w="470" /><ent r="4" t="127" w="511" /><ent r="4" t="127" w="514" /><ent r="4" t="127" w="515" /><ent r="3" t="127" w="606" /><ent r="3" t="127" w="623" /><ent r="3" t="127" w="653" /><ent r="4" t="128" w="117" /><ent r="5" t="128" w="190" /><ent r="5" t="128" w="191" /><ent r="5" t="128" w="256" /><ent r="5" t="128" w="258" /><ent r="4" t="128" w="265" /><ent r="4" t="128" w="271" /><ent r="3" t="128" w="293" /><ent r="3" t="129" w="24" /><ent r="3" t="129" w="25" /><ent r="4" t="129" w="42" /><ent r="4" t="129" w="66" /><ent r="4" t="129" w="86" /><ent r="4" t="129" w="87" /><ent r="4" t="129" w="88" /><ent r="4" t="129" w="89" /><ent r="4" t="129" w="91" /><ent r="4" t="129" w="99" /><ent r="3" t="129" w="128" /><ent r="3" t="129" w="146" /><ent r="3" t="129" w="175" /><ent r="3" t="129" w="180" /><ent r="3" t="129" w="199" /><ent r="3" t="129" w="231" /><ent r="3" t="129" w="249" /><ent r="3" t="129" w="278" /><ent r="3" t="129" w="283" /><ent r="3" t="129" w="302" /><ent r="3" t="129" w="327" /><ent r="3" t="129" w="355" /><ent r="3" t="129" w="363" /><ent r="3" t="129" w="399" /><ent r="3" t="129" w="435" /><ent r="3" t="129" w="453" /><ent r="3" t="129" w="482" /><ent r="3" t="129" w="487" /><ent r="3" t="129" w="506" /><ent r="3" t="129" w="529" /><ent r="3" t="129" w="599" /><ent r="3" t="129" w="617" /><ent r="3" t="129" w="646" /><ent r="3" t="129" w="651" /><ent r="3" t="129" w="670" /><ent r="4" t="131" w="81" /><ent r="4" t="131" w="105" /><ent r="4" t="131" w="157" /><ent r="4" t="131" w="158" /><ent r="4" t="131" w="160" /><ent r="4" t="131" w="165" /><ent r="4" t="131" w="167" /><ent r="4" t="131" w="168" /><ent r="4" t="131" w="191" /><ent r="4" t="131" w="192" /><ent r="3" t="131" w="238" /><ent r="4" t="132" w="81" /><ent r="4" t="132" w="105" /><ent r="3" t="132" w="158" /><ent r="3" t="132" w="210" /><ent r="3" t="133" w="74" /><ent r="3" t="133" w="75" /><ent r="4" t="133" w="95" /><ent r="4" t="133" w="119" /><ent r="3" t="133" w="160" /><ent r="3" t="133" w="194" /><ent r="4" t="134" w="90" /><ent r="4" t="134" w="114" /><ent r="3" t="134" w="165" /><ent r="3" t="134" w="187" /><ent r="3" t="134" w="188" /><ent r="4" t="135" w="81" /><ent r="4" t="135" w="105" /><ent r="4" t="135" w="133" /><ent r="4" t="136" w="77" /><ent r="4" t="136" w="101" /><ent r="4" t="136" w="138" /><ent r="4" t="136" w="141" /><ent r="3" t="136" w="149" /><ent r="5" t="136" w="188" /><ent r="5" t="136" w="189" /><ent r="4" t="136" w="477" /><ent r="4" t="136" w="480" /><ent r="4" t="136" w="499" /><ent r="4" t="136" w="567" /><ent r="4" t="136" w="900" /><ent r="4" t="136" w="968" /><ent r="4" t="137" w="78" /><ent r="4" t="137" w="102" /><ent r="3" t="137" w="197" /><ent r="3" t="137" w="248" /><ent r="4" t="137" w="440" /><ent r="4" t="138" w="88" /><ent r="4" t="138" w="112" /><ent r="4" t="138" w="137" /><ent r="3" t="138" w="171" /><ent r="3" t="138" w="224" /><ent r="3" t="138" w="242" /><ent r="3" t="139" w="21" /><ent r="3" t="139" w="32" /><ent r="4" t="139" w="68" /><ent r="3" t="139" w="87" /><ent r="3" t="139" w="137" /><ent r="3" t="139" w="163" /><ent r="3" t="139" w="228" /><ent r="4" t="139" w="246" /><ent r="3" t="139" w="313" /><ent r="3" t="139" w="325" /><ent r="3" t="140" w="25" /><ent r="3" t="140" w="27" /><ent r="3" t="140" w="58" /><ent r="3" t="140" w="119" /><ent r="3" t="140" w="120" /><ent r="5" t="140" w="133" /><ent r="3" t="140" w="152" /><ent r="3" t="140" w="168" /><ent r="3" t="140" w="195" /><ent r="3" t="140" w="209" /><ent r="3" t="140" w="211" /><ent r="3" t="140" w="257" /><ent r="3" t="141" w="63" /><ent r="3" t="141" w="66" /><ent r="4" t="141" w="168" /><ent r="3" t="141" w="186" /><ent r="3" t="141" w="202" /><ent r="3" t="141" w="265" /><ent r="3" t="141" w="401" /><ent r="3" t="142" w="25" /><ent r="3" t="142" w="30" /><ent r="3" t="142" w="31" /><ent r="4" t="142" w="82" /><ent r="4" t="142" w="120" /><ent r="4" t="142" w="121" /><ent r="3" t="142" w="156" /><ent r="5" t="142" w="172" /><ent r="3" t="142" w="190" /><ent r="3" t="142" w="206" /><ent r="6" t="143" w="70" /><ent r="3" t="143" w="89" /><ent r="3" t="143" w="105" /><ent r="3" t="143" w="204" /><ent r="3" t="143" w="220" /><ent r="3" t="143" w="241" /><ent r="4" t="144" w="61" /><ent r="4" t="144" w="89" /><ent r="3" t="144" w="107" /><ent r="3" t="144" w="123" /><ent r="5" t="144" w="268" /><ent r="5" t="144" w="336" /><ent r="3" t="145" w="21" /><ent r="3" t="145" w="26" /><ent r="3" t="145" w="27" /><ent r="4" t="145" w="97" /><ent r="3" t="145" w="131" /><ent r="3" t="145" w="168" /><ent r="3" t="145" w="196" /><ent r="3" t="145" w="228" /><ent r="4" t="145" w="244" /><ent r="3" t="145" w="262" /><ent r="3" t="145" w="278" /><ent r="4" t="146" w="86" /><ent r="4" t="146" w="112" /><ent r="3" t="146" w="155" /><ent r="3" t="146" w="173" /><ent r="3" t="146" w="191" /><ent r="3" t="146" w="207" /><ent r="4" t="147" w="78" /><ent r="4" t="147" w="107" /><ent r="3" t="147" w="125" /><ent r="3" t="147" w="141" /><ent r="3" t="147" w="230" /><ent r="3" t="147" w="233" /><ent r="3" t="147" w="280" /><ent r="3" t="147" w="317" /><ent r="3" t="148" w="26" /><ent r="4" t="148" w="94" /><ent r="3" t="148" w="113" /><ent r="3" t="148" w="135" /><ent r="3" t="148" w="169" /><ent r="3" t="148" w="183" /><ent r="4" t="148" w="203" /><ent r="3" t="148" w="221" /><ent r="3" t="148" w="237" /><ent r="4" t="149" w="156" /><ent r="4" t="149" w="184" /><ent r="3" t="149" w="202" /><ent r="3" t="149" w="218" /><ent r="5" t="149" w="321" /><ent r="5" t="149" w="322" /><ent r="5" t="149" w="417" /><ent r="5" t="149" w="485" /><ent r="3" t="150" w="31" /><ent r="3" t="150" w="32" /><ent r="3" t="150" w="33" /><ent r="4" t="150" w="55" /><ent r="3" t="150" w="92" /><ent r="3" t="151" w="23" /><ent r="3" t="151" w="45" /><ent r="3" t="151" w="96" /><ent r="3" t="151" w="97" /><ent r="4" t="151" w="153" /><ent r="5" t="151" w="181" /><ent r="3" t="151" w="227" /><ent r="3" t="151" w="247" /><ent r="3" t="151" w="257" /><ent r="5" t="151" w="352" /><ent r="5" t="151" w="355" /><ent r="3" t="151" w="423" /><ent r="3" t="151" w="441" /><ent r="4" t="151" w="578" /><ent r="4" t="151" w="596" /><ent r="3" t="151" w="652" /><ent r="3" t="151" w="693" /><ent r="3" t="151" w="760" /><ent r="3" t="151" w="784" /><ent r="4" t="151" w="810" /><ent r="3" t="151" w="837" /><ent r="3" t="151" w="879" /><ent r="3" t="151" w="924" /><ent r="3" t="151" w="930" /><ent r="3" t="151" w="933" /><ent r="3" t="151" w="980" /><ent r="4" t="151" w="1024" /><ent r="3" t="152" w="24" /><ent r="3" t="152" w="27" /><ent r="4" t="152" w="71" /><ent r="3" t="152" w="101" /><ent r="3" t="152" w="123" /><ent r="3" t="152" w="135" /><ent r="3" t="152" w="136" /><ent r="4" t="152" w="149" /><ent r="4" t="152" w="150" /><ent r="3" t="152" w="192" /><ent r="4" t="152" w="221" /><ent r="3" t="152" w="235" /><ent r="3" t="152" w="254" /><ent r="3" t="152" w="282" /><ent r="3" t="152" w="295" /><ent r="3" t="152" w="309" /><ent r="3" t="153" w="90" /><ent r="3" t="153" w="111" /><ent r="3" t="153" w="123" /><ent r="6" t="153" w="197" /><ent r="3" t="154" w="52" /><ent r="3" t="154" w="60" /><ent r="3" t="154" w="61" /><ent r="3" t="154" w="62" /><ent r="3" t="154" w="94" /><ent r="3" t="154" w="122" /><ent r="4" t="154" w="169" /><ent r="4" t="154" w="252" /><ent r="4" t="155" w="211" /><ent r="3" t="155" w="238" /><ent r="3" t="155" w="321" /><ent r="3" t="155" w="339" /><ent r="3" t="156" w="19" /><ent r="3" t="156" w="66" /><ent r="4" t="156" w="179" /><ent r="4" t="156" w="183" /><ent r="3" t="156" w="209" /><ent r="4" t="156" w="270" /><ent r="3" t="157" w="35" /><ent r="3" t="157" w="103" /><ent r="4" t="157" w="126" /><ent r="3" t="158" w="31" /><ent r="4" t="158" w="105" /><ent r="4" t="158" w="179" /><ent r="5" t="158" w="183" /><ent r="5" t="158" w="185" /><ent r="4" t="158" w="199" /><ent r="4" t="158" w="269" /><ent r="3" t="159" w="20" /><ent r="3" t="159" w="28" /><ent r="3" t="159" w="59" /><ent r="3" t="159" w="67" /><ent r="3" t="159" w="70" /><ent r="3" t="159" w="92" /><ent r="4" t="159" w="342" /><ent r="4" t="159" w="359" /><ent r="4" t="159" w="400" /><ent r="3" t="160" w="40" /><ent r="3" t="160" w="49" /><ent r="3" t="160" w="53" /><ent r="3" t="160" w="57" /><ent r="3" t="160" w="62" /><ent r="3" t="160" w="85" /><ent r="3" t="160" w="97" /><ent r="3" t="160" w="195" /><ent r="7" t="160" w="270" /><ent r="64" t="160" w="328" /><ent r="64" t="160" w="330" /><ent r="64" t="160" w="332" /><ent r="64" t="160" w="334" /><ent r="64" t="160" w="344" /><ent r="64" t="160" w="350" /><ent r="64" t="160" w="351" /><ent r="3" t="161" w="28" /><ent r="3" t="161" w="35" /><ent r="3" t="161" w="38" /><ent r="3" t="161" w="45" /><ent r="4" t="161" w="63" /><ent r="4" t="161" w="64" /><ent r="4" t="161" w="65" /><ent r="4" t="161" w="66" /><ent r="3" t="161" w="107" /><ent r="3" t="161" w="118" /><ent r="3" t="161" w="121" /><ent r="3" t="161" w="125" /><ent r="3" t="161" w="235" /><ent r="3" t="161" w="237" /><ent r="3" t="161" w="267" /><ent r="3" t="161" w="268" /><ent r="3" t="161" w="280" /><ent r="4" t="161" w="386" /><ent r="4" t="161" w="438" /><ent r="7" t="161" w="487" /><ent r="4" t="161" w="533" /><ent r="4" t="161" w="537" /><ent r="4" t="161" w="584" /><ent r="4" t="161" w="604" /><ent r="4" t="161" w="608" /><ent r="4" t="161" w="611" /><ent r="3" t="161" w="633" /><ent r="4" t="161" w="682" /><ent r="3" t="161" w="766" /><ent r="3" t="161" w="785" /><ent r="3" t="161" w="789" /><ent r="4" t="161" w="843" /><ent r="4" t="161" w="886" /><ent r="4" t="161" w="940" /><ent r="3" t="161" w="953" /><ent r="3" t="161" w="957" /><ent r="4" t="161" w="982" /><ent r="4" t="161" w="1003" /><ent r="3" t="161" w="1047" /><ent r="4" t="161" w="1061" /><ent r="4" t="161" w="1133" /><ent r="5" t="161" w="1143" /><ent r="3" t="161" w="1170" /><ent r="3" t="161" w="1194" /><ent r="3" t="161" w="1204" /><ent r="3" t="161" w="1205" /><ent r="3" t="161" w="1216" /><ent r="3" t="161" w="1261" /><ent r="3" t="161" w="1337" /><ent r="3" t="161" w="1348" /><ent r="3" t="161" w="1353" /><ent r="3" t="161" w="1360" /><ent r="4" t="161" w="1371" /><ent r="3" t="161" w="1417" /><ent r="3" t="161" w="1426" /><ent r="3" t="161" w="1444" /><ent r="3" t="161" w="1454" /><ent r="3" t="161" w="1455" /><ent r="4" t="161" w="1559" /><ent r="4" t="161" w="1560" /><ent r="4" t="161" w="1561" /><ent r="3" t="161" w="1587" /><ent r="3" t="161" w="1592" /><ent r="4" t="161" w="1646" /><ent r="4" t="161" w="1651" /><ent r="4" t="161" w="1679" /><ent r="4" t="161" w="1680" /><ent r="4" t="161" w="1681" /><ent r="4" t="161" w="1696" /><ent r="4" t="161" w="1701" /><ent r="4" t="161" w="1773" /><ent r="5" t="161" w="1783" /><ent r="5" t="161" w="1784" /><ent r="4" t="161" w="1824" /><ent r="4" t="161" w="1884" /><ent r="4" t="161" w="1932" /><ent r="4" t="161" w="1933" /><ent r="4" t="161" w="2018" /><ent r="4" t="161" w="2083" /><ent r="4" t="161" w="2087" /><ent r="4" t="161" w="2141" /><ent r="5" t="161" w="2144" /><ent r="4" t="161" w="2187" /><ent r="4" t="161" w="2272" /><ent r="4" t="161" w="2312" /><ent r="4" t="161" w="2317" /><ent r="4" t="161" w="2327" /><ent r="4" t="161" w="2341" /><ent r="5" t="161" w="2344" /><ent r="3" t="161" w="2387" /><ent r="3" t="161" w="2388" /><ent r="3" t="161" w="2403" /><ent r="3" t="161" w="2404" /><ent r="3" t="161" w="2405" /><ent r="1000" t="162" w="3" /><ent r="1000" t="162" w="5" /><ent r="102" t="162" w="22" /><ent r="102" t="162" w="24" /><ent r="102" t="162" w="26" /><ent r="102" t="162" w="28" /><ent r="3" t="162" w="48" /><ent r="3" t="162" w="55" /><ent r="3" t="162" w="62" /><ent r="3" t="162" w="67" /><ent r="3" t="162" w="70" /><ent r="3" t="162" w="73" /><ent r="3" t="162" w="84" /><ent r="3" t="162" w="190" /><ent r="3" t="162" w="213" /><ent r="3" t="162" w="252" /><ent r="3" t="162" w="264" /><ent r="3" t="162" w="373" /><ent r="3" t="162" w="379" /><ent r="3" t="162" w="381" /><ent r="3" t="162" w="431" /><ent r="3" t="162" w="433" /><ent r="4" t="162" w="536" /><ent r="4" t="162" w="588" /><ent r="7" t="162" w="637" /><ent r="4" t="162" w="683" /><ent r="5" t="162" w="687" /><ent r="4" t="162" w="753" /><ent r="3" t="162" w="837" /><ent r="3" t="162" w="864" /><ent r="3" t="162" w="893" /><ent r="4" t="162" w="927" /><ent r="3" t="162" w="943" /><ent r="4" t="162" w="984" /><ent r="4" t="162" w="995" /><ent r="4" t="162" w="1025" /><ent r="4" t="162" w="1119" /><ent r="4" t="162" w="1123" /><ent r="4" t="162" w="1142" /><ent r="4" t="162" w="1148" /><ent r="4" t="162" w="1153" /><ent r="4" t="162" w="1158" /><ent r="4" t="162" w="1215" /><ent r="4" t="162" w="1219" /><ent r="4" t="162" w="1250" /><ent r="3" t="162" w="1357" /><ent r="3" t="162" w="1404" /><ent r="3" t="162" w="1405" /><ent r="3" t="162" w="1418" /><ent r="3" t="162" w="1421" /><ent r="3" t="162" w="1441" /><ent r="4" t="162" w="1648" /><ent r="4" t="162" w="1680" /><ent r="4" t="162" w="1691" /><ent r="4" t="162" w="1713" /><ent r="4" t="162" w="1734" /><ent r="4" t="162" w="1790" /><ent r="4" t="162" w="1801" /><ent r="4" t="162" w="1804" /><ent r="4" t="162" w="1816" /><ent r="3" t="162" w="1844" /><ent r="3" t="162" w="1854" /><ent r="4" t="162" w="2008" /><ent r="3" t="162" w="2024" /><ent r="4" t="162" w="2028" /><ent r="3" t="162" w="2048" /><ent r="3" t="162" w="2073" /><ent r="4" t="162" w="2102" /><ent r="3" t="162" w="2115" /><ent r="3" t="162" w="2136" /><ent r="4" t="162" w="2225" /><ent r="4" t="162" w="2252" /><ent r="3" t="162" w="2326" /><ent r="4" t="162" w="2373" /><ent r="4" t="162" w="2401" /><ent r="3" t="162" w="2466" /><ent r="3" t="162" w="2474" /><ent r="3" t="162" w="2479" /><ent r="4" t="162" w="2492" /><ent r="5" t="162" w="2553" /><ent r="4" t="162" w="2636" /><ent r="3" t="162" w="2692" /><ent r="3" t="162" w="2776" /><ent r="4" t="162" w="2840" /><ent r="4" t="162" w="2908" /><ent r="3" t="162" w="2957" /><ent r="3" t="162" w="2969" /><ent r="3" t="162" w="2972" /><ent r="1000" t="163" w="3" /><ent r="1000" t="163" w="4" /><ent r="102" t="163" w="14" /><ent r="102" t="163" w="20" /><ent r="102" t="163" w="21" /><ent r="3" t="163" w="38" /><ent r="3" t="163" w="70" /><ent r="3" t="163" w="127" /><ent r="3" t="163" w="135" /><ent r="3" t="163" w="143" /><ent r="3" t="163" w="145" /><ent r="4" t="163" w="248" /><ent r="4" t="163" w="300" /><ent r="7" t="163" w="349" /><ent r="4" t="163" w="395" /><ent r="5" t="163" w="399" /><ent r="4" t="163" w="408" /><ent r="4" t="163" w="447" /><ent r="4" t="163" w="466" /><ent r="4" t="163" w="552" /><ent r="4" t="163" w="574" /><ent r="4" t="163" w="597" /><ent r="5" t="163" w="694" /><ent r="3" t="163" w="774" /><ent r="4" t="163" w="813" /><ent r="4" t="163" w="948" /><ent r="4" t="163" w="996" /><ent r="4" t="163" w="1015" /><ent r="5" t="163" w="1018" /><ent r="5" t="163" w="1019" /><ent r="4" t="163" w="1053" /><ent r="4" t="163" w="1138" /><ent r="4" t="163" w="1176" /><ent r="5" t="163" w="1216" /><ent r="4" t="163" w="1256" /><ent r="4" t="163" w="1312" /><ent r="4" t="163" w="1358" /><ent r="3" t="163" w="1394" /><ent r="4" t="163" w="1434" /><ent r="3" t="163" w="1468" /><ent r="3" t="163" w="1533" /><ent r="3" t="163" w="1557" /><ent r="3" t="163" w="1584" /><ent r="3" t="163" w="1586" /><ent r="3" t="164" w="36" /><ent r="3" t="164" w="68" /><ent r="3" t="164" w="133" /><ent r="3" t="164" w="134" /><ent r="3" t="164" w="135" /><ent r="4" t="164" w="208" /><ent r="4" t="164" w="260" /><ent r="7" t="164" w="309" /><ent r="4" t="164" w="419" /><ent r="4" t="164" w="559" /><ent r="3" t="164" w="667" /><ent r="3" t="164" w="729" /><ent r="3" t="164" w="764" /><ent r="4" t="164" w="952" /><ent r="3" t="164" w="982" /><ent r="4" t="164" w="1015" /><ent r="4" t="164" w="1034" /><ent r="4" t="164" w="1054" /><ent r="4" t="164" w="1062" /><ent r="3" t="164" w="1195" /><ent r="3" t="164" w="1205" /><ent r="3" t="164" w="1215" /><ent r="3" t="164" w="1231" /><ent r="3" t="164" w="1251" /><ent r="3" t="164" w="1259" /><ent r="3" t="164" w="1262" /><ent r="3" t="164" w="1280" /><ent r="3" t="164" w="1412" /><ent r="4" t="164" w="1499" /><ent r="4" t="164" w="1512" /><ent r="4" t="164" w="1527" /><ent r="3" t="165" w="26" /><ent r="3" t="165" w="40" /><ent r="3" t="165" w="116" /><ent r="3" t="165" w="117" /><ent r="3" t="165" w="118" /><ent r="3" t="165" w="119" /><ent r="3" t="165" w="168" /><ent r="3" t="165" w="187" /><ent r="3" t="165" w="192" /><ent r="3" t="165" w="195" /><ent r="3" t="165" w="228" /><ent r="3" t="165" w="246" /><ent r="3" t="165" w="255" /><ent r="3" t="165" w="256" /><ent r="3" t="165" w="257" /><ent r="3" t="165" w="268" /><ent r="3" t="165" w="289" /><ent r="3" t="165" w="302" /><ent r="3" t="165" w="376" /><ent r="4" t="165" w="486" /><ent r="4" t="165" w="538" /><ent r="7" t="165" w="587" /><ent r="4" t="165" w="633" /><ent r="4" t="165" w="637" /><ent r="4" t="165" w="683" /><ent r="4" t="165" w="699" /><ent r="4" t="165" w="703" /><ent r="4" t="165" w="712" /><ent r="3" t="165" w="726" /><ent r="4" t="165" w="766" /><ent r="4" t="165" w="784" /><ent r="4" t="165" w="804" /><ent r="4" t="165" w="866" /><ent r="4" t="165" w="887" /><ent r="4" t="165" w="900" /><ent r="4" t="165" w="911" /><ent r="4" t="165" w="986" /><ent r="3" t="165" w="1002" /><ent r="4" t="165" w="1053" /><ent r="3" t="165" w="1078" /><ent r="3" t="165" w="1157" /><ent r="3" t="165" w="1158" /><ent r="3" t="165" w="1159" /><ent r="3" t="165" w="1164" /><ent r="3" t="165" w="1174" /><ent r="3" t="166" w="29" /><ent r="3" t="166" w="43" /><ent r="3" t="166" w="106" /><ent r="3" t="166" w="107" /><ent r="3" t="166" w="108" /><ent r="3" t="166" w="109" /><ent r="3" t="166" w="158" /><ent r="3" t="166" w="177" /><ent r="3" t="166" w="182" /><ent r="3" t="166" w="185" /><ent r="3" t="166" w="217" /><ent r="3" t="166" w="235" /><ent r="3" t="166" w="244" /><ent r="3" t="166" w="245" /><ent r="3" t="166" w="246" /><ent r="3" t="166" w="257" /><ent r="3" t="166" w="278" /><ent r="3" t="166" w="363" /><ent r="4" t="166" w="471" /><ent r="4" t="166" w="523" /><ent r="7" t="166" w="572" /><ent r="4" t="166" w="618" /><ent r="4" t="166" w="622" /><ent r="4" t="166" w="632" /><ent r="4" t="166" w="659" /><ent r="4" t="166" w="669" /><ent r="3" t="166" w="691" /><ent r="3" t="166" w="697" /><ent r="3" t="166" w="724" /><ent r="3" t="166" w="728" /><ent r="3" t="166" w="759" /><ent r="3" t="166" w="793" /><ent r="3" t="166" w="794" /><ent r="3" t="166" w="797" /><ent r="3" t="166" w="813" /><ent r="5" t="166" w="843" /><ent r="4" t="166" w="856" /><ent r="4" t="166" w="871" /><ent r="4" t="166" w="890" /><ent r="4" t="166" w="934" /><ent r="4" t="166" w="964" /><ent r="6" t="166" w="983" /><ent r="4" t="166" w="1010" /><ent r="4" t="166" w="1044" /><ent r="3" t="166" w="1075" /><ent r="4" t="166" w="1093" /><ent r="4" t="166" w="1118" /><ent r="4" t="166" w="1159" /><ent r="3" t="166" w="1231" /><ent r="3" t="166" w="1259" /><ent r="3" t="166" w="1269" /><ent r="3" t="166" w="1307" /><ent r="3" t="166" w="1308" /><ent r="3" t="167" w="26" /><ent r="3" t="167" w="42" /><ent r="4" t="167" w="179" /><ent r="4" t="167" w="205" /><ent r="4" t="167" w="206" /><ent r="4" t="167" w="207" /><ent r="4" t="167" w="225" /><ent r="4" t="167" w="253" /><ent r="4" t="167" w="362" /><ent r="4" t="167" w="414" /><ent r="7" t="167" w="463" /><ent r="4" t="167" w="510" /><ent r="5" t="167" w="513" /><ent r="5" t="167" w="568" /><ent r="3" t="167" w="575" /><ent r="4" t="167" w="624" /><ent r="3" t="167" w="642" /><ent r="4" t="167" w="667" /><ent r="4" t="167" w="703" /><ent r="5" t="167" w="715" /><ent r="4" t="167" w="764" /><ent r="5" t="167" w="862" /><ent r="5" t="167" w="888" /><ent r="5" t="167" w="916" /><ent r="5" t="167" w="964" /><ent r="5" t="167" w="993" /><ent r="3" t="167" w="1017" /><ent r="3" t="167" w="1026" /><ent r="3" t="167" w="1028" /><ent r="3" t="167" w="1029" /><ent r="3" t="167" w="1030" /><ent r="4" t="167" w="1073" /><ent r="3" t="167" w="1089" /><ent r="3" t="167" w="1141" /><ent r="4" t="167" w="1155" /><ent r="3" t="167" w="1173" /><ent r="4" t="167" w="1216" /><ent r="4" t="167" w="1269" /><ent r="3" t="167" w="1309" /><ent r="3" t="168" w="24" /><ent r="3" t="168" w="45" /><ent r="3" t="168" w="109" /><ent r="3" t="168" w="113" /><ent r="3" t="168" w="170" /><ent r="3" t="168" w="194" /><ent r="3" t="168" w="258" /><ent r="3" t="168" w="301" /><ent r="4" t="168" w="376" /><ent r="4" t="168" w="428" /><ent r="7" t="168" w="477" /><ent r="4" t="168" w="522" /><ent r="4" t="168" w="526" /><ent r="4" t="168" w="547" /><ent r="4" t="168" w="570" /><ent r="4" t="168" w="613" /><ent r="4" t="168" w="642" /><ent r="4" t="168" w="769" /><ent r="4" t="168" w="791" /><ent r="4" t="168" w="801" /><ent r="4" t="168" w="812" /><ent r="4" t="168" w="875" /><ent r="4" t="168" w="897" /><ent r="4" t="168" w="907" /><ent r="4" t="168" w="918" /><ent r="3" t="168" w="973" /><ent r="3" t="168" w="1036" /><ent r="3" t="168" w="1125" /><ent r="3" t="168" w="1148" /><ent r="3" t="168" w="1190" /><ent r="3" t="168" w="1196" /><ent r="3" t="168" w="1203" /><ent r="3" t="168" w="1207" /><ent r="3" t="168" w="1211" /><ent r="4" t="168" w="1271" /><ent r="4" t="168" w="1329" /><ent r="4" t="168" w="1354" /><ent r="4" t="168" w="1380" /><ent r="6" t="168" w="1454" /><ent r="3" t="168" w="1750" /><ent r="3" t="168" w="1767" /><ent r="3" t="168" w="1786" /><ent r="3" t="168" w="1804" /><ent r="3" t="168" w="1955" /><ent r="4" t="168" w="1973" /><ent r="4" t="168" w="1996" /><ent r="4" t="168" w="2029" /><ent r="4" t="168" w="2054" /><ent r="4" t="168" w="2078" /><ent r="3" t="169" w="32" /><ent r="3" t="169" w="64" /><ent r="3" t="169" w="121" /><ent r="5" t="169" w="180" /><ent r="4" t="169" w="199" /><ent r="4" t="169" w="273" /><ent r="4" t="169" w="325" /><ent r="7" t="169" w="374" /><ent r="4" t="169" w="421" /><ent r="4" t="169" w="425" /><ent r="4" t="169" w="465" /><ent r="4" t="169" w="508" /><ent r="4" t="169" w="564" /><ent r="4" t="169" w="618" /><ent r="4" t="169" w="671" /><ent r="4" t="169" w="693" /><ent r="3" t="169" w="779" /><ent r="4" t="169" w="799" /><ent r="3" t="169" w="883" /><ent r="3" t="169" w="938" /><ent r="3" t="169" w="962" /><ent r="3" t="169" w="1006" /><ent r="3" t="169" w="1033" /><ent r="3" t="169" w="1052" /><ent r="3" t="169" w="1173" /><ent r="3" t="169" w="1204" /><ent r="3" t="169" w="1287" /><ent r="4" t="169" w="1332" /><ent r="4" t="169" w="1426" /><ent r="4" t="169" w="1488" /><ent r="3" t="169" w="1510" /><ent r="3" t="169" w="1522" /><ent r="4" t="169" w="1548" /><ent r="4" t="169" w="1573" /><ent r="4" t="169" w="1581" /><ent r="3" t="169" w="1612" /><ent r="3" t="169" w="1632" /><ent r="3" t="169" w="1646" /><ent r="4" t="169" w="1674" /><ent r="3" t="169" w="1687" /><ent r="3" t="170" w="17" /><ent r="3" t="170" w="29" /><ent r="3" t="170" w="31" /><ent r="4" t="170" w="125" /><ent r="4" t="170" w="147" /><ent r="3" t="171" w="16" /><ent r="3" t="171" w="34" /><ent r="7" t="171" w="91" /><ent r="7" t="171" w="107" /><ent r="7" t="171" w="126" /><ent r="7" t="171" w="142" /><ent r="3" t="173" w="54" /><ent r="3" t="173" w="115" /><ent r="3" t="173" w="201" /><ent r="3" t="174" w="36" /><ent r="3" t="174" w="46" /><ent r="3" t="174" w="64" /><ent r="3" t="174" w="97" /><ent r="3" t="174" w="107" /><ent r="3" t="174" w="121" /><ent r="3" t="176" w="50" /><ent r="3" t="176" w="108" /><ent r="3" t="176" w="109" /><ent r="3" t="176" w="183" /><ent r="3" t="176" w="228" /><ent r="3" t="176" w="229" /><ent r="3" t="176" w="230" /><ent r="4" t="176" w="248" /><ent r="4" t="176" w="318" /><ent r="4" t="176" w="355" /><ent r="3" t="177" w="21" /><ent r="5" t="177" w="66" /><ent r="5" t="177" w="71" /><ent r="7" t="177" w="142" /><ent r="6" t="177" w="227" /><ent r="6" t="177" w="240" /><ent r="7" t="177" w="331" /><ent r="7" t="177" w="332" /><ent r="7" t="177" w="333" /><ent r="7" t="177" w="346" /><ent r="7" t="177" w="348" /><ent r="7" t="177" w="350" /><ent r="7" t="177" w="352" /><ent r="7" t="177" w="386" /><ent r="7" t="177" w="387" /><ent r="7" t="177" w="388" /><ent r="7" t="177" w="389" /><ent r="7" t="177" w="434" /><ent r="7" t="177" w="438" /><ent r="7" t="177" w="441" /><ent r="7" t="177" w="444" /><ent r="7" t="177" w="447" /><ent r="7" t="177" w="450" /><ent r="7" t="177" w="452" /><ent r="7" t="177" w="476" /><ent r="7" t="177" w="493" /><ent r="7" t="177" w="494" /><ent r="7" t="177" w="585" /><ent r="7" t="177" w="587" /><ent r="7" t="177" w="588" /><ent r="7" t="177" w="589" /><ent r="7" t="177" w="678" /><ent r="3" t="177" w="757" /><ent r="3" t="177" w="758" /><ent r="3" t="177" w="767" /><ent r="4" t="178" w="66" /><ent r="4" t="178" w="85" /><ent r="3" t="178" w="159" /><ent r="3" t="178" w="160" /><ent r="3" t="186" w="38" /><ent r="3" t="186" w="52" /><ent r="3" t="186" w="54" /><ent r="3" t="186" w="87" /><ent r="3" t="186" w="101" /><ent r="3" t="186" w="105" /><ent r="3" t="186" w="108" /><ent r="3" t="186" w="119" /><ent r="3" t="186" w="139" /><ent r="3" t="186" w="159" /><ent r="3" t="186" w="198" /><ent r="3" t="186" w="199" /><ent r="3" t="186" w="312" /><ent r="4" t="186" w="375" /><ent r="4" t="186" w="391" /><ent r="4" t="186" w="427" /><ent r="4" t="186" w="448" /><ent r="4" t="186" w="481" /><ent r="4" t="186" w="563" /><ent r="4" t="186" w="567" /><ent r="4" t="186" w="568" /><ent r="4" t="186" w="589" /><ent r="3" t="187" w="21" /><ent r="3" t="188" w="25" /><ent r="3" t="188" w="26" /><ent r="3" t="188" w="29" /><ent r="3" t="189" w="34" /><ent r="3" t="189" w="35" /><ent r="3" t="189" w="42" /><ent r="3" t="189" w="76" /><ent r="3" t="189" w="113" /><ent r="3" t="190" w="56" /><ent r="3" t="190" w="76" /><ent r="3" t="191" w="116" /><ent r="3" t="191" w="130" /><ent r="4" t="191" w="147" /><ent r="4" t="191" w="151" /><ent r="4" t="191" w="154" /><ent r="4" t="191" w="164" /><ent r="4" t="191" w="168" /><ent r="4" t="191" w="171" /><ent r="4" t="191" w="182" /><ent r="4" t="191" w="196" /><ent r="3" t="191" w="230" /><ent r="4" t="191" w="267" /><ent r="4" t="191" w="283" /><ent r="4" t="191" w="325" /><ent r="3" t="192" w="52" /><ent r="3" t="192" w="66" /><ent r="4" t="192" w="83" /><ent r="4" t="192" w="87" /><ent r="4" t="192" w="90" /><ent r="4" t="192" w="100" /><ent r="4" t="192" w="104" /><ent r="4" t="192" w="107" /><ent r="4" t="192" w="118" /><ent r="4" t="192" w="132" /><ent r="3" t="192" w="166" /><ent r="4" t="192" w="203" /><ent r="4" t="192" w="219" /><ent r="4" t="192" w="247" /><ent r="3" t="193" w="19" /><ent r="4" t="193" w="36" /><ent r="4" t="193" w="40" /><ent r="4" t="193" w="43" /><ent r="4" t="193" w="53" /><ent r="4" t="193" w="57" /><ent r="4" t="193" w="60" /><ent r="4" t="193" w="71" /><ent r="4" t="193" w="85" /><ent r="3" t="193" w="119" /><ent r="4" t="193" w="156" /><ent r="4" t="193" w="172" /><ent r="3" t="194" w="50" /><ent r="3" t="194" w="64" /><ent r="4" t="194" w="81" /><ent r="4" t="194" w="85" /><ent r="4" t="194" w="88" /><ent r="4" t="194" w="98" /><ent r="4" t="194" w="102" /><ent r="4" t="194" w="105" /><ent r="4" t="194" w="116" /><ent r="4" t="194" w="130" /><ent r="3" t="194" w="164" /><ent r="4" t="194" w="201" /><ent r="4" t="194" w="217" /><ent r="4" t="195" w="43" /><ent r="4" t="195" w="86" /><ent r="3" t="195" w="131" /><ent r="3" t="195" w="153" /><ent r="4" t="195" w="179" /><ent r="4" t="195" w="259" /><ent r="3" t="196" w="30" /><ent r="3" t="196" w="48" /><ent r="3" t="196" w="79" /><ent r="3" t="196" w="139" /><ent r="3" t="196" w="150" /><ent r="4" t="197" w="47" /><ent r="3" t="198" w="34" /><ent r="3" t="198" w="52" /><ent r="3" t="198" w="83" /><ent r="3" t="198" w="143" /><ent r="3" t="198" w="154" /><ent r="3" t="199" w="35" /><ent r="4" t="199" w="53" /><ent r="4" t="199" w="68" /><ent r="4" t="199" w="84" /><ent r="4" t="199" w="92" /><ent r="4" t="200" w="60" /><ent r="4" t="200" w="79" /><ent r="5" t="200" w="141" /><ent r="5" t="200" w="149" /><ent r="5" t="200" w="156" /><ent r="3" t="200" w="201" /><ent r="3" t="200" w="202" /><ent r="4" t="201" w="48" /><ent r="3" t="202" w="21" /><ent r="4" t="203" w="83" /><ent r="4" t="203" w="107" /><ent r="3" t="203" w="151" /><ent r="3" t="204" w="20" /><ent r="3" t="204" w="36" /><ent r="3" t="204" w="54" /><ent r="4" t="204" w="71" /><ent r="4" t="204" w="94" /><ent r="4" t="204" w="120" /><ent r="4" t="204" w="151" /><ent r="3" t="204" w="165" /><ent r="3" t="204" w="170" /><ent r="3" t="204" w="174" /><ent r="4" t="205" w="82" /><ent r="4" t="205" w="106" /><ent r="4" t="205" w="126" /><ent r="6" t="206" w="50" /><ent r="6" t="206" w="59" /><ent r="6" t="206" w="142" /><ent r="6" t="206" w="143" /><ent r="6" t="206" w="144" /><ent r="6" t="206" w="145" /><ent r="6" t="206" w="146" /><ent r="6" t="206" w="147" /><ent r="6" t="206" w="148" /><ent r="6" t="206" w="149" /><ent r="6" t="206" w="151" /><ent r="6" t="206" w="153" /><ent r="6" t="206" w="154" /><ent r="6" t="206" w="157" /><ent r="6" t="206" w="159" /><ent r="6" t="206" w="161" /><ent r="6" t="206" w="162" /><ent r="6" t="206" w="188" /><ent r="6" t="206" w="195" /><ent r="6" t="206" w="196" /><ent r="6" t="206" w="197" /><ent r="6" t="206" w="198" /><ent r="6" t="206" w="199" /><ent r="6" t="206" w="201" /><ent r="6" t="206" w="203" /><ent r="6" t="206" w="204" /><ent r="6" t="206" w="205" /><ent r="6" t="206" w="207" /><ent r="6" t="206" w="211" /><ent r="6" t="206" w="237" /><ent r="6" t="206" w="238" /><ent r="6" t="206" w="239" /><ent r="6" t="206" w="240" /><ent r="6" t="206" w="241" /><ent r="6" t="206" w="243" /><ent r="6" t="206" w="245" /><ent r="6" t="206" w="246" /><ent r="6" t="206" w="247" /><ent r="6" t="206" w="249" /><ent r="6" t="206" w="263" /><ent r="6" t="206" w="264" /><ent r="6" t="206" w="265" /><ent r="6" t="206" w="269" /><ent r="6" t="206" w="299" /><ent r="6" t="206" w="300" /><ent r="6" t="206" w="301" /><ent r="6" t="206" w="302" /><ent r="6" t="206" w="303" /><ent r="6" t="206" w="305" /><ent r="6" t="206" w="307" /><ent r="6" t="206" w="308" /><ent r="6" t="206" w="309" /><ent r="6" t="206" w="311" /><ent r="6" t="206" w="357" /><ent r="6" t="206" w="364" /><ent r="6" t="206" w="365" /><ent r="6" t="206" w="366" /><ent r="6" t="206" w="367" /><ent r="6" t="206" w="368" /><ent r="6" t="206" w="369" /><ent r="6" t="206" w="370" /><ent r="6" t="206" w="371" /><ent r="6" t="206" w="373" /><ent r="6" t="206" w="375" /><ent r="6" t="206" w="376" /><ent r="6" t="206" w="377" /><ent r="6" t="206" w="379" /><ent r="6" t="206" w="383" /><ent r="6" t="206" w="409" /><ent r="6" t="206" w="410" /><ent r="6" t="206" w="411" /><ent r="6" t="206" w="412" /><ent r="6" t="206" w="413" /><ent r="6" t="206" w="415" /><ent r="6" t="206" w="417" /><ent r="6" t="206" w="418" /><ent r="6" t="206" w="419" /><ent r="6" t="206" w="441" /><ent r="6" t="206" w="442" /><ent r="6" t="206" w="445" /><ent r="6" t="206" w="446" /><ent r="6" t="206" w="447" /><ent r="6" t="206" w="448" /><ent r="6" t="206" w="449" /><ent r="6" t="206" w="450" /><ent r="6" t="206" w="451" /><ent r="6" t="206" w="452" /><ent r="6" t="206" w="454" /><ent r="6" t="206" w="456" /><ent r="6" t="206" w="457" /><ent r="6" t="206" w="458" /><ent r="6" t="206" w="460" /><ent r="6" t="206" w="480" /><ent r="6" t="206" w="481" /><ent r="6" t="206" w="482" /><ent r="6" t="206" w="483" /><ent r="6" t="206" w="484" /><ent r="6" t="206" w="485" /><ent r="6" t="206" w="486" /><ent r="6" t="206" w="487" /><ent r="6" t="206" w="489" /><ent r="6" t="206" w="491" /><ent r="6" t="206" w="492" /><ent r="6" t="206" w="493" /><ent r="6" t="206" w="495" /><ent r="6" t="206" w="499" /><ent r="6" t="206" w="526" /><ent r="6" t="206" w="527" /><ent r="6" t="206" w="528" /><ent r="6" t="206" w="529" /><ent r="6" t="206" w="530" /><ent r="6" t="206" w="531" /><ent r="6" t="206" w="532" /><ent r="6" t="206" w="533" /><ent r="6" t="206" w="535" /><ent r="6" t="206" w="537" /><ent r="6" t="206" w="538" /><ent r="6" t="206" w="545" /><ent r="6" t="206" w="547" /><ent r="6" t="206" w="568" /><ent r="6" t="206" w="576" /><ent r="6" t="206" w="580" /><ent r="3" t="207" w="19" /><ent r="3" t="207" w="22" /><ent r="3" t="207" w="23" /><ent r="3" t="207" w="24" /><ent r="4" t="207" w="50" /><ent r="4" t="207" w="105" /><ent r="4" t="207" w="126" /><ent r="4" t="207" w="139" /><ent r="4" t="207" w="162" /><ent r="4" t="207" w="223" /><ent r="4" t="207" w="291" /><ent r="3" t="208" w="16" /><ent r="3" t="209" w="16" /><ent r="7" t="209" w="66" /><ent r="7" t="209" w="67" /><ent r="7" t="209" w="74" /><ent r="7" t="209" w="75" /><ent r="4" t="211" w="31" /><ent r="4" t="211" w="99" /><ent r="3" t="212" w="51" /><ent r="3" t="212" w="67" /><ent r="3" t="212" w="85" /><ent r="3" t="212" w="132" /><ent r="3" t="212" w="167" /><ent r="3" t="212" w="239" /><ent r="3" t="212" w="242" /><ent r="3" t="212" w="245" /><ent r="3" t="212" w="249" /><ent r="3" t="212" w="278" /><ent r="3" t="212" w="282" /><ent r="3" t="212" w="303" /><ent r="3" t="212" w="330" /><ent r="3" t="212" w="415" /><ent r="3" t="212" w="431" /><ent r="3" t="212" w="485" /><ent r="3" t="212" w="526" /><ent r="3" t="212" w="535" /><ent r="7" t="214" w="78" /><ent r="7" t="214" w="93" /><ent r="7" t="214" w="129" /><ent r="7" t="214" w="206" /><ent r="7" t="215" w="104" /><ent r="7" t="215" w="146" /><ent r="7" t="215" w="184" /><ent r="7" t="216" w="76" /><ent r="7" t="216" w="78" /></phr></stem></index>