﻿<?xml version="1.0" encoding="utf-8"?><index><stem n="spatial"><phr n="spatial"><ent r="7" t="6" w="99" /><ent r="4" t="48" w="82" /><ent r="4" t="50" w="116" /><ent r="4" t="100" w="91" /><ent r="3" t="100" w="97" /><ent r="3" t="135" w="42" /><ent r="3" t="135" w="68" /><ent r="3" t="135" w="73" /><ent r="3" t="137" w="30" /><ent r="4" t="137" w="68" /><ent r="3" t="159" w="120" /><ent r="4" t="159" w="776" /><ent r="5" t="172" w="101" /><ent r="3" t="185" w="681" /><ent r="3" t="185" w="769" /><ent r="3" t="185" w="833" /><ent r="3" t="186" w="339" /><ent r="4" t="187" w="102" /><ent r="4" t="187" w="542" /><ent r="3" t="215" w="46" /><ent r="3" t="233" w="488" /><ent r="3" t="233" w="510" /></phr><phr n="Spatial"><ent r="5" t="91" w="345" /><ent r="67" t="91" w="363" /><ent r="1000" t="94" w="2" /><ent r="100" t="94" w="6" /><ent r="100" t="94" w="9" /><ent r="102" t="94" w="13" /><ent r="3" t="94" w="17" /><ent r="5" t="94" w="80" /><ent r="4" t="94" w="129" /><ent r="3" t="159" w="145" /><ent r="92" t="159" w="757" /><ent r="3" t="159" w="764" /><ent r="64" t="184" w="342" /><ent r="102" t="187" w="14" /><ent r="5" t="223" w="241" /><ent r="5" t="223" w="251" /><ent r="5" t="223" w="261" /><ent r="5" t="223" w="271" /><ent r="5" t="223" w="281" /><ent r="5" t="223" w="291" /><ent r="5" t="223" w="301" /><ent r="5" t="223" w="311" /></phr><phr n="spatially"><ent r="3" t="187" w="49" /></phr></stem><stem n="chip"><phr n="Chipping"><ent r="7" t="6" w="109" /><ent r="68" t="6" w="113" /><ent r="1000" t="50" w="2" /><ent r="100" t="50" w="10" /><ent r="102" t="50" w="14" /><ent r="3" t="50" w="19" /><ent r="3" t="50" w="60" /><ent r="3" t="50" w="110" /><ent r="5" t="50" w="140" /><ent r="3" t="50" w="155" /><ent r="5" t="50" w="438" /><ent r="100" t="185" w="85" /><ent r="4" t="185" w="89" /><ent r="4" t="185" w="294" /><ent r="92" t="185" w="2187" /><ent r="5" t="185" w="2200" /><ent r="3" t="185" w="2208" /><ent r="5" t="185" w="2270" /></phr><phr n="Chip"><ent r="64" t="15" w="45" /><ent r="3" t="50" w="162" /><ent r="5" t="50" w="199" /><ent r="64" t="112" w="284" /><ent r="1000" t="113" w="2" /><ent r="102" t="113" w="5" /><ent r="100" t="113" w="8" /><ent r="3" t="113" w="11" /><ent r="5" t="113" w="80" /><ent r="5" t="180" w="220" /><ent r="5" t="180" w="229" /><ent r="4" t="185" w="2220" /><ent r="4" t="185" w="2264" /></phr><phr n="chip"><ent r="100" t="50" w="5" /><ent r="3" t="50" w="26" /><ent r="3" t="50" w="37" /><ent r="3" t="50" w="47" /><ent r="3" t="50" w="77" /><ent r="4" t="50" w="182" /><ent r="4" t="50" w="217" /><ent r="4" t="50" w="235" /><ent r="3" t="50" w="287" /><ent r="4" t="50" w="454" /><ent r="4" t="50" w="465" /><ent r="4" t="50" w="473" /><ent r="4" t="50" w="487" /><ent r="3" t="50" w="527" /><ent r="3" t="50" w="534" /><ent r="3" t="50" w="572" /><ent r="3" t="50" w="586" /><ent r="3" t="50" w="602" /><ent r="3" t="50" w="621" /><ent r="3" t="112" w="272" /><ent r="3" t="113" w="15" /><ent r="3" t="113" w="43" /><ent r="4" t="113" w="66" /><ent r="3" t="181" w="66" /><ent r="4" t="185" w="2292" /><ent r="3" t="188" w="1407" /></phr><phr n="chips"><ent r="3" t="70" w="23" /><ent r="4" t="180" w="215" /><ent r="3" t="181" w="23" /></phr><phr n="chipped"><ent r="3" t="112" w="289" /><ent r="4" t="185" w="2407" /></phr><phr n="Chipped"><ent r="92" t="185" w="2374" /></phr></stem><stem n="allow"><phr n="Allows"><ent r="7" t="6" w="116" /><ent r="7" t="6" w="180" /><ent r="6" t="7" w="65" /><ent r="7" t="7" w="83" /><ent r="6" t="7" w="124" /><ent r="6" t="7" w="218" /><ent r="7" t="8" w="198" /><ent r="7" t="8" w="215" /><ent r="7" t="9" w="33" /><ent r="7" t="9" w="55" /><ent r="7" t="10" w="68" /><ent r="7" t="10" w="114" /><ent r="7" t="11" w="159" /><ent r="7" t="11" w="171" /><ent r="7" t="11" w="180" /><ent r="7" t="11" w="199" /><ent r="7" t="11" w="217" /><ent r="7" t="11" w="264" /><ent r="7" t="11" w="279" /><ent r="7" t="11" w="293" /><ent r="7" t="11" w="307" /><ent r="4" t="20" w="53" /><ent r="4" t="20" w="105" /><ent r="4" t="20" w="117" /><ent r="4" t="20" w="200" /><ent r="4" t="20" w="230" /><ent r="4" t="20" w="287" /><ent r="4" t="20" w="347" /><ent r="4" t="20" w="389" /><ent r="4" t="20" w="411" /><ent r="4" t="20" w="431" /><ent r="4" t="25" w="34" /><ent r="4" t="25" w="82" /><ent r="4" t="25" w="120" /><ent r="4" t="25" w="169" /><ent r="4" t="25" w="196" /><ent r="4" t="25" w="220" /><ent r="4" t="26" w="29" /><ent r="4" t="26" w="61" /><ent r="4" t="26" w="91" /><ent r="4" t="29" w="34" /><ent r="4" t="29" w="53" /><ent r="4" t="29" w="101" /><ent r="4" t="29" w="143" /><ent r="4" t="29" w="201" /><ent r="4" t="29" w="255" /><ent r="7" t="40" w="165" /><ent r="4" t="41" w="88" /><ent r="4" t="41" w="113" /><ent r="4" t="41" w="146" /><ent r="4" t="41" w="169" /><ent r="4" t="41" w="209" /><ent r="3" t="65" w="112" /><ent r="3" t="65" w="124" /><ent r="3" t="65" w="139" /><ent r="3" t="65" w="171" /><ent r="7" t="91" w="326" /><ent r="4" t="92" w="64" /><ent r="4" t="92" w="74" /><ent r="5" t="198" w="251" /><ent r="7" t="202" w="531" /><ent r="7" t="202" w="586" /><ent r="6" t="226" w="171" /><ent r="6" t="226" w="256" /><ent r="6" t="226" w="279" /><ent r="6" t="226" w="341" /><ent r="6" t="226" w="555" /><ent r="6" t="226" w="588" /><ent r="5" t="226" w="607" /><ent r="6" t="226" w="654" /></phr><phr n="allows"><ent r="6" t="7" w="204" /><ent r="3" t="19" w="17" /><ent r="3" t="33" w="12" /><ent r="3" t="36" w="8" /><ent r="3" t="37" w="13" /><ent r="7" t="40" w="150" /><ent r="3" t="49" w="21" /><ent r="3" t="49" w="61" /><ent r="3" t="50" w="21" /><ent r="4" t="50" w="450" /><ent r="3" t="60" w="25" /><ent r="4" t="61" w="17" /><ent r="3" t="65" w="26" /><ent r="3" t="65" w="191" /><ent r="3" t="78" w="235" /><ent r="3" t="84" w="29" /><ent r="3" t="86" w="230" /><ent r="7" t="91" w="697" /><ent r="3" t="93" w="19" /><ent r="3" t="94" w="19" /><ent r="3" t="95" w="12" /><ent r="3" t="96" w="17" /><ent r="3" t="104" w="25" /><ent r="3" t="105" w="31" /><ent r="3" t="110" w="238" /><ent r="3" t="111" w="10" /><ent r="3" t="118" w="43" /><ent r="4" t="120" w="106" /><ent r="3" t="120" w="204" /><ent r="3" t="126" w="24" /><ent r="3" t="126" w="134" /><ent r="3" t="127" w="38" /><ent r="8" t="128" w="427" /><ent r="3" t="128" w="647" /><ent r="3" t="133" w="40" /><ent r="3" t="133" w="71" /><ent r="3" t="133" w="92" /><ent r="3" t="137" w="18" /><ent r="3" t="139" w="29" /><ent r="3" t="151" w="191" /><ent r="3" t="157" w="225" /><ent r="3" t="158" w="199" /><ent r="3" t="159" w="493" /><ent r="3" t="159" w="672" /><ent r="3" t="160" w="481" /><ent r="3" t="160" w="660" /><ent r="3" t="161" w="29" /><ent r="3" t="161" w="480" /><ent r="3" t="161" w="659" /><ent r="3" t="161" w="795" /><ent r="5" t="170" w="313" /><ent r="3" t="170" w="399" /><ent r="3" t="185" w="1594" /><ent r="4" t="185" w="1742" /><ent r="3" t="185" w="1852" /><ent r="4" t="187" w="537" /><ent r="3" t="187" w="745" /><ent r="3" t="191" w="125" /><ent r="3" t="191" w="141" /><ent r="3" t="192" w="91" /><ent r="4" t="192" w="122" /><ent r="4" t="192" w="146" /><ent r="3" t="192" w="1018" /><ent r="3" t="193" w="81" /><ent r="3" t="210" w="20" /><ent r="3" t="215" w="614" /><ent r="3" t="215" w="798" /><ent r="6" t="226" w="224" /><ent r="6" t="226" w="509" /><ent r="3" t="235" w="461" /></phr><phr n="Allow"><ent r="7" t="8" w="179" /><ent r="5" t="146" w="231" /></phr><phr n="allowing"><ent r="3" t="18" w="169" /></phr><phr n="allow"><ent r="3" t="40" w="14" /><ent r="3" t="41" w="14" /><ent r="3" t="49" w="47" /><ent r="4" t="59" w="54" /><ent r="4" t="59" w="92" /><ent r="3" t="91" w="113" /><ent r="3" t="118" w="151" /><ent r="3" t="128" w="622" /><ent r="4" t="156" w="265" /><ent r="4" t="176" w="180" /><ent r="3" t="185" w="763" /><ent r="3" t="187" w="1202" /><ent r="3" t="193" w="884" /><ent r="4" t="193" w="1355" /><ent r="3" t="201" w="109" /><ent r="3" t="224" w="16" /></phr><phr n="allowed"><ent r="3" t="82" w="230" /></phr></stem><stem n="link"><phr n="link"><ent r="7" t="6" w="119" /><ent r="5" t="6" w="141" /><ent r="3" t="19" w="69" /><ent r="100" t="49" w="6" /><ent r="100" t="49" w="9" /><ent r="3" t="49" w="24" /><ent r="3" t="49" w="50" /><ent r="3" t="49" w="77" /><ent r="4" t="49" w="95" /><ent r="3" t="49" w="220" /><ent r="3" t="49" w="237" /><ent r="4" t="49" w="250" /><ent r="3" t="49" w="273" /><ent r="3" t="49" w="307" /><ent r="4" t="49" w="371" /><ent r="3" t="49" w="391" /><ent r="3" t="49" w="509" /><ent r="5" t="91" w="180" /><ent r="4" t="109" w="494" /><ent r="3" t="186" w="68" /><ent r="100" t="186" w="113" /><ent r="3" t="186" w="333" /><ent r="3" t="193" w="84" /><ent r="4" t="195" w="45" /></phr><phr n="Link"><ent r="68" t="6" w="126" /><ent r="66" t="6" w="144" /><ent r="1000" t="49" w="1" /><ent r="102" t="49" w="14" /><ent r="3" t="49" w="18" /><ent r="3" t="49" w="45" /><ent r="92" t="49" w="84" /><ent r="4" t="49" w="105" /><ent r="92" t="49" w="112" /><ent r="5" t="49" w="132" /><ent r="3" t="49" w="146" /><ent r="4" t="49" w="152" /><ent r="5" t="49" w="422" /><ent r="5" t="109" w="488" /><ent r="4" t="109" w="501" /><ent r="5" t="110" w="421" /><ent r="4" t="186" w="116" /><ent r="4" t="186" w="327" /><ent r="4" t="186" w="2439" /><ent r="4" t="186" w="2452" /><ent r="4" t="186" w="2483" /><ent r="4" t="186" w="2528" /><ent r="4" t="186" w="2604" /></phr><phr n="Links"><ent r="5" t="6" w="129" /><ent r="4" t="186" w="2491" /></phr><phr n="linking"><ent r="4" t="49" w="375" /><ent r="4" t="186" w="2538" /><ent r="4" t="186" w="2548" /></phr><phr n="linked"><ent r="3" t="49" w="442" /><ent r="3" t="49" w="464" /><ent r="3" t="49" w="493" /><ent r="4" t="109" w="498" /><ent r="4" t="186" w="2520" /></phr><phr n="links"><ent r="3" t="184" w="311" /><ent r="3" t="195" w="12" /><ent r="3" t="195" w="34" /><ent r="4" t="195" w="180" /></phr><phr n="Linking"><ent r="64" t="184" w="330" /><ent r="102" t="186" w="26" /><ent r="92" t="186" w="2382" /><ent r="4" t="186" w="2558" /></phr></stem><stem n="anoth"><phr n="another"><ent r="7" t="6" w="124" /><ent r="3" t="21" w="96" /><ent r="3" t="51" w="54" /><ent r="3" t="111" w="479" /><ent r="3" t="131" w="34" /><ent r="3" t="160" w="992" /><ent r="3" t="171" w="118" /><ent r="4" t="176" w="228" /><ent r="3" t="186" w="1540" /><ent r="4" t="186" w="1964" /><ent r="4" t="186" w="2522" /><ent r="3" t="186" w="2730" /><ent r="4" t="187" w="878" /><ent r="4" t="187" w="903" /><ent r="4" t="187" w="1274" /><ent r="3" t="187" w="1462" /><ent r="4" t="190" w="927" /><ent r="3" t="233" w="484" /><ent r="3" t="235" w="468" /></phr></stem><stem n="/unlink"><phr n="/Unlink"><ent r="68" t="6" w="127" /><ent r="66" t="6" w="145" /><ent r="1000" t="49" w="2" /><ent r="102" t="49" w="15" /><ent r="3" t="49" w="19" /><ent r="3" t="49" w="46" /><ent r="92" t="49" w="113" /><ent r="3" t="49" w="147" /><ent r="4" t="49" w="153" /><ent r="4" t="109" w="502" /><ent r="4" t="186" w="2440" /><ent r="4" t="186" w="2453" /><ent r="4" t="186" w="2484" /><ent r="4" t="186" w="2605" /></phr><phr n="/unlink"><ent r="3" t="49" w="78" /></phr></stem><stem n="link/unlink"><phr n="Link/Unlink"><ent r="68" t="6" w="127" /><ent r="68" t="6" w="126" /><ent r="66" t="6" w="145" /><ent r="66" t="6" w="144" /><ent r="1000" t="49" w="2" /><ent r="1000" t="49" w="1" /><ent r="102" t="49" w="15" /><ent r="102" t="49" w="14" /><ent r="3" t="49" w="19" /><ent r="3" t="49" w="18" /><ent r="3" t="49" w="46" /><ent r="3" t="49" w="45" /><ent r="92" t="49" w="113" /><ent r="92" t="49" w="112" /><ent r="5" t="49" w="133" /><ent r="5" t="49" w="132" /><ent r="3" t="49" w="147" /><ent r="3" t="49" w="146" /><ent r="4" t="49" w="153" /><ent r="4" t="49" w="152" /><ent r="4" t="109" w="502" /><ent r="4" t="109" w="501" /><ent r="4" t="186" w="2440" /><ent r="4" t="186" w="2439" /><ent r="4" t="186" w="2453" /><ent r="4" t="186" w="2452" /><ent r="4" t="186" w="2484" /><ent r="4" t="186" w="2483" /><ent r="4" t="186" w="2605" /><ent r="4" t="186" w="2604" /></phr><phr n="link/unlink"><ent r="3" t="49" w="78" /><ent r="3" t="49" w="77" /></phr></stem><stem n="unlink"><phr n="Unlink"><ent r="68" t="6" w="127" /><ent r="66" t="6" w="145" /><ent r="1000" t="49" w="2" /><ent r="102" t="49" w="15" /><ent r="3" t="49" w="19" /><ent r="3" t="49" w="46" /><ent r="92" t="49" w="113" /><ent r="5" t="49" w="133" /><ent r="3" t="49" w="147" /><ent r="4" t="49" w="153" /><ent r="5" t="49" w="269" /><ent r="4" t="49" w="456" /><ent r="4" t="49" w="485" /><ent r="4" t="109" w="502" /><ent r="4" t="186" w="2440" /><ent r="4" t="186" w="2453" /><ent r="4" t="186" w="2484" /><ent r="4" t="186" w="2605" /></phr><phr n="unlink"><ent r="100" t="49" w="12" /><ent r="3" t="49" w="78" /><ent r="3" t="49" w="426" /><ent r="3" t="49" w="439" /><ent r="3" t="49" w="471" /><ent r="3" t="49" w="511" /></phr></stem><stem n="accord"><phr n="according"><ent r="5" t="6" w="137" /><ent r="6" t="11" w="152" /><ent r="7" t="14" w="368" /><ent r="7" t="14" w="405" /><ent r="7" t="14" w="475" /><ent r="3" t="112" w="68" /><ent r="3" t="143" w="49" /><ent r="3" t="143" w="109" /><ent r="3" t="193" w="158" /><ent r="3" t="193" w="164" /><ent r="3" t="193" w="281" /></phr></stem><stem n="type"><phr n="type"><ent r="5" t="6" w="142" /><ent r="7" t="7" w="102" /><ent r="4" t="24" w="68" /><ent r="4" t="27" w="567" /><ent r="5" t="28" w="77" /><ent r="4" t="29" w="218" /><ent r="4" t="29" w="228" /><ent r="4" t="31" w="62" /><ent r="4" t="33" w="186" /><ent r="3" t="49" w="274" /><ent r="4" t="54" w="98" /><ent r="4" t="54" w="138" /><ent r="4" t="56" w="72" /><ent r="4" t="61" w="143" /><ent r="4" t="66" w="56" /><ent r="3" t="86" w="245" /><ent r="100" t="90" w="7" /><ent r="100" t="90" w="10" /><ent r="4" t="90" w="83" /><ent r="4" t="90" w="112" /><ent r="3" t="90" w="214" /><ent r="3" t="90" w="228" /><ent r="5" t="91" w="188" /><ent r="7" t="91" w="461" /><ent r="4" t="96" w="245" /><ent r="3" t="103" w="99" /><ent r="3" t="111" w="266" /><ent r="4" t="111" w="523" /><ent r="3" t="118" w="285" /><ent r="3" t="118" w="299" /><ent r="4" t="120" w="82" /><ent r="4" t="126" w="235" /><ent r="4" t="126" w="376" /><ent r="4" t="126" w="515" /><ent r="100" t="128" w="9" /><ent r="3" t="128" w="110" /><ent r="3" t="128" w="554" /><ent r="3" t="128" w="602" /><ent r="3" t="128" w="615" /><ent r="3" t="128" w="671" /><ent r="3" t="129" w="107" /><ent r="3" t="131" w="41" /><ent r="3" t="132" w="166" /><ent r="4" t="134" w="148" /><ent r="4" t="147" w="85" /><ent r="3" t="147" w="414" /><ent r="3" t="148" w="155" /><ent r="3" t="148" w="173" /><ent r="4" t="150" w="191" /><ent r="4" t="151" w="141" /><ent r="3" t="152" w="73" /><ent r="4" t="152" w="150" /><ent r="3" t="152" w="172" /><ent r="3" t="153" w="164" /><ent r="4" t="154" w="190" /><ent r="4" t="155" w="145" /><ent r="4" t="156" w="570" /><ent r="4" t="156" w="1005" /><ent r="3" t="157" w="175" /><ent r="4" t="158" w="149" /><ent r="4" t="159" w="364" /><ent r="4" t="159" w="444" /><ent r="3" t="160" w="189" /><ent r="4" t="160" w="355" /><ent r="4" t="160" w="432" /><ent r="4" t="161" w="354" /><ent r="4" t="161" w="431" /><ent r="3" t="165" w="153" /><ent r="3" t="166" w="200" /><ent r="3" t="167" w="123" /><ent r="4" t="168" w="608" /><ent r="3" t="170" w="672" /><ent r="3" t="170" w="685" /><ent r="3" t="170" w="741" /><ent r="3" t="170" w="754" /><ent r="4" t="170" w="786" /><ent r="4" t="170" w="796" /><ent r="3" t="173" w="137" /><ent r="5" t="183" w="111" /><ent r="3" t="186" w="2728" /><ent r="3" t="187" w="788" /><ent r="3" t="187" w="1407" /><ent r="3" t="189" w="286" /><ent r="3" t="189" w="808" /><ent r="3" t="190" w="276" /><ent r="3" t="190" w="701" /><ent r="4" t="190" w="1070" /><ent r="3" t="190" w="1230" /><ent r="3" t="193" w="852" /><ent r="3" t="193" w="862" /><ent r="3" t="193" w="868" /><ent r="3" t="193" w="919" /><ent r="3" t="193" w="940" /><ent r="3" t="193" w="953" /><ent r="3" t="193" w="1036" /><ent r="3" t="193" w="1039" /><ent r="7" t="193" w="1142" /><ent r="3" t="193" w="1574" /><ent r="3" t="194" w="859" /><ent r="3" t="194" w="880" /><ent r="3" t="194" w="894" /><ent r="4" t="194" w="1563" /><ent r="3" t="194" w="1576" /><ent r="3" t="198" w="27" /><ent r="7" t="202" w="162" /><ent r="7" t="202" w="181" /><ent r="7" t="202" w="186" /><ent r="7" t="202" w="309" /><ent r="7" t="202" w="565" /><ent r="3" t="202" w="717" /><ent r="3" t="202" w="722" /><ent r="3" t="202" w="729" /><ent r="3" t="203" w="303" /><ent r="4" t="205" w="231" /><ent r="4" t="207" w="235" /><ent r="4" t="215" w="486" /><ent r="4" t="215" w="566" /><ent r="3" t="216" w="30" /><ent r="3" t="216" w="34" /><ent r="4" t="228" w="133" /><ent r="3" t="233" w="179" /><ent r="3" t="235" w="644" /></phr><phr n="types"><ent r="3" t="21" w="139" /><ent r="3" t="22" w="94" /><ent r="3" t="22" w="123" /><ent r="4" t="26" w="102" /><ent r="3" t="49" w="238" /><ent r="4" t="54" w="176" /><ent r="4" t="56" w="84" /><ent r="4" t="82" w="71" /><ent r="3" t="86" w="25" /><ent r="3" t="110" w="295" /><ent r="3" t="111" w="44" /><ent r="3" t="128" w="332" /><ent r="3" t="128" w="573" /><ent r="3" t="128" w="588" /><ent r="4" t="146" w="152" /><ent r="4" t="170" w="601" /><ent r="4" t="170" w="613" /><ent r="3" t="173" w="146" /><ent r="3" t="190" w="1241" /><ent r="3" t="193" w="176" /><ent r="3" t="193" w="252" /><ent r="3" t="193" w="887" /><ent r="3" t="193" w="899" /><ent r="3" t="193" w="925" /><ent r="3" t="193" w="946" /><ent r="3" t="193" w="996" /><ent r="3" t="193" w="1015" /><ent r="3" t="194" w="838" /><ent r="3" t="194" w="865" /><ent r="3" t="194" w="886" /><ent r="7" t="202" w="170" /><ent r="7" t="202" w="343" /><ent r="4" t="228" w="146" /><ent r="100" t="241" w="7" /></phr><phr n="Type"><ent r="3" t="27" w="319" /><ent r="5" t="27" w="537" /><ent r="4" t="44" w="121" /><ent r="5" t="50" w="403" /><ent r="5" t="54" w="85" /><ent r="3" t="75" w="221" /><ent r="3" t="75" w="226" /><ent r="4" t="84" w="212" /><ent r="64" t="88" w="197" /><ent r="1000" t="90" w="2" /><ent r="102" t="90" w="13" /><ent r="5" t="90" w="102" /><ent r="7" t="91" w="453" /><ent r="68" t="91" w="469" /><ent r="5" t="109" w="489" /><ent r="5" t="111" w="518" /><ent r="82" t="128" w="306" /><ent r="6" t="128" w="357" /><ent r="4" t="129" w="114" /><ent r="5" t="139" w="65" /><ent r="4" t="148" w="145" /><ent r="5" t="156" w="559" /><ent r="5" t="156" w="994" /><ent r="5" t="159" w="540" /><ent r="4" t="159" w="564" /><ent r="4" t="159" w="609" /><ent r="5" t="160" w="528" /><ent r="4" t="160" w="552" /><ent r="4" t="160" w="597" /><ent r="5" t="161" w="527" /><ent r="4" t="161" w="551" /><ent r="4" t="161" w="596" /><ent r="4" t="166" w="153" /><ent r="5" t="168" w="597" /><ent r="5" t="170" w="562" /><ent r="4" t="186" w="991" /><ent r="3" t="186" w="1010" /><ent r="4" t="186" w="1495" /><ent r="4" t="186" w="1654" /><ent r="4" t="186" w="2529" /><ent r="3" t="186" w="2968" /><ent r="5" t="187" w="932" /><ent r="5" t="187" w="1224" /><ent r="3" t="192" w="601" /><ent r="3" t="192" w="1165" /><ent r="5" t="193" w="633" /><ent r="5" t="193" w="718" /><ent r="3" t="193" w="1597" /><ent r="3" t="193" w="1618" /><ent r="3" t="193" w="1639" /><ent r="3" t="193" w="1687" /><ent r="3" t="194" w="687" /><ent r="3" t="194" w="700" /><ent r="3" t="194" w="726" /><ent r="3" t="194" w="1479" /><ent r="3" t="203" w="251" /><ent r="3" t="204" w="182" /><ent r="3" t="205" w="141" /><ent r="3" t="206" w="180" /><ent r="5" t="207" w="239" /><ent r="5" t="215" w="661" /><ent r="4" t="215" w="685" /><ent r="4" t="215" w="730" /><ent r="3" t="219" w="92" /><ent r="4" t="221" w="226" /><ent r="5" t="228" w="137" /><ent r="64" t="231" w="133" /><ent r="4" t="235" w="573" /><ent r="6" t="241" w="30" /><ent r="6" t="241" w="33" /></phr><phr n="Types"><ent r="64" t="129" w="133" /><ent r="65" t="228" w="151" /><ent r="1000" t="241" w="3" /><ent r="102" t="241" w="11" /></phr><phr n="typing"><ent r="4" t="145" w="439" /><ent r="3" t="186" w="1549" /><ent r="3" t="208" w="139" /><ent r="3" t="212" w="144" /><ent r="3" t="220" w="105" /><ent r="3" t="235" w="290" /></phr><phr n="typed"><ent r="3" t="193" w="1422" /></phr></stem><stem n="edit"><phr n="Edit"><ent r="5" t="6" w="147" /><ent r="66" t="6" w="161" /><ent r="5" t="6" w="166" /><ent r="66" t="6" w="177" /><ent r="68" t="8" w="241" /><ent r="68" t="9" w="64" /><ent r="68" t="10" w="79" /><ent r="6" t="39" w="110" /><ent r="67" t="39" w="117" /><ent r="3" t="39" w="137" /><ent r="1000" t="42" w="1" /><ent r="102" t="42" w="5" /><ent r="3" t="42" w="29" /><ent r="64" t="48" w="217" /><ent r="1000" t="57" w="2" /><ent r="102" t="57" w="6" /><ent r="3" t="57" w="11" /><ent r="3" t="57" w="45" /><ent r="3" t="57" w="70" /><ent r="64" t="63" w="142" /><ent r="65" t="66" w="250" /><ent r="65" t="66" w="295" /><ent r="65" t="68" w="253" /><ent r="4" t="75" w="149" /><ent r="64" t="96" w="274" /><ent r="1000" t="97" w="2" /><ent r="102" t="97" w="7" /><ent r="5" t="97" w="104" /><ent r="64" t="97" w="176" /><ent r="64" t="107" w="203" /><ent r="65" t="109" w="455" /><ent r="4" t="114" w="108" /><ent r="4" t="118" w="190" /><ent r="68" t="119" w="220" /><ent r="64" t="128" w="284" /><ent r="1000" t="129" w="2" /><ent r="102" t="129" w="25" /><ent r="4" t="129" w="392" /><ent r="5" t="130" w="47" /><ent r="64" t="133" w="128" /><ent r="64" t="134" w="226" /><ent r="64" t="135" w="119" /><ent r="1000" t="137" w="1" /><ent r="102" t="137" w="9" /><ent r="3" t="137" w="14" /><ent r="5" t="137" w="81" /><ent r="64" t="151" w="166" /><ent r="64" t="152" w="197" /><ent r="64" t="157" w="200" /><ent r="64" t="158" w="174" /><ent r="64" t="161" w="267" /><ent r="64" t="162" w="184" /><ent r="64" t="163" w="223" /><ent r="64" t="164" w="229" /><ent r="64" t="167" w="170" /><ent r="4" t="190" w="899" /><ent r="4" t="192" w="57" /><ent r="82" t="192" w="710" /><ent r="4" t="192" w="993" /><ent r="1000" t="196" w="1" /><ent r="102" t="196" w="10" /><ent r="4" t="215" w="221" /><ent r="4" t="215" w="238" /><ent r="4" t="215" w="335" /><ent r="4" t="215" w="352" /><ent r="5" t="223" w="136" /><ent r="92" t="225" w="116" /><ent r="4" t="225" w="141" /><ent r="4" t="225" w="145" /><ent r="6" t="226" w="25" /><ent r="67" t="226" w="190" /><ent r="67" t="226" w="359" /><ent r="67" t="226" w="570" /><ent r="92" t="228" w="170" /><ent r="5" t="228" w="206" /><ent r="3" t="228" w="211" /><ent r="4" t="228" w="219" /><ent r="1000" t="238" w="3" /><ent r="100" t="238" w="18" /><ent r="100" t="238" w="25" /><ent r="102" t="238" w="30" /><ent r="3" t="238" w="41" /><ent r="3" t="240" w="41" /><ent r="7" t="240" w="86" /><ent r="68" t="240" w="107" /><ent r="6" t="241" w="32" /><ent r="6" t="241" w="35" /></phr><phr n="edit"><ent r="5" t="6" w="158" /><ent r="5" t="6" w="173" /><ent r="7" t="10" w="117" /><ent r="6" t="13" w="214" /><ent r="3" t="17" w="171" /><ent r="4" t="21" w="307" /><ent r="3" t="28" w="101" /><ent r="100" t="42" w="9" /><ent r="64" t="42" w="24" /><ent r="82" t="45" w="507" /><ent r="4" t="45" w="523" /><ent r="3" t="57" w="26" /><ent r="3" t="57" w="53" /><ent r="3" t="57" w="66" /><ent r="3" t="75" w="39" /><ent r="3" t="75" w="93" /><ent r="4" t="75" w="107" /><ent r="4" t="75" w="165" /><ent r="3" t="84" w="36" /><ent r="3" t="84" w="198" /><ent r="4" t="84" w="210" /><ent r="7" t="91" w="331" /><ent r="4" t="92" w="123" /><ent r="3" t="96" w="266" /><ent r="3" t="97" w="22" /><ent r="100" t="97" w="42" /><ent r="100" t="97" w="48" /><ent r="3" t="97" w="170" /><ent r="3" t="114" w="92" /><ent r="3" t="118" w="47" /><ent r="3" t="118" w="157" /><ent r="3" t="121" w="23" /><ent r="100" t="129" w="10" /><ent r="3" t="129" w="368" /><ent r="4" t="129" w="410" /><ent r="3" t="133" w="95" /><ent r="100" t="137" w="5" /><ent r="3" t="137" w="21" /><ent r="3" t="137" w="51" /><ent r="3" t="160" w="48" /><ent r="3" t="160" w="763" /><ent r="3" t="160" w="779" /><ent r="3" t="161" w="798" /><ent r="3" t="161" w="844" /><ent r="4" t="162" w="114" /><ent r="3" t="165" w="133" /><ent r="3" t="166" w="224" /><ent r="4" t="192" w="149" /><ent r="100" t="196" w="5" /><ent r="100" t="196" w="7" /><ent r="3" t="215" w="98" /><ent r="4" t="215" w="250" /><ent r="4" t="215" w="364" /><ent r="3" t="216" w="116" /><ent r="3" t="216" w="132" /><ent r="3" t="218" w="30" /><ent r="3" t="221" w="174" /><ent r="3" t="225" w="10" /><ent r="6" t="226" w="137" /><ent r="6" t="226" w="512" /><ent r="6" t="226" w="591" /><ent r="3" t="228" w="22" /><ent r="3" t="228" w="238" /><ent r="6" t="241" w="42" /><ent r="5" t="241" w="55" /><ent r="6" t="241" w="68" /><ent r="6" t="241" w="80" /><ent r="6" t="241" w="93" /><ent r="6" t="241" w="105" /><ent r="6" t="241" w="118" /><ent r="6" t="241" w="130" /><ent r="6" t="241" w="143" /><ent r="5" t="241" w="156" /><ent r="5" t="241" w="168" /><ent r="5" t="241" w="180" /><ent r="5" t="241" w="193" /><ent r="6" t="241" w="205" /><ent r="6" t="241" w="217" /><ent r="6" t="241" w="240" /><ent r="6" t="241" w="249" /><ent r="6" t="241" w="397" /><ent r="5" t="241" w="416" /><ent r="6" t="241" w="435" /><ent r="6" t="241" w="453" /><ent r="6" t="241" w="472" /><ent r="6" t="241" w="490" /><ent r="6" t="241" w="509" /><ent r="6" t="241" w="527" /><ent r="6" t="241" w="546" /><ent r="5" t="241" w="565" /><ent r="5" t="241" w="583" /><ent r="5" t="241" w="601" /><ent r="5" t="241" w="620" /><ent r="6" t="241" w="638" /><ent r="6" t="241" w="656" /><ent r="6" t="241" w="674" /><ent r="6" t="241" w="692" /><ent r="6" t="241" w="707" /><ent r="5" t="241" w="729" /></phr><phr n="editing"><ent r="64" t="82" w="197" /><ent r="3" t="97" w="183" /><ent r="3" t="118" w="126" /><ent r="4" t="170" w="1065" /><ent r="3" t="190" w="802" /><ent r="3" t="218" w="42" /><ent r="3" t="233" w="245" /></phr><phr n="Edits"><ent r="7" t="119" w="212" /></phr><phr n="edited"><ent r="3" t="167" w="52" /><ent r="3" t="169" w="40" /><ent r="3" t="215" w="416" /><ent r="3" t="216" w="114" /><ent r="3" t="216" w="138" /></phr><phr n="Edition"><ent r="5" t="202" w="67" /></phr><phr n="edits"><ent r="4" t="203" w="336" /></phr></stem><stem n="turn"><phr n="Turns"><ent r="5" t="6" w="150" /></phr><phr n="turn"><ent r="7" t="10" w="98" /><ent r="3" t="39" w="130" /><ent r="3" t="42" w="14" /><ent r="3" t="57" w="63" /><ent r="3" t="99" w="54" /><ent r="3" t="147" w="346" /><ent r="3" t="167" w="41" /><ent r="3" t="167" w="175" /><ent r="3" t="186" w="368" /><ent r="3" t="186" w="699" /><ent r="4" t="204" w="263" /><ent r="4" t="210" w="108" /></phr><phr n="Turning"><ent r="3" t="87" w="133" /></phr><phr n="turns"><ent r="3" t="87" w="139" /><ent r="3" t="194" w="1057" /></phr><phr n="Turn"><ent r="92" t="99" w="49" /><ent r="92" t="186" w="672" /></phr><phr n="turned"><ent r="4" t="110" w="401" /></phr></stem></index>