<?xml version="1.0" encoding="utf-8"?><index><stem n="toggl"><phr n="toggled"><ent r="3" t="1" w="261" /><ent r="3" t="4" w="59" /><ent r="3" t="124" w="74" /></phr><phr n="toggle"><ent r="4" t="1" w="309" /><ent r="4" t="1" w="357" /><ent r="4" t="4" w="164" /><ent r="4" t="4" w="214" /><ent r="7" t="6" w="29" /><ent r="7" t="6" w="41" /><ent r="7" t="6" w="54" /><ent r="7" t="6" w="79" /><ent r="7" t="6" w="91" /><ent r="7" t="8" w="68" /><ent r="7" t="8" w="119" /><ent r="7" t="8" w="171" /><ent r="4" t="75" w="267" /><ent r="3" t="102" w="131" /><ent r="3" t="111" w="19" /><ent r="3" t="111" w="31" /><ent r="7" t="116" w="196" /><ent r="4" t="171" w="44" /><ent r="3" t="172" w="339" /><ent r="5" t="200" w="232" /><ent r="4" t="204" w="375" /><ent r="4" t="204" w="425" /><ent r="4" t="205" w="524" /><ent r="4" t="205" w="574" /><ent r="3" t="205" w="2742" /><ent r="4" t="205" w="3121" /><ent r="4" t="206" w="240" /><ent r="4" t="206" w="290" /><ent r="4" t="207" w="200" /><ent r="4" t="207" w="250" /><ent r="5" t="207" w="1601" /><ent r="4" t="207" w="1605" /><ent r="4" t="208" w="438" /><ent r="4" t="208" w="488" /><ent r="4" t="209" w="427" /><ent r="4" t="209" w="477" /><ent r="4" t="211" w="351" /><ent r="4" t="211" w="401" /><ent r="3" t="212" w="351" /><ent r="4" t="213" w="260" /><ent r="4" t="213" w="310" /><ent r="3" t="228" w="1055" /><ent r="4" t="229" w="130" /><ent r="4" t="230" w="62" /><ent r="4" t="231" w="79" /><ent r="4" t="232" w="91" /><ent r="4" t="233" w="135" /><ent r="4" t="234" w="64" /><ent r="5" t="236" w="321" /></phr><phr n="Toggles"><ent r="6" t="7" w="282" /><ent r="7" t="8" w="81" /><ent r="7" t="8" w="103" /><ent r="7" t="10" w="86" /><ent r="6" t="13" w="89" /><ent r="5" t="13" w="102" /><ent r="5" t="13" w="119" /><ent r="7" t="13" w="135" /><ent r="4" t="78" w="55" /><ent r="3" t="82" w="82" /><ent r="3" t="87" w="180" /><ent r="5" t="116" w="230" /><ent r="5" t="116" w="256" /><ent r="5" t="116" w="270" /><ent r="4" t="182" w="760" /><ent r="6" t="240" w="391" /><ent r="7" t="250" w="60" /><ent r="7" t="250" w="72" /></phr></stem><stem n="off"><phr n="off"><ent r="3" t="1" w="264" /><ent r="4" t="1" w="313" /><ent r="4" t="1" w="361" /><ent r="3" t="4" w="62" /><ent r="4" t="4" w="168" /><ent r="4" t="4" w="218" /><ent r="5" t="6" w="149" /><ent r="5" t="6" w="151" /><ent r="66" t="6" w="163" /><ent r="7" t="8" w="137" /><ent r="7" t="10" w="101" /><ent r="3" t="63" w="131" /><ent r="3" t="63" w="139" /><ent r="1000" t="66" w="3" /><ent r="102" t="66" w="7" /><ent r="100" t="66" w="11" /><ent r="3" t="66" w="15" /><ent r="3" t="66" w="31" /><ent r="3" t="74" w="590" /><ent r="3" t="81" w="64" /><ent r="3" t="81" w="72" /><ent r="3" t="82" w="88" /><ent r="3" t="102" w="134" /><ent r="3" t="111" w="134" /><ent r="3" t="111" w="140" /><ent r="92" t="124" w="50" /><ent r="3" t="124" w="55" /><ent r="3" t="124" w="75" /><ent r="4" t="135" w="397" /><ent r="3" t="144" w="367" /><ent r="3" t="144" w="376" /><ent r="4" t="171" w="49" /><ent r="3" t="172" w="344" /><ent r="3" t="172" w="553" /><ent r="3" t="181" w="47" /><ent r="3" t="181" w="182" /><ent r="3" t="185" w="242" /><ent r="4" t="204" w="379" /><ent r="4" t="204" w="429" /><ent r="3" t="205" w="373" /><ent r="4" t="205" w="528" /><ent r="4" t="205" w="578" /><ent r="92" t="205" w="673" /><ent r="3" t="205" w="700" /><ent r="3" t="205" w="2747" /><ent r="4" t="205" w="3122" /><ent r="4" t="206" w="244" /><ent r="4" t="206" w="294" /><ent r="4" t="207" w="204" /><ent r="4" t="207" w="254" /><ent r="4" t="208" w="442" /><ent r="4" t="208" w="492" /><ent r="4" t="209" w="431" /><ent r="4" t="209" w="481" /><ent r="4" t="211" w="355" /><ent r="4" t="211" w="405" /><ent r="3" t="212" w="355" /><ent r="4" t="213" w="264" /><ent r="4" t="213" w="314" /><ent r="3" t="228" w="951" /><ent r="7" t="250" w="63" /><ent r="7" t="250" w="75" /></phr></stem><stem n="three"><phr n="three"><ent r="3" t="1" w="268" /><ent r="3" t="20" w="178" /><ent r="3" t="20" w="227" /><ent r="3" t="20" w="340" /><ent r="4" t="55" w="137" /><ent r="3" t="57" w="1156" /><ent r="3" t="69" w="13" /><ent r="4" t="78" w="199" /><ent r="3" t="102" w="178" /><ent r="3" t="136" w="27" /><ent r="3" t="139" w="140" /><ent r="3" t="173" w="140" /><ent r="3" t="174" w="1192" /><ent r="3" t="175" w="142" /><ent r="3" t="176" w="99" /><ent r="3" t="182" w="307" /><ent r="3" t="204" w="334" /><ent r="4" t="204" w="2062" /><ent r="3" t="205" w="483" /><ent r="3" t="205" w="944" /><ent r="5" t="205" w="1496" /><ent r="4" t="205" w="1671" /><ent r="4" t="205" w="1754" /><ent r="3" t="206" w="199" /><ent r="3" t="206" w="1141" /><ent r="3" t="207" w="159" /><ent r="3" t="208" w="397" /><ent r="3" t="209" w="386" /><ent r="3" t="211" w="310" /><ent r="3" t="213" w="219" /><ent r="3" t="213" w="622" /><ent r="3" t="228" w="1050" /><ent r="3" t="229" w="25" /><ent r="3" t="233" w="30" /><ent r="5" t="249" w="107" /><ent r="4" t="249" w="110" /><ent r="3" t="249" w="228" /></phr></stem><stem n="wai"><phr n="ways"><ent r="3" t="1" w="269" /><ent r="3" t="4" w="124" /><ent r="3" t="73" w="75" /><ent r="3" t="100" w="28" /><ent r="3" t="116" w="25" /><ent r="3" t="117" w="24" /><ent r="3" t="148" w="18" /><ent r="7" t="154" w="397" /><ent r="3" t="157" w="120" /><ent r="3" t="204" w="335" /><ent r="3" t="205" w="484" /><ent r="3" t="205" w="830" /><ent r="3" t="206" w="200" /><ent r="3" t="207" w="160" /><ent r="3" t="208" w="398" /><ent r="3" t="209" w="387" /><ent r="3" t="211" w="311" /><ent r="3" t="213" w="220" /><ent r="3" t="221" w="116" /></phr><phr n="Way"><ent r="4" t="73" w="302" /><ent r="4" t="131" w="23" /><ent r="3" t="132" w="18" /><ent r="3" t="142" w="102" /><ent r="3" t="142" w="383" /><ent r="4" t="205" w="2593" /><ent r="3" t="209" w="1191" /><ent r="3" t="212" w="1430" /></phr></stem><stem n="go"><phr n="Go"><ent r="4" t="1" w="275" /><ent r="4" t="2" w="67" /><ent r="4" t="2" w="84" /><ent r="4" t="4" w="130" /><ent r="3" t="14" w="40" /><ent r="4" t="17" w="35" /><ent r="3" t="17" w="195" /><ent r="4" t="22" w="120" /><ent r="4" t="22" w="278" /><ent r="4" t="30" w="228" /><ent r="4" t="30" w="269" /><ent r="4" t="32" w="45" /><ent r="4" t="33" w="23" /><ent r="4" t="36" w="129" /><ent r="4" t="39" w="27" /><ent r="4" t="40" w="30" /><ent r="4" t="41" w="38" /><ent r="4" t="42" w="126" /><ent r="4" t="45" w="117" /><ent r="4" t="46" w="83" /><ent r="3" t="46" w="195" /><ent r="4" t="47" w="42" /><ent r="4" t="48" w="40" /><ent r="4" t="49" w="82" /><ent r="4" t="50" w="31" /><ent r="4" t="51" w="81" /><ent r="4" t="52" w="81" /><ent r="4" t="53" w="95" /><ent r="4" t="54" w="90" /><ent r="4" t="56" w="81" /><ent r="4" t="57" w="77" /><ent r="4" t="58" w="78" /><ent r="4" t="59" w="88" /><ent r="3" t="60" w="29" /><ent r="4" t="61" w="38" /><ent r="3" t="64" w="33" /><ent r="3" t="65" w="45" /><ent r="4" t="69" w="142" /><ent r="4" t="69" w="157" /><ent r="4" t="69" w="262" /><ent r="4" t="69" w="277" /><ent r="4" t="69" w="305" /><ent r="4" t="69" w="366" /><ent r="3" t="71" w="73" /><ent r="4" t="72" w="40" /><ent r="4" t="73" w="122" /><ent r="4" t="73" w="514" /><ent r="4" t="73" w="521" /><ent r="4" t="73" w="546" /><ent r="4" t="74" w="129" /><ent r="4" t="76" w="49" /><ent r="4" t="77" w="47" /><ent r="4" t="79" w="21" /><ent r="4" t="80" w="28" /><ent r="4" t="87" w="43" /><ent r="3" t="87" w="84" /><ent r="4" t="91" w="79" /><ent r="4" t="91" w="103" /><ent r="3" t="94" w="36" /><ent r="4" t="95" w="38" /><ent r="4" t="95" w="50" /><ent r="4" t="95" w="220" /><ent r="4" t="95" w="232" /><ent r="4" t="96" w="59" /><ent r="4" t="97" w="107" /><ent r="3" t="99" w="56" /><ent r="4" t="102" w="46" /><ent r="4" t="102" w="62" /><ent r="4" t="103" w="78" /><ent r="4" t="104" w="49" /><ent r="4" t="105" w="90" /><ent r="4" t="105" w="166" /><ent r="4" t="106" w="36" /><ent r="5" t="108" w="227" /><ent r="4" t="108" w="234" /><ent r="4" t="110" w="100" /><ent r="4" t="110" w="183" /><ent r="4" t="111" w="36" /><ent r="4" t="111" w="48" /><ent r="3" t="112" w="60" /><ent r="4" t="113" w="26" /><ent r="3" t="116" w="62" /><ent r="3" t="116" w="73" /><ent r="4" t="117" w="169" /><ent r="4" t="117" w="183" /><ent r="4" t="117" w="276" /><ent r="4" t="117" w="290" /><ent r="4" t="118" w="42" /><ent r="4" t="118" w="54" /><ent r="3" t="119" w="86" /><ent r="3" t="119" w="98" /><ent r="4" t="120" w="26" /><ent r="4" t="120" w="38" /><ent r="4" t="123" w="25" /><ent r="4" t="123" w="37" /><ent r="3" t="126" w="102" /><ent r="3" t="126" w="114" /><ent r="3" t="127" w="106" /><ent r="3" t="127" w="118" /><ent r="3" t="128" w="160" /><ent r="3" t="128" w="191" /><ent r="3" t="128" w="261" /><ent r="3" t="129" w="94" /><ent r="3" t="129" w="124" /><ent r="3" t="130" w="124" /><ent r="4" t="132" w="130" /><ent r="4" t="133" w="60" /><ent r="4" t="134" w="81" /><ent r="4" t="135" w="82" /><ent r="4" t="138" w="68" /><ent r="3" t="139" w="75" /><ent r="3" t="139" w="96" /><ent r="3" t="139" w="178" /><ent r="3" t="140" w="20" /><ent r="3" t="144" w="92" /><ent r="4" t="146" w="25" /><ent r="4" t="147" w="39" /><ent r="4" t="147" w="64" /><ent r="4" t="148" w="75" /><ent r="3" t="148" w="176" /><ent r="4" t="149" w="25" /><ent r="3" t="150" w="52" /><ent r="4" t="151" w="205" /><ent r="3" t="152" w="95" /><ent r="3" t="152" w="107" /><ent r="4" t="155" w="45" /><ent r="4" t="155" w="271" /><ent r="4" t="158" w="359" /><ent r="4" t="158" w="367" /><ent r="4" t="158" w="425" /><ent r="4" t="158" w="433" /><ent r="4" t="160" w="97" /><ent r="4" t="160" w="114" /><ent r="4" t="160" w="126" /><ent r="4" t="166" w="50" /><ent r="3" t="167" w="34" /><ent r="3" t="167" w="88" /><ent r="5" t="168" w="18" /><ent r="4" t="172" w="360" /><ent r="3" t="172" w="479" /><ent r="3" t="172" w="579" /><ent r="3" t="172" w="653" /><ent r="4" t="173" w="68" /><ent r="3" t="173" w="94" /><ent r="4" t="174" w="77" /><ent r="3" t="175" w="110" /><ent r="4" t="175" w="814" /><ent r="4" t="176" w="52" /><ent r="4" t="176" w="64" /><ent r="4" t="177" w="24" /><ent r="4" t="178" w="76" /><ent r="4" t="179" w="65" /><ent r="4" t="179" w="92" /><ent r="4" t="180" w="56" /><ent r="4" t="181" w="72" /><ent r="4" t="182" w="90" /><ent r="4" t="183" w="24" /><ent r="3" t="183" w="61" /><ent r="3" t="183" w="90" /><ent r="4" t="186" w="90" /><ent r="4" t="187" w="59" /><ent r="4" t="188" w="60" /><ent r="4" t="188" w="87" /><ent r="3" t="190" w="20" /><ent r="4" t="191" w="32" /><ent r="4" t="192" w="329" /><ent r="4" t="194" w="63" /><ent r="4" t="194" w="119" /><ent r="4" t="196" w="211" /><ent r="3" t="196" w="321" /><ent r="3" t="196" w="339" /><ent r="4" t="197" w="127" /><ent r="4" t="197" w="292" /><ent r="4" t="199" w="82" /><ent r="4" t="199" w="178" /><ent r="4" t="201" w="170" /><ent r="4" t="202" w="37" /><ent r="4" t="204" w="341" /><ent r="4" t="204" w="1171" /><ent r="4" t="204" w="1871" /><ent r="4" t="204" w="2018" /><ent r="4" t="204" w="2022" /><ent r="4" t="205" w="490" /><ent r="4" t="205" w="710" /><ent r="4" t="205" w="763" /><ent r="3" t="205" w="989" /><ent r="4" t="205" w="1122" /><ent r="4" t="205" w="1875" /><ent r="4" t="205" w="2036" /><ent r="3" t="205" w="2270" /><ent r="4" t="205" w="2421" /><ent r="4" t="205" w="2506" /><ent r="4" t="205" w="2774" /><ent r="4" t="205" w="2954" /><ent r="4" t="206" w="206" /><ent r="4" t="206" w="396" /><ent r="4" t="206" w="690" /><ent r="4" t="206" w="768" /><ent r="4" t="206" w="858" /><ent r="5" t="206" w="918" /><ent r="4" t="206" w="986" /><ent r="3" t="206" w="1156" /><ent r="4" t="207" w="166" /><ent r="4" t="207" w="352" /><ent r="4" t="207" w="523" /><ent r="4" t="207" w="745" /><ent r="4" t="207" w="1035" /><ent r="4" t="207" w="1202" /><ent r="4" t="207" w="1240" /><ent r="3" t="207" w="1491" /><ent r="4" t="208" w="404" /><ent r="4" t="208" w="590" /><ent r="4" t="208" w="799" /><ent r="3" t="208" w="989" /><ent r="4" t="209" w="393" /><ent r="4" t="209" w="579" /><ent r="4" t="209" w="869" /><ent r="4" t="209" w="1061" /><ent r="4" t="209" w="1094" /><ent r="4" t="210" w="253" /><ent r="4" t="211" w="317" /><ent r="4" t="211" w="551" /><ent r="4" t="211" w="625" /><ent r="4" t="211" w="667" /><ent r="4" t="211" w="679" /><ent r="4" t="211" w="800" /><ent r="4" t="211" w="828" /><ent r="3" t="211" w="1006" /><ent r="3" t="212" w="313" /><ent r="3" t="212" w="1726" /><ent r="3" t="212" w="1743" /><ent r="4" t="213" w="226" /><ent r="4" t="213" w="436" /><ent r="4" t="213" w="505" /><ent r="4" t="213" w="1298" /><ent r="3" t="213" w="1466" /><ent r="3" t="214" w="20" /><ent r="4" t="214" w="56" /><ent r="4" t="214" w="91" /><ent r="4" t="214" w="135" /><ent r="4" t="214" w="160" /><ent r="4" t="214" w="192" /><ent r="4" t="235" w="71" /><ent r="4" t="237" w="37" /><ent r="3" t="237" w="129" /><ent r="4" t="238" w="34" /><ent r="4" t="248" w="406" /></phr><phr n="going"><ent r="3" t="148" w="159" /><ent r="4" t="155" w="218" /><ent r="4" t="204" w="705" /><ent r="4" t="205" w="1770" /><ent r="4" t="206" w="677" /></phr></stem><stem n="select"><phr n="select"><ent r="4" t="1" w="285" /><ent r="4" t="1" w="304" /><ent r="4" t="1" w="352" /><ent r="4" t="2" w="75" /><ent r="4" t="2" w="90" /><ent r="4" t="4" w="140" /><ent r="4" t="4" w="159" /><ent r="4" t="4" w="209" /><ent r="7" t="5" w="200" /><ent r="7" t="5" w="246" /><ent r="7" t="6" w="182" /><ent r="6" t="7" w="68" /><ent r="7" t="7" w="93" /><ent r="7" t="12" w="56" /><ent r="6" t="12" w="78" /><ent r="7" t="13" w="182" /><ent r="3" t="14" w="26" /><ent r="3" t="14" w="48" /><ent r="3" t="14" w="72" /><ent r="6" t="14" w="202" /><ent r="4" t="17" w="43" /><ent r="4" t="17" w="104" /><ent r="3" t="17" w="114" /><ent r="3" t="17" w="132" /><ent r="4" t="17" w="142" /><ent r="3" t="17" w="203" /><ent r="3" t="17" w="226" /><ent r="92" t="18" w="103" /><ent r="3" t="19" w="34" /><ent r="3" t="19" w="66" /><ent r="3" t="20" w="167" /><ent r="3" t="20" w="231" /><ent r="3" t="20" w="266" /><ent r="3" t="20" w="344" /><ent r="4" t="20" w="541" /><ent r="4" t="22" w="128" /><ent r="4" t="22" w="189" /><ent r="4" t="22" w="204" /><ent r="4" t="22" w="209" /><ent r="4" t="22" w="286" /><ent r="4" t="22" w="308" /><ent r="4" t="22" w="318" /><ent r="4" t="22" w="323" /><ent r="3" t="22" w="445" /><ent r="4" t="22" w="471" /><ent r="4" t="22" w="483" /><ent r="4" t="22" w="498" /><ent r="4" t="22" w="547" /><ent r="4" t="22" w="592" /><ent r="4" t="22" w="645" /><ent r="4" t="22" w="657" /><ent r="4" t="22" w="676" /><ent r="4" t="22" w="697" /><ent r="4" t="22" w="701" /><ent r="4" t="22" w="721" /><ent r="4" t="22" w="742" /><ent r="4" t="22" w="746" /><ent r="4" t="22" w="770" /><ent r="3" t="22" w="835" /><ent r="3" t="22" w="865" /><ent r="3" t="23" w="53" /><ent r="3" t="23" w="74" /><ent r="3" t="23" w="76" /><ent r="3" t="23" w="99" /><ent r="3" t="23" w="108" /><ent r="3" t="23" w="116" /><ent r="4" t="26" w="125" /><ent r="3" t="26" w="138" /><ent r="3" t="26" w="145" /><ent r="3" t="26" w="155" /><ent r="3" t="26" w="164" /><ent r="3" t="26" w="180" /><ent r="3" t="26" w="186" /><ent r="3" t="26" w="193" /><ent r="3" t="26" w="200" /><ent r="3" t="26" w="212" /><ent r="3" t="28" w="41" /><ent r="3" t="28" w="44" /><ent r="3" t="28" w="54" /><ent r="3" t="28" w="74" /><ent r="3" t="29" w="42" /><ent r="4" t="30" w="236" /><ent r="4" t="30" w="277" /><ent r="4" t="30" w="315" /><ent r="3" t="30" w="362" /><ent r="4" t="30" w="396" /><ent r="4" t="30" w="488" /><ent r="4" t="30" w="498" /><ent r="4" t="32" w="35" /><ent r="4" t="32" w="53" /><ent r="4" t="32" w="61" /><ent r="3" t="32" w="119" /><ent r="4" t="33" w="31" /><ent r="4" t="33" w="44" /><ent r="3" t="33" w="56" /><ent r="3" t="33" w="64" /><ent r="4" t="36" w="114" /><ent r="4" t="36" w="135" /><ent r="4" t="36" w="174" /><ent r="4" t="36" w="220" /><ent r="4" t="36" w="237" /><ent r="4" t="36" w="255" /><ent r="4" t="36" w="280" /><ent r="3" t="36" w="301" /><ent r="3" t="36" w="303" /><ent r="3" t="36" w="326" /><ent r="4" t="36" w="335" /><ent r="4" t="36" w="343" /><ent r="4" t="36" w="392" /><ent r="5" t="36" w="463" /><ent r="5" t="36" w="504" /><ent r="4" t="36" w="533" /><ent r="5" t="37" w="31" /><ent r="3" t="37" w="39" /><ent r="3" t="37" w="53" /><ent r="4" t="37" w="65" /><ent r="4" t="37" w="73" /><ent r="4" t="39" w="46" /><ent r="3" t="39" w="61" /><ent r="4" t="39" w="100" /><ent r="4" t="39" w="137" /><ent r="4" t="39" w="149" /><ent r="3" t="39" w="165" /><ent r="4" t="39" w="204" /><ent r="4" t="40" w="38" /><ent r="3" t="40" w="50" /><ent r="3" t="40" w="58" /><ent r="3" t="41" w="53" /><ent r="4" t="41" w="81" /><ent r="4" t="41" w="99" /><ent r="4" t="41" w="121" /><ent r="5" t="41" w="133" /><ent r="4" t="41" w="146" /><ent r="4" t="42" w="134" /><ent r="4" t="42" w="181" /><ent r="4" t="42" w="195" /><ent r="4" t="42" w="210" /><ent r="4" t="45" w="123" /><ent r="5" t="45" w="184" /><ent r="4" t="45" w="310" /><ent r="4" t="46" w="91" /><ent r="3" t="46" w="210" /><ent r="4" t="46" w="304" /><ent r="4" t="47" w="50" /><ent r="4" t="47" w="82" /><ent r="3" t="47" w="183" /><ent r="3" t="47" w="202" /><ent r="3" t="47" w="243" /><ent r="3" t="47" w="283" /><ent r="3" t="47" w="371" /><ent r="3" t="47" w="390" /><ent r="3" t="47" w="421" /><ent r="3" t="47" w="541" /><ent r="3" t="47" w="560" /><ent r="3" t="47" w="684" /><ent r="3" t="47" w="703" /><ent r="4" t="48" w="48" /><ent r="4" t="48" w="65" /><ent r="3" t="48" w="167" /><ent r="4" t="49" w="90" /><ent r="4" t="50" w="37" /><ent r="4" t="51" w="89" /><ent r="4" t="51" w="125" /><ent r="4" t="52" w="89" /><ent r="4" t="52" w="136" /><ent r="3" t="52" w="153" /><ent r="3" t="52" w="213" /><ent r="4" t="52" w="233" /><ent r="3" t="53" w="70" /><ent r="4" t="53" w="103" /><ent r="4" t="53" w="145" /><ent r="3" t="53" w="161" /><ent r="3" t="53" w="184" /><ent r="4" t="54" w="98" /><ent r="4" t="54" w="143" /><ent r="3" t="54" w="161" /><ent r="3" t="54" w="175" /><ent r="4" t="55" w="91" /><ent r="4" t="55" w="127" /><ent r="4" t="56" w="89" /><ent r="4" t="56" w="140" /><ent r="4" t="57" w="85" /><ent r="4" t="57" w="121" /><ent r="4" t="57" w="230" /><ent r="4" t="57" w="342" /><ent r="4" t="57" w="568" /><ent r="4" t="57" w="706" /><ent r="4" t="57" w="777" /><ent r="4" t="57" w="1003" /><ent r="4" t="57" w="1141" /><ent r="4" t="58" w="86" /><ent r="3" t="58" w="168" /><ent r="3" t="58" w="185" /><ent r="3" t="58" w="244" /><ent r="4" t="59" w="96" /><ent r="4" t="59" w="138" /><ent r="3" t="59" w="161" /><ent r="3" t="59" w="222" /><ent r="3" t="60" w="36" /><ent r="3" t="61" w="27" /><ent r="4" t="61" w="45" /><ent r="4" t="61" w="50" /><ent r="3" t="64" w="22" /><ent r="3" t="64" w="40" /><ent r="3" t="64" w="45" /><ent r="7" t="64" w="140" /><ent r="3" t="65" w="34" /><ent r="3" t="65" w="52" /><ent r="3" t="65" w="57" /><ent r="4" t="65" w="106" /><ent r="4" t="65" w="131" /><ent r="4" t="65" w="140" /><ent r="4" t="65" w="163" /><ent r="4" t="68" w="46" /><ent r="4" t="68" w="53" /><ent r="4" t="68" w="59" /><ent r="4" t="68" w="68" /><ent r="4" t="68" w="93" /><ent r="4" t="69" w="120" /><ent r="4" t="69" w="125" /><ent r="4" t="69" w="134" /><ent r="4" t="69" w="176" /><ent r="4" t="69" w="185" /><ent r="4" t="69" w="202" /><ent r="4" t="69" w="231" /><ent r="4" t="69" w="296" /><ent r="4" t="69" w="313" /><ent r="4" t="69" w="320" /><ent r="4" t="69" w="374" /><ent r="4" t="69" w="656" /><ent r="3" t="71" w="81" /><ent r="4" t="72" w="48" /><ent r="3" t="72" w="91" /><ent r="3" t="72" w="183" /><ent r="3" t="72" w="203" /><ent r="4" t="72" w="233" /><ent r="4" t="72" w="298" /><ent r="4" t="73" w="130" /><ent r="4" t="73" w="158" /><ent r="4" t="73" w="175" /><ent r="3" t="73" w="213" /><ent r="3" t="73" w="233" /><ent r="3" t="73" w="298" /><ent r="4" t="73" w="337" /><ent r="4" t="73" w="409" /><ent r="4" t="73" w="420" /><ent r="3" t="73" w="432" /><ent r="3" t="73" w="448" /><ent r="3" t="73" w="454" /><ent r="3" t="73" w="477" /><ent r="3" t="73" w="483" /><ent r="4" t="73" w="529" /><ent r="3" t="74" w="35" /><ent r="4" t="74" w="137" /><ent r="4" t="74" w="215" /><ent r="3" t="74" w="273" /><ent r="5" t="74" w="297" /><ent r="6" t="74" w="305" /><ent r="6" t="74" w="321" /><ent r="6" t="74" w="337" /><ent r="5" t="74" w="364" /><ent r="5" t="74" w="385" /><ent r="5" t="74" w="387" /><ent r="5" t="74" w="410" /><ent r="5" t="74" w="419" /><ent r="5" t="74" w="427" /><ent r="4" t="74" w="435" /><ent r="4" t="74" w="462" /><ent r="3" t="74" w="507" /><ent r="4" t="75" w="152" /><ent r="4" t="75" w="160" /><ent r="4" t="75" w="207" /><ent r="4" t="75" w="215" /><ent r="4" t="76" w="57" /><ent r="3" t="76" w="81" /><ent r="4" t="76" w="104" /><ent r="4" t="77" w="30" /><ent r="4" t="77" w="55" /><ent r="5" t="78" w="106" /><ent r="4" t="79" w="28" /><ent r="4" t="79" w="45" /><ent r="4" t="79" w="58" /><ent r="4" t="80" w="35" /><ent r="4" t="80" w="59" /><ent r="4" t="80" w="70" /><ent r="4" t="82" w="40" /><ent r="3" t="82" w="77" /><ent r="4" t="83" w="155" /><ent r="4" t="83" w="175" /><ent r="4" t="83" w="184" /><ent r="4" t="83" w="246" /><ent r="3" t="84" w="28" /><ent r="3" t="84" w="65" /><ent r="4" t="85" w="51" /><ent r="4" t="85" w="70" /><ent r="4" t="85" w="77" /><ent r="4" t="85" w="131" /><ent r="4" t="86" w="32" /><ent r="4" t="86" w="50" /><ent r="4" t="87" w="51" /><ent r="4" t="87" w="63" /><ent r="3" t="87" w="91" /><ent r="3" t="87" w="110" /><ent r="3" t="87" w="125" /><ent r="3" t="89" w="75" /><ent r="3" t="89" w="89" /><ent r="92" t="89" w="210" /><ent r="3" t="89" w="226" /><ent r="4" t="90" w="54" /><ent r="4" t="90" w="90" /><ent r="4" t="90" w="149" /><ent r="4" t="90" w="187" /><ent r="4" t="90" w="205" /><ent r="4" t="90" w="216" /><ent r="4" t="90" w="236" /><ent r="4" t="90" w="261" /><ent r="4" t="90" w="281" /><ent r="4" t="91" w="93" /><ent r="4" t="91" w="116" /><ent r="4" t="92" w="92" /><ent r="4" t="92" w="133" /><ent r="4" t="92" w="174" /><ent r="4" t="92" w="192" /><ent r="4" t="92" w="210" /><ent r="4" t="92" w="221" /><ent r="4" t="92" w="239" /><ent r="4" t="92" w="267" /><ent r="3" t="94" w="42" /><ent r="3" t="94" w="58" /><ent r="3" t="94" w="122" /><ent r="3" t="94" w="137" /><ent r="4" t="95" w="65" /><ent r="4" t="95" w="143" /><ent r="4" t="95" w="241" /><ent r="4" t="95" w="263" /><ent r="3" t="95" w="270" /><ent r="4" t="96" w="68" /><ent r="4" t="97" w="114" /><ent r="3" t="99" w="64" /><ent r="3" t="99" w="231" /><ent r="3" t="99" w="285" /><ent r="4" t="102" w="54" /><ent r="4" t="103" w="86" /><ent r="4" t="103" w="110" /><ent r="4" t="104" w="57" /><ent r="4" t="105" w="98" /><ent r="4" t="105" w="174" /><ent r="4" t="106" w="42" /><ent r="4" t="106" w="66" /><ent r="3" t="108" w="123" /><ent r="4" t="109" w="81" /><ent r="4" t="110" w="93" /><ent r="4" t="110" w="106" /><ent r="5" t="110" w="122" /><ent r="4" t="110" w="176" /><ent r="4" t="110" w="189" /><ent r="4" t="110" w="204" /><ent r="4" t="110" w="276" /><ent r="4" t="111" w="76" /><ent r="3" t="111" w="98" /><ent r="4" t="111" w="108" /><ent r="3" t="112" w="68" /><ent r="4" t="113" w="43" /><ent r="4" t="113" w="54" /><ent r="4" t="113" w="65" /><ent r="4" t="114" w="70" /><ent r="4" t="114" w="99" /><ent r="4" t="114" w="109" /><ent r="4" t="115" w="47" /><ent r="4" t="115" w="53" /><ent r="3" t="115" w="66" /><ent r="6" t="116" w="514" /><ent r="6" t="116" w="523" /><ent r="5" t="116" w="596" /><ent r="5" t="116" w="625" /><ent r="4" t="117" w="77" /><ent r="4" t="117" w="211" /><ent r="3" t="117" w="238" /><ent r="4" t="117" w="318" /><ent r="4" t="118" w="82" /><ent r="3" t="118" w="106" /><ent r="3" t="118" w="219" /><ent r="3" t="118" w="306" /><ent r="4" t="119" w="77" /><ent r="3" t="119" w="126" /><ent r="3" t="120" w="15" /><ent r="4" t="120" w="66" /><ent r="3" t="120" w="74" /><ent r="3" t="120" w="100" /><ent r="4" t="120" w="106" /><ent r="5" t="121" w="61" /><ent r="4" t="121" w="89" /><ent r="4" t="121" w="99" /><ent r="4" t="121" w="106" /><ent r="4" t="121" w="116" /><ent r="5" t="121" w="183" /><ent r="4" t="121" w="212" /><ent r="4" t="121" w="223" /><ent r="4" t="121" w="243" /><ent r="5" t="122" w="63" /><ent r="4" t="122" w="92" /><ent r="4" t="122" w="103" /><ent r="4" t="122" w="126" /><ent r="4" t="122" w="138" /><ent r="3" t="122" w="152" /><ent r="4" t="123" w="65" /><ent r="4" t="124" w="34" /><ent r="3" t="124" w="66" /><ent r="4" t="125" w="32" /><ent r="4" t="125" w="37" /><ent r="4" t="125" w="47" /><ent r="4" t="125" w="90" /><ent r="3" t="125" w="95" /><ent r="4" t="125" w="107" /><ent r="3" t="125" w="111" /><ent r="4" t="125" w="174" /><ent r="4" t="126" w="95" /><ent r="3" t="126" w="133" /><ent r="4" t="126" w="173" /><ent r="4" t="127" w="99" /><ent r="3" t="127" w="137" /><ent r="4" t="127" w="178" /><ent r="3" t="128" w="168" /><ent r="3" t="128" w="205" /><ent r="3" t="128" w="220" /><ent r="3" t="128" w="269" /><ent r="3" t="129" w="102" /><ent r="3" t="129" w="116" /><ent r="3" t="129" w="136" /><ent r="3" t="129" w="144" /><ent r="3" t="130" w="132" /><ent r="3" t="130" w="154" /><ent r="4" t="130" w="173" /><ent r="4" t="130" w="221" /><ent r="4" t="132" w="138" /><ent r="4" t="133" w="68" /><ent r="4" t="134" w="89" /><ent r="3" t="134" w="364" /><ent r="4" t="135" w="90" /><ent r="6" t="135" w="600" /><ent r="6" t="135" w="640" /><ent r="6" t="135" w="652" /><ent r="3" t="136" w="105" /><ent r="4" t="136" w="335" /><ent r="4" t="136" w="366" /><ent r="4" t="136" w="405" /><ent r="3" t="136" w="418" /><ent r="3" t="136" w="425" /><ent r="3" t="136" w="435" /><ent r="3" t="136" w="444" /><ent r="3" t="136" w="460" /><ent r="3" t="136" w="466" /><ent r="3" t="136" w="473" /><ent r="3" t="136" w="480" /><ent r="3" t="136" w="492" /><ent r="4" t="136" w="550" /><ent r="4" t="137" w="108" /><ent r="4" t="137" w="137" /><ent r="4" t="137" w="152" /><ent r="4" t="137" w="168" /><ent r="4" t="138" w="77" /><ent r="4" t="138" w="84" /><ent r="4" t="138" w="91" /><ent r="3" t="139" w="81" /><ent r="3" t="139" w="102" /><ent r="3" t="139" w="185" /><ent r="3" t="140" w="27" /><ent r="3" t="140" w="99" /><ent r="3" t="140" w="112" /><ent r="3" t="141" w="16" /><ent r="3" t="142" w="330" /><ent r="3" t="142" w="342" /><ent r="3" t="142" w="355" /><ent r="3" t="142" w="384" /><ent r="3" t="142" w="398" /><ent r="3" t="142" w="409" /><ent r="3" t="144" w="100" /><ent r="4" t="146" w="33" /><ent r="4" t="146" w="154" /><ent r="4" t="147" w="47" /><ent r="4" t="147" w="72" /><ent r="3" t="147" w="79" /><ent r="4" t="148" w="83" /><ent r="3" t="148" w="182" /><ent r="4" t="149" w="33" /><ent r="3" t="150" w="60" /><ent r="4" t="151" w="218" /><ent r="3" t="152" w="117" /><ent r="4" t="152" w="280" /><ent r="4" t="152" w="558" /><ent r="3" t="154" w="205" /><ent r="3" t="154" w="225" /><ent r="3" t="154" w="625" /><ent r="3" t="154" w="650" /><ent r="3" t="154" w="701" /><ent r="4" t="155" w="55" /><ent r="4" t="155" w="60" /><ent r="4" t="155" w="282" /><ent r="4" t="155" w="290" /><ent r="4" t="155" w="297" /><ent r="4" t="155" w="373" /><ent r="4" t="157" w="140" /><ent r="3" t="158" w="340" /><ent r="4" t="158" w="351" /><ent r="4" t="158" w="376" /><ent r="3" t="158" w="406" /><ent r="4" t="158" w="417" /><ent r="4" t="158" w="442" /><ent r="64" t="159" w="132" /><ent r="3" t="160" w="46" /><ent r="4" t="160" w="105" /><ent r="4" t="160" w="120" /><ent r="64" t="160" w="230" /><ent r="3" t="161" w="93" /><ent r="64" t="161" w="123" /><ent r="4" t="162" w="44" /><ent r="4" t="163" w="66" /><ent r="4" t="163" w="79" /><ent r="64" t="163" w="110" /><ent r="4" t="164" w="49" /><ent r="4" t="164" w="64" /><ent r="1000" t="165" w="1" /><ent r="100" t="165" w="15" /><ent r="102" t="165" w="20" /><ent r="4" t="165" w="46" /><ent r="4" t="165" w="58" /><ent r="4" t="165" w="71" /><ent r="4" t="166" w="56" /><ent r="3" t="167" w="26" /><ent r="3" t="167" w="42" /><ent r="3" t="167" w="50" /><ent r="3" t="167" w="57" /><ent r="3" t="167" w="73" /><ent r="3" t="167" w="96" /><ent r="3" t="167" w="104" /><ent r="3" t="167" w="111" /><ent r="5" t="168" w="26" /><ent r="4" t="168" w="33" /><ent r="4" t="168" w="40" /><ent r="4" t="170" w="79" /><ent r="4" t="171" w="55" /><ent r="4" t="171" w="74" /><ent r="4" t="172" w="114" /><ent r="4" t="172" w="158" /><ent r="4" t="172" w="206" /><ent r="4" t="172" w="224" /><ent r="4" t="172" w="252" /><ent r="4" t="172" w="262" /><ent r="4" t="172" w="376" /><ent r="3" t="172" w="401" /><ent r="4" t="172" w="428" /><ent r="3" t="172" w="495" /><ent r="3" t="172" w="516" /><ent r="3" t="172" w="595" /><ent r="3" t="172" w="616" /><ent r="3" t="172" w="669" /><ent r="3" t="172" w="690" /><ent r="4" t="173" w="74" /><ent r="3" t="173" w="102" /><ent r="3" t="173" w="108" /><ent r="4" t="173" w="266" /><ent r="3" t="173" w="323" /><ent r="4" t="173" w="349" /><ent r="4" t="173" w="361" /><ent r="4" t="173" w="376" /><ent r="4" t="173" w="425" /><ent r="4" t="173" w="470" /><ent r="4" t="173" w="524" /><ent r="4" t="173" w="536" /><ent r="4" t="173" w="555" /><ent r="4" t="173" w="576" /><ent r="4" t="173" w="580" /><ent r="4" t="173" w="600" /><ent r="4" t="173" w="621" /><ent r="4" t="173" w="625" /><ent r="4" t="173" w="649" /><ent r="3" t="173" w="709" /><ent r="3" t="173" w="739" /><ent r="5" t="173" w="941" /><ent r="5" t="173" w="981" /><ent r="5" t="173" w="993" /><ent r="3" t="174" w="54" /><ent r="4" t="174" w="84" /><ent r="4" t="174" w="89" /><ent r="4" t="174" w="99" /><ent r="3" t="174" w="315" /><ent r="4" t="174" w="341" /><ent r="4" t="174" w="353" /><ent r="4" t="174" w="368" /><ent r="4" t="174" w="414" /><ent r="4" t="174" w="459" /><ent r="4" t="174" w="513" /><ent r="4" t="174" w="525" /><ent r="4" t="174" w="544" /><ent r="4" t="174" w="565" /><ent r="4" t="174" w="569" /><ent r="4" t="174" w="589" /><ent r="4" t="174" w="610" /><ent r="4" t="174" w="614" /><ent r="4" t="174" w="638" /><ent r="3" t="174" w="698" /><ent r="3" t="174" w="728" /><ent r="4" t="174" w="930" /><ent r="4" t="174" w="952" /><ent r="3" t="174" w="962" /><ent r="3" t="174" w="1023" /><ent r="3" t="174" w="1055" /><ent r="3" t="174" w="1095" /><ent r="3" t="174" w="1107" /><ent r="4" t="175" w="103" /><ent r="3" t="175" w="126" /><ent r="3" t="175" w="312" /><ent r="4" t="175" w="339" /><ent r="4" t="175" w="351" /><ent r="4" t="175" w="366" /><ent r="4" t="175" w="412" /><ent r="4" t="175" w="457" /><ent r="4" t="175" w="511" /><ent r="4" t="175" w="523" /><ent r="4" t="175" w="542" /><ent r="4" t="175" w="563" /><ent r="4" t="175" w="567" /><ent r="4" t="175" w="587" /><ent r="4" t="175" w="608" /><ent r="4" t="175" w="612" /><ent r="4" t="175" w="636" /><ent r="3" t="175" w="696" /><ent r="3" t="175" w="726" /><ent r="4" t="175" w="825" /><ent r="4" t="175" w="837" /><ent r="3" t="175" w="884" /><ent r="4" t="176" w="70" /><ent r="4" t="176" w="82" /><ent r="4" t="177" w="37" /><ent r="4" t="177" w="46" /><ent r="3" t="177" w="180" /><ent r="3" t="177" w="212" /><ent r="3" t="177" w="249" /><ent r="4" t="178" w="84" /><ent r="4" t="178" w="96" /><ent r="3" t="178" w="130" /><ent r="3" t="178" w="167" /><ent r="3" t="178" w="195" /><ent r="3" t="178" w="216" /><ent r="4" t="179" w="73" /><ent r="4" t="179" w="85" /><ent r="4" t="179" w="100" /><ent r="4" t="179" w="111" /><ent r="3" t="179" w="138" /><ent r="4" t="180" w="64" /><ent r="4" t="180" w="77" /><ent r="3" t="180" w="149" /><ent r="4" t="180" w="169" /><ent r="3" t="180" w="197" /><ent r="3" t="180" w="212" /><ent r="4" t="181" w="80" /><ent r="4" t="181" w="93" /><ent r="3" t="181" w="113" /><ent r="3" t="181" w="135" /><ent r="3" t="181" w="158" /><ent r="4" t="182" w="98" /><ent r="4" t="182" w="109" /><ent r="4" t="182" w="185" /><ent r="5" t="182" w="207" /><ent r="3" t="182" w="238" /><ent r="5" t="182" w="258" /><ent r="4" t="182" w="286" /><ent r="4" t="182" w="302" /><ent r="3" t="182" w="336" /><ent r="3" t="182" w="349" /><ent r="4" t="182" w="412" /><ent r="4" t="182" w="606" /><ent r="4" t="182" w="741" /><ent r="4" t="183" w="32" /><ent r="4" t="183" w="44" /><ent r="3" t="183" w="69" /><ent r="3" t="183" w="99" /><ent r="3" t="183" w="118" /><ent r="3" t="183" w="133" /><ent r="4" t="184" w="54" /><ent r="3" t="184" w="132" /><ent r="4" t="184" w="150" /><ent r="4" t="186" w="95" /><ent r="4" t="186" w="101" /><ent r="3" t="186" w="488" /><ent r="3" t="186" w="575" /><ent r="4" t="187" w="67" /><ent r="4" t="187" w="85" /><ent r="3" t="187" w="198" /><ent r="3" t="187" w="285" /><ent r="4" t="188" w="72" /><ent r="3" t="188" w="475" /><ent r="3" t="188" w="562" /><ent r="4" t="189" w="153" /><ent r="4" t="189" w="168" /><ent r="5" t="189" w="179" /><ent r="5" t="189" w="184" /><ent r="4" t="189" w="387" /><ent r="3" t="189" w="418" /><ent r="4" t="189" w="471" /><ent r="4" t="189" w="557" /><ent r="3" t="189" w="805" /><ent r="3" t="189" w="822" /><ent r="3" t="189" w="847" /><ent r="3" t="190" w="26" /><ent r="3" t="190" w="42" /><ent r="4" t="190" w="75" /><ent r="4" t="190" w="288" /><ent r="4" t="190" w="335" /><ent r="4" t="191" w="38" /><ent r="3" t="191" w="54" /><ent r="3" t="191" w="80" /><ent r="5" t="191" w="100" /><ent r="4" t="191" w="109" /><ent r="5" t="191" w="139" /><ent r="4" t="191" w="143" /><ent r="4" t="192" w="338" /><ent r="3" t="192" w="592" /><ent r="4" t="193" w="71" /><ent r="4" t="193" w="85" /><ent r="3" t="193" w="98" /><ent r="3" t="193" w="120" /><ent r="4" t="193" w="197" /><ent r="4" t="194" w="72" /><ent r="4" t="194" w="132" /><ent r="4" t="196" w="50" /><ent r="4" t="196" w="67" /><ent r="4" t="196" w="141" /><ent r="4" t="196" w="168" /><ent r="4" t="196" w="218" /><ent r="3" t="196" w="332" /><ent r="3" t="197" w="15" /><ent r="4" t="197" w="176" /><ent r="4" t="197" w="223" /><ent r="3" t="198" w="42" /><ent r="3" t="198" w="72" /><ent r="3" t="198" w="95" /><ent r="3" t="198" w="107" /><ent r="4" t="198" w="121" /><ent r="4" t="198" w="135" /><ent r="4" t="198" w="146" /><ent r="100" t="199" w="10" /><ent r="100" t="199" w="13" /><ent r="64" t="199" w="25" /><ent r="3" t="199" w="33" /><ent r="3" t="199" w="57" /><ent r="4" t="199" w="130" /><ent r="4" t="199" w="151" /><ent r="4" t="199" w="216" /><ent r="4" t="200" w="104" /><ent r="4" t="200" w="126" /><ent r="4" t="200" w="360" /><ent r="4" t="201" w="179" /><ent r="4" t="201" w="185" /><ent r="4" t="202" w="46" /><ent r="3" t="204" w="227" /><ent r="4" t="204" w="351" /><ent r="4" t="204" w="370" /><ent r="4" t="204" w="420" /><ent r="4" t="204" w="531" /><ent r="4" t="204" w="542" /><ent r="4" t="204" w="638" /><ent r="3" t="204" w="819" /><ent r="4" t="204" w="877" /><ent r="4" t="204" w="920" /><ent r="4" t="204" w="974" /><ent r="3" t="204" w="987" /><ent r="4" t="204" w="1016" /><ent r="4" t="204" w="1037" /><ent r="4" t="204" w="1099" /><ent r="4" t="204" w="1178" /><ent r="3" t="204" w="1672" /><ent r="4" t="204" w="1731" /><ent r="4" t="204" w="1786" /><ent r="4" t="204" w="1878" /><ent r="4" t="204" w="1982" /><ent r="4" t="204" w="2004" /><ent r="4" t="204" w="2050" /><ent r="4" t="204" w="2150" /><ent r="4" t="204" w="2196" /><ent r="4" t="204" w="2273" /><ent r="4" t="204" w="2382" /><ent r="4" t="204" w="2388" /><ent r="4" t="205" w="500" /><ent r="4" t="205" w="519" /><ent r="4" t="205" w="569" /><ent r="4" t="205" w="718" /><ent r="4" t="205" w="735" /><ent r="4" t="205" w="771" /><ent r="4" t="205" w="780" /><ent r="4" t="205" w="865" /><ent r="6" t="205" w="871" /><ent r="3" t="205" w="998" /><ent r="4" t="205" w="1046" /><ent r="4" t="205" w="1129" /><ent r="4" t="205" w="1203" /><ent r="4" t="205" w="1257" /><ent r="4" t="205" w="1286" /><ent r="4" t="205" w="1297" /><ent r="4" t="205" w="1353" /><ent r="6" t="205" w="1783" /><ent r="4" t="205" w="1881" /><ent r="4" t="205" w="1946" /><ent r="4" t="205" w="1955" /><ent r="4" t="205" w="2043" /><ent r="4" t="205" w="2062" /><ent r="4" t="205" w="2254" /><ent r="4" t="205" w="2332" /><ent r="3" t="205" w="2353" /><ent r="4" t="205" w="2427" /><ent r="4" t="205" w="2475" /><ent r="4" t="205" w="2514" /><ent r="4" t="205" w="2780" /><ent r="4" t="205" w="2786" /><ent r="4" t="205" w="2831" /><ent r="4" t="205" w="2872" /><ent r="4" t="205" w="2884" /><ent r="4" t="205" w="2962" /><ent r="3" t="205" w="2969" /><ent r="4" t="205" w="3203" /><ent r="3" t="206" w="72" /><ent r="3" t="206" w="174" /><ent r="4" t="206" w="216" /><ent r="4" t="206" w="235" /><ent r="4" t="206" w="285" /><ent r="4" t="206" w="412" /><ent r="4" t="206" w="704" /><ent r="4" t="206" w="779" /><ent r="4" t="206" w="802" /><ent r="4" t="206" w="870" /><ent r="4" t="206" w="894" /><ent r="5" t="206" w="928" /><ent r="4" t="206" w="997" /><ent r="4" t="206" w="1033" /><ent r="4" t="206" w="1057" /><ent r="4" t="206" w="1071" /><ent r="3" t="206" w="1164" /><ent r="3" t="206" w="1194" /><ent r="3" t="206" w="1205" /><ent r="4" t="206" w="1259" /><ent r="4" t="206" w="1309" /><ent r="4" t="207" w="176" /><ent r="4" t="207" w="195" /><ent r="4" t="207" w="245" /><ent r="4" t="207" w="358" /><ent r="4" t="207" w="375" /><ent r="4" t="207" w="489" /><ent r="4" t="207" w="531" /><ent r="4" t="207" w="574" /><ent r="3" t="207" w="657" /><ent r="4" t="207" w="752" /><ent r="4" t="207" w="986" /><ent r="4" t="207" w="1079" /><ent r="4" t="207" w="1103" /><ent r="4" t="207" w="1119" /><ent r="92" t="207" w="1146" /><ent r="4" t="207" w="1190" /><ent r="4" t="207" w="1251" /><ent r="4" t="207" w="1259" /><ent r="4" t="207" w="1283" /><ent r="3" t="207" w="1499" /><ent r="4" t="207" w="1730" /><ent r="4" t="208" w="414" /><ent r="4" t="208" w="433" /><ent r="4" t="208" w="483" /><ent r="4" t="208" w="596" /><ent r="4" t="208" w="613" /><ent r="4" t="208" w="708" /><ent r="4" t="208" w="720" /><ent r="4" t="208" w="788" /><ent r="6" t="208" w="808" /><ent r="4" t="208" w="818" /><ent r="4" t="208" w="834" /><ent r="4" t="208" w="881" /><ent r="4" t="208" w="904" /><ent r="4" t="208" w="910" /><ent r="4" t="208" w="913" /><ent r="3" t="208" w="1007" /><ent r="4" t="208" w="1012" /><ent r="4" t="208" w="1049" /><ent r="4" t="209" w="403" /><ent r="4" t="209" w="422" /><ent r="4" t="209" w="472" /><ent r="4" t="209" w="585" /><ent r="4" t="209" w="602" /><ent r="4" t="209" w="697" /><ent r="4" t="209" w="874" /><ent r="4" t="209" w="882" /><ent r="4" t="209" w="899" /><ent r="4" t="209" w="941" /><ent r="4" t="209" w="977" /><ent r="4" t="209" w="990" /><ent r="6" t="209" w="1035" /><ent r="6" t="209" w="1051" /><ent r="4" t="209" w="1060" /><ent r="4" t="209" w="1067" /><ent r="4" t="210" w="240" /><ent r="4" t="210" w="259" /><ent r="4" t="210" w="268" /><ent r="4" t="210" w="281" /><ent r="5" t="210" w="539" /><ent r="5" t="210" w="556" /><ent r="4" t="210" w="561" /><ent r="4" t="211" w="327" /><ent r="4" t="211" w="346" /><ent r="4" t="211" w="396" /><ent r="4" t="211" w="508" /><ent r="4" t="211" w="517" /><ent r="4" t="211" w="566" /><ent r="3" t="211" w="585" /><ent r="4" t="211" w="634" /><ent r="3" t="211" w="643" /><ent r="4" t="211" w="673" /><ent r="4" t="211" w="750" /><ent r="4" t="211" w="807" /><ent r="4" t="211" w="835" /><ent r="4" t="211" w="844" /><ent r="4" t="211" w="878" /><ent r="4" t="211" w="907" /><ent r="4" t="211" w="990" /><ent r="3" t="211" w="1012" /><ent r="3" t="211" w="1059" /><ent r="4" t="211" w="1072" /><ent r="4" t="211" w="1146" /><ent r="4" t="211" w="1194" /><ent r="3" t="212" w="327" /><ent r="3" t="212" w="346" /><ent r="4" t="212" w="425" /><ent r="4" t="212" w="452" /><ent r="4" t="212" w="498" /><ent r="4" t="212" w="734" /><ent r="3" t="212" w="1052" /><ent r="4" t="212" w="1226" /><ent r="4" t="212" w="1849" /><ent r="4" t="213" w="236" /><ent r="4" t="213" w="255" /><ent r="4" t="213" w="305" /><ent r="4" t="213" w="417" /><ent r="6" t="213" w="444" /><ent r="4" t="213" w="477" /><ent r="4" t="213" w="512" /><ent r="4" t="213" w="548" /><ent r="4" t="213" w="586" /><ent r="4" t="213" w="637" /><ent r="3" t="213" w="710" /><ent r="3" t="213" w="737" /><ent r="3" t="213" w="905" /><ent r="4" t="213" w="1203" /><ent r="6" t="213" w="1311" /><ent r="3" t="213" w="1474" /><ent r="3" t="214" w="28" /><ent r="3" t="215" w="35" /><ent r="4" t="215" w="100" /><ent r="4" t="215" w="110" /><ent r="3" t="217" w="25" /><ent r="3" t="220" w="112" /><ent r="3" t="223" w="83" /><ent r="3" t="223" w="97" /><ent r="4" t="223" w="152" /><ent r="4" t="223" w="169" /><ent r="4" t="223" w="187" /><ent r="4" t="223" w="212" /><ent r="3" t="223" w="233" /><ent r="3" t="223" w="235" /><ent r="3" t="223" w="258" /><ent r="4" t="223" w="267" /><ent r="4" t="223" w="275" /><ent r="4" t="223" w="329" /><ent r="3" t="224" w="27" /><ent r="4" t="224" w="83" /><ent r="4" t="224" w="100" /><ent r="4" t="224" w="118" /><ent r="4" t="224" w="143" /><ent r="3" t="224" w="164" /><ent r="3" t="224" w="166" /><ent r="3" t="224" w="189" /><ent r="4" t="224" w="198" /><ent r="4" t="224" w="206" /><ent r="4" t="224" w="321" /><ent r="4" t="225" w="42" /><ent r="4" t="225" w="59" /><ent r="4" t="225" w="77" /><ent r="4" t="225" w="102" /><ent r="3" t="225" w="123" /><ent r="3" t="225" w="125" /><ent r="3" t="225" w="148" /><ent r="4" t="225" w="157" /><ent r="4" t="225" w="165" /><ent r="3" t="227" w="27" /><ent r="4" t="227" w="81" /><ent r="4" t="227" w="98" /><ent r="4" t="227" w="116" /><ent r="4" t="227" w="141" /><ent r="3" t="227" w="162" /><ent r="3" t="227" w="164" /><ent r="3" t="227" w="187" /><ent r="4" t="227" w="196" /><ent r="4" t="227" w="204" /><ent r="3" t="228" w="360" /><ent r="3" t="228" w="405" /><ent r="3" t="228" w="419" /><ent r="3" t="228" w="427" /><ent r="3" t="228" w="453" /><ent r="3" t="228" w="512" /><ent r="3" t="228" w="586" /><ent r="3" t="228" w="627" /><ent r="4" t="228" w="701" /><ent r="4" t="228" w="747" /><ent r="4" t="228" w="792" /><ent r="4" t="228" w="886" /><ent r="4" t="228" w="900" /><ent r="4" t="229" w="34" /><ent r="4" t="229" w="54" /><ent r="4" t="229" w="96" /><ent r="4" t="230" w="23" /><ent r="4" t="232" w="22" /><ent r="4" t="233" w="39" /><ent r="4" t="233" w="59" /><ent r="4" t="233" w="101" /><ent r="4" t="234" w="24" /><ent r="3" t="235" w="40" /><ent r="4" t="235" w="79" /><ent r="5" t="236" w="128" /><ent r="4" t="237" w="43" /><ent r="3" t="237" w="136" /><ent r="3" t="237" w="317" /><ent r="4" t="237" w="599" /><ent r="4" t="238" w="40" /><ent r="4" t="238" w="64" /><ent r="4" t="239" w="130" /><ent r="3" t="239" w="171" /><ent r="4" t="239" w="206" /><ent r="6" t="240" w="174" /><ent r="6" t="240" w="227" /><ent r="6" t="240" w="259" /><ent r="6" t="240" w="344" /><ent r="6" t="240" w="472" /><ent r="6" t="240" w="558" /><ent r="5" t="240" w="610" /><ent r="6" t="240" w="657" /><ent r="4" t="242" w="131" /><ent r="4" t="242" w="285" /><ent r="3" t="243" w="24" /><ent r="4" t="248" w="414" /><ent r="4" t="248" w="421" /><ent r="4" t="248" w="434" /><ent r="4" t="248" w="580" /><ent r="3" t="248" w="663" /><ent r="4" t="248" w="715" /><ent r="7" t="253" w="70" /></phr><phr n="selected"><ent r="4" t="1" w="375" /><ent r="6" t="3" w="144" /><ent r="7" t="5" w="63" /><ent r="7" t="5" w="102" /><ent r="7" t="5" w="141" /><ent r="7" t="11" w="207" /><ent r="5" t="13" w="66" /><ent r="3" t="23" w="28" /><ent r="3" t="28" w="119" /><ent r="3" t="28" w="138" /><ent r="3" t="29" w="22" /><ent r="3" t="30" w="377" /><ent r="5" t="39" w="152" /><ent r="3" t="44" w="46" /><ent r="4" t="47" w="107" /><ent r="3" t="48" w="184" /><ent r="4" t="48" w="225" /><ent r="4" t="49" w="157" /><ent r="3" t="51" w="246" /><ent r="3" t="52" w="196" /><ent r="4" t="52" w="285" /><ent r="4" t="53" w="208" /><ent r="4" t="54" w="190" /><ent r="3" t="55" w="205" /><ent r="4" t="56" w="158" /><ent r="4" t="57" w="158" /><ent r="4" t="57" w="713" /><ent r="4" t="57" w="1148" /><ent r="4" t="58" w="146" /><ent r="3" t="58" w="228" /><ent r="3" t="59" w="204" /><ent r="4" t="59" w="265" /><ent r="4" t="74" w="211" /><ent r="4" t="76" w="88" /><ent r="3" t="76" w="119" /><ent r="4" t="78" w="129" /><ent r="4" t="78" w="147" /><ent r="3" t="83" w="26" /><ent r="3" t="83" w="272" /><ent r="3" t="89" w="119" /><ent r="3" t="89" w="129" /><ent r="3" t="89" w="144" /><ent r="3" t="89" w="176" /><ent r="3" t="89" w="196" /><ent r="3" t="102" w="276" /><ent r="3" t="103" w="140" /><ent r="6" t="106" w="97" /><ent r="4" t="109" w="104" /><ent r="3" t="114" w="218" /><ent r="4" t="115" w="63" /><ent r="5" t="116" w="668" /><ent r="3" t="118" w="30" /><ent r="3" t="120" w="177" /><ent r="4" t="121" w="150" /><ent r="4" t="130" w="210" /><ent r="3" t="130" w="216" /><ent r="4" t="132" w="256" /><ent r="4" t="133" w="169" /><ent r="4" t="134" w="149" /><ent r="4" t="135" w="149" /><ent r="4" t="137" w="141" /><ent r="3" t="140" w="107" /><ent r="4" t="140" w="115" /><ent r="3" t="142" w="47" /><ent r="3" t="142" w="159" /><ent r="3" t="142" w="252" /><ent r="3" t="144" w="528" /><ent r="7" t="145" w="78" /><ent r="7" t="145" w="100" /><ent r="7" t="145" w="104" /><ent r="7" t="145" w="109" /><ent r="7" t="145" w="117" /><ent r="7" t="145" w="136" /><ent r="7" t="145" w="140" /><ent r="7" t="145" w="145" /><ent r="7" t="145" w="174" /><ent r="7" t="145" w="178" /><ent r="7" t="145" w="183" /><ent r="7" t="145" w="214" /><ent r="5" t="145" w="227" /><ent r="7" t="145" w="241" /><ent r="7" t="145" w="275" /><ent r="3" t="155" w="110" /><ent r="4" t="155" w="344" /><ent r="64" t="159" w="129" /><ent r="64" t="160" w="227" /><ent r="64" t="161" w="120" /><ent r="1000" t="163" w="2" /><ent r="100" t="163" w="6" /><ent r="102" t="163" w="10" /><ent r="3" t="163" w="15" /><ent r="3" t="163" w="29" /><ent r="3" t="163" w="64" /><ent r="5" t="163" w="82" /><ent r="3" t="169" w="198" /><ent r="3" t="171" w="32" /><ent r="3" t="172" w="648" /><ent r="3" t="173" w="135" /><ent r="3" t="182" w="42" /><ent r="4" t="182" w="295" /><ent r="4" t="182" w="748" /><ent r="3" t="189" w="226" /><ent r="3" t="189" w="1038" /><ent r="4" t="191" w="133" /><ent r="6" t="192" w="507" /><ent r="6" t="192" w="523" /><ent r="6" t="192" w="530" /><ent r="3" t="193" w="115" /><ent r="3" t="193" w="140" /><ent r="3" t="196" w="314" /><ent r="3" t="197" w="217" /><ent r="4" t="197" w="248" /><ent r="4" t="199" w="121" /><ent r="4" t="200" w="374" /><ent r="4" t="204" w="443" /><ent r="4" t="204" w="585" /><ent r="3" t="204" w="696" /><ent r="3" t="204" w="1862" /><ent r="4" t="204" w="2049" /><ent r="4" t="204" w="2249" /><ent r="4" t="204" w="2256" /><ent r="3" t="205" w="150" /><ent r="4" t="205" w="592" /><ent r="3" t="205" w="895" /><ent r="3" t="205" w="921" /><ent r="3" t="205" w="979" /><ent r="4" t="205" w="1308" /><ent r="3" t="206" w="124" /><ent r="4" t="206" w="308" /><ent r="4" t="206" w="480" /><ent r="3" t="206" w="1146" /><ent r="4" t="207" w="268" /><ent r="4" t="208" w="506" /><ent r="4" t="209" w="495" /><ent r="4" t="211" w="419" /><ent r="4" t="212" w="538" /><ent r="3" t="212" w="558" /><ent r="4" t="212" w="641" /><ent r="4" t="212" w="726" /><ent r="4" t="213" w="328" /><ent r="3" t="220" w="75" /><ent r="3" t="221" w="62" /><ent r="3" t="221" w="79" /><ent r="3" t="228" w="119" /><ent r="3" t="228" w="150" /><ent r="3" t="228" w="179" /><ent r="3" t="242" w="320" /><ent r="3" t="246" w="188" /><ent r="3" t="246" w="199" /><ent r="4" t="248" w="756" /><ent r="7" t="251" w="68" /><ent r="7" t="251" w="84" /><ent r="7" t="251" w="88" /><ent r="7" t="251" w="93" /><ent r="7" t="251" w="107" /><ent r="7" t="251" w="120" /><ent r="7" t="251" w="124" /><ent r="7" t="251" w="129" /><ent r="7" t="251" w="159" /><ent r="7" t="251" w="163" /><ent r="7" t="251" w="168" /><ent r="7" t="253" w="95" /><ent r="5" t="253" w="118" /><ent r="7" t="253" w="143" /><ent r="7" t="253" w="181" /></phr><phr n="selection"><ent r="6" t="3" w="161" /><ent r="7" t="8" w="152" /><ent r="68" t="8" w="162" /><ent r="92" t="23" w="51" /><ent r="3" t="23" w="70" /><ent r="4" t="36" w="268" /><ent r="5" t="36" w="273" /><ent r="92" t="36" w="278" /><ent r="4" t="36" w="297" /><ent r="3" t="47" w="436" /><ent r="4" t="52" w="229" /><ent r="4" t="52" w="237" /><ent r="4" t="52" w="256" /><ent r="4" t="52" w="268" /><ent r="65" t="52" w="274" /><ent r="4" t="72" w="69" /><ent r="6" t="74" w="345" /><ent r="7" t="74" w="351" /><ent r="6" t="74" w="359" /><ent r="5" t="74" w="381" /><ent r="4" t="74" w="455" /><ent r="1000" t="84" w="3" /><ent r="100" t="84" w="7" /><ent r="100" t="84" w="12" /><ent r="102" t="84" w="17" /><ent r="3" t="84" w="23" /><ent r="3" t="84" w="56" /><ent r="3" t="84" w="74" /><ent r="3" t="111" w="96" /><ent r="4" t="155" w="324" /><ent r="4" t="157" w="142" /><ent r="3" t="189" w="398" /><ent r="5" t="206" w="473" /><ent r="3" t="206" w="737" /><ent r="4" t="206" w="885" /><ent r="4" t="207" w="1249" /><ent r="4" t="209" w="893" /><ent r="4" t="223" w="200" /><ent r="5" t="223" w="205" /><ent r="92" t="223" w="210" /><ent r="4" t="223" w="229" /><ent r="4" t="224" w="131" /><ent r="5" t="224" w="136" /><ent r="92" t="224" w="141" /><ent r="4" t="224" w="160" /><ent r="4" t="225" w="90" /><ent r="5" t="225" w="95" /><ent r="92" t="225" w="100" /><ent r="4" t="225" w="119" /><ent r="4" t="227" w="129" /><ent r="5" t="227" w="134" /><ent r="92" t="227" w="139" /><ent r="4" t="227" w="158" /><ent r="5" t="254" w="264" /><ent r="5" t="254" w="268" /><ent r="6" t="254" w="289" /><ent r="6" t="254" w="293" /><ent r="6" t="254" w="297" /><ent r="6" t="254" w="301" /><ent r="5" t="254" w="305" /><ent r="5" t="254" w="309" /><ent r="6" t="254" w="313" /><ent r="6" t="254" w="317" /><ent r="6" t="254" w="321" /><ent r="6" t="254" w="325" /><ent r="5" t="254" w="329" /><ent r="5" t="254" w="333" /><ent r="6" t="254" w="337" /><ent r="6" t="254" w="341" /><ent r="6" t="254" w="346" /><ent r="6" t="254" w="350" /><ent r="5" t="254" w="354" /><ent r="5" t="254" w="358" /><ent r="5" t="254" w="362" /><ent r="5" t="254" w="366" /><ent r="5" t="254" w="370" /><ent r="5" t="254" w="374" /><ent r="6" t="254" w="378" /><ent r="6" t="254" w="382" /><ent r="5" t="254" w="386" /><ent r="5" t="254" w="390" /></phr><phr n="selecting"><ent r="6" t="3" w="163" /><ent r="92" t="28" w="19" /><ent r="3" t="72" w="213" /><ent r="4" t="100" w="53" /><ent r="3" t="110" w="242" /><ent r="3" t="112" w="110" /><ent r="4" t="135" w="423" /><ent r="3" t="146" w="246" /><ent r="3" t="148" w="165" /><ent r="3" t="196" w="231" /><ent r="64" t="198" w="159" /><ent r="1000" t="199" w="1" /><ent r="102" t="199" w="15" /><ent r="4" t="200" w="205" /><ent r="4" t="204" w="712" /><ent r="4" t="204" w="2027" /><ent r="4" t="205" w="856" /><ent r="4" t="209" w="960" /><ent r="3" t="209" w="1193" /><ent r="4" t="212" w="1759" /><ent r="4" t="212" w="1867" /><ent r="4" t="212" w="1891" /><ent r="4" t="213" w="1429" /><ent r="6" t="240" w="186" /><ent r="6" t="240" w="355" /><ent r="6" t="240" w="399" /><ent r="6" t="240" w="402" /><ent r="6" t="240" w="566" /><ent r="93" t="246" w="141" /></phr><phr n="selects"><ent r="7" t="8" w="225" /><ent r="4" t="29" w="74" /><ent r="3" t="52" w="176" /><ent r="3" t="58" w="208" /><ent r="3" t="59" w="184" /><ent r="3" t="69" w="464" /><ent r="4" t="78" w="111" /><ent r="7" t="84" w="83" /><ent r="3" t="89" w="213" /><ent r="4" t="189" w="455" /><ent r="4" t="189" w="616" /><ent r="4" t="189" w="694" /><ent r="4" t="189" w="881" /><ent r="3" t="224" w="51" /><ent r="3" t="228" w="38" /><ent r="7" t="253" w="73" /></phr><phr n="selections"><ent r="4" t="22" w="254" /><ent r="4" t="22" w="269" /><ent r="4" t="22" w="368" /><ent r="4" t="22" w="383" /><ent r="4" t="22" w="516" /><ent r="4" t="23" w="46" /><ent r="4" t="36" w="355" /><ent r="3" t="64" w="9" /><ent r="3" t="65" w="9" /><ent r="3" t="116" w="111" /><ent r="4" t="173" w="161" /><ent r="4" t="173" w="171" /><ent r="3" t="173" w="204" /><ent r="4" t="173" w="394" /><ent r="4" t="174" w="386" /><ent r="4" t="175" w="384" /><ent r="6" t="192" w="495" /><ent r="3" t="223" w="120" /><ent r="4" t="223" w="287" /><ent r="4" t="224" w="218" /><ent r="4" t="225" w="177" /><ent r="3" t="227" w="49" /><ent r="4" t="227" w="216" /></phr></stem></index>