<?xml version="1.0" encoding="utf-8"?><index><stem n="radio"><phr n="radio"><ent r="4" t="27" w="292" /><ent r="5" t="51" w="375" /><ent r="3" t="76" w="227" /><ent r="3" t="171" w="816" /><ent r="4" t="186" w="2163" /><ent r="3" t="219" w="65" /><ent r="4" t="222" w="223" /><ent r="4" t="223" w="154" /><ent r="4" t="224" w="113" /><ent r="4" t="225" w="152" /></phr></stem><stem n="brows"><phr n="browse"><ent r="4" t="27" w="341" /><ent r="5" t="51" w="424" /><ent r="4" t="72" w="104" /><ent r="4" t="83" w="288" /><ent r="4" t="83" w="301" /><ent r="4" t="83" w="308" /><ent r="4" t="135" w="158" /><ent r="3" t="171" w="366" /><ent r="3" t="195" w="711" /><ent r="3" t="219" w="114" /><ent r="4" t="222" w="272" /><ent r="4" t="223" w="203" /><ent r="4" t="224" w="162" /><ent r="4" t="225" w="201" /><ent r="6" t="250" w="238" /><ent r="6" t="250" w="669" /></phr><phr n="Browse"><ent r="4" t="72" w="135" /><ent r="4" t="83" w="311" /><ent r="5" t="113" w="131" /><ent r="3" t="171" w="363" /><ent r="4" t="190" w="813" /><ent r="3" t="195" w="683" /></phr></stem><stem n="written"><phr n="written"><ent r="4" t="27" w="399" /></phr></stem><stem n="less"><phr n="Less"><ent r="6" t="27" w="407" /><ent r="5" t="158" w="289" /></phr><phr n="less"><ent r="5" t="27" w="416" /><ent r="5" t="27" w="455" /><ent r="5" t="27" w="490" /><ent r="5" t="157" w="542" /><ent r="5" t="157" w="977" /><ent r="4" t="158" w="298" /><ent r="4" t="158" w="343" /><ent r="4" t="158" w="357" /><ent r="4" t="158" w="518" /><ent r="5" t="169" w="580" /><ent r="3" t="201" w="261" /><ent r="3" t="201" w="268" /><ent r="4" t="215" w="456" /><ent r="4" t="243" w="178" /><ent r="3" t="245" w="505" /><ent r="3" t="245" w="531" /></phr></stem><stem n="greater"><phr n="Greater"><ent r="6" t="27" w="424" /><ent r="5" t="158" w="309" /></phr><phr n="greater"><ent r="5" t="27" w="433" /><ent r="5" t="27" w="449" /><ent r="5" t="27" w="496" /><ent r="3" t="129" w="337" /><ent r="5" t="157" w="554" /><ent r="5" t="157" w="989" /><ent r="4" t="158" w="318" /><ent r="4" t="158" w="337" /><ent r="4" t="158" w="363" /><ent r="4" t="158" w="529" /><ent r="5" t="169" w="592" /><ent r="3" t="199" w="48" /><ent r="4" t="243" w="190" /></phr></stem><stem n="latitude/longitude,"><phr n="latitude/longitude,"><ent r="4" t="27" w="545" /><ent r="4" t="27" w="544" /><ent r="3" t="75" w="25" /><ent r="3" t="75" w="24" /><ent r="3" t="75" w="86" /><ent r="3" t="75" w="85" /><ent r="3" t="112" w="83" /><ent r="3" t="112" w="82" /><ent r="3" t="112" w="254" /><ent r="3" t="112" w="253" /><ent r="3" t="199" w="34" /><ent r="3" t="199" w="33" /></phr><phr n="Latitude/Longitude,"><ent r="6" t="237" w="155" /><ent r="6" t="237" w="154" /><ent r="6" t="237" w="208" /><ent r="6" t="237" w="207" /><ent r="6" t="237" w="380" /><ent r="6" t="237" w="379" /><ent r="6" t="237" w="496" /><ent r="6" t="237" w="495" /><ent r="6" t="237" w="577" /><ent r="6" t="237" w="576" /></phr></stem><stem n="(latitude/longitude,"><phr n="(latitude/longitude,"><ent r="4" t="27" w="546" /></phr></stem><stem n="utm"><phr n="UTM"><ent r="4" t="27" w="546" /><ent r="5" t="75" w="27" /><ent r="3" t="75" w="87" /><ent r="5" t="76" w="245" /><ent r="3" t="112" w="87" /><ent r="3" t="112" w="255" /><ent r="5" t="167" w="174" /><ent r="3" t="187" w="1018" /><ent r="3" t="199" w="35" /><ent r="7" t="206" w="429" /><ent r="7" t="206" w="456" /><ent r="3" t="206" w="755" /><ent r="7" t="242" w="84" /></phr></stem><stem n="mgr"><phr n="MGRS"><ent r="4" t="27" w="548" /><ent r="5" t="75" w="35" /><ent r="3" t="75" w="89" /><ent r="5" t="76" w="253" /><ent r="3" t="112" w="93" /><ent r="3" t="112" w="257" /><ent r="5" t="167" w="182" /><ent r="3" t="187" w="1020" /><ent r="3" t="199" w="37" /><ent r="7" t="242" w="92" /></phr></stem><stem n="checkbox"><phr n="checkbox"><ent r="4" t="27" w="572" /><ent r="4" t="27" w="589" /><ent r="4" t="50" w="141" /><ent r="4" t="50" w="165" /><ent r="3" t="50" w="179" /><ent r="3" t="50" w="238" /><ent r="4" t="59" w="43" /><ent r="3" t="64" w="174" /><ent r="4" t="72" w="194" /><ent r="3" t="76" w="324" /><ent r="3" t="83" w="517" /><ent r="3" t="110" w="322" /><ent r="3" t="110" w="340" /><ent r="4" t="111" w="450" /><ent r="4" t="113" w="179" /><ent r="4" t="113" w="194" /><ent r="4" t="121" w="161" /><ent r="3" t="148" w="128" /><ent r="3" t="148" w="154" /><ent r="3" t="148" w="231" /><ent r="3" t="148" w="257" /><ent r="3" t="148" w="344" /><ent r="3" t="148" w="435" /><ent r="3" t="148" w="461" /><ent r="3" t="148" w="599" /><ent r="3" t="148" w="625" /><ent r="4" t="149" w="94" /><ent r="3" t="149" w="254" /><ent r="3" t="159" w="249" /><ent r="4" t="160" w="279" /><ent r="4" t="160" w="862" /><ent r="3" t="162" w="247" /><ent r="3" t="168" w="191" /><ent r="4" t="171" w="385" /><ent r="4" t="178" w="226" /><ent r="3" t="178" w="237" /><ent r="4" t="178" w="291" /><ent r="4" t="178" w="293" /><ent r="3" t="178" w="320" /><ent r="3" t="178" w="338" /><ent r="4" t="181" w="278" /><ent r="4" t="186" w="451" /><ent r="4" t="187" w="602" /><ent r="4" t="187" w="759" /><ent r="4" t="188" w="313" /><ent r="4" t="189" w="276" /><ent r="4" t="189" w="671" /><ent r="3" t="189" w="752" /><ent r="3" t="189" w="754" /><ent r="3" t="189" w="775" /><ent r="3" t="189" w="782" /><ent r="4" t="190" w="551" /><ent r="4" t="191" w="553" /><ent r="4" t="193" w="427" /><ent r="4" t="195" w="336" /><ent r="4" t="223" w="261" /><ent r="4" t="223" w="274" /><ent r="3" t="227" w="30" /><ent r="3" t="227" w="56" /><ent r="3" t="229" w="35" /><ent r="3" t="229" w="61" /><ent r="4" t="230" w="106" /><ent r="3" t="234" w="133" /><ent r="6" t="237" w="406" /><ent r="3" t="238" w="83" /><ent r="3" t="239" w="29" /></phr><phr n="checkboxes"><ent r="4" t="109" w="125" /><ent r="4" t="236" w="129" /><ent r="4" t="236" w="140" /><ent r="3" t="239" w="74" /></phr></stem><stem n=":product"><phr n=":product"><ent r="100" t="28" w="10" /><ent r="100" t="29" w="10" /><ent r="100" t="135" w="10" /></phr><phr n=":Product"><ent r="100" t="162" w="10" /></phr></stem><stem n="pictur"><phr n="picture"><ent r="4" t="28" w="23" /></phr></stem><stem n="i"><phr n="I"><ent r="4" t="28" w="25" /><ent r="4" t="191" w="995" /></phr><phr n="i"><ent r="3" t="204" w="182" /></phr></stem><stem n="n"><phr n="n"><ent r="5" t="28" w="27" /><ent r="6" t="191" w="997" /></phr><phr n="N"><ent r="3" t="200" w="116" /><ent r="3" t="200" w="120" /><ent r="3" t="200" w="130" /><ent r="3" t="200" w="188" /><ent r="3" t="200" w="198" /><ent r="3" t="200" w="207" /><ent r="3" t="200" w="212" /><ent r="3" t="200" w="219" /><ent r="3" t="200" w="224" /><ent r="5" t="233" w="338" /><ent r="7" t="247" w="110" /></phr></stem><stem n="avi"><phr n="AVI"><ent r="67" t="28" w="117" /><ent r="5" t="29" w="30" /><ent r="65" t="29" w="44" /><ent r="4" t="187" w="3110" /><ent r="1000" t="227" w="1" /><ent r="100" t="227" w="5" /><ent r="102" t="227" w="9" /></phr><phr n="AVIs"><ent r="3" t="227" w="18" /></phr></stem><stem n="-1"><phr n="-1"><ent r="67" t="28" w="131" /><ent r="67" t="28" w="131" /><ent r="5" t="29" w="235" /><ent r="5" t="29" w="235" /><ent r="65" t="29" w="245" /><ent r="65" t="29" w="245" /><ent r="3" t="187" w="2219" /><ent r="3" t="187" w="2219" /><ent r="1000" t="229" w="1" /><ent r="1000" t="229" w="1" /><ent r="100" t="229" w="6" /><ent r="100" t="229" w="6" /><ent r="102" t="229" w="11" /><ent r="102" t="229" w="11" /><ent r="3" t="229" w="21" /><ent r="3" t="229" w="21" /></phr></stem><stem n="mpeg"><phr n="MPEG"><ent r="67" t="28" w="131" /><ent r="5" t="29" w="235" /><ent r="65" t="29" w="245" /><ent r="1000" t="229" w="1" /><ent r="100" t="229" w="6" /><ent r="102" t="229" w="11" /><ent r="3" t="229" w="21" /></phr></stem><stem n="mpeg-1"><phr n="MPEG-1"><ent r="67" t="28" w="131" /><ent r="5" t="29" w="235" /><ent r="65" t="29" w="245" /><ent r="1000" t="229" w="1" /><ent r="100" t="229" w="6" /><ent r="102" t="229" w="11" /><ent r="3" t="229" w="21" /></phr></stem><stem n="1"><phr n="1"><ent r="67" t="28" w="132" /><ent r="5" t="29" w="236" /><ent r="65" t="29" w="246" /><ent r="82" t="46" w="112" /><ent r="4" t="60" w="203" /><ent r="4" t="60" w="256" /><ent r="3" t="70" w="134" /><ent r="3" t="83" w="491" /><ent r="4" t="94" w="143" /><ent r="3" t="129" w="926" /><ent r="3" t="141" w="99" /><ent r="3" t="142" w="33" /><ent r="3" t="142" w="88" /><ent r="6" t="144" w="89" /><ent r="6" t="144" w="91" /><ent r="6" t="144" w="99" /><ent r="6" t="144" w="150" /><ent r="6" t="144" w="156" /><ent r="6" t="144" w="158" /><ent r="6" t="144" w="164" /><ent r="6" t="144" w="180" /><ent r="3" t="173" w="94" /><ent r="4" t="174" w="420" /><ent r="4" t="174" w="434" /><ent r="3" t="174" w="606" /><ent r="4" t="183" w="127" /><ent r="4" t="186" w="1936" /><ent r="84" t="187" w="845" /><ent r="5" t="187" w="1279" /><ent r="4" t="187" w="1396" /><ent r="4" t="187" w="1405" /><ent r="4" t="187" w="1409" /><ent r="8" t="187" w="1669" /><ent r="8" t="187" w="1671" /><ent r="3" t="187" w="2219" /><ent r="3" t="187" w="2221" /><ent r="3" t="187" w="2229" /><ent r="4" t="187" w="2386" /><ent r="4" t="188" w="764" /><ent r="4" t="188" w="908" /><ent r="4" t="188" w="968" /><ent r="3" t="191" w="717" /><ent r="4" t="191" w="913" /><ent r="4" t="191" w="923" /><ent r="5" t="191" w="1114" /><ent r="5" t="192" w="321" /><ent r="5" t="193" w="722" /><ent r="5" t="193" w="725" /><ent r="5" t="193" w="732" /><ent r="4" t="193" w="741" /><ent r="4" t="193" w="745" /><ent r="4" t="194" w="1249" /><ent r="3" t="194" w="1291" /><ent r="3" t="194" w="1368" /><ent r="4" t="194" w="1581" /><ent r="4" t="195" w="661" /><ent r="3" t="195" w="1109" /><ent r="3" t="195" w="1209" /><ent r="3" t="200" w="118" /><ent r="3" t="200" w="170" /><ent r="3" t="200" w="181" /><ent r="3" t="200" w="191" /><ent r="4" t="201" w="77" /><ent r="4" t="201" w="79" /><ent r="4" t="201" w="169" /><ent r="4" t="201" w="171" /><ent r="3" t="202" w="658" /><ent r="4" t="204" w="150" /><ent r="7" t="206" w="191" /><ent r="7" t="206" w="375" /><ent r="3" t="206" w="739" /><ent r="3" t="206" w="756" /><ent r="3" t="206" w="757" /><ent r="3" t="206" w="801" /><ent r="3" t="206" w="852" /><ent r="4" t="220" w="98" /><ent r="1000" t="229" w="2" /><ent r="100" t="229" w="7" /><ent r="102" t="229" w="12" /><ent r="3" t="229" w="22" /><ent r="6" t="237" w="94" /><ent r="3" t="245" w="507" /><ent r="3" t="245" w="533" /></phr></stem><stem n="-dimension"><phr n="-dimensional"><ent r="4" t="29" w="58" /><ent r="4" t="29" w="58" /><ent r="4" t="29" w="106" /><ent r="4" t="29" w="106" /><ent r="4" t="29" w="148" /><ent r="4" t="29" w="148" /><ent r="4" t="29" w="260" /><ent r="4" t="29" w="260" /><ent r="4" t="186" w="1100" /><ent r="4" t="186" w="1100" /><ent r="3" t="230" w="25" /><ent r="3" t="230" w="25" /></phr></stem><stem n="two-dimension"><phr n="two-dimensional"><ent r="4" t="29" w="58" /><ent r="4" t="29" w="106" /><ent r="4" t="29" w="148" /><ent r="4" t="29" w="260" /><ent r="4" t="186" w="1100" /><ent r="3" t="230" w="25" /></phr></stem><stem n="dimension"><phr n="dimensional"><ent r="4" t="29" w="59" /><ent r="4" t="29" w="107" /><ent r="4" t="29" w="149" /><ent r="4" t="29" w="261" /><ent r="4" t="186" w="1101" /><ent r="3" t="230" w="26" /></phr><phr n="dimensionality"><ent r="3" t="174" w="32" /></phr></stem><stem n="-bit"><phr n="-bit"><ent r="4" t="29" w="60" /><ent r="4" t="29" w="60" /><ent r="4" t="29" w="150" /><ent r="4" t="29" w="150" /><ent r="3" t="80" w="56" /><ent r="3" t="80" w="56" /><ent r="3" t="80" w="63" /><ent r="3" t="80" w="63" /><ent r="7" t="206" w="192" /><ent r="7" t="206" w="192" /><ent r="7" t="206" w="197" /><ent r="7" t="206" w="197" /><ent r="7" t="206" w="203" /><ent r="7" t="206" w="203" /><ent r="7" t="206" w="210" /><ent r="7" t="206" w="210" /><ent r="7" t="206" w="216" /><ent r="7" t="206" w="216" /><ent r="6" t="206" w="224" /><ent r="6" t="206" w="224" /><ent r="6" t="206" w="235" /><ent r="6" t="206" w="235" /><ent r="6" t="206" w="256" /><ent r="6" t="206" w="256" /><ent r="6" t="206" w="262" /><ent r="6" t="206" w="262" /><ent r="6" t="206" w="269" /><ent r="6" t="206" w="269" /><ent r="7" t="206" w="283" /><ent r="7" t="206" w="283" /></phr></stem><stem n="24"><phr n="24"><ent r="4" t="29" w="60" /><ent r="4" t="29" w="150" /></phr></stem><stem n="24-bit"><phr n="24-bit"><ent r="4" t="29" w="60" /><ent r="4" t="29" w="150" /></phr></stem><stem n="(.bmp)."><phr n="(.bmp)."><ent r="4" t="29" w="71" /></phr></stem><stem n="paper"><phr n="paper"><ent r="4" t="29" w="77" /><ent r="4" t="29" w="119" /><ent r="4" t="29" w="174" /><ent r="4" t="29" w="283" /><ent r="3" t="134" w="55" /><ent r="3" t="134" w="105" /><ent r="100" t="140" w="6" /><ent r="100" t="140" w="12" /><ent r="100" t="140" w="17" /><ent r="3" t="140" w="35" /><ent r="3" t="162" w="43" /><ent r="3" t="193" w="105" /><ent r="4" t="193" w="159" /><ent r="3" t="230" w="39" /></phr><phr n="Paper"><ent r="64" t="134" w="134" /><ent r="64" t="135" w="232" /><ent r="64" t="136" w="125" /><ent r="64" t="138" w="112" /><ent r="1000" t="140" w="3" /><ent r="102" t="140" w="22" /><ent r="3" t="140" w="26" /><ent r="5" t="140" w="48" /><ent r="4" t="140" w="54" /><ent r="5" t="140" w="64" /></phr></stem><stem n="joint"><phr n="Joint"><ent r="6" t="29" w="161" /></phr></stem><stem n="photograph"><phr n="Photographic"><ent r="6" t="29" w="162" /></phr></stem><stem n="expert"><phr n="Experts"><ent r="6" t="29" w="163" /></phr></stem><stem n="(.jpeg)."><phr n="(.jpeg)."><ent r="4" t="29" w="168" /></phr></stem><stem n="compress"><phr n="Compression"><ent r="4" t="29" w="183" /><ent r="4" t="148" w="327" /><ent r="4" t="148" w="355" /><ent r="4" t="148" w="392" /><ent r="82" t="224" w="201" /><ent r="3" t="224" w="251" /><ent r="4" t="230" w="82" /></phr><phr n="compression"><ent r="3" t="148" w="348" /><ent r="3" t="148" w="364" /><ent r="3" t="148" w="381" /><ent r="3" t="223" w="43" /><ent r="3" t="223" w="236" /><ent r="4" t="223" w="265" /><ent r="4" t="223" w="278" /><ent r="3" t="224" w="31" /><ent r="3" t="224" w="195" /><ent r="3" t="224" w="205" /><ent r="4" t="224" w="233" /><ent r="3" t="224" w="257" /><ent r="3" t="224" w="288" /><ent r="4" t="230" w="110" /><ent r="4" t="231" w="27" /><ent r="4" t="231" w="38" /><ent r="4" t="231" w="53" /><ent r="4" t="231" w="102" /><ent r="4" t="231" w="112" /><ent r="4" t="231" w="118" /><ent r="5" t="231" w="127" /><ent r="5" t="231" w="130" /></phr><phr n="compress"><ent r="3" t="171" w="51" /></phr><phr n="compressed"><ent r="3" t="224" w="214" /></phr><phr n="Compressing"><ent r="3" t="224" w="215" /></phr><phr n="compresses"><ent r="4" t="224" w="246" /></phr></stem><stem n="googl"><phr n="Google"><ent r="4" t="29" w="213" /><ent r="3" t="83" w="623" /></phr></stem><stem n="earth"><phr n="Earth"><ent r="4" t="29" w="214" /><ent r="3" t="83" w="624" /></phr></stem><stem n="-type"><phr n="-type"><ent r="4" t="29" w="217" /><ent r="4" t="29" w="217" /></phr></stem><stem n="raster-typ"><phr n="raster-type"><ent r="4" t="29" w="217" /></phr></stem><stem n="portabl"><phr n="Portable"><ent r="7" t="29" w="271" /></phr></stem><stem n="network"><phr n="Network"><ent r="7" t="29" w="272" /></phr><phr n="networks"><ent r="3" t="190" w="252" /><ent r="3" t="191" w="241" /></phr></stem><stem n="graphic"><phr n="Graphic"><ent r="7" t="29" w="273" /></phr><phr n="graphics"><ent r="3" t="48" w="116" /><ent r="4" t="157" w="223" /></phr><phr n="graphically"><ent r="4" t="93" w="122" /><ent r="3" t="245" w="278" /></phr><phr n="graphical"><ent r="3" t="119" w="324" /><ent r="3" t="194" w="116" /></phr><phr n="graphic"><ent r="3" t="186" w="1299" /><ent r="4" t="186" w="2049" /><ent r="3" t="194" w="567" /><ent r="3" t="194" w="583" /></phr></stem><stem n="(.png)."><phr n="(.PNG)."><ent r="4" t="29" w="277" /></phr></stem><stem n="postscript"><phr n="PostScript"><ent r="5" t="29" w="303" /></phr></stem><stem n=":shape"><phr n=":shape"><ent r="100" t="30" w="10" /><ent r="100" t="191" w="11" /></phr></stem><stem n="ession"><phr n="ession"><ent r="5" t="30" w="29" /></phr></stem><stem n="folder"><phr n="folder"><ent r="4" t="30" w="69" /><ent r="4" t="72" w="145" /><ent r="4" t="72" w="156" /><ent r="3" t="83" w="322" /><ent r="3" t="83" w="336" /><ent r="3" t="98" w="281" /><ent r="3" t="171" w="948" /><ent r="4" t="195" w="1564" /></phr><phr n="Folder"><ent r="4" t="72" w="137" /><ent r="5" t="72" w="162" /><ent r="4" t="83" w="313" /></phr></stem><stem n="primari"><phr n="Primary"><ent r="1000" t="31" w="2" /><ent r="102" t="31" w="7" /><ent r="4" t="177" w="140" /><ent r="4" t="178" w="106" /><ent r="4" t="178" w="174" /><ent r="4" t="181" w="110" /><ent r="5" t="181" w="220" /><ent r="4" t="189" w="542" /><ent r="3" t="189" w="609" /><ent r="3" t="189" w="1339" /></phr><phr n="primary"><ent r="100" t="31" w="12" /><ent r="3" t="31" w="22" /><ent r="3" t="31" w="77" /><ent r="4" t="85" w="160" /><ent r="3" t="86" w="36" /><ent r="3" t="178" w="39" /><ent r="4" t="179" w="100" /><ent r="4" t="181" w="207" /><ent r="4" t="182" w="282" /><ent r="4" t="189" w="1130" /><ent r="4" t="189" w="1143" /><ent r="4" t="189" w="1177" /><ent r="4" t="189" w="1211" /><ent r="3" t="189" w="1592" /><ent r="4" t="189" w="1650" /><ent r="5" t="205" w="314" /><ent r="4" t="205" w="333" /></phr></stem><stem n="de"><phr n="DES"><ent r="1000" t="32" w="2" /><ent r="102" t="32" w="6" /><ent r="100" t="32" w="10" /><ent r="3" t="32" w="18" /><ent r="3" t="32" w="22" /><ent r="4" t="32" w="35" /><ent r="5" t="32" w="84" /><ent r="5" t="32" w="125" /><ent r="5" t="32" w="135" /><ent r="4" t="32" w="172" /></phr><phr n="de"><ent r="4" t="182" w="203" /><ent r="3" t="221" w="43" /><ent r="3" t="221" w="73" /><ent r="6" t="237" w="401" /></phr></stem><stem n="segment"><phr n="Segment"><ent r="3" t="32" w="17" /></phr></stem><stem n="(des)"><phr n="(DES)"><ent r="3" t="32" w="19" /></phr></stem><stem n="complet"><phr n="complete"><ent r="4" t="32" w="168" /><ent r="4" t="74" w="113" /><ent r="3" t="112" w="194" /><ent r="3" t="116" w="40" /><ent r="4" t="186" w="584" /><ent r="4" t="186" w="2277" /><ent r="3" t="187" w="243" /><ent r="4" t="188" w="824" /><ent r="4" t="188" w="1011" /><ent r="4" t="193" w="262" /><ent r="3" t="194" w="800" /><ent r="3" t="204" w="180" /><ent r="3" t="245" w="84" /></phr><phr n="completely"><ent r="4" t="49" w="265" /><ent r="4" t="49" w="271" /><ent r="3" t="108" w="225" /><ent r="3" t="108" w="231" /><ent r="4" t="189" w="1512" /><ent r="4" t="193" w="222" /><ent r="5" t="195" w="174" /><ent r="4" t="195" w="529" /></phr><phr n="completion"><ent r="4" t="83" w="515" /><ent r="3" t="187" w="2299" /></phr><phr n="completed"><ent r="3" t="106" w="98" /><ent r="3" t="106" w="217" /><ent r="4" t="106" w="238" /><ent r="3" t="134" w="13" /><ent r="4" t="181" w="325" /><ent r="4" t="188" w="1479" /><ent r="4" t="192" w="462" /></phr><phr n="completes"><ent r="3" t="106" w="103" /></phr><phr n="Complete"><ent r="4" t="192" w="105" /></phr></stem><stem n="vari"><phr n="vary"><ent r="3" t="33" w="50" /><ent r="3" t="133" w="251" /><ent r="3" t="166" w="135" /></phr><phr n="varies"><ent r="3" t="245" w="478" /></phr></stem><stem n="classif"><phr n="Classification"><ent r="65" t="33" w="82" /><ent r="3" t="134" w="65" /><ent r="3" t="134" w="90" /><ent r="3" t="160" w="144" /><ent r="92" t="160" w="294" /><ent r="3" t="160" w="299" /><ent r="3" t="160" w="315" /><ent r="5" t="160" w="369" /><ent r="4" t="160" w="489" /><ent r="5" t="160" w="544" /><ent r="3" t="160" w="687" /><ent r="92" t="161" w="274" /><ent r="3" t="161" w="279" /><ent r="3" t="161" w="291" /><ent r="5" t="161" w="345" /><ent r="4" t="161" w="462" /><ent r="5" t="161" w="517" /><ent r="3" t="161" w="660" /><ent r="3" t="161" w="979" /><ent r="4" t="162" w="54" /><ent r="82" t="162" w="271" /><ent r="3" t="162" w="276" /><ent r="3" t="162" w="287" /><ent r="5" t="162" w="342" /><ent r="4" t="162" w="459" /><ent r="5" t="162" w="514" /><ent r="3" t="162" w="657" /><ent r="92" t="162" w="762" /><ent r="3" t="162" w="766" /><ent r="4" t="162" w="784" /><ent r="5" t="162" w="801" /><ent r="4" t="193" w="117" /><ent r="4" t="193" w="144" /><ent r="64" t="215" w="739" /><ent r="64" t="216" w="235" /><ent r="64" t="217" w="44" /><ent r="64" t="218" w="60" /><ent r="64" t="219" w="134" /><ent r="1000" t="220" w="1" /><ent r="100" t="220" w="4" /><ent r="102" t="220" w="7" /><ent r="4" t="220" w="201" /><ent r="5" t="220" w="207" /><ent r="4" t="220" w="316" /><ent r="5" t="220" w="322" /><ent r="5" t="220" w="470" /><ent r="4" t="220" w="590" /><ent r="5" t="220" w="644" /><ent r="3" t="220" w="792" /><ent r="3" t="225" w="35" /><ent r="92" t="225" w="222" /><ent r="3" t="225" w="228" /></phr><phr n="classification"><ent r="3" t="69" w="53" /><ent r="3" t="70" w="35" /><ent r="4" t="70" w="182" /><ent r="3" t="134" w="100" /><ent r="3" t="160" w="305" /><ent r="3" t="160" w="356" /><ent r="3" t="160" w="479" /><ent r="3" t="160" w="515" /><ent r="3" t="160" w="531" /><ent r="3" t="160" w="693" /><ent r="3" t="160" w="699" /><ent r="3" t="160" w="725" /><ent r="3" t="161" w="285" /><ent r="3" t="161" w="332" /><ent r="3" t="161" w="452" /><ent r="3" t="161" w="488" /><ent r="3" t="161" w="504" /><ent r="3" t="161" w="666" /><ent r="3" t="161" w="672" /><ent r="3" t="161" w="698" /><ent r="3" t="162" w="68" /><ent r="3" t="162" w="282" /><ent r="3" t="162" w="329" /><ent r="3" t="162" w="449" /><ent r="3" t="162" w="485" /><ent r="3" t="162" w="501" /><ent r="3" t="162" w="663" /><ent r="3" t="162" w="669" /><ent r="3" t="162" w="695" /><ent r="3" t="162" w="776" /><ent r="4" t="177" w="290" /><ent r="3" t="187" w="3074" /><ent r="4" t="193" w="154" /><ent r="3" t="220" w="18" /><ent r="3" t="220" w="25" /><ent r="3" t="220" w="57" /><ent r="3" t="220" w="64" /><ent r="3" t="220" w="105" /><ent r="4" t="220" w="269" /><ent r="3" t="220" w="390" /><ent r="3" t="220" w="406" /><ent r="3" t="220" w="409" /><ent r="3" t="220" w="417" /><ent r="3" t="220" w="457" /><ent r="3" t="220" w="580" /><ent r="3" t="220" w="615" /><ent r="3" t="220" w="631" /><ent r="3" t="220" w="798" /><ent r="3" t="220" w="804" /><ent r="3" t="220" w="830" /><ent r="3" t="225" w="41" /><ent r="3" t="225" w="240" /></phr><phr n="CLASSIFICATION"><ent r="4" t="70" w="178" /></phr></stem><stem n="(envi)"><phr n="(ENVI)"><ent r="3" t="34" w="30" /></phr></stem><stem n="usual"><phr n="usually"><ent r="3" t="34" w="50" /><ent r="3" t="40" w="26" /><ent r="3" t="133" w="220" /><ent r="3" t="174" w="105" /></phr></stem><stem n="(*.hdr)"><phr n="(*.hdr)"><ent r="4" t="34" w="169" /></phr></stem><stem n="*.sli"><phr n="*.sli"><ent r="3" t="35" w="49" /></phr></stem><stem n="sli"><phr n="sli"><ent r="3" t="35" w="49" /></phr></stem><stem n="*.spl"><phr n="*.spl"><ent r="3" t="35" w="51" /></phr></stem><stem n="spl"><phr n="spl"><ent r="3" t="35" w="51" /></phr></stem><stem n="selector"><phr n="Selector"><ent r="3" t="35" w="73" /></phr></stem><stem n="describ"><phr n="describes"><ent r="3" t="35" w="84" /><ent r="3" t="92" w="104" /><ent r="4" t="121" w="97" /></phr><phr n="described"><ent r="3" t="147" w="31" /><ent r="4" t="195" w="656" /></phr><phr n="describe"><ent r="3" t="191" w="1222" /></phr><phr n="describing"><ent r="7" t="206" w="83" /></phr><phr n="Describes"><ent r="7" t="206" w="338" /></phr></stem><stem n="spectra"><phr n="spectra"><ent r="3" t="36" w="47" /><ent r="3" t="188" w="138" /></phr></stem><stem n="-"><phr n="-"><ent r="64" t="37" w="68" /><ent r="64" t="37" w="68" /><ent r="64" t="42" w="257" /><ent r="64" t="42" w="257" /><ent r="64" t="48" w="147" /><ent r="64" t="48" w="147" /><ent r="64" t="52" w="96" /><ent r="64" t="52" w="96" /><ent r="1000" t="110" w="4" /><ent r="1000" t="110" w="4" /><ent r="1000" t="111" w="4" /><ent r="1000" t="111" w="4" /><ent r="4" t="187" w="1608" /><ent r="4" t="187" w="1608" /><ent r="7" t="206" w="385" /><ent r="7" t="206" w="385" /><ent r="6" t="249" w="122" /><ent r="6" t="249" w="122" /></phr></stem><stem n="sub"><phr n="sub"><ent r="4" t="38" w="56" /><ent r="3" t="41" w="51" /><ent r="3" t="42" w="63" /><ent r="4" t="42" w="103" /><ent r="4" t="42" w="128" /><ent r="4" t="42" w="160" /><ent r="4" t="57" w="69" /><ent r="4" t="60" w="183" /><ent r="4" t="88" w="107" /><ent r="4" t="91" w="165" /><ent r="3" t="104" w="68" /><ent r="3" t="104" w="84" /><ent r="3" t="104" w="87" /><ent r="3" t="104" w="132" /><ent r="3" t="127" w="305" /><ent r="3" t="127" w="437" /><ent r="3" t="127" w="583" /><ent r="3" t="160" w="319" /><ent r="3" t="161" w="295" /><ent r="3" t="162" w="291" /></phr><phr n="Sub"><ent r="3" t="127" w="317" /><ent r="3" t="127" w="449" /><ent r="3" t="127" w="593" /><ent r="83" t="160" w="330" /><ent r="83" t="160" w="505" /><ent r="83" t="161" w="306" /><ent r="83" t="161" w="478" /><ent r="83" t="162" w="302" /><ent r="83" t="162" w="475" /></phr></stem><stem n="sub-menu"><phr n="sub-menu"><ent r="4" t="38" w="56" /><ent r="3" t="41" w="51" /><ent r="3" t="42" w="63" /><ent r="4" t="42" w="103" /><ent r="4" t="42" w="128" /><ent r="4" t="42" w="160" /><ent r="4" t="57" w="69" /><ent r="4" t="60" w="183" /><ent r="4" t="88" w="107" /><ent r="4" t="91" w="165" /><ent r="3" t="127" w="305" /><ent r="3" t="127" w="437" /><ent r="3" t="127" w="583" /></phr><phr n="Sub-menu"><ent r="3" t="127" w="317" /><ent r="3" t="127" w="449" /><ent r="3" t="127" w="593" /></phr></stem><stem n="-menu."><phr n="-menu."><ent r="4" t="38" w="58" /><ent r="4" t="38" w="58" /><ent r="3" t="41" w="53" /><ent r="3" t="41" w="53" /><ent r="3" t="42" w="65" /><ent r="3" t="42" w="65" /></phr></stem><stem n="delai"><phr n="Delay"><ent r="4" t="38" w="65" /></phr><phr n="delay"><ent r="3" t="215" w="691" /></phr></stem><stem n="instant"><phr n="Instant"><ent r="4" t="38" w="76" /></phr></stem><stem n=":mous"><phr n=":mouse"><ent r="100" t="39" w="11" /><ent r="100" t="93" w="18" /></phr></stem><stem n="&quot;mous"><phr n="&quot;mouse"><ent r="3" t="39" w="29" /></phr></stem><stem n=".&quot;"><phr n=".&quot;"><ent r="3" t="39" w="32" /><ent r="4" t="46" w="556" /><ent r="4" t="72" w="127" /><ent r="3" t="145" w="95" /><ent r="4" t="173" w="126" /><ent r="4" t="192" w="464" /></phr></stem><stem n="particularli"><phr n="particularly"><ent r="3" t="39" w="36" /><ent r="3" t="185" w="85" /></phr></stem><stem n="differ"><phr n="different"><ent r="3" t="39" w="51" /><ent r="3" t="46" w="333" /><ent r="3" t="50" w="43" /><ent r="3" t="51" w="509" /><ent r="4" t="55" w="111" /><ent r="3" t="64" w="151" /><ent r="3" t="76" w="281" /><ent r="3" t="80" w="41" /><ent r="4" t="82" w="156" /><ent r="3" t="98" w="305" /><ent r="4" t="124" w="107" /><ent r="3" t="133" w="204" /><ent r="3" t="162" w="72" /><ent r="3" t="171" w="20" /><ent r="3" t="171" w="214" /><ent r="4" t="171" w="782" /><ent r="3" t="176" w="99" /><ent r="3" t="177" w="58" /><ent r="4" t="178" w="52" /><ent r="3" t="179" w="43" /><ent r="4" t="181" w="347" /><ent r="7" t="185" w="295" /><ent r="7" t="186" w="512" /><ent r="3" t="186" w="1256" /><ent r="3" t="186" w="1275" /><ent r="3" t="186" w="1466" /><ent r="7" t="187" w="663" /><ent r="7" t="188" w="374" /><ent r="3" t="189" w="131" /><ent r="7" t="189" w="337" /><ent r="3" t="189" w="842" /><ent r="4" t="189" w="1286" /><ent r="7" t="190" w="612" /><ent r="7" t="191" w="614" /><ent r="7" t="192" w="221" /><ent r="7" t="193" w="488" /><ent r="7" t="194" w="407" /><ent r="5" t="195" w="162" /><ent r="7" t="195" w="397" /><ent r="3" t="202" w="314" /><ent r="3" t="205" w="84" /><ent r="3" t="205" w="180" /><ent r="3" t="215" w="672" /><ent r="3" t="216" w="132" /><ent r="3" t="231" w="190" /><ent r="3" t="244" w="124" /></phr><phr n="Different"><ent r="92" t="46" w="321" /><ent r="5" t="92" w="603" /><ent r="5" t="169" w="265" /></phr><phr n="Difference"><ent r="3" t="187" w="281" /><ent r="3" t="187" w="2034" /></phr><phr n="difference"><ent r="5" t="231" w="163" /><ent r="3" t="231" w="197" /></phr></stem></index>