﻿<?xml version="1.0" encoding="utf-8"?><index><stem n="plot"><phr n="plots"><ent r="3" t="0" w="50" /><ent r="3" t="83" w="58" /><ent r="3" t="167" w="1029" /><ent r="7" t="177" w="519" /><ent r="7" t="177" w="541" /><ent r="7" t="177" w="558" /></phr><phr n="plot"><ent r="3" t="33" w="61" /><ent r="3" t="34" w="54" /><ent r="4" t="76" w="120" /><ent r="3" t="76" w="157" /><ent r="3" t="77" w="192" /><ent r="100" t="78" w="14" /><ent r="100" t="78" w="17" /><ent r="3" t="78" w="24" /><ent r="4" t="78" w="38" /><ent r="4" t="78" w="46" /><ent r="4" t="78" w="64" /><ent r="4" t="78" w="71" /><ent r="3" t="78" w="75" /><ent r="3" t="78" w="90" /><ent r="7" t="80" w="214" /><ent r="5" t="80" w="388" /><ent r="7" t="80" w="425" /><ent r="4" t="81" w="56" /><ent r="5" t="81" w="116" /><ent r="5" t="81" w="175" /><ent r="5" t="81" w="190" /><ent r="5" t="81" w="211" /><ent r="5" t="81" w="217" /><ent r="3" t="82" w="35" /><ent r="4" t="83" w="75" /><ent r="4" t="85" w="162" /><ent r="3" t="88" w="32" /><ent r="3" t="88" w="40" /><ent r="3" t="88" w="44" /><ent r="3" t="88" w="49" /><ent r="3" t="88" w="64" /><ent r="3" t="88" w="74" /><ent r="3" t="88" w="123" /><ent r="4" t="89" w="97" /><ent r="3" t="89" w="126" /><ent r="4" t="97" w="407" /><ent r="3" t="127" w="155" /><ent r="3" t="142" w="24" /><ent r="4" t="151" w="476" /><ent r="3" t="151" w="979" /><ent r="3" t="151" w="982" /><ent r="4" t="151" w="1003" /><ent r="4" t="151" w="1035" /><ent r="4" t="163" w="1194" /><ent r="3" t="176" w="242" /><ent r="4" t="176" w="257" /><ent r="4" t="176" w="268" /><ent r="4" t="176" w="285" /><ent r="4" t="176" w="345" /><ent r="5" t="176" w="352" /><ent r="4" t="176" w="358" /><ent r="4" t="176" w="365" /><ent r="4" t="176" w="374" /><ent r="3" t="176" w="388" /><ent r="7" t="177" w="506" /><ent r="7" t="177" w="522" /><ent r="7" t="177" w="544" /><ent r="3" t="177" w="770" /><ent r="3" t="177" w="778" /></phr><phr n="Plot"><ent r="1000" t="76" w="5" /><ent r="102" t="76" w="13" /><ent r="64" t="76" w="27" /><ent r="1000" t="78" w="4" /><ent r="102" t="78" w="9" /><ent r="3" t="80" w="55" /><ent r="3" t="80" w="106" /><ent r="68" t="80" w="173" /><ent r="5" t="85" w="70" /><ent r="3" t="85" w="86" /><ent r="5" t="85" w="194" /><ent r="3" t="85" w="211" /><ent r="5" t="86" w="71" /><ent r="3" t="86" w="88" /><ent r="3" t="142" w="102" /><ent r="3" t="142" w="108" /><ent r="4" t="142" w="113" /><ent r="65" t="142" w="133" /><ent r="3" t="142" w="139" /><ent r="65" t="151" w="484" /><ent r="92" t="151" w="967" /><ent r="5" t="163" w="1180" /><ent r="4" t="163" w="1348" /><ent r="4" t="176" w="287" /><ent r="5" t="176" w="295" /><ent r="3" t="176" w="301" /><ent r="4" t="176" w="369" /><ent r="5" t="202" w="166" /><ent r="5" t="202" w="175" /></phr><phr n="Plotting"><ent r="92" t="176" w="222" /></phr><phr n="plotted"><ent r="3" t="176" w="238" /><ent r="4" t="176" w="338" /></phr></stem><stem n="view"><phr n="views"><ent r="3" t="0" w="56" /><ent r="4" t="41" w="305" /><ent r="4" t="41" w="310" /><ent r="4" t="154" w="184" /><ent r="4" t="154" w="196" /><ent r="3" t="158" w="54" /><ent r="3" t="158" w="62" /><ent r="100" t="159" w="6" /><ent r="4" t="159" w="341" /><ent r="4" t="162" w="2943" /><ent r="4" t="164" w="100" /><ent r="3" t="164" w="1004" /><ent r="3" t="167" w="1027" /></phr><phr n="View"><ent r="5" t="1" w="279" /><ent r="5" t="4" w="134" /><ent r="4" t="14" w="46" /><ent r="67" t="27" w="122" /><ent r="67" t="27" w="127" /><ent r="5" t="28" w="50" /><ent r="65" t="28" w="89" /><ent r="5" t="28" w="95" /><ent r="65" t="28" w="131" /><ent r="5" t="28" w="136" /><ent r="65" t="28" w="189" /><ent r="5" t="28" w="210" /><ent r="65" t="28" w="253" /><ent r="4" t="35" w="32" /><ent r="5" t="36" w="42" /><ent r="3" t="37" w="12" /><ent r="4" t="37" w="37" /><ent r="3" t="38" w="12" /><ent r="4" t="38" w="49" /><ent r="3" t="38" w="80" /><ent r="4" t="39" w="77" /><ent r="4" t="41" w="177" /><ent r="4" t="42" w="387" /><ent r="4" t="96" w="318" /><ent r="4" t="103" w="204" /><ent r="3" t="111" w="215" /><ent r="64" t="116" w="130" /><ent r="64" t="117" w="228" /><ent r="64" t="118" w="121" /><ent r="1000" t="120" w="3" /><ent r="102" t="120" w="11" /><ent r="3" t="120" w="16" /><ent r="5" t="120" w="83" /><ent r="5" t="123" w="52" /><ent r="4" t="129" w="122" /><ent r="3" t="129" w="149" /><ent r="4" t="129" w="225" /><ent r="3" t="129" w="252" /><ent r="4" t="129" w="429" /><ent r="3" t="129" w="456" /><ent r="4" t="129" w="593" /><ent r="3" t="129" w="620" /><ent r="5" t="139" w="71" /><ent r="3" t="139" w="143" /><ent r="3" t="139" w="147" /><ent r="4" t="139" w="160" /><ent r="4" t="139" w="244" /><ent r="3" t="141" w="145" /><ent r="3" t="141" w="148" /><ent r="82" t="141" w="209" /><ent r="82" t="141" w="272" /><ent r="3" t="142" w="103" /><ent r="4" t="142" w="114" /><ent r="92" t="159" w="77" /><ent r="92" t="159" w="289" /><ent r="5" t="161" w="345" /><ent r="5" t="161" w="606" /><ent r="4" t="161" w="787" /><ent r="4" t="161" w="955" /><ent r="4" t="161" w="1045" /><ent r="5" t="161" w="1782" /><ent r="5" t="162" w="495" /><ent r="5" t="162" w="1799" /><ent r="5" t="162" w="2915" /><ent r="5" t="163" w="207" /><ent r="5" t="163" w="1017" /><ent r="5" t="164" w="167" /><ent r="92" t="164" w="1222" /><ent r="92" t="164" w="1465" /><ent r="5" t="165" w="445" /><ent r="5" t="166" w="430" /><ent r="5" t="167" w="321" /><ent r="5" t="167" w="717" /><ent r="5" t="167" w="769" /><ent r="5" t="167" w="864" /><ent r="4" t="167" w="1068" /><ent r="3" t="167" w="1097" /><ent r="3" t="167" w="1108" /><ent r="3" t="167" w="1143" /><ent r="3" t="167" w="1182" /><ent r="4" t="167" w="1200" /><ent r="5" t="168" w="335" /><ent r="5" t="169" w="232" /><ent r="4" t="176" w="57" /><ent r="4" t="196" w="24" /><ent r="3" t="196" w="51" /><ent r="1000" t="197" w="2" /><ent r="102" t="197" w="7" /><ent r="4" t="197" w="13" /><ent r="4" t="198" w="28" /><ent r="3" t="198" w="55" /><ent r="1000" t="199" w="2" /><ent r="102" t="199" w="7" /><ent r="100" t="199" w="12" /><ent r="3" t="199" w="18" /><ent r="1000" t="200" w="2" /><ent r="102" t="200" w="10" /><ent r="4" t="200" w="16" /><ent r="1000" t="201" w="2" /><ent r="102" t="201" w="7" /><ent r="4" t="201" w="13" /><ent r="5" t="202" w="191" /><ent r="5" t="204" w="129" /><ent r="4" t="204" w="136" /><ent r="6" t="206" w="161" /><ent r="6" t="206" w="204" /><ent r="6" t="206" w="246" /><ent r="6" t="206" w="308" /><ent r="6" t="206" w="376" /><ent r="6" t="206" w="418" /><ent r="6" t="206" w="457" /><ent r="6" t="206" w="492" /><ent r="6" t="206" w="631" /><ent r="6" t="206" w="646" /><ent r="6" t="206" w="648" /><ent r="1000" t="216" w="3" /><ent r="102" t="216" w="8" /><ent r="3" t="216" w="19" /></phr><phr n="view"><ent r="4" t="2" w="43" /><ent r="7" t="5" w="52" /><ent r="7" t="5" w="177" /><ent r="7" t="5" w="192" /><ent r="3" t="18" w="154" /><ent r="3" t="23" w="102" /><ent r="3" t="27" w="100" /><ent r="4" t="28" w="65" /><ent r="4" t="28" w="108" /><ent r="4" t="28" w="151" /><ent r="4" t="28" w="223" /><ent r="3" t="40" w="114" /><ent r="3" t="41" w="39" /><ent r="3" t="41" w="243" /><ent r="3" t="41" w="247" /><ent r="3" t="41" w="251" /><ent r="3" t="41" w="255" /><ent r="4" t="42" w="278" /><ent r="3" t="42" w="299" /><ent r="3" t="42" w="318" /><ent r="3" t="42" w="323" /><ent r="3" t="42" w="358" /><ent r="3" t="42" w="370" /><ent r="3" t="42" w="400" /><ent r="3" t="44" w="43" /><ent r="3" t="64" w="37" /><ent r="3" t="64" w="279" /><ent r="3" t="64" w="297" /><ent r="3" t="67" w="419" /><ent r="3" t="72" w="48" /><ent r="3" t="75" w="241" /><ent r="7" t="80" w="228" /><ent r="3" t="90" w="131" /><ent r="4" t="96" w="263" /><ent r="4" t="96" w="269" /><ent r="4" t="96" w="281" /><ent r="3" t="96" w="329" /><ent r="3" t="96" w="335" /><ent r="3" t="96" w="410" /><ent r="3" t="101" w="23" /><ent r="3" t="103" w="417" /><ent r="3" t="106" w="22" /><ent r="3" t="114" w="91" /><ent r="3" t="117" w="178" /><ent r="3" t="117" w="191" /><ent r="3" t="118" w="34" /><ent r="3" t="118" w="44" /><ent r="3" t="118" w="62" /><ent r="3" t="118" w="70" /><ent r="3" t="118" w="75" /><ent r="100" t="120" w="7" /><ent r="3" t="120" w="22" /><ent r="3" t="120" w="32" /><ent r="3" t="120" w="45" /><ent r="3" t="120" w="49" /><ent r="3" t="120" w="62" /><ent r="4" t="120" w="70" /><ent r="3" t="121" w="32" /><ent r="3" t="127" w="457" /><ent r="3" t="128" w="108" /><ent r="3" t="129" w="134" /><ent r="3" t="129" w="140" /><ent r="3" t="129" w="215" /><ent r="3" t="129" w="237" /><ent r="3" t="129" w="243" /><ent r="3" t="129" w="318" /><ent r="3" t="129" w="441" /><ent r="3" t="129" w="447" /><ent r="3" t="129" w="522" /><ent r="3" t="129" w="605" /><ent r="3" t="129" w="611" /><ent r="3" t="129" w="686" /><ent r="3" t="132" w="183" /><ent r="3" t="137" w="222" /><ent r="3" t="138" w="196" /><ent r="3" t="139" w="20" /><ent r="3" t="139" w="31" /><ent r="3" t="139" w="47" /><ent r="3" t="139" w="123" /><ent r="3" t="139" w="134" /><ent r="5" t="139" w="257" /><ent r="3" t="139" w="273" /><ent r="3" t="141" w="48" /><ent r="3" t="141" w="285" /><ent r="3" t="150" w="43" /><ent r="3" t="151" w="234" /><ent r="4" t="154" w="211" /><ent r="4" t="154" w="215" /><ent r="4" t="154" w="226" /><ent r="100" t="158" w="9" /><ent r="3" t="158" w="40" /><ent r="4" t="158" w="173" /><ent r="4" t="158" w="198" /><ent r="4" t="158" w="245" /><ent r="3" t="159" w="34" /><ent r="3" t="159" w="40" /><ent r="3" t="159" w="51" /><ent r="3" t="159" w="99" /><ent r="3" t="159" w="297" /><ent r="4" t="159" w="363" /><ent r="4" t="159" w="384" /><ent r="4" t="159" w="404" /><ent r="3" t="161" w="761" /><ent r="4" t="161" w="1684" /><ent r="4" t="161" w="2061" /><ent r="3" t="162" w="2790" /><ent r="3" t="163" w="135" /><ent r="4" t="163" w="854" /><ent r="3" t="163" w="1554" /><ent r="3" t="164" w="988" /><ent r="4" t="164" w="1095" /><ent r="4" t="164" w="1125" /><ent r="3" t="164" w="1234" /><ent r="3" t="164" w="1246" /><ent r="3" t="164" w="1473" /><ent r="3" t="164" w="1549" /><ent r="3" t="165" w="744" /><ent r="4" t="166" w="661" /><ent r="4" t="166" w="1183" /><ent r="4" t="167" w="194" /><ent r="4" t="167" w="980" /><ent r="3" t="167" w="1127" /><ent r="3" t="176" w="20" /><ent r="3" t="176" w="178" /><ent r="3" t="196" w="36" /><ent r="3" t="196" w="42" /><ent r="3" t="198" w="40" /><ent r="3" t="198" w="46" /><ent r="3" t="199" w="30" /><ent r="6" t="206" w="639" /></phr><phr n="viewed"><ent r="3" t="98" w="165" /></phr><phr n="Views"><ent r="4" t="157" w="159" /><ent r="64" t="157" w="169" /><ent r="1000" t="158" w="6" /><ent r="102" t="158" w="20" /><ent r="4" t="158" w="137" /><ent r="64" t="158" w="365" /><ent r="1000" t="159" w="3" /><ent r="102" t="159" w="10" /><ent r="5" t="162" w="2260" /><ent r="4" t="164" w="967" /><ent r="92" t="164" w="974" /><ent r="3" t="167" w="1056" /><ent r="3" t="167" w="1168" /></phr></stem><stem n="manipul"><phr n="manipulate"><ent r="3" t="0" w="58" /><ent r="4" t="158" w="169" /><ent r="3" t="159" w="47" /><ent r="3" t="161" w="47" /><ent r="3" t="161" w="185" /><ent r="3" t="161" w="205" /><ent r="4" t="161" w="1475" /><ent r="3" t="161" w="2387" /><ent r="3" t="162" w="86" /><ent r="4" t="164" w="1121" /><ent r="3" t="164" w="1242" /><ent r="3" t="165" w="1223" /><ent r="4" t="169" w="205" /></phr><phr n="manipulating"><ent r="3" t="0" w="75" /><ent r="3" t="90" w="37" /></phr><phr n="Manipulating"><ent r="64" t="158" w="363" /><ent r="1000" t="159" w="1" /><ent r="102" t="159" w="8" /><ent r="92" t="159" w="74" /><ent r="92" t="159" w="285" /><ent r="92" t="164" w="1461" /></phr><phr n="Manipulation"><ent r="64" t="160" w="322" /><ent r="1000" t="161" w="3" /><ent r="103" t="161" w="14" /><ent r="95" t="161" w="597" /></phr><phr n="manipulation"><ent r="100" t="161" w="8" /><ent r="3" t="161" w="37" /><ent r="4" t="161" w="61" /><ent r="3" t="161" w="114" /><ent r="4" t="164" w="1523" /><ent r="4" t="186" w="398" /></phr><phr n="Manipulate"><ent r="4" t="162" w="118" /><ent r="4" t="164" w="98" /></phr></stem><stem n="run"><phr n="run"><ent r="3" t="0" w="62" /><ent r="4" t="50" w="78" /><ent r="3" t="71" w="241" /><ent r="3" t="71" w="255" /><ent r="3" t="71" w="303" /><ent r="4" t="105" w="144" /><ent r="4" t="105" w="149" /><ent r="3" t="105" w="208" /><ent r="3" t="106" w="25" /><ent r="100" t="107" w="5" /><ent r="100" t="107" w="9" /><ent r="3" t="107" w="20" /><ent r="4" t="107" w="32" /><ent r="3" t="107" w="116" /><ent r="3" t="107" w="173" /><ent r="4" t="110" w="72" /><ent r="3" t="110" w="131" /><ent r="3" t="110" w="143" /><ent r="3" t="110" w="157" /><ent r="3" t="110" w="166" /><ent r="3" t="111" w="137" /><ent r="4" t="112" w="687" /><ent r="3" t="112" w="754" /><ent r="3" t="112" w="764" /><ent r="3" t="112" w="775" /><ent r="3" t="112" w="782" /><ent r="4" t="115" w="84" /><ent r="3" t="115" w="121" /><ent r="3" t="115" w="133" /><ent r="3" t="115" w="147" /><ent r="3" t="115" w="156" /><ent r="3" t="115" w="308" /><ent r="3" t="115" w="323" /><ent r="4" t="136" w="266" /><ent r="4" t="155" w="56" /><ent r="4" t="155" w="274" /><ent r="4" t="158" w="164" /><ent r="4" t="158" w="264" /><ent r="4" t="158" w="282" /><ent r="4" t="158" w="290" /><ent r="4" t="158" w="310" /><ent r="4" t="158" w="333" /><ent r="4" t="158" w="344" /><ent r="3" t="159" w="83" /><ent r="4" t="162" w="2001" /><ent r="4" t="162" w="2007" /><ent r="4" t="163" w="1250" /><ent r="3" t="163" w="1587" /><ent r="3" t="164" w="637" /><ent r="3" t="164" w="772" /><ent r="4" t="164" w="1116" /><ent r="4" t="164" w="1134" /><ent r="4" t="164" w="1149" /><ent r="4" t="164" w="1173" /><ent r="3" t="164" w="1226" /><ent r="4" t="164" w="1484" /><ent r="3" t="168" w="740" /><ent r="3" t="168" w="754" /><ent r="3" t="168" w="998" /><ent r="5" t="169" w="170" /><ent r="5" t="169" w="175" /><ent r="4" t="169" w="191" /><ent r="4" t="169" w="522" /><ent r="3" t="169" w="834" /></phr><phr n="running"><ent r="3" t="0" w="78" /><ent r="4" t="50" w="99" /><ent r="3" t="90" w="31" /><ent r="3" t="92" w="26" /><ent r="4" t="92" w="192" /><ent r="3" t="105" w="238" /><ent r="8" t="112" w="437" /><ent r="3" t="150" w="111" /><ent r="4" t="163" w="1056" /><ent r="3" t="163" w="1467" /><ent r="4" t="168" w="2028" /><ent r="3" t="169" w="37" /></phr><phr n="Run"><ent r="64" t="103" w="592" /><ent r="4" t="105" w="157" /><ent r="64" t="105" w="265" /><ent r="64" t="106" w="167" /><ent r="1000" t="107" w="1" /><ent r="102" t="107" w="11" /><ent r="4" t="107" w="40" /><ent r="92" t="107" w="61" /><ent r="92" t="107" w="107" /><ent r="5" t="158" w="155" /><ent r="92" t="162" w="1780" /><ent r="5" t="164" w="1104" /><ent r="5" t="168" w="711" /><ent r="1000" t="169" w="2" /><ent r="103" t="169" w="15" /><ent r="4" t="169" w="103" /><ent r="5" t="169" w="512" /><ent r="92" t="169" w="1528" /><ent r="5" t="169" w="1591" /><ent r="4" t="169" w="1599" /></phr><phr n="runs"><ent r="4" t="168" w="2023" /></phr></stem><stem n="algorithm"><phr n="algorithms"><ent r="3" t="0" w="63" /><ent r="3" t="0" w="79" /><ent r="3" t="90" w="32" /><ent r="3" t="112" w="85" /><ent r="4" t="154" w="192" /><ent r="3" t="157" w="34" /><ent r="4" t="168" w="65" /><ent r="3" t="168" w="92" /><ent r="3" t="168" w="224" /><ent r="3" t="168" w="289" /><ent r="3" t="168" w="993" /><ent r="3" t="168" w="1063" /><ent r="4" t="169" w="89" /><ent r="3" t="169" w="829" /><ent r="3" t="186" w="233" /><ent r="4" t="186" w="449" /></phr><phr n="Algorithms"><ent r="64" t="4" w="258" /><ent r="1000" t="16" w="2" /><ent r="102" t="16" w="6" /><ent r="100" t="16" w="10" /><ent r="3" t="16" w="15" /><ent r="3" t="61" w="61" /><ent r="4" t="62" w="91" /><ent r="65" t="151" w="150" /><ent r="65" t="152" w="68" /><ent r="65" t="155" w="130" /><ent r="4" t="155" w="138" /><ent r="64" t="162" w="479" /><ent r="4" t="162" w="1788" /><ent r="5" t="162" w="1806" /><ent r="5" t="162" w="1813" /><ent r="64" t="163" w="191" /><ent r="5" t="163" w="1020" /><ent r="4" t="163" w="1026" /><ent r="5" t="163" w="1036" /><ent r="64" t="164" w="151" /><ent r="4" t="164" w="378" /><ent r="4" t="164" w="385" /><ent r="92" t="168" w="1372" /><ent r="92" t="169" w="906" /></phr><phr n="algorithm"><ent r="3" t="26" w="22" /><ent r="4" t="26" w="71" /><ent r="4" t="50" w="43" /><ent r="4" t="50" w="67" /><ent r="4" t="50" w="80" /><ent r="4" t="50" w="101" /><ent r="3" t="72" w="57" /><ent r="4" t="73" w="187" /><ent r="3" t="98" w="107" /><ent r="8" t="112" w="367" /><ent r="3" t="149" w="39" /><ent r="3" t="151" w="785" /><ent r="4" t="155" w="79" /><ent r="4" t="158" w="266" /><ent r="4" t="158" w="292" /><ent r="4" t="158" w="314" /><ent r="4" t="158" w="323" /><ent r="4" t="158" w="337" /><ent r="64" t="159" w="18" /><ent r="3" t="161" w="196" /><ent r="3" t="162" w="66" /><ent r="4" t="162" w="1999" /><ent r="3" t="162" w="2069" /><ent r="3" t="162" w="2961" /><ent r="4" t="163" w="1059" /><ent r="3" t="163" w="1470" /><ent r="3" t="163" w="1590" /><ent r="3" t="164" w="483" /><ent r="4" t="164" w="1138" /><ent r="4" t="164" w="1151" /><ent r="4" t="164" w="1177" /><ent r="3" t="164" w="1202" /><ent r="3" t="164" w="1230" /><ent r="3" t="168" w="245" /><ent r="3" t="168" w="1021" /><ent r="4" t="186" w="567" /><ent r="3" t="212" w="18" /><ent r="3" t="212" w="321" /></phr><phr n="Algorithm"><ent r="8" t="112" w="364" /><ent r="4" t="155" w="214" /><ent r="4" t="164" w="562" /></phr></stem><stem n="provid"><phr n="provides"><ent r="3" t="0" w="70" /><ent r="3" t="0" w="82" /><ent r="3" t="1" w="36" /><ent r="3" t="1" w="87" /><ent r="3" t="1" w="238" /><ent r="3" t="2" w="8" /><ent r="3" t="4" w="36" /><ent r="3" t="15" w="16" /><ent r="3" t="16" w="17" /><ent r="3" t="17" w="15" /><ent r="4" t="46" w="49" /><ent r="3" t="66" w="96" /><ent r="3" t="67" w="25" /><ent r="3" t="67" w="386" /><ent r="4" t="71" w="82" /><ent r="3" t="80" w="19" /><ent r="3" t="86" w="12" /><ent r="3" t="91" w="21" /><ent r="3" t="92" w="21" /><ent r="3" t="103" w="238" /><ent r="3" t="103" w="325" /><ent r="3" t="103" w="477" /><ent r="3" t="128" w="8" /><ent r="3" t="129" w="552" /><ent r="3" t="139" w="8" /><ent r="3" t="140" w="181" /><ent r="3" t="140" w="197" /><ent r="3" t="140" w="217" /><ent r="3" t="140" w="249" /><ent r="5" t="149" w="249" /><ent r="3" t="150" w="162" /><ent r="3" t="151" w="204" /><ent r="4" t="151" w="606" /><ent r="4" t="164" w="543" /><ent r="4" t="167" w="162" /><ent r="3" t="168" w="118" /><ent r="3" t="169" w="137" /><ent r="3" t="176" w="11" /><ent r="3" t="186" w="20" /><ent r="3" t="186" w="40" /><ent r="3" t="186" w="60" /><ent r="3" t="187" w="13" /><ent r="4" t="200" w="42" /><ent r="3" t="204" w="103" /><ent r="3" t="210" w="16" /></phr><phr n="provided"><ent r="54" t="0" w="113" /><ent r="3" t="151" w="793" /><ent r="4" t="154" w="166" /><ent r="4" t="154" w="236" /><ent r="3" t="155" w="243" /></phr><phr n="provide"><ent r="3" t="1" w="148" /><ent r="3" t="1" w="167" /><ent r="3" t="1" w="212" /><ent r="3" t="1" w="228" /><ent r="3" t="1" w="533" /><ent r="3" t="4" w="9" /><ent r="3" t="4" w="25" /><ent r="3" t="112" w="336" /><ent r="7" t="112" w="395" /><ent r="3" t="150" w="20" /><ent r="3" t="151" w="297" /><ent r="4" t="155" w="194" /><ent r="3" t="160" w="23" /><ent r="6" t="206" w="321" /></phr></stem><stem n="core"><phr n="core"><ent r="3" t="0" w="72" /><ent r="4" t="154" w="240" /><ent r="3" t="160" w="32" /><ent r="3" t="160" w="110" /><ent r="3" t="160" w="147" /><ent r="3" t="160" w="152" /><ent r="3" t="160" w="234" /><ent r="3" t="160" w="241" /><ent r="3" t="161" w="2397" /><ent r="3" t="162" w="2985" /><ent r="3" t="163" w="1597" /><ent r="3" t="166" w="1324" /></phr><phr n="Core"><ent r="3" t="160" w="11" /></phr></stem><stem n="applic"><phr n="application"><ent r="3" t="0" w="73" /><ent r="3" t="1" w="27" /><ent r="3" t="1" w="380" /><ent r="3" t="1" w="394" /><ent r="3" t="1" w="545" /><ent r="3" t="19" w="29" /><ent r="3" t="21" w="37" /><ent r="3" t="43" w="55" /><ent r="7" t="104" w="42" /><ent r="4" t="161" w="397" /><ent r="4" t="162" w="547" /><ent r="4" t="162" w="1695" /><ent r="4" t="163" w="259" /><ent r="4" t="164" w="219" /><ent r="4" t="165" w="497" /><ent r="4" t="166" w="482" /><ent r="4" t="167" w="373" /><ent r="4" t="168" w="387" /><ent r="4" t="169" w="284" /><ent r="3" t="170" w="16" /><ent r="4" t="186" w="332" /><ent r="3" t="212" w="130" /><ent r="7" t="214" w="94" /><ent r="7" t="214" w="130" /><ent r="7" t="214" w="207" /></phr><phr n="Application"><ent r="64" t="0" w="104" /><ent r="1000" t="1" w="5" /><ent r="100" t="1" w="9" /><ent r="102" t="1" w="17" /><ent r="3" t="1" w="30" /><ent r="3" t="1" w="176" /><ent r="4" t="2" w="59" /><ent r="4" t="4" w="186" /><ent r="4" t="18" w="33" /><ent r="4" t="32" w="100" /><ent r="3" t="35" w="27" /><ent r="4" t="36" w="36" /><ent r="3" t="37" w="31" /><ent r="3" t="38" w="43" /><ent r="4" t="40" w="38" /><ent r="4" t="41" w="81" /><ent r="4" t="42" w="127" /><ent r="4" t="45" w="45" /><ent r="3" t="64" w="54" /><ent r="4" t="67" w="43" /><ent r="4" t="68" w="48" /><ent r="4" t="69" w="47" /><ent r="4" t="70" w="88" /><ent r="4" t="70" w="164" /><ent r="4" t="71" w="34" /><ent r="3" t="77" w="58" /><ent r="3" t="90" w="158" /><ent r="3" t="91" w="92" /><ent r="3" t="92" w="151" /><ent r="4" t="94" w="128" /><ent r="3" t="95" w="47" /><ent r="4" t="95" w="70" /><ent r="4" t="96" w="83" /><ent r="4" t="96" w="212" /><ent r="4" t="96" w="228" /><ent r="4" t="97" w="84" /><ent r="3" t="98" w="248" /><ent r="3" t="98" w="494" /><ent r="3" t="103" w="90" /><ent r="4" t="105" w="23" /><ent r="4" t="106" w="37" /><ent r="4" t="107" w="47" /><ent r="4" t="107" w="73" /><ent r="3" t="107" w="123" /><ent r="4" t="110" w="34" /><ent r="4" t="110" w="92" /><ent r="3" t="111" w="35" /><ent r="3" t="111" w="132" /><ent r="3" t="111" w="354" /><ent r="3" t="111" w="621" /><ent r="4" t="112" w="646" /><ent r="4" t="115" w="49" /><ent r="4" t="127" w="123" /><ent r="4" t="128" w="115" /><ent r="4" t="129" w="40" /><ent r="4" t="131" w="79" /><ent r="4" t="132" w="79" /><ent r="4" t="133" w="93" /><ent r="4" t="134" w="88" /><ent r="4" t="135" w="79" /><ent r="4" t="136" w="75" /><ent r="4" t="137" w="76" /><ent r="4" t="138" w="86" /><ent r="4" t="139" w="66" /><ent r="3" t="139" w="177" /><ent r="3" t="141" w="236" /><ent r="3" t="151" w="963" /><ent r="4" t="164" w="795" /><ent r="5" t="169" w="185" /><ent r="4" t="169" w="1555" /><ent r="4" t="203" w="81" /><ent r="4" t="204" w="69" /><ent r="4" t="205" w="80" /></phr><phr n="applicable"><ent r="7" t="5" w="23" /><ent r="6" t="215" w="62" /><ent r="6" t="215" w="68" /></phr><phr n="applications"><ent r="3" t="165" w="107" /><ent r="3" t="166" w="97" /></phr></stem><stem n="suit"><phr n="suite"><ent r="3" t="0" w="74" /></phr><phr n="Suite"><ent r="54" t="0" w="117" /><ent r="64" t="18" w="224" /><ent r="64" t="20" w="450" /><ent r="1000" t="22" w="3" /><ent r="102" t="22" w="12" /><ent r="3" t="22" w="83" /><ent r="3" t="22" w="112" /><ent r="64" t="24" w="138" /></phr></stem><stem n="access"><phr n="access"><ent r="3" t="0" w="83" /><ent r="3" t="1" w="37" /><ent r="3" t="1" w="88" /><ent r="3" t="1" w="213" /><ent r="3" t="1" w="229" /><ent r="3" t="1" w="271" /><ent r="3" t="4" w="10" /><ent r="3" t="4" w="26" /><ent r="4" t="14" w="37" /><ent r="3" t="15" w="17" /><ent r="3" t="16" w="18" /><ent r="3" t="17" w="16" /><ent r="3" t="46" w="40" /><ent r="3" t="56" w="57" /><ent r="3" t="66" w="97" /><ent r="3" t="67" w="26" /><ent r="3" t="80" w="38" /><ent r="4" t="81" w="17" /><ent r="3" t="103" w="239" /><ent r="3" t="111" w="193" /><ent r="3" t="128" w="106" /><ent r="3" t="143" w="18" /><ent r="3" t="152" w="57" /><ent r="4" t="158" w="175" /><ent r="7" t="160" w="272" /><ent r="3" t="160" w="316" /><ent r="3" t="161" w="337" /><ent r="7" t="161" w="489" /><ent r="3" t="162" w="487" /><ent r="7" t="162" w="639" /><ent r="3" t="162" w="2480" /><ent r="3" t="163" w="199" /><ent r="7" t="163" w="351" /><ent r="3" t="164" w="159" /><ent r="7" t="164" w="311" /><ent r="3" t="165" w="437" /><ent r="7" t="165" w="589" /><ent r="3" t="166" w="422" /><ent r="7" t="166" w="574" /><ent r="3" t="167" w="313" /><ent r="7" t="167" w="465" /><ent r="3" t="168" w="327" /><ent r="7" t="168" w="479" /><ent r="3" t="169" w="224" /><ent r="7" t="169" w="376" /><ent r="3" t="186" w="241" /><ent r="3" t="186" w="266" /><ent r="3" t="186" w="281" /><ent r="4" t="186" w="496" /><ent r="6" t="206" w="322" /><ent r="3" t="210" w="17" /></phr><phr n="accessed"><ent r="3" t="4" w="92" /><ent r="3" t="32" w="59" /><ent r="3" t="161" w="1041" /></phr><phr n="Accesses"><ent r="3" t="56" w="240" /></phr><phr n="accessible"><ent r="4" t="167" w="268" /></phr><phr n="Access"><ent r="4" t="170" w="40" /></phr></stem><stem n="number"><phr n="number"><ent r="3" t="0" w="86" /><ent r="3" t="2" w="10" /><ent r="6" t="7" w="203" /><ent r="6" t="14" w="374" /><ent r="6" t="14" w="391" /><ent r="6" t="14" w="398" /><ent r="7" t="37" w="133" /><ent r="3" t="39" w="135" /><ent r="4" t="42" w="228" /><ent r="7" t="51" w="146" /><ent r="4" t="60" w="206" /><ent r="3" t="71" w="252" /><ent r="3" t="71" w="265" /><ent r="3" t="71" w="279" /><ent r="3" t="71" w="289" /><ent r="3" t="71" w="294" /><ent r="3" t="71" w="309" /><ent r="4" t="73" w="242" /><ent r="3" t="77" w="15" /><ent r="3" t="77" w="29" /><ent r="4" t="84" w="110" /><ent r="4" t="86" w="128" /><ent r="3" t="86" w="154" /><ent r="4" t="97" w="201" /><ent r="4" t="97" w="445" /><ent r="7" t="104" w="238" /><ent r="7" t="104" w="272" /><ent r="100" t="112" w="91" /><ent r="3" t="112" w="113" /><ent r="3" t="112" w="126" /><ent r="3" t="112" w="463" /><ent r="3" t="112" w="812" /><ent r="4" t="126" w="426" /><ent r="3" t="129" w="414" /><ent r="3" t="133" w="162" /><ent r="3" t="133" w="175" /><ent r="5" t="136" w="436" /><ent r="5" t="136" w="853" /><ent r="4" t="138" w="139" /><ent r="4" t="138" w="152" /><ent r="3" t="139" w="281" /><ent r="3" t="140" w="204" /><ent r="3" t="143" w="158" /><ent r="5" t="144" w="567" /><ent r="3" t="148" w="115" /><ent r="3" t="148" w="128" /><ent r="5" t="149" w="716" /><ent r="3" t="150" w="109" /><ent r="4" t="151" w="467" /><ent r="4" t="151" w="473" /><ent r="3" t="151" w="530" /><ent r="3" t="151" w="535" /><ent r="3" t="151" w="546" /><ent r="4" t="151" w="629" /><ent r="3" t="151" w="764" /><ent r="3" t="151" w="973" /><ent r="4" t="151" w="1014" /><ent r="4" t="151" w="1045" /><ent r="3" t="152" w="132" /><ent r="3" t="152" w="181" /><ent r="3" t="153" w="100" /><ent r="3" t="153" w="129" /><ent r="3" t="161" w="145" /><ent r="3" t="161" w="167" /><ent r="4" t="161" w="1114" /><ent r="3" t="162" w="1372" /><ent r="3" t="162" w="1380" /><ent r="3" t="162" w="1394" /><ent r="5" t="163" w="1162" /><ent r="4" t="163" w="1189" /><ent r="4" t="168" w="72" /><ent r="3" t="168" w="259" /><ent r="3" t="168" w="287" /><ent r="3" t="168" w="298" /><ent r="4" t="168" w="981" /><ent r="4" t="168" w="1508" /><ent r="4" t="168" w="1520" /><ent r="3" t="168" w="1534" /><ent r="3" t="168" w="1536" /><ent r="3" t="168" w="1551" /><ent r="3" t="168" w="1591" /><ent r="4" t="168" w="1605" /><ent r="4" t="168" w="1616" /><ent r="3" t="169" w="816" /><ent r="3" t="169" w="1251" /><ent r="3" t="169" w="1253" /><ent r="3" t="169" w="1270" /><ent r="3" t="169" w="1310" /><ent r="7" t="171" w="80" /><ent r="3" t="173" w="38" /><ent r="3" t="174" w="67" /><ent r="3" t="174" w="79" /><ent r="3" t="174" w="94" /><ent r="3" t="174" w="110" /><ent r="7" t="177" w="129" /><ent r="7" t="177" w="528" /><ent r="3" t="178" w="128" /><ent r="3" t="186" w="47" /><ent r="4" t="192" w="249" /><ent r="3" t="196" w="162" /><ent r="3" t="198" w="166" /><ent r="4" t="199" w="94" /><ent r="4" t="200" w="105" /><ent r="4" t="200" w="114" /><ent r="7" t="215" w="140" /><ent r="7" t="215" w="178" /></phr><phr n="numbers"><ent r="4" t="64" w="204" /><ent r="6" t="80" w="308" /><ent r="4" t="97" w="430" /><ent r="4" t="136" w="461" /><ent r="4" t="136" w="488" /><ent r="4" t="136" w="878" /><ent r="4" t="136" w="889" /><ent r="4" t="137" w="387" /><ent r="4" t="144" w="240" /><ent r="5" t="144" w="257" /><ent r="4" t="149" w="389" /><ent r="5" t="149" w="406" /><ent r="4" t="152" w="149" /><ent r="4" t="168" w="1393" /><ent r="4" t="169" w="96" /><ent r="4" t="169" w="1370" /><ent r="4" t="173" w="52" /><ent r="7" t="177" w="479" /><ent r="4" t="211" w="20" /></phr><phr n="Number"><ent r="82" t="112" w="804" /><ent r="4" t="127" w="563" /><ent r="4" t="127" w="566" /><ent r="5" t="151" w="459" /><ent r="5" t="151" w="989" /><ent r="6" t="163" w="1155" /><ent r="5" t="163" w="1367" /><ent r="4" t="163" w="1389" /><ent r="92" t="168" w="1487" /><ent r="92" t="169" w="1241" /><ent r="7" t="177" w="92" /><ent r="7" t="177" w="105" /><ent r="7" t="177" w="116" /></phr><phr n="numbered"><ent r="3" t="112" w="829" /><ent r="3" t="112" w="839" /><ent r="3" t="151" w="500" /><ent r="3" t="151" w="505" /><ent r="3" t="151" w="520" /><ent r="3" t="168" w="1625" /></phr><phr n="Numbers"><ent r="6" t="217" w="44" /><ent r="6" t="217" w="57" /><ent r="6" t="217" w="69" /><ent r="6" t="217" w="82" /><ent r="6" t="217" w="94" /><ent r="6" t="217" w="107" /><ent r="6" t="217" w="119" /><ent r="6" t="217" w="132" /><ent r="6" t="217" w="144" /><ent r="6" t="217" w="156" /><ent r="6" t="217" w="288" /><ent r="6" t="217" w="307" /><ent r="6" t="217" w="325" /><ent r="6" t="217" w="344" /><ent r="6" t="217" w="362" /><ent r="6" t="217" w="381" /><ent r="6" t="217" w="399" /><ent r="6" t="217" w="418" /><ent r="6" t="217" w="436" /><ent r="6" t="217" w="454" /></phr></stem></index>