<?xml version="1.0" encoding="utf-8"?><index><stem n="arrowhead"><phr n="arrowhead"><ent r="7" t="197" w="168" /></phr></stem><stem n="(base"><phr n="(based"><ent r="6" t="198" w="45" /></phr></stem><stem n="bounc"><phr n="Bounce"><ent r="7" t="198" w="51" /></phr></stem><stem n="opposit"><phr n="opposite"><ent r="6" t="198" w="64" /></phr></stem><stem n="peak"><phr n="peaks"><ent r="3" t="200" w="18" /></phr></stem><stem n="vallei"><phr n="valleys"><ent r="3" t="200" w="20" /></phr></stem><stem n="propag"><phr n="propagation"><ent r="3" t="200" w="26" /></phr></stem><stem n="harmon"><phr n="harmonic"><ent r="3" t="200" w="29" /></phr></stem><stem n="frequenc"><phr n="frequency"><ent r="3" t="200" w="37" /></phr></stem><stem n="f"><phr n="f"><ent r="4" t="200" w="39" /><ent r="3" t="200" w="46" /></phr><phr n="F"><ent r="64" t="205" w="139" /><ent r="3" t="205" w="228" /><ent r="1000" t="211" w="2" /><ent r="102" t="211" w="5" /><ent r="5" t="233" w="355" /></phr></stem><stem n="="><phr n="="><ent r="3" t="200" w="46" /><ent r="3" t="200" w="193" /><ent r="3" t="200" w="211" /><ent r="3" t="200" w="223" /><ent r="7" t="206" w="192" /><ent r="7" t="206" w="197" /><ent r="7" t="206" w="203" /><ent r="7" t="206" w="210" /><ent r="7" t="206" w="216" /><ent r="6" t="206" w="224" /><ent r="6" t="206" w="235" /><ent r="6" t="206" w="256" /><ent r="6" t="206" w="262" /><ent r="6" t="206" w="269" /><ent r="7" t="206" w="283" /><ent r="3" t="206" w="701" /><ent r="3" t="206" w="720" /><ent r="3" t="206" w="723" /><ent r="3" t="206" w="726" /><ent r="3" t="206" w="730" /><ent r="3" t="206" w="734" /><ent r="3" t="206" w="739" /><ent r="3" t="206" w="742" /><ent r="3" t="206" w="746" /><ent r="3" t="206" w="751" /><ent r="3" t="206" w="755" /><ent r="3" t="206" w="772" /><ent r="3" t="206" w="780" /><ent r="3" t="206" w="785" /><ent r="3" t="206" w="792" /><ent r="3" t="206" w="798" /><ent r="3" t="206" w="843" /><ent r="3" t="206" w="860" /></phr></stem><stem n="veloc"><phr n="velocity"><ent r="3" t="200" w="53" /></phr></stem><stem n="(fwhm)"><phr n="(FWHM)"><ent r="3" t="200" w="64" /><ent r="3" t="202" w="375" /><ent r="3" t="216" w="193" /></phr></stem><stem n="proper"><phr n="proper"><ent r="3" t="200" w="159" /></phr></stem><stem n="bandwidth"><phr n="bandwidth"><ent r="3" t="200" w="160" /></phr><phr n="bandwidths"><ent r="3" t="200" w="174" /></phr></stem><stem n="1.0"><phr n="1.0"><ent r="3" t="200" w="171" /><ent r="3" t="200" w="170" /><ent r="3" t="200" w="182" /><ent r="3" t="200" w="181" /><ent r="3" t="202" w="659" /><ent r="3" t="202" w="658" /><ent r="6" t="237" w="95" /><ent r="6" t="237" w="94" /></phr></stem><stem n="1.0,"><phr n="1.0,"><ent r="3" t="200" w="171" /><ent r="3" t="200" w="170" /></phr></stem><stem n=".0,"><phr n=".0,"><ent r="3" t="200" w="172" /></phr></stem><stem n="1.0."><phr n="1.0."><ent r="3" t="200" w="182" /><ent r="3" t="200" w="181" /><ent r="6" t="237" w="95" /><ent r="6" t="237" w="94" /></phr></stem><stem n=".0."><phr n=".0."><ent r="3" t="200" w="183" /><ent r="6" t="237" w="96" /></phr></stem><stem n="((band"><phr n="((Band"><ent r="3" t="200" w="193" /></phr></stem><stem n="n+1"><phr n="N+1"><ent r="3" t="200" w="194" /></phr></stem><stem n="*"><phr n="*"><ent r="3" t="200" w="201" /><ent r="3" t="239" w="88" /><ent r="3" t="240" w="28" /><ent r="3" t="240" w="43" /></phr></stem><stem n="fourth"><phr n="fourth"><ent r="4" t="201" w="214" /></phr></stem><stem n="delimit"><phr n="delimited"><ent r="3" t="201" w="220" /></phr></stem><stem n="deprec"><phr n="Deprecated"><ent r="92" t="201" w="274" /></phr><phr n="deprecated"><ent r="3" t="201" w="280" /></phr></stem><stem n=":wavelength"><phr n=":Wavelengths"><ent r="100" t="202" w="15" /><ent r="100" t="216" w="17" /></phr></stem><stem n="retriev"><phr n="retrieves"><ent r="3" t="202" w="326" /><ent r="3" t="216" w="144" /></phr></stem><stem n=".wav,"><phr n=".wav,"><ent r="4" t="202" w="521" /><ent r="4" t="202" w="750" /></phr></stem><stem n=".wave,"><phr n=".wave,"><ent r="4" t="202" w="522" /><ent r="4" t="202" w="751" /></phr></stem><stem n=".wmd."><phr n=".wmd."><ent r="4" t="202" w="524" /></phr></stem><stem n=".0),"><phr n=".0),"><ent r="3" t="202" w="660" /></phr></stem><stem n="k"><phr n="K"><ent r="4" t="202" w="666" /><ent r="4" t="202" w="778" /><ent r="3" t="205" w="110" /><ent r="3" t="207" w="161" /><ent r="5" t="238" w="60" /></phr><phr n="k"><ent r="3" t="204" w="55" /></phr></stem><stem n="av"><phr n="ave"><ent r="5" t="202" w="699" /></phr></stem><stem n=".wmd"><phr n=".wmd"><ent r="4" t="202" w="752" /></phr></stem><stem n=":oper"><phr n=":operators"><ent r="100" t="203" w="7" /></phr></stem><stem n="sine"><phr n="Sine"><ent r="7" t="203" w="26" /></phr><phr n="sine"><ent r="7" t="203" w="39" /><ent r="7" t="203" w="57" /></phr></stem><stem n="cosin"><phr n="Cosine"><ent r="7" t="203" w="28" /></phr><phr n="cosine"><ent r="7" t="203" w="42" /><ent r="7" t="203" w="60" /></phr></stem><stem n="tangent"><phr n="Tangent"><ent r="7" t="203" w="30" /></phr><phr n="tangent"><ent r="7" t="203" w="45" /><ent r="7" t="203" w="63" /></phr></stem><stem n="secant"><phr n="Secant"><ent r="7" t="203" w="32" /></phr><phr n="secant"><ent r="7" t="203" w="48" /><ent r="7" t="203" w="66" /></phr></stem><stem n="cosec"><phr n="Cosecant"><ent r="7" t="203" w="34" /></phr><phr n="cosecant"><ent r="7" t="203" w="51" /><ent r="7" t="203" w="69" /></phr></stem><stem n="cotang"><phr n="Cotangent"><ent r="7" t="203" w="36" /></phr><phr n="cotangent"><ent r="7" t="203" w="54" /><ent r="7" t="203" w="72" /></phr></stem><stem n="invers"><phr n="Inverse"><ent r="7" t="203" w="38" /><ent r="7" t="203" w="41" /><ent r="7" t="203" w="44" /><ent r="7" t="203" w="47" /><ent r="7" t="203" w="50" /><ent r="7" t="203" w="53" /></phr></stem><stem n="hyperbol"><phr n="Hyperbolic"><ent r="7" t="203" w="56" /><ent r="7" t="203" w="59" /><ent r="7" t="203" w="62" /><ent r="7" t="203" w="65" /><ent r="7" t="203" w="68" /><ent r="7" t="203" w="71" /></phr></stem><stem n="1n"><phr n="1n"><ent r="7" t="203" w="80" /></phr></stem><stem n="wikipedia"><phr n="Wikipedia"><ent r="3" t="204" w="11" /></phr><phr n="wikipedia"><ent r="64" t="204" w="15" /></phr></stem><stem n="en"><phr n="en"><ent r="64" t="204" w="14" /></phr></stem><stem n="en.wikipedia"><phr n="en.wikipedia"><ent r="64" t="204" w="15" /><ent r="64" t="204" w="14" /></phr></stem><stem n="en.wikipedia.org"><phr n="en.wikipedia.org"><ent r="64" t="204" w="16" /><ent r="64" t="204" w="14" /></phr></stem><stem n="en.wikipedia.org/wiki"><phr n="en.wikipedia.org/wiki"><ent r="64" t="204" w="17" /><ent r="64" t="204" w="14" /></phr></stem><stem n="wiki"><phr n="wiki"><ent r="64" t="204" w="17" /></phr></stem><stem n="en.wikipedia.org/wiki/clust"><phr n="en.wikipedia.org/wiki/Cluster"><ent r="64" t="204" w="18" /><ent r="64" t="204" w="14" /></phr></stem><stem n="en.wikipedia.org/wiki/cluster_analysi"><phr n="en.wikipedia.org/wiki/Cluster_analysis"><ent r="64" t="204" w="19" /><ent r="64" t="204" w="14" /></phr></stem><stem n="qt_cluster"><phr n="QT_clustering"><ent r="64" t="204" w="21" /><ent r="64" t="204" w="20" /></phr></stem><stem n="://en.wikipedia.org/wiki/cluster_analysis#qt_clustering_algorithm"><phr n="://en.wikipedia.org/wiki/Cluster_analysis#QT_clustering_algorithm"><ent r="64" t="204" w="22" /></phr></stem><stem n="qt_clustering_algorithm"><phr n="QT_clustering_algorithm"><ent r="64" t="204" w="22" /><ent r="64" t="204" w="20" /></phr></stem><stem n="(qualiti"><phr n="(quality"><ent r="3" t="204" w="31" /></phr></stem><stem n="heyer"><phr n="Heyer"><ent r="3" t="204" w="34" /></phr></stem><stem n="(heyer,"><phr n="(Heyer,"><ent r="3" t="204" w="35" /></phr></stem><stem n="kruglyak"><phr n="Kruglyak"><ent r="3" t="204" w="35" /></phr></stem><stem n="yooseph"><phr n="Yooseph"><ent r="3" t="204" w="36" /></phr></stem><stem n="1999"><phr n="1999"><ent r="3" t="204" w="37" /></phr></stem><stem n="partit"><phr n="partitioning"><ent r="3" t="204" w="43" /></phr></stem><stem n="invent"><phr n="invented"><ent r="3" t="204" w="45" /></phr></stem><stem n="gene"><phr n="gene"><ent r="3" t="204" w="47" /></phr></stem><stem n="k-mean"><phr n="k-means"><ent r="3" t="204" w="55" /></phr></stem><stem n="-means,"><phr n="-means,"><ent r="3" t="204" w="57" /><ent r="3" t="204" w="57" /></phr></stem><stem n="priori"><phr n="priori"><ent r="3" t="204" w="67" /></phr></stem><stem n="candid"><phr n="candidate"><ent r="4" t="204" w="94" /><ent r="4" t="204" w="122" /></phr></stem><stem n="iter"><phr n="iteratively"><ent r="4" t="204" w="100" /></phr></stem><stem n="closest"><phr n="closest"><ent r="4" t="204" w="106" /></phr></stem><stem n="surpass"><phr n="surpasses"><ent r="4" t="204" w="116" /></phr></stem><stem n="consider"><phr n="consideration"><ent r="4" t="204" w="142" /></phr></stem><stem n="clarifi"><phr n="clarify"><ent r="4" t="204" w="144" /></phr></stem><stem n="happen"><phr n="happens"><ent r="4" t="204" w="146" /></phr></stem><stem n="?"><phr n="?"><ent r="4" t="204" w="158" /><ent r="3" t="240" w="63" /><ent r="3" t="240" w="74" /></phr></stem><stem n="recurs"><phr n="Recurse"><ent r="4" t="204" w="159" /></phr></stem><stem n="linkag"><phr n="linkage"><ent r="3" t="204" w="181" /></phr></stem><stem n="i."><phr n="i.e"><ent r="3" t="204" w="183" /><ent r="3" t="204" w="182" /></phr></stem><stem n="i.e."><phr n="i.e."><ent r="3" t="204" w="183" /><ent r="3" t="204" w="182" /></phr></stem><stem n=".e."><phr n=".e."><ent r="3" t="204" w="184" /></phr></stem><stem n="member"><phr n="member"><ent r="3" t="204" w="193" /></phr></stem><stem n="paragraph"><phr n="Paragraph"><ent r="82" t="205" w="75" /><ent r="64" t="205" w="129" /><ent r="64" t="205" w="132" /><ent r="64" t="205" w="135" /><ent r="64" t="205" w="138" /><ent r="64" t="205" w="141" /><ent r="64" t="205" w="144" /><ent r="64" t="205" w="147" /><ent r="1000" t="208" w="1" /><ent r="102" t="208" w="4" /><ent r="1000" t="209" w="1" /><ent r="102" t="209" w="4" /><ent r="1000" t="210" w="1" /><ent r="102" t="210" w="4" /><ent r="1000" t="211" w="1" /><ent r="102" t="211" w="4" /><ent r="1000" t="212" w="1" /><ent r="102" t="212" w="4" /><ent r="1000" t="213" w="1" /><ent r="102" t="213" w="4" /><ent r="1000" t="214" w="1" /><ent r="102" t="214" w="4" /></phr><phr n="paragraph"><ent r="3" t="205" w="79" /><ent r="3" t="205" w="98" /><ent r="4" t="205" w="253" /><ent r="3" t="207" w="142" /></phr><phr n="Paragraphs"><ent r="3" t="205" w="106" /><ent r="3" t="205" w="226" /></phr><phr n="paragraphs"><ent r="3" t="207" w="130" /><ent r="3" t="207" w="151" /><ent r="3" t="207" w="157" /></phr></stem><stem n="h"><phr n="H"><ent r="64" t="205" w="145" /><ent r="3" t="205" w="229" /><ent r="1000" t="213" w="2" /><ent r="102" t="213" w="5" /><ent r="5" t="233" w="218" /></phr></stem><stem n="j"><phr n="J"><ent r="64" t="205" w="148" /><ent r="3" t="205" w="231" /><ent r="1000" t="214" w="2" /><ent r="102" t="214" w="5" /></phr></stem><stem n="unload"><phr n="Unload"><ent r="82" t="205" w="193" /><ent r="3" t="205" w="198" /></phr></stem><stem n="tabular"><phr n="tabular"><ent r="3" t="205" w="233" /></phr></stem><stem n="curv"><phr n="curves"><ent r="4" t="205" w="342" /><ent r="4" t="205" w="363" /><ent r="4" t="205" w="378" /></phr></stem><stem n="“envi”."><phr n="“ENVI”."><ent r="3" t="206" w="30" /></phr></stem><stem n="keyword"><phr n="Keywords"><ent r="3" t="206" w="30" /></phr><phr n="keywords"><ent r="3" t="206" w="75" /></phr></stem><stem n="user'"><phr n="User's"><ent r="5" t="206" w="58" /><ent r="5" t="206" w="57" /></phr></stem><stem n="guid"><phr n="Guide"><ent r="5" t="206" w="59" /></phr></stem><stem n="3.4"><phr n="3.4"><ent r="5" t="206" w="64" /><ent r="5" t="206" w="63" /></phr></stem><stem n="3.4."><phr n="3.4."><ent r="5" t="206" w="64" /><ent r="5" t="206" w="63" /></phr></stem><stem n=".4."><phr n=".4."><ent r="5" t="206" w="65" /></phr></stem><stem n="septemb"><phr n="September"><ent r="5" t="206" w="65" /></phr></stem><stem n="2000"><phr n="2000"><ent r="5" t="206" w="66" /></phr></stem><stem n="copyright"><phr n="Copyright"><ent r="5" t="206" w="68" /></phr></stem><stem n="research"><phr n="Research"><ent r="5" t="206" w="69" /></phr></stem><stem n="inc"><phr n="Inc"><ent r="5" t="206" w="71" /></phr></stem><stem n="(pixels)"><phr n="(pixels)"><ent r="7" t="206" w="96" /></phr></stem><stem n="embed"><phr n="embedded"><ent r="7" t="206" w="133" /></phr></stem><stem n="128"><phr n="128"><ent r="7" t="206" w="142" /></phr></stem><stem n="erda"><phr n="ERDAS"><ent r="7" t="206" w="145" /></phr></stem><stem n=".5"><phr n=".5"><ent r="7" t="206" w="147" /><ent r="3" t="245" w="523" /><ent r="3" t="245" w="544" /></phr></stem><stem n="7.5"><phr n="7.5"><ent r="7" t="206" w="147" /><ent r="7" t="206" w="146" /></phr></stem><stem n=".lan"><phr n=".lan"><ent r="7" t="206" w="148" /></phr></stem><stem n="lan"><phr n="lan"><ent r="7" t="206" w="148" /></phr></stem><stem n="envi-defin"><phr n="ENVI-defined"><ent r="7" t="206" w="167" /></phr></stem><stem n="8-bit"><phr n="8-bit"><ent r="7" t="206" w="192" /></phr></stem><stem n="16-bit"><phr n="16-bit"><ent r="7" t="206" w="197" /><ent r="6" t="206" w="256" /></phr></stem><stem n="2x32"><phr n="2x32"><ent r="6" t="206" w="224" /></phr></stem><stem n="2x32-bit"><phr n="2x32-bit"><ent r="6" t="206" w="224" /></phr></stem><stem n="-imaginari"><phr n="-imaginary"><ent r="6" t="206" w="227" /><ent r="6" t="206" w="227" /><ent r="6" t="206" w="240" /><ent r="6" t="206" w="240" /></phr></stem><stem n="real-imaginari"><phr n="real-imaginary"><ent r="6" t="206" w="227" /><ent r="6" t="206" w="240" /></phr></stem><stem n="2x64"><phr n="2x64"><ent r="6" t="206" w="235" /></phr></stem><stem n="2x64-bit"><phr n="2x64-bit"><ent r="6" t="206" w="235" /></phr></stem><stem n="(not"><phr n="(not"><ent r="6" t="206" w="246" /><ent r="6" t="206" w="273" /><ent r="7" t="206" w="288" /></phr></stem><stem n="comet"><phr n="COMET"><ent r="57" t="206" w="250" /><ent r="57" t="206" w="277" /><ent r="58" t="206" w="292" /><ent r="57" t="206" w="466" /></phr></stem><stem n="13"><phr n="13"><ent r="6" t="206" w="261" /><ent r="3" t="206" w="766" /></phr></stem><stem n="14"><phr n="14"><ent r="6" t="206" w="268" /></phr></stem><stem n="sequenti"><phr n="sequential"><ent r="7" t="206" w="306" /></phr></stem><stem n="bsq"><phr n="BSQ"><ent r="7" t="206" w="307" /><ent r="3" t="215" w="236" /><ent r="3" t="215" w="276" /><ent r="3" t="215" w="314" /></phr><phr n="bsq"><ent r="3" t="206" w="742" /></phr></stem><stem n="(bsq),"><phr n="(BSQ),"><ent r="7" t="206" w="308" /></phr></stem><stem n="(bip),"><phr n="(BIP),"><ent r="7" t="206" w="313" /></phr></stem><stem n="bil"><phr n="BIL"><ent r="7" t="206" w="318" /><ent r="3" t="215" w="233" /><ent r="3" t="215" w="316" /></phr></stem><stem n="(bil)."><phr n="(BIL)."><ent r="7" t="206" w="319" /></phr></stem><stem n="instrument"><phr n="instruments"><ent r="7" t="206" w="326" /></phr></stem><stem n="tm"><phr n="TM"><ent r="7" t="206" w="330" /><ent r="3" t="206" w="747" /></phr><phr n="tm"><ent r="3" t="206" w="803" /><ent r="3" t="206" w="809" /><ent r="3" t="206" w="815" /><ent r="3" t="206" w="821" /><ent r="3" t="206" w="827" /><ent r="3" t="206" w="833" /><ent r="3" t="206" w="839" /></phr></stem><stem n="spot"><phr n="SPOT"><ent r="7" t="206" w="331" /></phr></stem><stem n="radarsat"><phr n="RadarSat"><ent r="7" t="206" w="332" /></phr></stem><stem n="=0"><phr n="=0"><ent r="7" t="206" w="359" /></phr></stem><stem n="signific"><phr n="Significant"><ent r="7" t="206" w="362" /><ent r="7" t="206" w="378" /></phr><phr n="significant"><ent r="3" t="231" w="206" /></phr></stem><stem n="lsf"><phr n="LSF"><ent r="7" t="206" w="365" /></phr></stem><stem n="(lsf)"><phr n="(LSF)"><ent r="7" t="206" w="366" /></phr></stem><stem n="(dec"><phr n="(DEC"><ent r="7" t="206" w="367" /></phr></stem><stem n="dec"><phr n="DEC"><ent r="7" t="206" w="367" /></phr><phr n="Dec"><ent r="3" t="206" w="712" /></phr></stem><stem n="-do"><phr n="-DOS"><ent r="7" t="206" w="369" /><ent r="7" t="206" w="369" /></phr></stem><stem n="ms"><phr n="MS"><ent r="7" t="206" w="369" /></phr></stem><stem n="ms-do"><phr n="MS-DOS"><ent r="7" t="206" w="369" /></phr></stem><stem n="=1"><phr n="=1"><ent r="7" t="206" w="375" /></phr></stem><stem n="msf"><phr n="MSF"><ent r="7" t="206" w="381" /></phr></stem><stem n="(msf)"><phr n="(MSF)"><ent r="7" t="206" w="382" /></phr></stem><stem n="(all"><phr n="(all"><ent r="7" t="206" w="383" /></phr></stem><stem n="sun"><phr n="SUN"><ent r="7" t="206" w="385" /></phr></stem><stem n="sgi"><phr n="SGI"><ent r="7" t="206" w="386" /></phr></stem><stem n="ibm"><phr n="IBM"><ent r="7" t="206" w="387" /></phr></stem><stem n="hp"><phr n="HP"><ent r="7" t="206" w="388" /></phr></stem><stem n="dg"><phr n="DG"><ent r="7" t="206" w="389" /></phr></stem><stem n="-start"><phr n="-start"><ent r="7" t="206" w="391" /><ent r="7" t="206" w="391" /><ent r="7" t="206" w="394" /><ent r="7" t="206" w="394" /></phr></stem><stem n="x-start"><phr n="x-start"><ent r="7" t="206" w="391" /></phr></stem><stem n="y-start"><phr n="y-start"><ent r="7" t="206" w="394" /></phr></stem><stem n="magic"><phr n="magic"><ent r="7" t="206" w="430" /><ent r="7" t="206" w="434" /><ent r="7" t="206" w="438" /><ent r="7" t="206" w="441" /></phr></stem><stem n="zone"><phr n="Zone"><ent r="7" t="206" w="451" /></phr></stem><stem n="“north”"><phr n="“North”"><ent r="7" t="206" w="453" /></phr></stem><stem n="“south”"><phr n="“South”"><ent r="7" t="206" w="455" /></phr></stem><stem n="titl"><phr n="titles"><ent r="7" t="206" w="545" /><ent r="7" t="206" w="555" /><ent r="3" t="206" w="779" /></phr></stem><stem n="-georeferenc"><phr n="-georeferenced"><ent r="7" t="206" w="572" /><ent r="7" t="206" w="572" /></phr></stem><stem n="non-georeferenc"><phr n="non-georeferenced"><ent r="7" t="206" w="572" /></phr></stem><stem n="(%"><phr n="(%"><ent r="7" t="206" w="584" /></phr></stem><stem n="gaussian"><phr n="Gaussian"><ent r="7" t="206" w="587" /></phr></stem><stem n="-width-half-max"><phr n="-width-half-max"><ent r="7" t="206" w="642" /><ent r="7" t="206" w="644" /></phr></stem><stem n="full-width"><phr n="full-width"><ent r="7" t="206" w="642" /></phr></stem><stem n="full-width-half"><phr n="full-width-half"><ent r="7" t="206" w="642" /></phr></stem><stem n="full-width-half-max"><phr n="full-width-half-max"><ent r="7" t="206" w="642" /></phr></stem><stem n="width-half"><phr n="width-half"><ent r="7" t="206" w="643" /></phr></stem><stem n="width-half-max"><phr n="width-half-max"><ent r="7" t="206" w="643" /></phr></stem><stem n="half-max"><phr n="half-max"><ent r="7" t="206" w="644" /></phr></stem><stem n="bbl"><phr n="bbl"><ent r="7" t="206" w="664" /></phr></stem><stem n="good"><phr n="good"><ent r="7" t="206" w="686" /></phr></stem><stem n="{"><phr n="{"><ent r="3" t="206" w="701" /><ent r="3" t="206" w="798" /><ent r="3" t="206" w="843" /><ent r="3" t="206" w="860" /></phr></stem><stem n="registr"><phr n="Registration"><ent r="3" t="206" w="702" /></phr></stem><stem n="1st"><phr n="1st"><ent r="3" t="206" w="705" /></phr></stem><stem n="nearest"><phr n="nearest"><ent r="3" t="206" w="709" /></phr></stem><stem n="neighbor"><phr n="neighbor"><ent r="3" t="206" w="710" /></phr></stem><stem n="[wed"><phr n="[Wed"><ent r="3" t="206" w="711" /></phr></stem><stem n="wed"><phr n="Wed"><ent r="3" t="206" w="711" /></phr></stem><stem n="23"><phr n="23"><ent r="3" t="206" w="714" /></phr></stem><stem n="59"><phr n="59"><ent r="3" t="206" w="715" /></phr></stem><stem n=":59:19"><phr n=":59:19"><ent r="3" t="206" w="716" /></phr></stem><stem n="1995"><phr n="1995"><ent r="3" t="206" w="717" /></phr></stem><stem n="]"><phr n="]"><ent r="3" t="206" w="718" /></phr></stem><stem n="}"><phr n="}"><ent r="3" t="206" w="718" /><ent r="3" t="206" w="768" /><ent r="3" t="206" w="782" /></phr></stem><stem n="709"><phr n="709"><ent r="3" t="206" w="720" /></phr></stem><stem n="946"><phr n="946"><ent r="3" t="206" w="723" /></phr></stem><stem n="{utm,"><phr n="{UTM,"><ent r="3" t="206" w="756" /></phr></stem><stem n="295380"><phr n="295380"><ent r="3" t="206" w="758" /></phr></stem><stem n="295380.000"><phr n="295380.000"><ent r="3" t="206" w="759" /><ent r="3" t="206" w="758" /></phr></stem><stem n="295380.000,"><phr n="295380.000,"><ent r="3" t="206" w="759" /><ent r="3" t="206" w="758" /></phr></stem><stem n=".000,"><phr n=".000,"><ent r="3" t="206" w="760" /><ent r="3" t="206" w="762" /></phr></stem><stem n="4763640"><phr n="4763640"><ent r="3" t="206" w="760" /></phr></stem><stem n="4763640.000"><phr n="4763640.000"><ent r="3" t="206" w="761" /><ent r="3" t="206" w="760" /></phr></stem><stem n="4763640.000,"><phr n="4763640.000,"><ent r="3" t="206" w="761" /><ent r="3" t="206" w="760" /></phr></stem><stem n="30"><phr n="30"><ent r="3" t="206" w="762" /><ent r="3" t="206" w="764" /><ent r="3" t="206" w="785" /><ent r="3" t="206" w="787" /></phr></stem><stem n="30.000000"><phr n="30.000000"><ent r="3" t="206" w="763" /><ent r="3" t="206" w="762" /><ent r="3" t="206" w="765" /><ent r="3" t="206" w="764" /><ent r="3" t="206" w="786" /><ent r="3" t="206" w="785" /><ent r="3" t="206" w="788" /><ent r="3" t="206" w="787" /></phr></stem><stem n="000000"><phr n="000000"><ent r="3" t="206" w="763" /><ent r="3" t="206" w="765" /><ent r="3" t="206" w="786" /><ent r="3" t="206" w="788" /></phr></stem><stem n="30.000000,"><phr n="30.000000,"><ent r="3" t="206" w="763" /><ent r="3" t="206" w="762" /><ent r="3" t="206" w="765" /><ent r="3" t="206" w="764" /><ent r="3" t="206" w="786" /><ent r="3" t="206" w="785" /></phr></stem><stem n=".000000,"><phr n=".000000,"><ent r="3" t="206" w="764" /><ent r="3" t="206" w="766" /></phr></stem><stem n="0.00"><phr n="0.00"><ent r="3" t="206" w="773" /><ent r="3" t="206" w="772" /></phr></stem><stem n="0.00,"><phr n="0.00,"><ent r="3" t="206" w="773" /><ent r="3" t="206" w="772" /></phr></stem><stem n="{0.00,"><phr n="{0.00,"><ent r="3" t="206" w="774" /></phr></stem><stem n="255.00"><phr n="255.00"><ent r="3" t="206" w="775" /><ent r="3" t="206" w="774" /></phr></stem><stem n=".00}"><phr n=".00}"><ent r="3" t="206" w="776" /></phr></stem><stem n="{wavelength,"><phr n="{Wavelength,"><ent r="3" t="206" w="781" /></phr></stem><stem n="{30.000000,"><phr n="{30.000000,"><ent r="3" t="206" w="787" /></phr></stem><stem n=".000000}"><phr n=".000000}"><ent r="3" t="206" w="789" /></phr></stem><stem n="5.0"><phr n="5.0"><ent r="3" t="206" w="793" /><ent r="3" t="206" w="792" /></phr></stem><stem n=".0%"><phr n=".0%"><ent r="3" t="206" w="794" /></phr></stem><stem n="warp"><phr n="Warp"><ent r="3" t="206" w="799" /><ent r="3" t="206" w="805" /><ent r="3" t="206" w="811" /><ent r="3" t="206" w="817" /><ent r="3" t="206" w="823" /><ent r="3" t="206" w="829" /><ent r="3" t="206" w="835" /></phr></stem><stem n="(band"><phr n="(Band"><ent r="3" t="206" w="800" /><ent r="3" t="206" w="806" /><ent r="3" t="206" w="812" /><ent r="3" t="206" w="818" /><ent r="3" t="206" w="824" /><ent r="3" t="206" w="830" /><ent r="3" t="206" w="836" /></phr></stem><stem n="rs"><phr n="rs"><ent r="3" t="206" w="802" /><ent r="3" t="206" w="808" /><ent r="3" t="206" w="814" /><ent r="3" t="206" w="820" /><ent r="3" t="206" w="826" /><ent r="3" t="206" w="832" /><ent r="3" t="206" w="838" /></phr></stem><stem n="rs_tm"><phr n="rs_tm"><ent r="3" t="206" w="803" /><ent r="3" t="206" w="802" /><ent r="3" t="206" w="809" /><ent r="3" t="206" w="808" /><ent r="3" t="206" w="815" /><ent r="3" t="206" w="814" /><ent r="3" t="206" w="821" /><ent r="3" t="206" w="820" /><ent r="3" t="206" w="827" /><ent r="3" t="206" w="826" /><ent r="3" t="206" w="833" /><ent r="3" t="206" w="832" /><ent r="3" t="206" w="839" /><ent r="3" t="206" w="838" /></phr></stem><stem n="rs_tm.img"><phr n="rs_tm.img"><ent r="3" t="206" w="804" /><ent r="3" t="206" w="802" /><ent r="3" t="206" w="810" /><ent r="3" t="206" w="808" /><ent r="3" t="206" w="816" /><ent r="3" t="206" w="814" /><ent r="3" t="206" w="822" /><ent r="3" t="206" w="820" /><ent r="3" t="206" w="828" /><ent r="3" t="206" w="826" /><ent r="3" t="206" w="834" /><ent r="3" t="206" w="832" /><ent r="3" t="206" w="840" /><ent r="3" t="206" w="838" /></phr></stem><stem n="img"><phr n="img"><ent r="3" t="206" w="804" /><ent r="3" t="206" w="810" /><ent r="3" t="206" w="816" /><ent r="3" t="206" w="822" /><ent r="3" t="206" w="828" /><ent r="3" t="206" w="834" /><ent r="3" t="206" w="840" /></phr></stem><stem n=":rs_tm.img),"><phr n=":rs_tm.img),"><ent r="3" t="206" w="805" /><ent r="3" t="206" w="811" /><ent r="3" t="206" w="817" /><ent r="3" t="206" w="823" /><ent r="3" t="206" w="829" /><ent r="3" t="206" w="835" /></phr></stem><stem n=":rs_tm.img)}"><phr n=":rs_tm.img)}"><ent r="3" t="206" w="841" /></phr></stem><stem n="0.485000"><phr n="0.485000"><ent r="3" t="206" w="845" /><ent r="3" t="206" w="844" /></phr></stem><stem n="485000"><phr n="485000"><ent r="3" t="206" w="845" /></phr></stem><stem n="0.485000,"><phr n="0.485000,"><ent r="3" t="206" w="845" /><ent r="3" t="206" w="844" /></phr></stem><stem n=".485000,"><phr n=".485000,"><ent r="3" t="206" w="846" /></phr></stem><stem n="0.560000"><phr n="0.560000"><ent r="3" t="206" w="847" /><ent r="3" t="206" w="846" /></phr></stem><stem n="560000"><phr n="560000"><ent r="3" t="206" w="847" /></phr></stem><stem n="0.560000,"><phr n="0.560000,"><ent r="3" t="206" w="847" /><ent r="3" t="206" w="846" /></phr></stem><stem n=".560000,"><phr n=".560000,"><ent r="3" t="206" w="848" /></phr></stem><stem n="0.660000"><phr n="0.660000"><ent r="3" t="206" w="849" /><ent r="3" t="206" w="848" /></phr></stem><stem n="660000"><phr n="660000"><ent r="3" t="206" w="849" /></phr></stem><stem n="0.660000,"><phr n="0.660000,"><ent r="3" t="206" w="849" /><ent r="3" t="206" w="848" /></phr></stem><stem n=".660000,"><phr n=".660000,"><ent r="3" t="206" w="850" /></phr></stem><stem n="0.830000"><phr n="0.830000"><ent r="3" t="206" w="851" /><ent r="3" t="206" w="850" /></phr></stem><stem n="830000"><phr n="830000"><ent r="3" t="206" w="851" /></phr></stem><stem n="0.830000,"><phr n="0.830000,"><ent r="3" t="206" w="851" /><ent r="3" t="206" w="850" /></phr></stem><stem n=".830000,"><phr n=".830000,"><ent r="3" t="206" w="852" /></phr></stem><stem n="1.650000"><phr n="1.650000"><ent r="3" t="206" w="853" /><ent r="3" t="206" w="852" /></phr></stem><stem n="650000"><phr n="650000"><ent r="3" t="206" w="853" /></phr></stem><stem n="1.650000,"><phr n="1.650000,"><ent r="3" t="206" w="853" /><ent r="3" t="206" w="852" /></phr></stem><stem n=".650000,"><phr n=".650000,"><ent r="3" t="206" w="854" /></phr></stem><stem n="11"><phr n="11"><ent r="3" t="206" w="854" /><ent r="4" t="226" w="218" /></phr></stem><stem n="11.400000"><phr n="11.400000"><ent r="3" t="206" w="855" /><ent r="3" t="206" w="854" /></phr></stem><stem n="400000"><phr n="400000"><ent r="3" t="206" w="855" /></phr></stem><stem n="11.400000,"><phr n="11.400000,"><ent r="3" t="206" w="855" /><ent r="3" t="206" w="854" /></phr></stem><stem n=".400000,"><phr n=".400000,"><ent r="3" t="206" w="856" /></phr></stem><stem n="2.215000"><phr n="2.215000"><ent r="3" t="206" w="857" /><ent r="3" t="206" w="856" /></phr></stem><stem n="215000"><phr n="215000"><ent r="3" t="206" w="857" /></phr></stem><stem n=".215000}"><phr n=".215000}"><ent r="3" t="206" w="858" /></phr></stem><stem n="0.070000"><phr n="0.070000"><ent r="3" t="206" w="862" /><ent r="3" t="206" w="861" /></phr></stem><stem n="070000"><phr n="070000"><ent r="3" t="206" w="862" /></phr></stem><stem n="0.070000,"><phr n="0.070000,"><ent r="3" t="206" w="862" /><ent r="3" t="206" w="861" /></phr></stem><stem n=".070000,"><phr n=".070000,"><ent r="3" t="206" w="863" /></phr></stem><stem n="0.080000"><phr n="0.080000"><ent r="3" t="206" w="864" /><ent r="3" t="206" w="863" /></phr></stem></index>