<?xml version="1.0" encoding="utf-8"?><index><stem n="predefin"><phr n="predefined"><ent r="3" t="45" w="14" /><ent r="3" t="156" w="1156" /><ent r="3" t="168" w="307" /><ent r="3" t="168" w="339" /><ent r="3" t="206" w="179" /></phr></stem><stem n="nir"><phr n="NIR"><ent r="104" t="45" w="21" /><ent r="82" t="45" w="354" /><ent r="104" t="156" w="1163" /><ent r="104" t="168" w="314" /><ent r="3" t="186" w="2100" /><ent r="104" t="206" w="186" /></phr></stem><stem n="swir"><phr n="SWIR"><ent r="104" t="45" w="24" /><ent r="104" t="156" w="1166" /><ent r="104" t="168" w="317" /><ent r="5" t="189" w="668" /><ent r="104" t="206" w="189" /></phr></stem><stem n="true"><phr n="True"><ent r="3" t="45" w="27" /><ent r="82" t="45" w="351" /><ent r="3" t="156" w="1169" /><ent r="3" t="168" w="320" /><ent r="5" t="193" w="736" /><ent r="3" t="206" w="192" /><ent r="6" t="241" w="231" /></phr><phr n="true"><ent r="4" t="185" w="2112" /><ent r="3" t="193" w="241" /><ent r="3" t="200" w="80" /><ent r="4" t="204" w="131" /><ent r="6" t="241" w="676" /></phr></stem><stem n="unabl"><phr n="unable"><ent r="3" t="45" w="45" /></phr></stem><stem n="(becaus"><phr n="(because"><ent r="3" t="45" w="54" /></phr></stem><stem n="requir"><phr n="required"><ent r="3" t="45" w="56" /><ent r="3" t="104" w="53" /><ent r="3" t="160" w="902" /><ent r="3" t="173" w="566" /><ent r="3" t="186" w="946" /><ent r="3" t="193" w="954" /><ent r="3" t="194" w="895" /><ent r="3" t="202" w="138" /><ent r="3" t="216" w="243" /></phr><phr n="requiring"><ent r="3" t="82" w="527" /></phr><phr n="requires"><ent r="3" t="110" w="610" /><ent r="4" t="122" w="50" /><ent r="3" t="160" w="873" /><ent r="3" t="184" w="221" /><ent r="3" t="199" w="61" /><ent r="3" t="202" w="111" /><ent r="3" t="204" w="50" /></phr><phr n="Requirements"><ent r="92" t="184" w="165" /></phr><phr n="requirement"><ent r="4" t="186" w="1741" /></phr><phr n="require"><ent r="3" t="204" w="60" /></phr></stem><stem n="),"><phr n="),"><ent r="3" t="45" w="61" /><ent r="3" t="65" w="182" /><ent r="3" t="65" w="187" /><ent r="3" t="82" w="173" /><ent r="3" t="103" w="105" /><ent r="5" t="156" w="195" /><ent r="3" t="160" w="911" /><ent r="3" t="179" w="78" /><ent r="3" t="187" w="52" /><ent r="3" t="193" w="244" /><ent r="4" t="201" w="190" /><ent r="3" t="202" w="147" /><ent r="3" t="206" w="351" /></phr></stem><stem n="error"><phr n="error"><ent r="3" t="45" w="65" /><ent r="3" t="111" w="151" /><ent r="3" t="111" w="153" /><ent r="3" t="111" w="162" /><ent r="3" t="111" w="176" /><ent r="3" t="118" w="70" /><ent r="3" t="163" w="156" /><ent r="4" t="186" w="1165" /><ent r="4" t="186" w="1175" /><ent r="3" t="199" w="94" /><ent r="3" t="236" w="56" /><ent r="3" t="236" w="58" /><ent r="3" t="236" w="66" /><ent r="100" t="236" w="316" /><ent r="3" t="236" w="351" /><ent r="3" t="236" w="357" /><ent r="3" t="236" w="359" /><ent r="3" t="236" w="406" /><ent r="3" t="236" w="422" /><ent r="3" t="236" w="424" /><ent r="3" t="236" w="434" /><ent r="3" t="236" w="477" /><ent r="3" t="236" w="503" /><ent r="3" t="236" w="529" /><ent r="3" t="236" w="536" /></phr><phr n="Errors"><ent r="3" t="103" w="70" /></phr><phr n="Error"><ent r="4" t="163" w="202" /><ent r="4" t="163" w="239" /><ent r="93" t="236" w="313" /></phr><phr n="errors"><ent r="3" t="202" w="395" /><ent r="3" t="207" w="210" /></phr></stem><stem n="try"><phr n="try"><ent r="3" t="45" w="69" /></phr><phr n="Try"><ent r="4" t="186" w="2873" /><ent r="3" t="190" w="748" /></phr><phr n="trying"><ent r="3" t="188" w="1566" /></phr></stem><stem n="match"><phr n="match"><ent r="3" t="45" w="71" /><ent r="4" t="96" w="148" /><ent r="4" t="96" w="166" /><ent r="3" t="111" w="70" /><ent r="3" t="186" w="156" /><ent r="4" t="186" w="3003" /><ent r="3" t="193" w="866" /><ent r="3" t="193" w="1006" /></phr><phr n="matching"><ent r="3" t="76" w="15" /><ent r="3" t="236" w="216" /></phr><phr n="matches"><ent r="3" t="88" w="153" /><ent r="3" t="90" w="43" /><ent r="3" t="116" w="37" /><ent r="3" t="193" w="1037" /><ent r="3" t="230" w="78" /><ent r="3" t="230" w="82" /><ent r="3" t="231" w="28" /><ent r="3" t="231" w="63" /></phr></stem><stem n="often"><phr n="often"><ent r="3" t="45" w="82" /><ent r="3" t="170" w="14" /></phr></stem><stem n="like"><phr n="like"><ent r="3" t="45" w="85" /><ent r="3" t="126" w="266" /><ent r="3" t="126" w="408" /><ent r="3" t="126" w="544" /><ent r="3" t="173" w="595" /><ent r="3" t="186" w="1713" /><ent r="3" t="189" w="154" /><ent r="3" t="190" w="144" /><ent r="4" t="194" w="794" /><ent r="4" t="194" w="1065" /><ent r="3" t="194" w="1288" /></phr></stem><stem n="return"><phr n="return"><ent r="3" t="45" w="97" /><ent r="3" t="50" w="600" /><ent r="3" t="171" w="166" /></phr><phr n="returns"><ent r="3" t="50" w="495" /><ent r="3" t="145" w="466" /><ent r="3" t="145" w="638" /><ent r="4" t="193" w="1260" /><ent r="6" t="198" w="40" /><ent r="3" t="204" w="70" /></phr></stem><stem n="previou"><phr n="previous"><ent r="3" t="45" w="100" /><ent r="3" t="79" w="34" /><ent r="3" t="86" w="150" /><ent r="3" t="95" w="157" /></phr><phr n="Previous"><ent r="3" t="95" w="149" /><ent r="5" t="224" w="254" /></phr></stem><stem n="2"><phr n="2"><ent r="82" t="45" w="140" /><ent r="92" t="49" w="111" /><ent r="4" t="59" w="205" /><ent r="7" t="91" w="556" /><ent r="4" t="93" w="143" /><ent r="3" t="127" w="68" /><ent r="3" t="128" w="941" /><ent r="3" t="141" w="49" /><ent r="3" t="141" w="103" /><ent r="3" t="173" w="141" /><ent r="3" t="173" w="157" /><ent r="3" t="173" w="192" /><ent r="3" t="173" w="202" /><ent r="4" t="173" w="454" /><ent r="4" t="182" w="128" /><ent r="83" t="186" w="1214" /><ent r="8" t="186" w="1685" /><ent r="4" t="186" w="2482" /><ent r="4" t="187" w="908" /><ent r="5" t="187" w="926" /><ent r="5" t="187" w="1263" /><ent r="3" t="190" w="715" /><ent r="4" t="193" w="1262" /><ent r="3" t="193" w="1375" /><ent r="4" t="193" w="1608" /><ent r="3" t="193" w="1716" /><ent r="4" t="194" w="698" /><ent r="3" t="194" w="1248" /><ent r="3" t="200" w="203" /><ent r="3" t="200" w="205" /><ent r="7" t="203" w="84" /><ent r="7" t="205" w="196" /><ent r="3" t="205" w="807" /><ent r="3" t="205" w="856" /><ent r="3" t="205" w="871" /></phr></stem><stem n="section"><phr n="section"><ent r="4" t="45" w="311" /><ent r="3" t="146" w="92" /><ent r="3" t="147" w="577" /><ent r="4" t="148" w="72" /><ent r="4" t="148" w="140" /><ent r="4" t="151" w="230" /><ent r="3" t="162" w="146" /><ent r="4" t="182" w="48" /><ent r="3" t="185" w="1667" /><ent r="4" t="186" w="744" /><ent r="3" t="186" w="2065" /><ent r="4" t="194" w="540" /><ent r="4" t="194" w="578" /><ent r="4" t="194" w="629" /><ent r="3" t="218" w="168" /><ent r="3" t="220" w="173" /><ent r="4" t="222" w="60" /></phr><phr n="sections"><ent r="3" t="118" w="281" /><ent r="3" t="168" w="233" /></phr></stem><stem n="preset"><phr n="Presets"><ent r="5" t="45" w="316" /><ent r="4" t="168" w="344" /><ent r="5" t="171" w="241" /><ent r="5" t="171" w="277" /><ent r="5" t="171" w="324" /></phr></stem><stem n="structur"><phr n="structure"><ent r="4" t="45" w="381" /><ent r="3" t="78" w="114" /><ent r="3" t="78" w="381" /><ent r="3" t="78" w="391" /><ent r="4" t="107" w="145" /><ent r="4" t="108" w="87" /><ent r="4" t="109" w="100" /><ent r="4" t="110" w="101" /><ent r="4" t="147" w="57" /><ent r="4" t="148" w="55" /><ent r="4" t="150" w="96" /><ent r="4" t="151" w="96" /><ent r="4" t="152" w="110" /><ent r="4" t="153" w="105" /><ent r="4" t="154" w="98" /><ent r="4" t="155" w="96" /><ent r="4" t="156" w="92" /><ent r="4" t="157" w="93" /><ent r="4" t="158" w="103" /><ent r="4" t="186" w="725" /><ent r="4" t="188" w="365" /><ent r="4" t="189" w="604" /><ent r="4" t="190" w="592" /><ent r="3" t="193" w="1445" /><ent r="4" t="193" w="1815" /><ent r="3" t="194" w="1382" /><ent r="4" t="225" w="98" /><ent r="4" t="227" w="97" /></phr><phr n="structuring"><ent r="4" t="182" w="42" /><ent r="4" t="182" w="79" /><ent r="4" t="182" w="109" /><ent r="4" t="182" w="145" /></phr></stem><stem n="plu"><phr n="plus"><ent r="4" t="45" w="393" /><ent r="3" t="65" w="160" /><ent r="3" t="103" w="136" /><ent r="4" t="107" w="157" /><ent r="4" t="108" w="99" /><ent r="4" t="109" w="112" /><ent r="4" t="109" w="128" /><ent r="4" t="110" w="113" /><ent r="4" t="110" w="129" /><ent r="3" t="146" w="82" /><ent r="4" t="147" w="69" /><ent r="3" t="147" w="567" /><ent r="4" t="150" w="108" /><ent r="4" t="151" w="108" /><ent r="4" t="152" w="122" /><ent r="4" t="153" w="117" /><ent r="4" t="154" w="110" /><ent r="4" t="155" w="108" /><ent r="4" t="156" w="104" /><ent r="4" t="157" w="105" /><ent r="4" t="158" w="115" /><ent r="3" t="170" w="973" /><ent r="3" t="226" w="60" /><ent r="4" t="226" w="123" /><ent r="3" t="226" w="186" /><ent r="4" t="227" w="109" /></phr></stem><stem n="sign"><phr n="sign"><ent r="4" t="45" w="394" /><ent r="3" t="103" w="137" /><ent r="4" t="107" w="158" /><ent r="4" t="108" w="100" /><ent r="4" t="109" w="113" /><ent r="4" t="109" w="129" /><ent r="4" t="110" w="114" /><ent r="4" t="110" w="130" /><ent r="4" t="147" w="70" /><ent r="4" t="150" w="109" /><ent r="4" t="151" w="109" /><ent r="4" t="152" w="123" /><ent r="4" t="153" w="118" /><ent r="4" t="154" w="111" /><ent r="4" t="155" w="109" /><ent r="4" t="156" w="105" /><ent r="4" t="157" w="106" /><ent r="4" t="158" w="116" /><ent r="3" t="186" w="1619" /><ent r="4" t="226" w="124" /><ent r="3" t="226" w="187" /><ent r="4" t="227" w="110" /></phr><phr n="signed"><ent r="3" t="173" w="140" /><ent r="7" t="205" w="199" /><ent r="7" t="205" w="205" /><ent r="5" t="241" w="50" /></phr></stem><stem n="(+)"><phr n="(+)"><ent r="4" t="45" w="396" /><ent r="3" t="103" w="139" /><ent r="4" t="107" w="160" /><ent r="4" t="108" w="102" /><ent r="4" t="109" w="115" /><ent r="4" t="109" w="131" /><ent r="4" t="110" w="116" /><ent r="4" t="110" w="132" /><ent r="4" t="147" w="72" /><ent r="4" t="150" w="111" /><ent r="4" t="151" w="111" /><ent r="4" t="152" w="125" /><ent r="4" t="153" w="120" /><ent r="4" t="154" w="113" /><ent r="4" t="155" w="111" /><ent r="4" t="156" w="107" /><ent r="4" t="157" w="108" /><ent r="4" t="158" w="118" /><ent r="4" t="226" w="126" /><ent r="3" t="226" w="189" /><ent r="4" t="227" w="112" /></phr></stem><stem n="toward"><phr n="towards"><ent r="3" t="45" w="415" /><ent r="3" t="82" w="563" /></phr><phr n="toward"><ent r="3" t="82" w="599" /></phr></stem><stem n="below"><phr n="below"><ent r="3" t="45" w="424" /><ent r="4" t="71" w="122" /><ent r="4" t="86" w="82" /><ent r="4" t="86" w="165" /><ent r="4" t="86" w="265" /><ent r="3" t="97" w="222" /><ent r="3" t="160" w="214" /><ent r="4" t="170" w="799" /><ent r="3" t="173" w="411" /><ent r="3" t="183" w="131" /><ent r="3" t="184" w="312" /><ent r="4" t="185" w="2101" /><ent r="4" t="188" w="938" /><ent r="4" t="192" w="288" /><ent r="4" t="193" w="1081" /><ent r="3" t="194" w="681" /><ent r="4" t="194" w="797" /><ent r="3" t="194" w="927" /><ent r="4" t="196" w="91" /><ent r="3" t="206" w="59" /></phr><phr n="Below"><ent r="3" t="128" w="154" /><ent r="3" t="143" w="67" /><ent r="3" t="165" w="116" /><ent r="4" t="187" w="465" /><ent r="3" t="187" w="1499" /><ent r="3" t="193" w="1563" /></phr></stem><stem n="minimum"><phr n="minimum"><ent r="3" t="45" w="442" /><ent r="3" t="45" w="470" /><ent r="3" t="45" w="475" /><ent r="4" t="98" w="80" /><ent r="5" t="156" w="437" /><ent r="5" t="156" w="872" /><ent r="4" t="157" w="415" /><ent r="4" t="159" w="821" /><ent r="5" t="168" w="474" /><ent r="3" t="170" w="729" /><ent r="3" t="170" w="735" /><ent r="3" t="170" w="748" /><ent r="3" t="185" w="1349" /><ent r="4" t="186" w="1740" /><ent r="3" t="199" w="67" /><ent r="3" t="200" w="152" /><ent r="3" t="202" w="627" /><ent r="3" t="202" w="672" /><ent r="7" t="205" w="513" /><ent r="4" t="234" w="73" /></phr><phr n="Minimum"><ent r="3" t="200" w="70" /><ent r="3" t="200" w="208" /><ent r="3" t="202" w="375" /><ent r="3" t="202" w="619" /><ent r="3" t="207" w="190" /></phr></stem><stem n="red"><phr n="red"><ent r="3" t="45" w="450" /><ent r="3" t="88" w="95" /><ent r="4" t="93" w="176" /><ent r="3" t="95" w="78" /><ent r="3" t="102" w="67" /><ent r="4" t="128" w="827" /><ent r="3" t="132" w="243" /><ent r="4" t="156" w="372" /><ent r="4" t="156" w="807" /><ent r="3" t="173" w="43" /><ent r="3" t="185" w="1223" /><ent r="3" t="185" w="1287" /><ent r="3" t="185" w="1327" /><ent r="4" t="185" w="2011" /><ent r="4" t="187" w="953" /><ent r="3" t="187" w="1516" /><ent r="4" t="189" w="857" /><ent r="4" t="189" w="906" /><ent r="3" t="190" w="711" /><ent r="4" t="192" w="785" /><ent r="3" t="193" w="563" /><ent r="3" t="212" w="123" /><ent r="5" t="224" w="315" /></phr><phr n="Red"><ent r="3" t="185" w="1472" /><ent r="3" t="186" w="2101" /></phr></stem><stem n="green"><phr n="green"><ent r="3" t="45" w="451" /><ent r="3" t="74" w="57" /><ent r="3" t="88" w="96" /><ent r="4" t="93" w="189" /><ent r="3" t="95" w="79" /><ent r="3" t="102" w="68" /><ent r="6" t="128" w="374" /><ent r="4" t="156" w="375" /><ent r="4" t="156" w="810" /><ent r="3" t="185" w="1224" /><ent r="3" t="185" w="1366" /><ent r="3" t="185" w="1372" /><ent r="4" t="185" w="2014" /><ent r="4" t="185" w="2098" /><ent r="3" t="186" w="1334" /><ent r="4" t="186" w="2906" /><ent r="5" t="186" w="3000" /><ent r="3" t="187" w="1525" /><ent r="3" t="190" w="717" /><ent r="7" t="193" w="1167" /><ent r="5" t="193" w="1182" /><ent r="3" t="212" w="103" /><ent r="5" t="224" w="295" /></phr><phr n="Green"><ent r="3" t="185" w="1473" /></phr></stem><stem n="blue"><phr n="blue"><ent r="3" t="45" w="453" /><ent r="3" t="88" w="98" /><ent r="4" t="93" w="187" /><ent r="3" t="95" w="81" /><ent r="3" t="102" w="70" /><ent r="6" t="128" w="440" /><ent r="4" t="156" w="379" /><ent r="4" t="156" w="814" /><ent r="3" t="185" w="1226" /><ent r="3" t="185" w="1355" /><ent r="3" t="185" w="1361" /><ent r="4" t="185" w="2012" /><ent r="3" t="187" w="1535" /><ent r="5" t="189" w="992" /><ent r="3" t="189" w="1003" /><ent r="3" t="190" w="722" /><ent r="5" t="224" w="265" /></phr><phr n="Blue"><ent r="3" t="185" w="1475" /></phr></stem><stem n="total"><phr n="total"><ent r="3" t="45" w="456" /><ent r="4" t="59" w="111" /><ent r="3" t="185" w="814" /><ent r="3" t="236" w="419" /></phr></stem><stem n="nine"><phr n="nine"><ent r="3" t="45" w="458" /></phr></stem><stem n="median"><phr n="median"><ent r="3" t="45" w="466" /><ent r="5" t="156" w="604" /><ent r="5" t="156" w="1039" /><ent r="5" t="168" w="636" /></phr></stem><stem n="take"><phr n="take"><ent r="3" t="45" w="479" /><ent r="3" t="110" w="184" /><ent r="4" t="110" w="287" /><ent r="4" t="206" w="419" /><ent r="4" t="206" w="608" /><ent r="4" t="206" w="640" /></phr><phr n="takes"><ent r="3" t="47" w="26" /><ent r="3" t="160" w="832" /><ent r="3" t="183" w="16" /><ent r="3" t="202" w="70" /></phr><phr n="taking"><ent r="3" t="173" w="38" /></phr><phr n="Take"><ent r="5" t="224" w="322" /></phr></stem><stem n="preced"><phr n="precedence"><ent r="3" t="45" w="480" /></phr></stem><stem n="fallback"><phr n="fallback"><ent r="3" t="45" w="494" /></phr></stem><stem n="unavail"><phr n="unavailable"><ent r="3" t="45" w="500" /></phr></stem><stem n="known"><phr n="known"><ent r="3" t="45" w="504" /><ent r="4" t="59" w="47" /><ent r="4" t="59" w="84" /><ent r="3" t="111" w="155" /><ent r="3" t="189" w="136" /><ent r="3" t="190" w="126" /><ent r="3" t="236" w="60" /></phr></stem><stem n="double-click"><phr n="Double-click"><ent r="4" t="45" w="512" /><ent r="4" t="45" w="571" /><ent r="4" t="45" w="616" /><ent r="4" t="82" w="277" /><ent r="3" t="129" w="398" /><ent r="3" t="186" w="1409" /><ent r="4" t="186" w="1457" /><ent r="4" t="186" w="1636" /><ent r="3" t="186" w="2115" /><ent r="3" t="186" w="2145" /><ent r="3" t="186" w="2179" /><ent r="3" t="186" w="2192" /><ent r="3" t="194" w="655" /></phr><phr n="double-click"><ent r="7" t="60" w="127" /><ent r="7" t="60" w="190" /><ent r="3" t="128" w="662" /><ent r="4" t="129" w="180" /><ent r="4" t="134" w="136" /><ent r="4" t="190" w="943" /><ent r="7" t="197" w="107" /><ent r="7" t="197" w="143" /><ent r="3" t="206" w="119" /></phr></stem><stem n="cell"><phr n="cell"><ent r="4" t="45" w="516" /><ent r="4" t="45" w="620" /><ent r="4" t="75" w="112" /><ent r="4" t="75" w="161" /><ent r="4" t="84" w="206" /><ent r="4" t="84" w="294" /><ent r="3" t="202" w="288" /><ent r="3" t="206" w="124" /><ent r="3" t="206" w="140" /><ent r="3" t="207" w="103" /></phr><phr n="cells"><ent r="3" t="171" w="71" /><ent r="3" t="171" w="101" /></phr></stem><stem n="accept"><phr n="accept"><ent r="4" t="45" w="541" /><ent r="4" t="107" w="254" /><ent r="4" t="108" w="132" /><ent r="4" t="109" w="151" /><ent r="4" t="110" w="151" /><ent r="4" t="147" w="105" /><ent r="4" t="148" w="345" /><ent r="3" t="150" w="244" /><ent r="4" t="151" w="283" /><ent r="4" t="152" w="206" /><ent r="4" t="153" w="197" /><ent r="3" t="154" w="206" /><ent r="4" t="155" w="156" /><ent r="4" t="156" w="156" /><ent r="4" t="157" w="146" /><ent r="4" t="158" w="263" /><ent r="3" t="178" w="172" /><ent r="4" t="227" w="155" /></phr><phr n="accepts"><ent r="3" t="128" w="503" /><ent r="3" t="188" w="970" /></phr><phr n="acceptable"><ent r="4" t="186" w="1178" /><ent r="3" t="236" w="473" /></phr><phr n="Accept"><ent r="4" t="187" w="1001" /></phr><phr n="accepted"><ent r="3" t="189" w="174" /><ent r="3" t="190" w="164" /><ent r="6" t="241" w="211" /><ent r="6" t="241" w="223" /></phr></stem><stem n="&quot;new"><phr n="&quot;New"><ent r="4" t="45" w="567" /></phr></stem><stem n="give"><phr n="give"><ent r="4" t="45" w="580" /></phr><phr n="gives"><ent r="4" t="59" w="194" /><ent r="4" t="81" w="201" /><ent r="3" t="179" w="20" /><ent r="4" t="180" w="338" /><ent r="4" t="188" w="1265" /><ent r="3" t="193" w="96" /><ent r="3" t="199" w="95" /></phr></stem><stem n="uniqu"><phr n="unique"><ent r="3" t="45" w="595" /><ent r="3" t="83" w="30" /></phr></stem><stem n="encount"><phr n="encounters"><ent r="3" t="45" w="599" /></phr></stem><stem n="keep"><phr n="keep"><ent r="3" t="45" w="609" /><ent r="3" t="50" w="570" /><ent r="4" t="185" w="2296" /></phr><phr n="Keep"><ent r="4" t="191" w="319" /></phr></stem><stem n="delet"><phr n="delete"><ent r="3" t="45" w="612" /><ent r="82" t="45" w="651" /><ent r="4" t="45" w="663" /><ent r="3" t="45" w="681" /><ent r="3" t="75" w="175" /><ent r="4" t="75" w="188" /><ent r="64" t="78" w="331" /><ent r="3" t="84" w="44" /><ent r="3" t="84" w="287" /><ent r="4" t="84" w="305" /><ent r="100" t="85" w="7" /><ent r="100" t="85" w="9" /><ent r="3" t="85" w="26" /><ent r="3" t="85" w="48" /><ent r="3" t="85" w="58" /><ent r="4" t="85" w="89" /><ent r="6" t="91" w="533" /><ent r="5" t="110" w="398" /><ent r="4" t="110" w="413" /><ent r="100" t="142" w="8" /><ent r="100" t="142" w="10" /><ent r="4" t="142" w="14" /><ent r="3" t="160" w="765" /><ent r="3" t="186" w="380" /><ent r="3" t="186" w="1533" /><ent r="3" t="186" w="2731" /><ent r="3" t="209" w="32" /><ent r="3" t="229" w="23" /><ent r="3" t="229" w="240" /><ent r="3" t="230" w="12" /><ent r="3" t="230" w="165" /></phr><phr n="deletes"><ent r="4" t="54" w="146" /><ent r="4" t="84" w="314" /></phr><phr n="deleted"><ent r="4" t="54" w="162" /><ent r="4" t="75" w="201" /><ent r="4" t="85" w="107" /><ent r="3" t="124" w="36" /><ent r="3" t="229" w="301" /><ent r="3" t="230" w="224" /></phr><phr n="Delete"><ent r="5" t="54" w="178" /><ent r="4" t="71" w="283" /><ent r="5" t="75" w="193" /><ent r="64" t="83" w="87" /><ent r="5" t="84" w="310" /><ent r="1000" t="85" w="1" /><ent r="102" t="85" w="13" /><ent r="5" t="131" w="156" /><ent r="64" t="140" w="192" /><ent r="64" t="141" w="128" /><ent r="1000" t="142" w="1" /><ent r="102" t="142" w="4" /><ent r="5" t="142" w="42" /><ent r="4" t="186" w="1310" /><ent r="4" t="186" w="1993" /><ent r="5" t="186" w="2000" /><ent r="7" t="193" w="1217" /><ent r="4" t="194" w="74" /><ent r="4" t="194" w="1103" /><ent r="92" t="229" w="252" /><ent r="5" t="229" w="294" /><ent r="92" t="230" w="157" /><ent r="3" t="230" w="182" /><ent r="4" t="230" w="217" /></phr><phr n="Deletes"><ent r="4" t="54" w="180" /><ent r="5" t="119" w="226" /><ent r="5" t="239" w="117" /></phr><phr n="deletions"><ent r="3" t="85" w="39" /></phr><phr n="deleting"><ent r="3" t="209" w="44" /><ent r="3" t="230" w="195" /><ent r="3" t="236" w="242" /></phr></stem><stem n="other"><phr n="others"><ent r="3" t="45" w="614" /><ent r="7" t="205" w="384" /></phr></stem><stem n="&quot;displai"><phr n="&quot;Display"><ent r="3" t="45" w="646" /></phr></stem><stem n="&quot;"><phr n="&quot;"><ent r="3" t="45" w="648" /><ent r="3" t="48" w="134" /><ent r="4" t="51" w="166" /><ent r="4" t="51" w="221" /><ent r="3" t="53" w="99" /><ent r="4" t="92" w="100" /><ent r="4" t="92" w="107" /><ent r="3" t="107" w="90" /><ent r="3" t="110" w="597" /><ent r="3" t="110" w="610" /><ent r="3" t="110" w="625" /><ent r="3" t="128" w="636" /><ent r="3" t="128" w="719" /><ent r="3" t="144" w="13" /><ent r="3" t="144" w="30" /><ent r="3" t="145" w="37" /><ent r="3" t="145" w="45" /><ent r="92" t="186" w="678" /><ent r="4" t="188" w="1167" /><ent r="6" t="194" w="1320" /><ent r="3" t="206" w="100" /></phr></stem><stem n="remov"><phr n="Remove"><ent r="5" t="45" w="668" /><ent r="92" t="71" w="215" /><ent r="5" t="71" w="265" /><ent r="92" t="131" w="114" /><ent r="3" t="131" w="174" /><ent r="4" t="148" w="317" /><ent r="4" t="159" w="771" /><ent r="4" t="160" w="739" /><ent r="4" t="161" w="738" /><ent r="92" t="171" w="306" /><ent r="5" t="171" w="349" /><ent r="4" t="187" w="92" /><ent r="6" t="193" w="1205" /><ent r="4" t="194" w="1090" /><ent r="4" t="211" w="877" /><ent r="92" t="217" w="77" /><ent r="5" t="217" w="106" /><ent r="92" t="217" w="250" /><ent r="5" t="217" w="267" /><ent r="3" t="217" w="273" /><ent r="5" t="225" w="262" /><ent r="5" t="239" w="114" /></phr><phr n="remove"><ent r="4" t="71" w="262" /><ent r="3" t="71" w="276" /><ent r="4" t="87" w="116" /><ent r="3" t="114" w="117" /><ent r="3" t="114" w="122" /><ent r="3" t="124" w="35" /><ent r="3" t="131" w="122" /><ent r="3" t="131" w="129" /><ent r="3" t="148" w="298" /><ent r="4" t="156" w="708" /><ent r="4" t="156" w="1143" /><ent r="3" t="159" w="753" /><ent r="3" t="160" w="721" /><ent r="3" t="161" w="720" /><ent r="4" t="168" w="743" /><ent r="3" t="171" w="312" /><ent r="3" t="173" w="216" /><ent r="3" t="178" w="205" /><ent r="4" t="186" w="1481" /><ent r="4" t="204" w="134" /><ent r="3" t="211" w="859" /><ent r="3" t="215" w="220" /><ent r="3" t="217" w="81" /><ent r="4" t="217" w="97" /><ent r="3" t="217" w="122" /><ent r="3" t="217" w="254" /><ent r="4" t="217" w="286" /><ent r="3" t="225" w="243" /><ent r="100" t="239" w="132" /></phr><phr n="removed"><ent r="3" t="131" w="197" /><ent r="3" t="131" w="234" /><ent r="3" t="136" w="29" /><ent r="3" t="163" w="134" /><ent r="3" t="173" w="59" /><ent r="3" t="173" w="74" /><ent r="3" t="186" w="1338" /><ent r="3" t="186" w="2297" /><ent r="4" t="217" w="113" /></phr><phr n="removing"><ent r="3" t="173" w="20" /><ent r="3" t="186" w="3049" /></phr><phr n="Removes"><ent r="6" t="173" w="501" /></phr><phr n="removes"><ent r="3" t="229" w="313" /></phr></stem><stem n="confirm"><phr n="confirmation"><ent r="4" t="45" w="672" /><ent r="3" t="82" w="532" /><ent r="4" t="110" w="408" /><ent r="4" t="142" w="47" /><ent r="3" t="229" w="305" /><ent r="3" t="230" w="191" /></phr><phr n="Confirm"><ent r="5" t="109" w="516" /><ent r="5" t="110" w="394" /><ent r="4" t="185" w="2346" /></phr><phr n="confirm"><ent r="4" t="109" w="527" /><ent r="4" t="109" w="543" /></phr></stem><stem n="restor"><phr n="restored"><ent r="3" t="45" w="691" /><ent r="3" t="79" w="152" /><ent r="3" t="145" w="525" /><ent r="3" t="145" w="699" /></phr><phr n="Restores"><ent r="7" t="91" w="313" /></phr><phr n="Restore"><ent r="4" t="145" w="299" /><ent r="4" t="145" w="671" /><ent r="4" t="145" w="692" /></phr><phr n="Restoring"><ent r="92" t="145" w="631" /><ent r="3" t="145" w="635" /></phr><phr n="restore"><ent r="3" t="185" w="774" /></phr></stem><stem n="recreat"><phr n="recreate"><ent r="3" t="45" w="695" /><ent r="3" t="77" w="36" /></phr></stem><stem n="normal"><phr n="Normally"><ent r="3" t="47" w="12" /></phr><phr n="normal"><ent r="3" t="163" w="154" /><ent r="4" t="176" w="289" /><ent r="3" t="185" w="776" /></phr><phr n="Normalized"><ent r="3" t="186" w="281" /><ent r="3" t="186" w="2086" /></phr></stem><stem n="prepar"><phr n="prepares"><ent r="3" t="47" w="14" /></phr></stem><stem n="portion"><phr n="portions"><ent r="3" t="47" w="15" /></phr><phr n="portion"><ent r="3" t="47" w="47" /><ent r="4" t="59" w="104" /><ent r="4" t="186" w="1896" /><ent r="3" t="187" w="850" /><ent r="4" t="192" w="775" /></phr></stem><stem n="'re"><phr n="'re"><ent r="3" t="47" w="23" /><ent r="3" t="77" w="30" /><ent r="3" t="82" w="466" /><ent r="3" t="101" w="21" /><ent r="3" t="101" w="54" /><ent r="4" t="168" w="121" /><ent r="4" t="180" w="193" /><ent r="3" t="186" w="1525" /></phr></stem><stem n="they'r"><phr n="they're"><ent r="3" t="47" w="23" /><ent r="3" t="47" w="22" /></phr></stem><stem n="notic"><phr n="noticeable"><ent r="3" t="47" w="30" /></phr><phr n="notice"><ent r="4" t="177" w="101" /><ent r="4" t="185" w="1878" /><ent r="3" t="188" w="630" /><ent r="5" t="222" w="161" /></phr><phr n="Notice"><ent r="4" t="185" w="1414" /><ent r="3" t="186" w="938" /><ent r="3" t="186" w="1084" /><ent r="4" t="186" w="1229" /><ent r="4" t="186" w="2670" /><ent r="3" t="191" w="294" /><ent r="3" t="191" w="379" /><ent r="4" t="192" w="694" /><ent r="4" t="193" w="1243" /></phr></stem><stem n="caus"><phr n="cause"><ent r="3" t="47" w="36" /></phr><phr n="causes"><ent r="4" t="182" w="82" /><ent r="4" t="182" w="112" /></phr></stem><stem n="smooth"><phr n="smooth"><ent r="3" t="47" w="38" /><ent r="3" t="47" w="103" /><ent r="3" t="47" w="119" /><ent r="3" t="47" w="153" /><ent r="3" t="47" w="166" /><ent r="3" t="110" w="245" /><ent r="3" t="110" w="316" /><ent r="4" t="182" w="47" /></phr><phr n="Smooth"><ent r="5" t="159" w="896" /></phr><phr n="smoothed"><ent r="4" t="159" w="918" /></phr><phr n="smoothing"><ent r="4" t="181" w="188" /><ent r="4" t="181" w="197" /><ent r="4" t="181" w="206" /></phr><phr n="smooths"><ent r="4" t="182" w="149" /></phr></stem><stem n="hesit"><phr n="hesitate"><ent r="3" t="47" w="42" /></phr><phr n="hesitation"><ent r="3" t="47" w="55" /></phr></stem><stem n="avoid"><phr n="avoid"><ent r="3" t="47" w="53" /></phr></stem><stem n="hardwar"><phr n="hardware"><ent r="3" t="47" w="117" /><ent r="3" t="143" w="210" /><ent r="4" t="168" w="776" /></phr></stem><stem n="redraw"><phr n="redraw"><ent r="3" t="47" w="123" /><ent r="3" t="47" w="141" /></phr></stem><stem n="fast"><phr n="fast"><ent r="3" t="47" w="125" /><ent r="3" t="110" w="243" /><ent r="3" t="143" w="18" /><ent r="3" t="225" w="58" /></phr><phr n="Fast"><ent r="4" t="110" w="268" /><ent r="5" t="156" w="239" /></phr></stem></index>