﻿<?xml version="1.0" encoding="utf-8"?><index><stem n="entir"><phr n="entire"><ent r="7" t="5" w="193" /><ent r="7" t="5" w="239" /><ent r="4" t="20" w="380" /><ent r="4" t="20" w="407" /><ent r="4" t="57" w="575" /><ent r="4" t="57" w="1010" /><ent r="3" t="74" w="620" /><ent r="5" t="116" w="390" /><ent r="4" t="145" w="138" /><ent r="3" t="150" w="120" /><ent r="3" t="153" w="847" /><ent r="3" t="156" w="215" /><ent r="3" t="157" w="110" /><ent r="3" t="157" w="314" /><ent r="4" t="166" w="17" /><ent r="3" t="188" w="450" /><ent r="3" t="192" w="280" /><ent r="3" t="203" w="215" /><ent r="4" t="207" w="1036" /></phr><phr n="entirely"><ent r="3" t="204" w="267" /><ent r="3" t="242" w="226" /></phr></stem><stem n="&quot;undo&quot;"><phr n="&quot;undo&quot;"><ent r="7" t="5" w="195" /></phr></stem><stem n="stack"><phr n="stack"><ent r="7" t="5" w="195" /><ent r="7" t="5" w="241" /></phr></stem><stem n="z"><phr n="Z"><ent r="7" t="5" w="216" /><ent r="7" t="14" w="465" /><ent r="4" t="30" w="145" /><ent r="4" t="30" w="152" /><ent r="4" t="30" w="159" /><ent r="4" t="30" w="166" /><ent r="3" t="30" w="174" /><ent r="3" t="30" w="177" /><ent r="4" t="199" w="316" /><ent r="7" t="220" w="502" /><ent r="7" t="220" w="524" /><ent r="7" t="220" w="541" /><ent r="5" t="234" w="332" /><ent r="5" t="234" w="349" /></phr><phr n="z"><ent r="7" t="220" w="489" /><ent r="7" t="220" w="505" /><ent r="7" t="220" w="527" /><ent r="3" t="220" w="753" /><ent r="3" t="220" w="761" /></phr></stem><stem n="redo"><phr n="Redoes"><ent r="7" t="5" w="219" /></phr><phr n="redo"><ent r="7" t="5" w="240" /><ent r="7" t="5" w="253" /></phr><phr n="Redo"><ent r="4" t="106" w="412" /></phr></stem><stem n="&quot;redo&quot;"><phr n="&quot;redo&quot;"><ent r="7" t="5" w="241" /></phr></stem><stem n="y"><phr n="Y"><ent r="7" t="5" w="262" /><ent r="4" t="108" w="154" /><ent r="4" t="108" w="169" /><ent r="4" t="123" w="90" /><ent r="3" t="204" w="1416" /><ent r="7" t="204" w="1696" /><ent r="7" t="220" w="519" /><ent r="7" t="220" w="537" /><ent r="7" t="220" w="550" /></phr><phr n="y"><ent r="6" t="14" w="380" /><ent r="7" t="14" w="390" /><ent r="3" t="112" w="36" /><ent r="4" t="135" w="528" /><ent r="4" t="172" w="875" /><ent r="3" t="199" w="60" /><ent r="3" t="199" w="262" /><ent r="4" t="199" w="273" /><ent r="3" t="203" w="177" /><ent r="4" t="203" w="1148" /><ent r="3" t="206" w="1469" /><ent r="3" t="206" w="1651" /><ent r="3" t="206" w="1663" /><ent r="7" t="220" w="382" /><ent r="7" t="220" w="424" /><ent r="7" t="220" w="435" /><ent r="3" t="242" w="413" /></phr></stem><stem n="dialog"><phr n="dialog"><ent r="7" t="5" w="269" /><ent r="6" t="7" w="198" /><ent r="7" t="9" w="71" /><ent r="4" t="17" w="97" /><ent r="3" t="17" w="242" /><ent r="3" t="18" w="166" /><ent r="3" t="18" w="216" /><ent r="3" t="19" w="16" /><ent r="3" t="19" w="29" /><ent r="3" t="19" w="41" /><ent r="3" t="22" w="92" /><ent r="4" t="22" w="182" /><ent r="4" t="22" w="316" /><ent r="4" t="22" w="564" /><ent r="3" t="25" w="31" /><ent r="3" t="27" w="43" /><ent r="4" t="29" w="259" /><ent r="4" t="29" w="270" /><ent r="4" t="30" w="245" /><ent r="4" t="30" w="266" /><ent r="4" t="30" w="435" /><ent r="4" t="30" w="497" /><ent r="4" t="33" w="51" /><ent r="3" t="37" w="60" /><ent r="4" t="40" w="45" /><ent r="4" t="41" w="174" /><ent r="4" t="42" w="171" /><ent r="3" t="43" w="80" /><ent r="4" t="45" w="130" /><ent r="5" t="45" w="244" /><ent r="3" t="49" w="29" /><ent r="3" t="56" w="17" /><ent r="7" t="64" w="144" /><ent r="4" t="69" w="673" /><ent r="4" t="72" w="245" /><ent r="4" t="72" w="310" /><ent r="4" t="73" w="154" /><ent r="3" t="73" w="284" /><ent r="4" t="73" w="336" /><ent r="3" t="74" w="163" /><ent r="5" t="74" w="300" /><ent r="6" t="74" w="361" /><ent r="4" t="74" w="638" /><ent r="4" t="74" w="654" /><ent r="3" t="75" w="226" /><ent r="4" t="75" w="234" /><ent r="4" t="76" w="100" /><ent r="4" t="78" w="219" /><ent r="3" t="85" w="45" /><ent r="4" t="87" w="39" /><ent r="3" t="87" w="71" /><ent r="4" t="87" w="196" /><ent r="3" t="87" w="213" /><ent r="3" t="87" w="230" /><ent r="4" t="92" w="114" /><ent r="4" t="95" w="138" /><ent r="4" t="96" w="77" /><ent r="4" t="97" w="126" /><ent r="3" t="99" w="87" /><ent r="4" t="103" w="96" /><ent r="4" t="104" w="66" /><ent r="4" t="104" w="80" /><ent r="4" t="105" w="137" /><ent r="4" t="105" w="185" /><ent r="4" t="105" w="233" /><ent r="4" t="106" w="49" /><ent r="4" t="106" w="314" /><ent r="4" t="108" w="237" /><ent r="3" t="118" w="115" /><ent r="4" t="118" w="171" /><ent r="4" t="118" w="258" /><ent r="4" t="118" w="379" /><ent r="4" t="119" w="136" /><ent r="4" t="121" w="119" /><ent r="4" t="121" w="239" /><ent r="4" t="122" w="111" /><ent r="4" t="122" w="234" /><ent r="3" t="122" w="251" /><ent r="3" t="122" w="274" /><ent r="3" t="122" w="317" /><ent r="4" t="123" w="74" /><ent r="3" t="125" w="51" /><ent r="4" t="126" w="169" /><ent r="4" t="127" w="174" /><ent r="3" t="130" w="72" /><ent r="4" t="134" w="503" /><ent r="4" t="135" w="409" /><ent r="3" t="136" w="342" /><ent r="65" t="136" w="522" /><ent r="3" t="137" w="117" /><ent r="4" t="138" w="87" /><ent r="7" t="144" w="45" /><ent r="4" t="146" w="105" /><ent r="4" t="148" w="72" /><ent r="3" t="152" w="32" /><ent r="3" t="153" w="259" /><ent r="3" t="153" w="266" /><ent r="8" t="153" w="435" /><ent r="3" t="153" w="640" /><ent r="3" t="153" w="693" /><ent r="3" t="153" w="713" /><ent r="3" t="154" w="85" /><ent r="3" t="154" w="190" /><ent r="4" t="154" w="349" /><ent r="4" t="154" w="408" /><ent r="4" t="155" w="42" /><ent r="4" t="161" w="54" /><ent r="4" t="163" w="60" /><ent r="4" t="164" w="56" /><ent r="4" t="167" w="48" /><ent r="3" t="171" w="410" /><ent r="3" t="172" w="59" /><ent r="4" t="172" w="126" /><ent r="3" t="172" w="137" /><ent r="4" t="172" w="175" /><ent r="3" t="172" w="191" /><ent r="3" t="172" w="208" /><ent r="4" t="172" w="442" /><ent r="3" t="173" w="21" /><ent r="5" t="173" w="130" /><ent r="3" t="173" w="148" /><ent r="3" t="173" w="165" /><ent r="4" t="173" w="431" /><ent r="3" t="174" w="77" /><ent r="4" t="174" w="93" /><ent r="3" t="174" w="134" /><ent r="3" t="174" w="139" /><ent r="4" t="174" w="166" /><ent r="3" t="174" w="183" /><ent r="3" t="174" w="200" /><ent r="4" t="174" w="429" /><ent r="4" t="175" w="49" /><ent r="3" t="175" w="91" /><ent r="3" t="175" w="96" /><ent r="5" t="175" w="196" /><ent r="3" t="175" w="213" /><ent r="3" t="175" w="230" /><ent r="3" t="176" w="56" /><ent r="6" t="176" w="69" /><ent r="3" t="176" w="87" /><ent r="3" t="176" w="104" /><ent r="3" t="176" w="214" /><ent r="3" t="176" w="251" /><ent r="4" t="177" w="73" /><ent r="3" t="177" w="121" /><ent r="4" t="177" w="241" /><ent r="3" t="177" w="258" /><ent r="3" t="177" w="275" /><ent r="4" t="178" w="62" /><ent r="3" t="178" w="123" /><ent r="3" t="178" w="170" /><ent r="3" t="178" w="187" /><ent r="3" t="178" w="204" /><ent r="3" t="179" w="25" /><ent r="4" t="179" w="53" /><ent r="4" t="179" w="104" /><ent r="3" t="179" w="121" /><ent r="3" t="179" w="138" /><ent r="4" t="180" w="69" /><ent r="3" t="180" w="102" /><ent r="4" t="180" w="200" /><ent r="3" t="180" w="217" /><ent r="3" t="180" w="234" /><ent r="3" t="181" w="46" /><ent r="4" t="181" w="136" /><ent r="3" t="181" w="153" /><ent r="3" t="181" w="170" /><ent r="3" t="182" w="52" /><ent r="3" t="183" w="159" /><ent r="3" t="185" w="46" /><ent r="3" t="185" w="157" /><ent r="4" t="185" w="321" /><ent r="4" t="185" w="329" /><ent r="4" t="185" w="347" /><ent r="4" t="185" w="356" /><ent r="4" t="185" w="387" /><ent r="4" t="185" w="441" /><ent r="4" t="185" w="526" /><ent r="4" t="185" w="624" /><ent r="4" t="185" w="643" /><ent r="4" t="185" w="651" /><ent r="3" t="186" w="94" /><ent r="4" t="186" w="150" /><ent r="4" t="186" w="237" /><ent r="4" t="186" w="358" /><ent r="4" t="187" w="297" /><ent r="4" t="187" w="305" /><ent r="4" t="187" w="323" /><ent r="4" t="187" w="360" /><ent r="4" t="187" w="414" /><ent r="4" t="187" w="501" /><ent r="4" t="187" w="598" /><ent r="4" t="188" w="163" /><ent r="3" t="188" w="195" /><ent r="4" t="188" w="772" /><ent r="4" t="188" w="778" /><ent r="4" t="188" w="877" /><ent r="3" t="190" w="76" /><ent r="3" t="192" w="80" /><ent r="3" t="192" w="111" /><ent r="3" t="192" w="307" /><ent r="4" t="195" w="163" /><ent r="4" t="199" w="202" /><ent r="3" t="201" w="55" /><ent r="4" t="203" w="612" /><ent r="3" t="203" w="2160" /><ent r="4" t="203" w="2221" /><ent r="4" t="203" w="2329" /><ent r="4" t="203" w="2366" /><ent r="4" t="204" w="884" /><ent r="3" t="204" w="987" /><ent r="4" t="204" w="1063" /><ent r="4" t="204" w="1194" /><ent r="3" t="204" w="1269" /><ent r="4" t="204" w="1278" /><ent r="3" t="204" w="1333" /><ent r="3" t="204" w="1377" /><ent r="4" t="204" w="1386" /><ent r="3" t="204" w="1441" /><ent r="3" t="204" w="1460" /><ent r="3" t="204" w="1728" /><ent r="4" t="204" w="1797" /><ent r="3" t="204" w="2071" /><ent r="3" t="204" w="2089" /><ent r="3" t="204" w="2156" /><ent r="3" t="204" w="2351" /><ent r="3" t="204" w="2385" /><ent r="4" t="204" w="2473" /><ent r="4" t="204" w="2504" /><ent r="4" t="204" w="2631" /><ent r="3" t="204" w="2767" /><ent r="3" t="204" w="2988" /><ent r="4" t="205" w="532" /><ent r="4" t="205" w="811" /><ent r="4" t="205" w="833" /><ent r="4" t="205" w="1020" /><ent r="4" t="205" w="1069" /><ent r="3" t="205" w="1089" /><ent r="4" t="205" w="1384" /><ent r="4" t="205" w="1430" /><ent r="4" t="206" w="1041" /><ent r="4" t="206" w="1077" /><ent r="4" t="206" w="1185" /><ent r="4" t="206" w="1282" /><ent r="4" t="206" w="1356" /><ent r="4" t="206" w="1379" /><ent r="4" t="207" w="817" /><ent r="4" t="207" w="933" /><ent r="4" t="207" w="946" /><ent r="4" t="208" w="709" /><ent r="4" t="208" w="1045" /><ent r="4" t="208" w="1072" /><ent r="4" t="208" w="1079" /><ent r="4" t="208" w="1143" /><ent r="4" t="208" w="1167" /><ent r="3" t="208" w="1253" /><ent r="4" t="209" w="472" /><ent r="3" t="210" w="596" /><ent r="4" t="210" w="779" /><ent r="3" t="210" w="794" /><ent r="3" t="210" w="1062" /><ent r="3" t="210" w="1161" /><ent r="4" t="211" w="615" /><ent r="4" t="211" w="700" /><ent r="4" t="211" w="1790" /><ent r="4" t="212" w="451" /><ent r="3" t="212" w="756" /><ent r="64" t="212" w="1410" /><ent r="4" t="212" w="1444" /><ent r="4" t="214" w="59" /><ent r="4" t="214" w="102" /><ent r="3" t="219" w="86" /><ent r="4" t="226" w="46" /><ent r="3" t="226" w="59" /><ent r="4" t="226" w="89" /><ent r="3" t="226" w="134" /><ent r="3" t="226" w="170" /><ent r="4" t="226" w="182" /><ent r="3" t="226" w="195" /><ent r="4" t="226" w="262" /><ent r="3" t="226" w="275" /><ent r="4" t="233" w="86" /><ent r="3" t="235" w="192" /><ent r="3" t="238" w="69" /><ent r="3" t="238" w="115" /><ent r="3" t="238" w="214" /><ent r="3" t="242" w="261" /><ent r="3" t="244" w="167" /><ent r="3" t="244" w="174" /><ent r="4" t="244" w="445" /><ent r="4" t="244" w="730" /><ent r="7" t="248" w="97" /><ent r="7" t="248" w="133" /><ent r="7" t="248" w="210" /><ent r="7" t="249" w="92" /><ent r="7" t="249" w="102" /></phr><phr n="Dialog"><ent r="4" t="106" w="510" /><ent r="92" t="185" w="339" /><ent r="92" t="187" w="315" /></phr><phr n="dialogs"><ent r="3" t="106" w="523" /><ent r="3" t="137" w="232" /><ent r="4" t="150" w="39" /><ent r="4" t="153" w="756" /><ent r="4" t="157" w="54" /></phr></stem><stem n="box"><phr n="box"><ent r="7" t="5" w="270" /><ent r="6" t="7" w="199" /><ent r="6" t="7" w="203" /><ent r="7" t="9" w="72" /><ent r="6" t="11" w="113" /><ent r="6" t="11" w="120" /><ent r="7" t="11" w="209" /><ent r="6" t="11" w="327" /><ent r="4" t="17" w="98" /><ent r="3" t="17" w="243" /><ent r="3" t="18" w="167" /><ent r="3" t="19" w="42" /><ent r="3" t="22" w="93" /><ent r="4" t="22" w="183" /><ent r="4" t="22" w="522" /><ent r="4" t="22" w="565" /><ent r="3" t="22" w="817" /><ent r="3" t="25" w="126" /><ent r="4" t="26" w="90" /><ent r="3" t="28" w="28" /><ent r="4" t="30" w="246" /><ent r="4" t="30" w="267" /><ent r="4" t="33" w="52" /><ent r="3" t="37" w="61" /><ent r="4" t="40" w="46" /><ent r="4" t="41" w="175" /><ent r="4" t="42" w="172" /><ent r="3" t="43" w="81" /><ent r="4" t="45" w="131" /><ent r="3" t="47" w="211" /><ent r="3" t="47" w="314" /><ent r="3" t="47" w="518" /><ent r="3" t="47" w="682" /><ent r="3" t="59" w="252" /><ent r="7" t="64" w="145" /><ent r="7" t="64" w="149" /><ent r="3" t="68" w="84" /><ent r="4" t="72" w="246" /><ent r="4" t="72" w="311" /><ent r="4" t="73" w="155" /><ent r="4" t="73" w="337" /><ent r="4" t="73" w="357" /><ent r="3" t="74" w="164" /><ent r="5" t="74" w="301" /><ent r="6" t="74" w="362" /><ent r="4" t="74" w="639" /><ent r="4" t="74" w="655" /><ent r="4" t="76" w="101" /><ent r="4" t="78" w="220" /><ent r="4" t="82" w="51" /><ent r="4" t="82" w="60" /><ent r="3" t="85" w="46" /><ent r="4" t="86" w="42" /><ent r="4" t="86" w="58" /><ent r="4" t="87" w="40" /><ent r="3" t="87" w="72" /><ent r="4" t="87" w="197" /><ent r="3" t="87" w="214" /><ent r="3" t="87" w="231" /><ent r="4" t="90" w="79" /><ent r="4" t="90" w="93" /><ent r="4" t="90" w="109" /><ent r="3" t="90" w="147" /><ent r="4" t="90" w="152" /><ent r="4" t="90" w="160" /><ent r="3" t="92" w="131" /><ent r="4" t="92" w="136" /><ent r="4" t="92" w="144" /><ent r="4" t="92" w="155" /><ent r="4" t="92" w="177" /><ent r="4" t="92" w="224" /><ent r="4" t="92" w="237" /><ent r="4" t="92" w="270" /><ent r="4" t="95" w="83" /><ent r="4" t="95" w="110" /><ent r="4" t="95" w="139" /><ent r="4" t="95" w="203" /><ent r="4" t="96" w="78" /><ent r="4" t="97" w="127" /><ent r="3" t="99" w="88" /><ent r="3" t="99" w="229" /><ent r="4" t="103" w="97" /><ent r="4" t="104" w="67" /><ent r="4" t="104" w="81" /><ent r="4" t="105" w="138" /><ent r="4" t="105" w="186" /><ent r="4" t="105" w="234" /><ent r="4" t="106" w="50" /><ent r="4" t="106" w="315" /><ent r="4" t="108" w="238" /><ent r="3" t="118" w="116" /><ent r="4" t="118" w="129" /><ent r="4" t="118" w="146" /><ent r="4" t="118" w="172" /><ent r="4" t="118" w="259" /><ent r="4" t="118" w="380" /><ent r="4" t="119" w="137" /><ent r="4" t="121" w="120" /><ent r="4" t="121" w="240" /><ent r="4" t="122" w="112" /><ent r="4" t="122" w="122" /><ent r="3" t="122" w="147" /><ent r="3" t="122" w="209" /><ent r="4" t="122" w="235" /><ent r="3" t="122" w="252" /><ent r="3" t="122" w="275" /><ent r="3" t="122" w="318" /><ent r="4" t="123" w="75" /><ent r="3" t="125" w="52" /><ent r="4" t="126" w="170" /><ent r="4" t="127" w="175" /><ent r="3" t="130" w="50" /><ent r="3" t="130" w="64" /><ent r="3" t="130" w="73" /><ent r="3" t="134" w="174" /><ent r="3" t="134" w="367" /><ent r="3" t="134" w="404" /><ent r="4" t="134" w="522" /><ent r="4" t="134" w="534" /><ent r="4" t="135" w="410" /><ent r="3" t="136" w="343" /><ent r="3" t="137" w="118" /><ent r="4" t="138" w="88" /><ent r="7" t="144" w="46" /><ent r="4" t="146" w="106" /><ent r="4" t="148" w="73" /><ent r="3" t="152" w="33" /><ent r="3" t="153" w="260" /><ent r="3" t="153" w="267" /><ent r="3" t="153" w="694" /><ent r="3" t="154" w="86" /><ent r="3" t="154" w="191" /><ent r="4" t="154" w="350" /><ent r="4" t="154" w="409" /><ent r="4" t="155" w="43" /><ent r="4" t="161" w="55" /><ent r="4" t="163" w="61" /><ent r="4" t="164" w="57" /><ent r="4" t="167" w="49" /><ent r="3" t="171" w="411" /><ent r="3" t="172" w="60" /><ent r="4" t="172" w="127" /><ent r="3" t="172" w="138" /><ent r="4" t="172" w="176" /><ent r="3" t="172" w="192" /><ent r="3" t="172" w="209" /><ent r="4" t="172" w="400" /><ent r="4" t="172" w="443" /><ent r="3" t="172" w="691" /><ent r="5" t="173" w="131" /><ent r="3" t="173" w="149" /><ent r="3" t="173" w="166" /><ent r="4" t="173" w="392" /><ent r="4" t="173" w="432" /><ent r="3" t="173" w="680" /><ent r="4" t="173" w="1079" /><ent r="4" t="173" w="1136" /><ent r="3" t="174" w="78" /><ent r="4" t="174" w="94" /><ent r="3" t="174" w="135" /><ent r="3" t="174" w="140" /><ent r="4" t="174" w="167" /><ent r="3" t="174" w="184" /><ent r="3" t="174" w="201" /><ent r="4" t="174" w="390" /><ent r="4" t="174" w="430" /><ent r="3" t="174" w="678" /><ent r="4" t="175" w="50" /><ent r="3" t="175" w="92" /><ent r="3" t="175" w="97" /><ent r="5" t="175" w="197" /><ent r="3" t="175" w="214" /><ent r="3" t="175" w="231" /><ent r="3" t="176" w="57" /><ent r="6" t="176" w="70" /><ent r="3" t="176" w="88" /><ent r="3" t="176" w="105" /><ent r="3" t="176" w="215" /><ent r="3" t="176" w="252" /><ent r="4" t="177" w="74" /><ent r="3" t="177" w="122" /><ent r="3" t="177" w="176" /><ent r="4" t="177" w="242" /><ent r="3" t="177" w="259" /><ent r="3" t="177" w="276" /><ent r="4" t="178" w="63" /><ent r="3" t="178" w="124" /><ent r="3" t="178" w="171" /><ent r="3" t="178" w="188" /><ent r="3" t="178" w="205" /><ent r="4" t="179" w="54" /><ent r="4" t="179" w="84" /><ent r="4" t="179" w="105" /><ent r="3" t="179" w="122" /><ent r="3" t="179" w="139" /><ent r="3" t="179" w="276" /><ent r="4" t="180" w="70" /><ent r="3" t="180" w="103" /><ent r="4" t="180" w="201" /><ent r="3" t="180" w="218" /><ent r="3" t="180" w="235" /><ent r="4" t="181" w="137" /><ent r="3" t="181" w="154" /><ent r="3" t="181" w="171" /><ent r="3" t="185" w="158" /><ent r="4" t="185" w="174" /><ent r="4" t="185" w="330" /><ent r="4" t="185" w="362" /><ent r="4" t="185" w="388" /><ent r="4" t="185" w="399" /><ent r="4" t="185" w="416" /><ent r="4" t="185" w="442" /><ent r="4" t="185" w="527" /><ent r="4" t="185" w="625" /><ent r="4" t="185" w="652" /><ent r="3" t="186" w="95" /><ent r="4" t="186" w="108" /><ent r="4" t="186" w="125" /><ent r="4" t="186" w="151" /><ent r="4" t="186" w="238" /><ent r="4" t="186" w="359" /><ent r="4" t="187" w="149" /><ent r="4" t="187" w="306" /><ent r="4" t="187" w="333" /><ent r="4" t="187" w="361" /><ent r="4" t="187" w="372" /><ent r="4" t="187" w="389" /><ent r="4" t="187" w="415" /><ent r="4" t="187" w="502" /><ent r="4" t="187" w="599" /><ent r="4" t="188" w="164" /><ent r="4" t="188" w="773" /><ent r="4" t="188" w="779" /><ent r="4" t="188" w="878" /><ent r="3" t="192" w="81" /><ent r="3" t="192" w="102" /><ent r="3" t="192" w="112" /><ent r="4" t="192" w="227" /><ent r="3" t="192" w="308" /><ent r="4" t="195" w="164" /><ent r="4" t="195" w="216" /><ent r="4" t="196" w="236" /><ent r="4" t="198" w="161" /><ent r="4" t="198" w="223" /><ent r="4" t="198" w="232" /><ent r="3" t="201" w="56" /><ent r="4" t="203" w="613" /><ent r="4" t="203" w="2222" /><ent r="4" t="203" w="2243" /><ent r="4" t="203" w="2330" /><ent r="4" t="203" w="2367" /><ent r="4" t="204" w="885" /><ent r="3" t="204" w="988" /><ent r="4" t="204" w="1064" /><ent r="3" t="204" w="1270" /><ent r="4" t="204" w="1279" /><ent r="3" t="204" w="1334" /><ent r="3" t="204" w="1378" /><ent r="4" t="204" w="1387" /><ent r="4" t="204" w="1403" /><ent r="3" t="204" w="1418" /><ent r="3" t="204" w="1442" /><ent r="3" t="204" w="1461" /><ent r="4" t="204" w="1481" /><ent r="4" t="204" w="1659" /><ent r="3" t="204" w="1729" /><ent r="4" t="204" w="1798" /><ent r="3" t="204" w="2072" /><ent r="3" t="204" w="2352" /><ent r="3" t="204" w="2386" /><ent r="4" t="204" w="2474" /><ent r="4" t="204" w="2505" /><ent r="4" t="204" w="2513" /><ent r="4" t="204" w="2524" /><ent r="3" t="204" w="2585" /><ent r="3" t="204" w="2595" /><ent r="4" t="204" w="2632" /><ent r="4" t="204" w="2657" /><ent r="4" t="204" w="2925" /><ent r="3" t="204" w="2979" /><ent r="3" t="204" w="2989" /><ent r="3" t="204" w="3002" /><ent r="3" t="204" w="3010" /><ent r="3" t="204" w="3187" /><ent r="4" t="204" w="3237" /><ent r="4" t="205" w="533" /><ent r="4" t="205" w="565" /><ent r="4" t="205" w="588" /><ent r="4" t="205" w="834" /><ent r="4" t="205" w="1021" /><ent r="4" t="205" w="1070" /><ent r="3" t="205" w="1090" /><ent r="4" t="205" w="1253" /><ent r="4" t="205" w="1385" /><ent r="4" t="205" w="1431" /><ent r="4" t="206" w="750" /><ent r="4" t="206" w="1042" /><ent r="4" t="206" w="1078" /><ent r="4" t="206" w="1186" /><ent r="4" t="206" w="1303" /><ent r="4" t="206" w="1357" /><ent r="4" t="206" w="1380" /><ent r="4" t="207" w="818" /><ent r="4" t="207" w="893" /><ent r="4" t="207" w="947" /><ent r="4" t="207" w="1033" /><ent r="4" t="208" w="710" /><ent r="4" t="208" w="1046" /><ent r="4" t="208" w="1073" /><ent r="4" t="208" w="1080" /><ent r="4" t="208" w="1087" /><ent r="4" t="208" w="1144" /><ent r="4" t="208" w="1168" /><ent r="4" t="209" w="473" /><ent r="3" t="210" w="597" /><ent r="4" t="210" w="632" /><ent r="4" t="210" w="769" /><ent r="3" t="210" w="1063" /><ent r="3" t="210" w="1162" /><ent r="4" t="211" w="616" /><ent r="4" t="211" w="701" /><ent r="3" t="211" w="1427" /><ent r="3" t="211" w="1580" /><ent r="3" t="211" w="1605" /><ent r="3" t="211" w="1627" /><ent r="3" t="211" w="1648" /><ent r="3" t="211" w="1696" /><ent r="4" t="212" w="452" /><ent r="3" t="212" w="757" /><ent r="4" t="214" w="60" /><ent r="4" t="214" w="103" /><ent r="4" t="214" w="108" /><ent r="3" t="216" w="23" /><ent r="7" t="216" w="181" /><ent r="4" t="226" w="47" /><ent r="3" t="226" w="60" /><ent r="4" t="226" w="90" /><ent r="3" t="226" w="135" /><ent r="3" t="226" w="171" /><ent r="4" t="226" w="183" /><ent r="3" t="226" w="196" /><ent r="4" t="226" w="263" /><ent r="3" t="226" w="276" /><ent r="4" t="235" w="126" /><ent r="3" t="235" w="193" /><ent r="4" t="235" w="202" /><ent r="6" t="236" w="112" /><ent r="6" t="236" w="124" /><ent r="6" t="236" w="222" /><ent r="6" t="236" w="470" /><ent r="6" t="236" w="597" /><ent r="3" t="238" w="116" /><ent r="4" t="238" w="159" /><ent r="3" t="238" w="215" /><ent r="3" t="238" w="306" /><ent r="3" t="239" w="22" /><ent r="3" t="240" w="22" /><ent r="3" t="244" w="168" /><ent r="3" t="244" w="175" /><ent r="3" t="244" w="306" /><ent r="4" t="244" w="446" /><ent r="4" t="244" w="572" /><ent r="7" t="248" w="98" /><ent r="7" t="248" w="134" /><ent r="7" t="248" w="211" /><ent r="7" t="249" w="103" /></phr><phr n="Boxes"><ent r="64" t="11" w="86" /><ent r="68" t="11" w="215" /><ent r="68" t="11" w="230" /><ent r="68" t="11" w="241" /><ent r="68" t="11" w="252" /><ent r="68" t="11" w="262" /><ent r="68" t="11" w="277" /><ent r="64" t="88" w="102" /><ent r="64" t="90" w="307" /><ent r="1000" t="92" w="5" /><ent r="102" t="92" w="15" /><ent r="100" t="92" w="19" /><ent r="100" t="93" w="21" /><ent r="68" t="216" w="188" /></phr><phr n="boxes"><ent r="3" t="28" w="57" /><ent r="3" t="28" w="77" /><ent r="3" t="45" w="87" /><ent r="3" t="45" w="103" /><ent r="5" t="45" w="245" /><ent r="3" t="47" w="572" /><ent r="3" t="47" w="588" /><ent r="3" t="49" w="30" /><ent r="4" t="90" w="97" /><ent r="100" t="92" w="8" /><ent r="3" t="92" w="26" /><ent r="3" t="93" w="40" /><ent r="3" t="102" w="129" /><ent r="3" t="179" w="283" /><ent r="3" t="179" w="304" /><ent r="7" t="220" w="481" /><ent r="6" t="250" w="273" /></phr><phr n="Box"><ent r="3" t="47" w="201" /><ent r="3" t="47" w="304" /><ent r="3" t="47" w="508" /><ent r="3" t="47" w="672" /><ent r="3" t="92" w="69" /><ent r="3" t="134" w="373" /><ent r="4" t="134" w="392" /><ent r="6" t="236" w="102" /><ent r="6" t="236" w="152" /><ent r="6" t="236" w="166" /><ent r="6" t="236" w="202" /><ent r="6" t="236" w="244" /><ent r="6" t="236" w="272" /><ent r="6" t="236" w="306" /><ent r="6" t="236" w="374" /><ent r="6" t="236" w="416" /><ent r="6" t="236" w="455" /><ent r="6" t="236" w="490" /><ent r="6" t="236" w="536" /><ent r="6" t="236" w="575" /><ent r="6" t="236" w="600" /></phr></stem><stem n="help"><phr n="help"><ent r="7" t="5" w="278" /><ent r="3" t="26" w="206" /><ent r="3" t="136" w="486" /><ent r="3" t="207" w="129" /><ent r="3" t="207" w="147" /><ent r="3" t="208" w="119" /><ent r="3" t="208" w="137" /></phr><phr n="Help"><ent r="3" t="151" w="403" /><ent r="4" t="194" w="268" /><ent r="4" t="211" w="1641" /><ent r="4" t="213" w="24" /></phr><phr n="helpful"><ent r="3" t="206" w="1632" /></phr></stem><stem n=":toolbox"><phr n=":Toolbox"><ent r="100" t="6" w="8" /></phr></stem><stem n="messag"><phr n="Message"><ent r="7" t="6" w="48" /><ent r="68" t="6" w="56" /><ent r="65" t="110" w="30" /><ent r="1000" t="128" w="1" /><ent r="100" t="128" w="5" /><ent r="102" t="128" w="9" /><ent r="3" t="128" w="14" /><ent r="3" t="128" w="91" /><ent r="3" t="128" w="102" /><ent r="3" t="128" w="150" /><ent r="4" t="128" w="170" /><ent r="3" t="128" w="185" /><ent r="3" t="128" w="201" /><ent r="3" t="128" w="228" /><ent r="3" t="128" w="243" /><ent r="3" t="128" w="251" /><ent r="4" t="128" w="271" /></phr><phr n="Messages"><ent r="66" t="45" w="228" /><ent r="1000" t="49" w="2" /><ent r="102" t="49" w="6" /><ent r="3" t="49" w="14" /><ent r="4" t="49" w="72" /><ent r="5" t="49" w="116" /><ent r="4" t="49" w="126" /><ent r="3" t="128" w="79" /></phr><phr n="messages"><ent r="5" t="45" w="238" /><ent r="100" t="49" w="10" /><ent r="3" t="49" w="23" /><ent r="4" t="49" w="133" /><ent r="4" t="49" w="144" /><ent r="3" t="128" w="75" /><ent r="3" t="128" w="88" /></phr><phr n="message"><ent r="3" t="68" w="83" /><ent r="3" t="69" w="66" /><ent r="4" t="73" w="360" /><ent r="3" t="74" w="102" /><ent r="3" t="128" w="96" /><ent r="3" t="128" w="101" /><ent r="3" t="128" w="110" /><ent r="3" t="128" w="126" /><ent r="3" t="128" w="144" /><ent r="3" t="130" w="84" /><ent r="3" t="176" w="199" /><ent r="3" t="176" w="204" /><ent r="3" t="176" w="236" /><ent r="3" t="176" w="241" /><ent r="4" t="203" w="2285" /><ent r="4" t="203" w="2328" /><ent r="4" t="204" w="2656" /><ent r="4" t="205" w="1333" /><ent r="4" t="205" w="1434" /><ent r="4" t="209" w="476" /></phr></stem><stem n="log"><phr n="Log"><ent r="7" t="6" w="49" /><ent r="68" t="6" w="57" /><ent r="65" t="110" w="31" /><ent r="1000" t="128" w="2" /><ent r="100" t="128" w="6" /><ent r="102" t="128" w="10" /><ent r="3" t="128" w="15" /><ent r="3" t="128" w="92" /><ent r="3" t="128" w="151" /><ent r="4" t="128" w="171" /><ent r="3" t="128" w="186" /><ent r="3" t="128" w="202" /><ent r="3" t="128" w="229" /><ent r="3" t="128" w="244" /><ent r="3" t="128" w="252" /><ent r="4" t="128" w="272" /></phr><phr n="logged"><ent r="3" t="128" w="62" /><ent r="3" t="128" w="77" /></phr><phr n="log"><ent r="7" t="217" w="74" /><ent r="7" t="217" w="82" /><ent r="7" t="217" w="88" /></phr></stem><stem n="background"><phr n="Background"><ent r="7" t="6" w="62" /><ent r="68" t="6" w="67" /><ent r="5" t="57" w="243" /><ent r="65" t="110" w="37" /><ent r="1000" t="130" w="1" /><ent r="100" t="130" w="6" /><ent r="102" t="130" w="11" /><ent r="3" t="130" w="17" /><ent r="3" t="130" w="119" /><ent r="4" t="130" w="134" /><ent r="4" t="130" w="156" /><ent r="4" t="130" w="180" /><ent r="4" t="130" w="228" /><ent r="5" t="134" w="436" /><ent r="6" t="153" w="359" /><ent r="5" t="172" w="240" /></phr><phr n="background"><ent r="4" t="38" w="80" /><ent r="4" t="38" w="122" /><ent r="4" t="38" w="177" /><ent r="4" t="38" w="299" /><ent r="4" t="57" w="256" /><ent r="3" t="130" w="28" /><ent r="3" t="130" w="53" /><ent r="3" t="134" w="430" /><ent r="4" t="134" w="441" /><ent r="6" t="135" w="624" /><ent r="6" t="135" w="631" /><ent r="3" t="153" w="344" /><ent r="4" t="172" w="249" /><ent r="5" t="172" w="960" /><ent r="5" t="172" w="967" /><ent r="3" t="174" w="216" /><ent r="3" t="174" w="760" /><ent r="3" t="229" w="42" /></phr></stem></index>