﻿<?xml version="1.0" encoding="utf-8"?><index><stem n="clip"><phr n="Clipping"><ent r="4" t="21" w="391" /><ent r="64" t="114" w="149" /><ent r="1000" t="117" w="1" /><ent r="102" t="117" w="4" /><ent r="100" t="117" w="7" /></phr><phr n="clipped"><ent r="3" t="21" w="405" /><ent r="3" t="179" w="56" /></phr><phr n="clipping"><ent r="3" t="117" w="11" /><ent r="3" t="117" w="18" /></phr></stem><stem n="finish"><phr n="finish"><ent r="4" t="21" w="408" /><ent r="4" t="27" w="353" /><ent r="4" t="186" w="3102" /><ent r="4" t="190" w="940" /><ent r="4" t="203" w="285" /><ent r="4" t="204" w="216" /><ent r="4" t="205" w="175" /><ent r="4" t="207" w="214" /></phr><phr n="Finish"><ent r="5" t="49" w="352" /><ent r="5" t="180" w="302" /><ent r="5" t="186" w="2623" /><ent r="5" t="188" w="1316" /></phr><phr n="finished"><ent r="3" t="112" w="223" /><ent r="3" t="112" w="238" /><ent r="4" t="146" w="280" /><ent r="3" t="150" w="238" /><ent r="3" t="154" w="197" /><ent r="4" t="156" w="150" /><ent r="4" t="159" w="158" /><ent r="4" t="161" w="153" /><ent r="4" t="166" w="91" /><ent r="4" t="168" w="122" /><ent r="3" t="184" w="36" /><ent r="3" t="185" w="24" /><ent r="3" t="186" w="44" /><ent r="3" t="187" w="34" /><ent r="3" t="188" w="32" /><ent r="4" t="188" w="1296" /><ent r="3" t="189" w="22" /><ent r="3" t="190" w="25" /><ent r="3" t="191" w="29" /><ent r="4" t="191" w="489" /><ent r="3" t="192" w="22" /><ent r="3" t="193" w="18" /><ent r="3" t="194" w="26" /><ent r="4" t="196" w="146" /></phr><phr n="finishes"><ent r="4" t="187" w="611" /></phr></stem><stem n="ok"><phr n="OK"><ent r="5" t="21" w="414" /><ent r="5" t="21" w="510" /><ent r="5" t="27" w="358" /><ent r="5" t="27" w="612" /><ent r="5" t="32" w="156" /><ent r="4" t="44" w="90" /><ent r="4" t="44" w="163" /><ent r="5" t="44" w="172" /><ent r="5" t="45" w="244" /><ent r="5" t="45" w="633" /><ent r="4" t="48" w="282" /><ent r="3" t="48" w="333" /><ent r="5" t="49" w="381" /><ent r="5" t="49" w="556" /><ent r="5" t="50" w="628" /><ent r="5" t="51" w="273" /><ent r="5" t="61" w="151" /><ent r="5" t="63" w="194" /><ent r="5" t="68" w="124" /><ent r="5" t="71" w="169" /><ent r="5" t="71" w="211" /><ent r="5" t="71" w="290" /><ent r="5" t="82" w="108" /><ent r="4" t="82" w="327" /><ent r="5" t="84" w="250" /><ent r="5" t="93" w="196" /><ent r="5" t="94" w="151" /><ent r="4" t="97" w="256" /><ent r="5" t="98" w="95" /><ent r="5" t="100" w="125" /><ent r="5" t="107" w="251" /><ent r="5" t="108" w="129" /><ent r="5" t="109" w="148" /><ent r="5" t="110" w="148" /><ent r="4" t="111" w="473" /><ent r="5" t="111" w="569" /><ent r="5" t="112" w="211" /><ent r="5" t="113" w="101" /><ent r="5" t="129" w="149" /><ent r="5" t="129" w="248" /><ent r="5" t="129" w="363" /><ent r="5" t="129" w="418" /><ent r="5" t="145" w="455" /><ent r="5" t="146" w="290" /><ent r="5" t="147" w="102" /><ent r="5" t="148" w="402" /><ent r="4" t="150" w="241" /><ent r="5" t="151" w="280" /><ent r="5" t="152" w="203" /><ent r="5" t="153" w="185" /><ent r="4" t="154" w="200" /><ent r="5" t="155" w="153" /><ent r="5" t="156" w="153" /><ent r="5" t="157" w="143" /><ent r="5" t="158" w="260" /><ent r="5" t="159" w="165" /><ent r="4" t="159" w="404" /><ent r="5" t="159" w="452" /><ent r="6" t="160" w="134" /><ent r="4" t="160" w="395" /><ent r="5" t="160" w="440" /><ent r="5" t="161" w="171" /><ent r="4" t="161" w="394" /><ent r="5" t="161" w="439" /><ent r="6" t="162" w="201" /><ent r="7" t="163" w="74" /><ent r="5" t="164" w="246" /><ent r="4" t="165" w="175" /><ent r="5" t="166" w="109" /><ent r="5" t="167" w="205" /><ent r="5" t="168" w="140" /><ent r="5" t="170" w="764" /><ent r="4" t="170" w="864" /><ent r="5" t="170" w="1109" /><ent r="5" t="172" w="156" /><ent r="5" t="173" w="390" /><ent r="5" t="183" w="122" /><ent r="5" t="185" w="2282" /><ent r="5" t="186" w="1045" /><ent r="5" t="186" w="1805" /><ent r="5" t="186" w="1883" /><ent r="4" t="186" w="2361" /><ent r="5" t="186" w="2641" /><ent r="4" t="186" w="2981" /><ent r="5" t="187" w="495" /><ent r="5" t="187" w="513" /><ent r="5" t="187" w="1007" /><ent r="5" t="187" w="1271" /><ent r="5" t="189" w="866" /><ent r="5" t="189" w="877" /><ent r="5" t="190" w="1096" /><ent r="5" t="190" w="1114" /><ent r="5" t="191" w="350" /><ent r="5" t="191" w="483" /><ent r="5" t="191" w="497" /><ent r="4" t="192" w="608" /><ent r="4" t="192" w="789" /><ent r="5" t="192" w="1111" /><ent r="4" t="192" w="1172" /><ent r="5" t="193" w="658" /><ent r="5" t="193" w="742" /><ent r="4" t="194" w="1491" /><ent r="5" t="196" w="149" /><ent r="4" t="203" w="124" /><ent r="5" t="203" w="290" /><ent r="4" t="204" w="55" /><ent r="5" t="204" w="221" /><ent r="5" t="205" w="180" /><ent r="4" t="207" w="53" /><ent r="5" t="207" w="219" /><ent r="5" t="208" w="74" /><ent r="5" t="208" w="247" /><ent r="5" t="208" w="299" /><ent r="5" t="210" w="67" /><ent r="5" t="211" w="116" /><ent r="5" t="212" w="211" /><ent r="5" t="214" w="69" /><ent r="5" t="216" w="258" /><ent r="5" t="216" w="372" /><ent r="4" t="216" w="526" /><ent r="5" t="216" w="574" /><ent r="5" t="216" w="786" /><ent r="5" t="223" w="197" /><ent r="5" t="225" w="152" /><ent r="5" t="226" w="112" /><ent r="5" t="226" w="153" /><ent r="5" t="229" w="167" /><ent r="5" t="229" w="227" /><ent r="5" t="236" w="582" /></phr><phr n="Ok"><ent r="5" t="139" w="82" /></phr></stem><stem n="now"><phr n="now"><ent r="3" t="21" w="433" /><ent r="3" t="45" w="641" /><ent r="4" t="55" w="68" /><ent r="3" t="56" w="112" /><ent r="3" t="86" w="128" /><ent r="3" t="86" w="212" /><ent r="3" t="89" w="77" /><ent r="3" t="92" w="330" /><ent r="3" t="95" w="173" /><ent r="3" t="99" w="43" /><ent r="3" t="112" w="255" /><ent r="3" t="113" w="127" /><ent r="4" t="121" w="125" /><ent r="3" t="124" w="106" /><ent r="4" t="134" w="147" /><ent r="3" t="185" w="2425" /><ent r="3" t="186" w="1073" /><ent r="3" t="186" w="1712" /><ent r="3" t="186" w="1813" /><ent r="3" t="186" w="2124" /><ent r="3" t="186" w="2156" /><ent r="4" t="186" w="2207" /><ent r="3" t="186" w="3233" /><ent r="3" t="187" w="1562" /><ent r="4" t="188" w="820" /><ent r="4" t="189" w="902" /><ent r="3" t="189" w="1101" /><ent r="3" t="190" w="1284" /><ent r="3" t="191" w="403" /><ent r="3" t="191" w="413" /><ent r="4" t="191" w="488" /><ent r="3" t="191" w="516" /><ent r="3" t="191" w="584" /><ent r="3" t="192" w="1211" /><ent r="3" t="193" w="1917" /><ent r="3" t="194" w="620" /><ent r="4" t="194" w="1063" /><ent r="3" t="194" w="1286" /><ent r="3" t="194" w="1620" /></phr></stem><stem n="arcsd"><phr n="ArcSDE"><ent r="92" t="21" w="441" /><ent r="3" t="21" w="452" /><ent r="4" t="114" w="67" /><ent r="3" t="115" w="23" /><ent r="3" t="115" w="30" /></phr></stem><stem n="server"><phr n="Server"><ent r="92" t="21" w="442" /><ent r="3" t="21" w="453" /></phr><phr n="server"><ent r="3" t="115" w="43" /></phr></stem><stem n="geodatabas"><phr n="geodatabase"><ent r="5" t="21" w="477" /><ent r="3" t="114" w="73" /><ent r="4" t="114" w="88" /><ent r="3" t="116" w="18" /><ent r="5" t="189" w="751" /></phr><phr n="Geodatabase"><ent r="3" t="115" w="24" /><ent r="3" t="115" w="31" /><ent r="4" t="189" w="883" /></phr></stem><stem n="4"><phr n="4"><ent r="4" t="21" w="496" /><ent r="82" t="45" w="260" /><ent r="92" t="49" w="499" /><ent r="3" t="82" w="373" /><ent r="3" t="111" w="427" /><ent r="3" t="127" w="66" /><ent r="6" t="143" w="102" /><ent r="3" t="150" w="236" /><ent r="3" t="154" w="195" /><ent r="3" t="173" w="195" /><ent r="3" t="173" w="205" /><ent r="4" t="186" w="2119" /><ent r="4" t="186" w="2183" /><ent r="3" t="187" w="1520" /><ent r="4" t="193" w="1360" /><ent r="3" t="193" w="1383" /><ent r="4" t="193" w="1679" /><ent r="4" t="194" w="1200" /><ent r="4" t="194" w="1230" /><ent r="3" t="194" w="1257" /><ent r="5" t="202" w="64" /><ent r="7" t="202" w="209" /><ent r="3" t="202" w="803" /><ent r="4" t="206" w="94" /><ent r="4" t="206" w="100" /><ent r="4" t="206" w="106" /><ent r="3" t="206" w="143" /><ent r="3" t="206" w="147" /><ent r="3" t="206" w="152" /></phr></stem><stem n="6"><phr n="6"><ent r="4" t="21" w="498" /><ent r="3" t="111" w="429" /><ent r="3" t="173" w="156" /><ent r="3" t="173" w="248" /><ent r="3" t="190" w="752" /><ent r="3" t="194" w="1265" /><ent r="6" t="202" w="223" /><ent r="3" t="202" w="815" /></phr></stem><stem n="abov"><phr n="above"><ent r="4" t="21" w="499" /><ent r="3" t="185" w="1322" /><ent r="3" t="193" w="1717" /></phr></stem><stem n="/displai"><phr n="/Display"><ent r="64" t="21" w="523" /><ent r="64" t="184" w="362" /><ent r="1000" t="189" w="3" /><ent r="102" t="189" w="12" /></phr></stem><stem n="import/displai"><phr n="Import/Display"><ent r="64" t="21" w="523" /><ent r="64" t="21" w="522" /><ent r="64" t="184" w="362" /><ent r="64" t="184" w="361" /><ent r="1000" t="189" w="3" /><ent r="1000" t="189" w="2" /><ent r="102" t="189" w="12" /><ent r="102" t="189" w="11" /></phr></stem><stem n="common"><phr n="common"><ent r="3" t="22" w="21" /><ent r="4" t="61" w="85" /><ent r="3" t="61" w="106" /><ent r="3" t="83" w="16" /><ent r="3" t="118" w="242" /><ent r="3" t="128" w="325" /><ent r="3" t="184" w="30" /><ent r="3" t="185" w="2439" /><ent r="3" t="186" w="1017" /><ent r="3" t="186" w="3266" /><ent r="3" t="187" w="1582" /><ent r="3" t="190" w="1302" /></phr><phr n="Common"><ent r="5" t="150" w="143" /></phr></stem><stem n="-in-specif"><phr n="-in-specific"><ent r="3" t="22" w="28" /><ent r="3" t="22" w="29" /></phr></stem><stem n="plug-in-specif"><phr n="plug-in-specific"><ent r="3" t="22" w="28" /></phr></stem><stem n="in-specif"><phr n="in-specific"><ent r="3" t="22" w="29" /></phr></stem><stem n="32"><phr n="32"><ent r="3" t="22" w="35" /><ent r="4" t="25" w="182" /><ent r="3" t="79" w="56" /><ent r="5" t="185" w="2095" /><ent r="7" t="202" w="203" /><ent r="7" t="202" w="210" /><ent r="6" t="202" w="258" /><ent r="3" t="206" w="32" /></phr></stem><stem n="32-bit"><phr n="32-bit"><ent r="3" t="22" w="35" /><ent r="3" t="79" w="56" /><ent r="7" t="202" w="203" /><ent r="7" t="202" w="210" /><ent r="6" t="202" w="258" /><ent r="3" t="206" w="32" /></phr></stem><stem n="bit"><phr n="bit"><ent r="3" t="22" w="36" /><ent r="3" t="22" w="73" /><ent r="4" t="25" w="185" /><ent r="4" t="29" w="61" /><ent r="4" t="29" w="151" /><ent r="3" t="79" w="57" /><ent r="3" t="79" w="64" /><ent r="7" t="202" w="193" /><ent r="7" t="202" w="198" /><ent r="7" t="202" w="204" /><ent r="7" t="202" w="211" /><ent r="7" t="202" w="217" /><ent r="6" t="202" w="225" /><ent r="6" t="202" w="236" /><ent r="6" t="202" w="253" /><ent r="6" t="202" w="259" /><ent r="6" t="202" w="266" /><ent r="7" t="202" w="276" /><ent r="3" t="206" w="33" /><ent r="3" t="206" w="36" /><ent r="3" t="206" w="44" /><ent r="3" t="209" w="136" /><ent r="3" t="213" w="141" /><ent r="4" t="217" w="421" /></phr><phr n="Bits"><ent r="4" t="147" w="342" /><ent r="5" t="204" w="259" /><ent r="5" t="211" w="104" /></phr></stem><stem n="-bit,"><phr n="-bit,"><ent r="3" t="22" w="37" /><ent r="3" t="22" w="37" /><ent r="3" t="22" w="74" /><ent r="3" t="22" w="74" /></phr></stem><stem n="500"><phr n="500"><ent r="3" t="22" w="45" /><ent r="3" t="22" w="51" /></phr></stem><stem n="megabyt"><phr n="megabytes"><ent r="3" t="22" w="46" /><ent r="3" t="22" w="52" /><ent r="3" t="147" w="424" /></phr></stem><stem n="larger"><phr n="larger"><ent r="3" t="22" w="49" /><ent r="3" t="185" w="309" /><ent r="7" t="202" w="402" /></phr></stem><stem n="process"><phr n="processed"><ent r="3" t="22" w="55" /></phr><phr n="processing"><ent r="4" t="59" w="97" /><ent r="4" t="59" w="114" /><ent r="3" t="104" w="34" /><ent r="3" t="113" w="129" /><ent r="3" t="163" w="151" /><ent r="3" t="173" w="80" /><ent r="3" t="174" w="42" /><ent r="4" t="174" w="275" /><ent r="3" t="184" w="189" /><ent r="3" t="185" w="288" /><ent r="3" t="186" w="402" /><ent r="3" t="191" w="526" /><ent r="3" t="193" w="36" /><ent r="3" t="193" w="92" /><ent r="3" t="193" w="1933" /><ent r="3" t="194" w="138" /><ent r="4" t="194" w="1596" /><ent r="3" t="194" w="1635" /><ent r="7" t="202" w="87" /><ent r="7" t="202" w="177" /><ent r="3" t="217" w="254" /><ent r="4" t="217" w="435" /></phr><phr n="processes"><ent r="3" t="82" w="432" /><ent r="3" t="82" w="493" /><ent r="3" t="105" w="29" /><ent r="3" t="118" w="56" /><ent r="8" t="128" w="370" /><ent r="4" t="193" w="60" /><ent r="3" t="193" w="87" /><ent r="3" t="193" w="213" /><ent r="3" t="193" w="278" /><ent r="3" t="193" w="808" /><ent r="3" t="193" w="878" /><ent r="4" t="194" w="89" /><ent r="3" t="194" w="826" /></phr><phr n="process"><ent r="4" t="82" w="514" /><ent r="3" t="104" w="69" /><ent r="4" t="105" w="175" /><ent r="4" t="105" w="223" /><ent r="4" t="105" w="257" /><ent r="3" t="111" w="9" /><ent r="3" t="118" w="424" /><ent r="7" t="119" w="252" /><ent r="7" t="119" w="286" /><ent r="3" t="128" w="42" /><ent r="3" t="173" w="98" /><ent r="3" t="186" w="135" /><ent r="4" t="186" w="1051" /><ent r="3" t="187" w="77" /><ent r="3" t="193" w="144" /><ent r="3" t="193" w="234" /><ent r="3" t="193" w="836" /><ent r="3" t="201" w="20" /><ent r="3" t="234" w="193" /><ent r="3" t="234" w="367" /><ent r="7" t="241" w="154" /><ent r="7" t="241" w="192" /></phr><phr n="Process"><ent r="5" t="174" w="270" /><ent r="5" t="186" w="2217" /><ent r="93" t="234" w="12" /></phr><phr n="Processes"><ent r="92" t="193" w="1076" /><ent r="92" t="194" w="903" /></phr><phr n="Processing"><ent r="4" t="194" w="123" /><ent r="92" t="217" w="220" /><ent r="3" t="217" w="263" /><ent r="3" t="217" w="325" /><ent r="4" t="217" w="336" /><ent r="6" t="242" w="343" /></phr></stem><stem n="disk"><phr n="disk"><ent r="3" t="22" w="57" /><ent r="4" t="217" w="573" /><ent r="4" t="217" w="646" /></phr><phr n="Disk"><ent r="3" t="217" w="329" /><ent r="3" t="217" w="332" /><ent r="3" t="217" w="348" /><ent r="3" t="217" w="353" /><ent r="5" t="217" w="438" /><ent r="4" t="217" w="523" /><ent r="5" t="217" w="562" /><ent r="4" t="217" w="594" /><ent r="4" t="217" w="620" /><ent r="3" t="217" w="684" /><ent r="3" t="217" w="728" /></phr></stem><stem n="abl"><phr n="able"><ent r="3" t="22" w="62" /><ent r="4" t="180" w="287" /><ent r="3" t="184" w="43" /><ent r="3" t="185" w="2427" /><ent r="3" t="186" w="51" /><ent r="3" t="186" w="3235" /><ent r="3" t="187" w="1564" /><ent r="3" t="188" w="39" /><ent r="3" t="189" w="1103" /><ent r="3" t="191" w="586" /><ent r="3" t="192" w="1213" /><ent r="4" t="193" w="1806" /></phr></stem><stem n="solari"><phr n="Solaris"><ent r="3" t="22" w="69" /><ent r="3" t="184" w="179" /><ent r="4" t="194" w="1502" /><ent r="4" t="194" w="1506" /><ent r="3" t="194" w="1534" /><ent r="4" t="194" w="1574" /></phr></stem><stem n="64"><phr n="64"><ent r="3" t="22" w="72" /><ent r="4" t="25" w="184" /><ent r="3" t="79" w="63" /><ent r="7" t="202" w="216" /><ent r="6" t="202" w="265" /><ent r="7" t="202" w="275" /><ent r="3" t="206" w="35" /><ent r="3" t="206" w="43" /></phr></stem><stem n="64-bit"><phr n="64-bit"><ent r="3" t="22" w="72" /><ent r="4" t="25" w="184" /><ent r="3" t="79" w="63" /><ent r="7" t="202" w="216" /><ent r="6" t="202" w="265" /><ent r="7" t="202" w="275" /><ent r="3" t="206" w="35" /><ent r="3" t="206" w="43" /></phr></stem><stem n="3"><phr n="3"><ent r="3" t="22" w="82" /><ent r="82" t="45" w="191" /><ent r="92" t="49" w="386" /><ent r="3" t="127" w="67" /><ent r="3" t="173" w="203" /><ent r="3" t="173" w="245" /><ent r="4" t="173" w="440" /><ent r="4" t="173" w="474" /><ent r="3" t="173" w="609" /><ent r="8" t="186" w="1696" /><ent r="4" t="186" w="2149" /><ent r="4" t="186" w="2196" /><ent r="4" t="186" w="2603" /><ent r="3" t="187" w="1530" /><ent r="3" t="190" w="709" /><ent r="3" t="193" w="1379" /><ent r="4" t="193" w="1630" /><ent r="4" t="194" w="724" /><ent r="3" t="194" w="1253" /><ent r="3" t="201" w="119" /><ent r="5" t="202" w="63" /><ent r="7" t="202" w="202" /><ent r="3" t="202" w="797" /><ent r="3" t="235" w="217" /></phr></stem><stem n=".0"><phr n=".0"><ent r="3" t="22" w="83" /><ent r="6" t="227" w="92" /></phr></stem><stem n="3.0"><phr n="3.0"><ent r="3" t="22" w="83" /><ent r="3" t="22" w="82" /></phr></stem><stem n="gigabyt"><phr n="gigabytes"><ent r="3" t="22" w="84" /></phr></stem><stem n="/hdf5"><phr n="/HDF5"><ent r="4" t="22" w="107" /><ent r="4" t="22" w="140" /></phr></stem><stem n="ice/hdf5"><phr n="Ice/HDF5"><ent r="4" t="22" w="107" /><ent r="4" t="22" w="106" /><ent r="4" t="22" w="140" /><ent r="4" t="22" w="139" /></phr></stem><stem n="bitmap"><phr n="Bitmap"><ent r="4" t="22" w="128" /><ent r="67" t="28" w="139" /><ent r="5" t="29" w="49" /><ent r="65" t="29" w="91" /><ent r="1000" t="210" w="1" /><ent r="100" t="210" w="5" /><ent r="102" t="210" w="10" /><ent r="4" t="210" w="16" /></phr><phr n="bitmap"><ent r="4" t="29" w="68" /><ent r="4" t="210" w="30" /></phr></stem><stem n="bmp"><phr n="BMP"><ent r="4" t="22" w="129" /><ent r="4" t="147" w="86" /></phr><phr n="bmp"><ent r="4" t="29" w="70" /></phr><phr n="Bmp"><ent r="92" t="147" w="119" /></phr></stem><stem n="(bmp)"><phr n="(BMP)"><ent r="4" t="22" w="130" /></phr></stem><stem n="jpeg"><phr n="JPEG"><ent r="4" t="22" w="133" /><ent r="67" t="28" w="125" /><ent r="5" t="29" w="139" /><ent r="6" t="29" w="159" /><ent r="65" t="29" w="192" /><ent r="5" t="146" w="190" /><ent r="3" t="147" w="24" /><ent r="4" t="147" w="89" /><ent r="92" t="147" w="426" /><ent r="3" t="147" w="530" /><ent r="64" t="184" w="336" /><ent r="102" t="186" w="32" /><ent r="3" t="186" w="79" /><ent r="4" t="186" w="126" /><ent r="100" t="186" w="439" /><ent r="4" t="186" w="442" /><ent r="3" t="186" w="453" /><ent r="5" t="186" w="3196" /><ent r="3" t="186" w="3259" /><ent r="1000" t="212" w="1" /><ent r="100" t="212" w="6" /><ent r="102" t="212" w="9" /><ent r="4" t="212" w="15" /><ent r="4" t="212" w="31" /><ent r="4" t="212" w="37" /></phr><phr n="jpeg"><ent r="4" t="29" w="167" /></phr><phr n="JPEGs"><ent r="3" t="212" w="123" /><ent r="3" t="212" w="177" /><ent r="3" t="212" w="192" /></phr></stem><stem n="png"><phr n="PNG"><ent r="4" t="22" w="135" /><ent r="67" t="28" w="144" /><ent r="5" t="29" w="264" /><ent r="7" t="29" w="282" /><ent r="4" t="29" w="289" /><ent r="65" t="29" w="310" /><ent r="4" t="147" w="93" /><ent r="1000" t="214" w="1" /><ent r="100" t="214" w="6" /><ent r="102" t="214" w="11" /><ent r="4" t="214" w="17" /><ent r="4" t="214" w="31" /></phr><phr n="Png"><ent r="92" t="147" w="590" /></phr></stem><stem n="input"><phr n="Input"><ent r="92" t="22" w="147" /><ent r="92" t="22" w="163" /><ent r="82" t="128" w="456" /><ent r="3" t="128" w="504" /><ent r="92" t="163" w="170" /><ent r="3" t="163" w="174" /><ent r="7" t="193" w="1162" /><ent r="7" t="194" w="965" /></phr><phr n="input"><ent r="4" t="59" w="40" /><ent r="4" t="59" w="64" /><ent r="3" t="111" w="468" /><ent r="3" t="118" w="442" /><ent r="4" t="125" w="74" /><ent r="3" t="128" w="115" /><ent r="3" t="128" w="326" /><ent r="3" t="128" w="470" /><ent r="3" t="128" w="479" /><ent r="3" t="128" w="494" /><ent r="3" t="128" w="498" /><ent r="3" t="128" w="572" /><ent r="3" t="128" w="666" /><ent r="3" t="128" w="703" /><ent r="4" t="128" w="794" /><ent r="3" t="131" w="31" /><ent r="4" t="131" w="52" /><ent r="4" t="131" w="76" /><ent r="4" t="132" w="86" /><ent r="3" t="132" w="176" /><ent r="3" t="132" w="205" /><ent r="3" t="132" w="277" /><ent r="3" t="160" w="829" /><ent r="3" t="163" w="182" /><ent r="4" t="170" w="599" /><ent r="4" t="173" w="352" /><ent r="3" t="188" w="1361" /><ent r="3" t="191" w="378" /><ent r="3" t="193" w="855" /><ent r="3" t="193" w="870" /><ent r="3" t="193" w="893" /><ent r="3" t="193" w="980" /><ent r="3" t="193" w="1012" /><ent r="3" t="193" w="1067" /><ent r="4" t="193" w="1086" /><ent r="7" t="193" w="1141" /><ent r="7" t="193" w="1146" /><ent r="7" t="193" w="1166" /><ent r="5" t="193" w="1181" /><ent r="5" t="194" w="163" /><ent r="4" t="194" w="196" /><ent r="3" t="194" w="658" /><ent r="3" t="194" w="704" /><ent r="3" t="194" w="832" /><ent r="3" t="194" w="920" /><ent r="3" t="194" w="932" /><ent r="7" t="194" w="947" /><ent r="7" t="194" w="949" /><ent r="3" t="194" w="1246" /><ent r="3" t="194" w="1567" /><ent r="3" t="194" w="1579" /><ent r="3" t="201" w="63" /><ent r="3" t="235" w="89" /><ent r="3" t="236" w="67" /><ent r="83" t="236" w="487" /></phr><phr n="inputs"><ent r="3" t="132" w="218" /><ent r="3" t="132" w="247" /><ent r="3" t="169" w="32" /><ent r="4" t="173" w="384" /><ent r="3" t="193" w="199" /><ent r="3" t="193" w="829" /><ent r="3" t="193" w="1049" /></phr><phr n="INPUT"><ent r="8" t="193" w="1106" /><ent r="8" t="194" w="936" /></phr></stem><stem n="/output"><phr n="/Output"><ent r="92" t="22" w="148" /><ent r="92" t="22" w="164" /></phr><phr n="/output"><ent r="7" t="193" w="1147" /></phr></stem><stem n="input/output"><phr n="Input/Output"><ent r="92" t="22" w="148" /><ent r="92" t="22" w="147" /><ent r="92" t="22" w="164" /><ent r="92" t="22" w="163" /></phr><phr n="input/output"><ent r="7" t="193" w="1147" /><ent r="7" t="193" w="1146" /></phr></stem><stem n="output"><phr n="Output"><ent r="92" t="22" w="148" /><ent r="92" t="22" w="164" /><ent r="5" t="61" w="125" /><ent r="82" t="128" w="458" /><ent r="3" t="128" w="529" /><ent r="92" t="163" w="187" /><ent r="4" t="163" w="197" /><ent r="4" t="163" w="234" /><ent r="5" t="170" w="560" /><ent r="4" t="179" w="153" /><ent r="64" t="179" w="163" /><ent r="1000" t="180" w="5" /><ent r="102" t="180" w="19" /><ent r="5" t="187" w="1222" /><ent r="4" t="188" w="1049" /><ent r="92" t="188" w="1089" /><ent r="92" t="209" w="20" /><ent r="3" t="209" w="29" /><ent r="92" t="213" w="25" /><ent r="3" t="213" w="34" /></phr><phr n="output"><ent r="4" t="27" w="148" /><ent r="3" t="118" w="432" /><ent r="100" t="128" w="93" /><ent r="3" t="128" w="117" /><ent r="3" t="128" w="328" /><ent r="3" t="128" w="472" /><ent r="3" t="128" w="484" /><ent r="3" t="128" w="519" /><ent r="3" t="128" w="523" /><ent r="3" t="131" w="24" /><ent r="4" t="131" w="56" /><ent r="4" t="131" w="72" /><ent r="3" t="132" w="178" /><ent r="3" t="132" w="207" /><ent r="3" t="132" w="279" /><ent r="3" t="160" w="847" /><ent r="4" t="170" w="588" /><ent r="4" t="170" w="611" /><ent r="3" t="170" w="651" /><ent r="3" t="170" w="670" /><ent r="3" t="170" w="683" /><ent r="3" t="170" w="720" /><ent r="3" t="170" w="739" /><ent r="3" t="170" w="752" /><ent r="3" t="173" w="54" /><ent r="3" t="173" w="162" /><ent r="3" t="173" w="209" /><ent r="3" t="173" w="220" /><ent r="100" t="180" w="8" /><ent r="3" t="180" w="61" /><ent r="4" t="180" w="134" /><ent r="3" t="186" w="256" /><ent r="3" t="187" w="1413" /><ent r="4" t="188" w="1217" /><ent r="4" t="190" w="1068" /><ent r="3" t="193" w="857" /><ent r="3" t="193" w="864" /><ent r="3" t="193" w="895" /><ent r="3" t="193" w="969" /><ent r="3" t="193" w="1054" /><ent r="4" t="193" w="1084" /><ent r="7" t="193" w="1147" /><ent r="3" t="193" w="1306" /><ent r="3" t="194" w="730" /><ent r="3" t="194" w="834" /><ent r="3" t="194" w="907" /><ent r="3" t="194" w="930" /><ent r="7" t="194" w="992" /><ent r="7" t="194" w="994" /><ent r="3" t="194" w="1052" /><ent r="3" t="194" w="1157" /><ent r="3" t="194" w="1271" /><ent r="3" t="206" w="225" /><ent r="4" t="209" w="83" /><ent r="4" t="213" w="88" /><ent r="3" t="236" w="85" /><ent r="3" t="236" w="225" /><ent r="4" t="236" w="687" /></phr><phr n="outputs"><ent r="3" t="132" w="249" /><ent r="3" t="169" w="34" /><ent r="3" t="193" w="201" /><ent r="3" t="193" w="831" /><ent r="3" t="193" w="1051" /></phr><phr n="OUTPUT"><ent r="8" t="193" w="1104" /><ent r="8" t="194" w="934" /></phr></stem><stem n="(*.cgm)"><phr n="(*.cgm)"><ent r="4" t="22" w="153" /></phr></stem><stem n="read"><phr n="Read"><ent r="4" t="22" w="153" /><ent r="4" t="22" w="158" /><ent r="4" t="22" w="169" /><ent r="4" t="22" w="175" /><ent r="4" t="22" w="180" /><ent r="4" t="22" w="185" /><ent r="4" t="22" w="192" /><ent r="4" t="22" w="198" /><ent r="4" t="22" w="203" /><ent r="4" t="22" w="208" /><ent r="3" t="217" w="333" /><ent r="3" t="217" w="349" /><ent r="5" t="217" w="439" /><ent r="4" t="217" w="595" /><ent r="4" t="217" w="621" /><ent r="3" t="217" w="729" /></phr><phr n="read"><ent r="3" t="33" w="65" /><ent r="3" t="160" w="44" /><ent r="4" t="186" w="1516" /><ent r="3" t="186" w="2157" /><ent r="4" t="186" w="2208" /><ent r="7" t="202" w="159" /></phr><phr n="reads"><ent r="8" t="128" w="411" /></phr></stem><stem n="read/writ"><phr n="Read/Write"><ent r="4" t="22" w="154" /><ent r="4" t="22" w="153" /><ent r="4" t="22" w="159" /><ent r="4" t="22" w="158" /><ent r="4" t="22" w="170" /><ent r="4" t="22" w="169" /><ent r="4" t="22" w="176" /><ent r="4" t="22" w="175" /><ent r="4" t="22" w="181" /><ent r="4" t="22" w="180" /><ent r="4" t="22" w="186" /><ent r="4" t="22" w="185" /><ent r="4" t="22" w="193" /><ent r="4" t="22" w="192" /><ent r="4" t="22" w="199" /><ent r="4" t="22" w="198" /><ent r="4" t="22" w="204" /><ent r="4" t="22" w="203" /><ent r="4" t="22" w="209" /><ent r="4" t="22" w="208" /></phr></stem><stem n="write"><phr n="Write"><ent r="4" t="22" w="154" /><ent r="4" t="22" w="159" /><ent r="4" t="22" w="170" /><ent r="4" t="22" w="176" /><ent r="4" t="22" w="181" /><ent r="4" t="22" w="186" /><ent r="4" t="22" w="193" /><ent r="4" t="22" w="199" /><ent r="4" t="22" w="204" /><ent r="4" t="22" w="209" /></phr><phr n="writes"><ent r="3" t="160" w="845" /><ent r="3" t="160" w="851" /><ent r="3" t="206" w="136" /><ent r="3" t="206" w="160" /><ent r="3" t="236" w="83" /><ent r="3" t="236" w="89" /></phr><phr n="write"><ent r="3" t="170" w="945" /><ent r="4" t="194" w="1604" /><ent r="3" t="236" w="765" /></phr></stem><stem n="(read/write)"><phr n="(Read/Write)"><ent r="4" t="22" w="155" /><ent r="4" t="22" w="160" /><ent r="4" t="22" w="171" /><ent r="4" t="22" w="177" /><ent r="4" t="22" w="182" /><ent r="4" t="22" w="187" /><ent r="4" t="22" w="194" /><ent r="4" t="22" w="200" /><ent r="4" t="22" w="205" /><ent r="4" t="22" w="210" /></phr></stem><stem n="-specif"><phr n="-Specific"><ent r="92" t="22" w="161" /><ent r="92" t="22" w="161" /></phr><phr n="-specific"><ent r="4" t="23" w="97" /><ent r="4" t="23" w="97" /></phr></stem><stem n="opticks-specif"><phr n="Opticks-Specific"><ent r="92" t="22" w="161" /></phr></stem><stem n="wiz"><phr n="wiz"><ent r="4" t="22" w="168" /><ent r="4" t="193" w="1770" /><ent r="5" t="194" w="459" /><ent r="5" t="194" w="480" /><ent r="5" t="194" w="1349" /></phr></stem><stem n="(*.wiz)"><phr n="(*.wiz)"><ent r="4" t="22" w="169" /></phr></stem><stem n="batch"><phr n="Batch"><ent r="4" t="22" w="172" /><ent r="4" t="120" w="159" /><ent r="5" t="125" w="62" /><ent r="4" t="125" w="69" /><ent r="5" t="128" w="783" /><ent r="4" t="128" w="789" /><ent r="5" t="132" w="78" /><ent r="4" t="132" w="81" /><ent r="3" t="132" w="238" /><ent r="5" t="132" w="378" /><ent r="64" t="184" w="389" /><ent r="5" t="193" w="547" /><ent r="1000" t="194" w="6" /><ent r="103" t="194" w="19" /><ent r="4" t="194" w="105" /><ent r="4" t="194" w="122" /><ent r="5" t="194" w="514" /><ent r="4" t="194" w="1359" /><ent r="92" t="194" w="1416" /></phr><phr n="batch"><ent r="4" t="120" w="152" /><ent r="4" t="120" w="173" /><ent r="4" t="120" w="182" /><ent r="4" t="125" w="79" /><ent r="4" t="125" w="134" /><ent r="3" t="125" w="145" /><ent r="3" t="125" w="171" /><ent r="4" t="125" w="224" /><ent r="100" t="128" w="781" /><ent r="100" t="128" w="786" /><ent r="3" t="128" w="822" /><ent r="3" t="128" w="857" /><ent r="3" t="128" w="867" /><ent r="3" t="128" w="888" /><ent r="3" t="131" w="189" /><ent r="3" t="131" w="220" /><ent r="3" t="131" w="224" /><ent r="4" t="132" w="124" /><ent r="3" t="132" w="135" /><ent r="3" t="132" w="161" /><ent r="3" t="132" w="212" /><ent r="3" t="132" w="223" /><ent r="3" t="132" w="319" /><ent r="3" t="132" w="327" /><ent r="3" t="173" w="317" /><ent r="3" t="173" w="561" /><ent r="3" t="193" w="91" /><ent r="3" t="193" w="587" /><ent r="100" t="194" w="9" /><ent r="3" t="194" w="39" /><ent r="3" t="194" w="126" /><ent r="3" t="194" w="129" /><ent r="3" t="194" w="137" /><ent r="5" t="194" w="176" /><ent r="4" t="194" w="530" /><ent r="4" t="194" w="1595" /><ent r="3" t="194" w="1634" /></phr></stem></index>