﻿<?xml version="1.0" encoding="utf-8"?><index><stem n="header"><phr n="header"><ent r="4" t="20" w="127" /><ent r="4" t="25" w="47" /><ent r="4" t="25" w="64" /><ent r="3" t="33" w="22" /><ent r="3" t="33" w="45" /><ent r="3" t="33" w="59" /><ent r="3" t="33" w="71" /><ent r="3" t="33" w="88" /><ent r="3" t="33" w="103" /><ent r="4" t="33" w="213" /><ent r="3" t="34" w="57" /><ent r="3" t="34" w="85" /><ent r="3" t="35" w="18" /><ent r="3" t="185" w="260" /><ent r="4" t="185" w="557" /><ent r="3" t="186" w="932" /><ent r="3" t="202" w="20" /><ent r="3" t="202" w="36" /><ent r="7" t="202" w="123" /><ent r="7" t="202" w="134" /><ent r="3" t="202" w="712" /><ent r="3" t="203" w="19" /><ent r="3" t="203" w="35" /><ent r="3" t="203" w="107" /><ent r="3" t="203" w="112" /><ent r="4" t="203" w="313" /><ent r="4" t="203" w="322" /><ent r="4" t="203" w="331" /><ent r="3" t="216" w="34" /></phr><phr n="Header"><ent r="64" t="33" w="107" /><ent r="4" t="33" w="190" /><ent r="3" t="69" w="118" /><ent r="3" t="69" w="129" /><ent r="3" t="69" w="137" /><ent r="1000" t="202" w="2" /><ent r="102" t="202" w="8" /><ent r="92" t="202" w="679" /></phr></stem><stem n="environ"><phr n="ENvironment"><ent r="6" t="20" w="133" /><ent r="6" t="25" w="42" /><ent r="3" t="33" w="25" /></phr><phr n="environment"><ent r="4" t="125" w="87" /></phr><phr n="environments"><ent r="4" t="176" w="308" /></phr></stem><stem n="visual"><phr n="Visualizing"><ent r="6" t="20" w="135" /><ent r="6" t="25" w="44" /><ent r="3" t="33" w="27" /></phr><phr n="visualizations"><ent r="3" t="112" w="300" /></phr><phr n="visualized"><ent r="3" t="113" w="115" /></phr><phr n="visual"><ent r="4" t="177" w="96" /></phr></stem><stem n="librari"><phr n="Library"><ent r="5" t="20" w="149" /><ent r="4" t="20" w="154" /><ent r="65" t="20" w="192" /><ent r="4" t="20" w="207" /><ent r="1000" t="34" w="2" /><ent r="102" t="34" w="8" /><ent r="3" t="34" w="13" /><ent r="3" t="34" w="62" /><ent r="1000" t="35" w="2" /><ent r="102" t="35" w="8" /><ent r="3" t="35" w="13" /></phr><phr n="library"><ent r="4" t="20" w="182" /><ent r="3" t="34" w="41" /><ent r="3" t="35" w="24" /><ent r="3" t="35" w="35" /><ent r="3" t="35" w="50" /><ent r="3" t="202" w="46" /></phr></stem><stem n="similar"><phr n="similar"><ent r="4" t="20" w="166" /><ent r="4" t="23" w="79" /><ent r="3" t="34" w="25" /><ent r="3" t="44" w="207" /><ent r="3" t="63" w="156" /><ent r="3" t="104" w="14" /><ent r="3" t="105" w="68" /><ent r="3" t="170" w="16" /><ent r="3" t="185" w="1503" /><ent r="3" t="185" w="1841" /></phr></stem><stem n="part"><phr n="part"><ent r="4" t="20" w="178" /><ent r="3" t="34" w="37" /><ent r="3" t="34" w="75" /><ent r="3" t="38" w="52" /><ent r="3" t="126" w="347" /><ent r="3" t="184" w="231" /><ent r="4" t="187" w="895" /><ent r="3" t="189" w="307" /><ent r="3" t="190" w="297" /><ent r="3" t="193" w="229" /><ent r="4" t="193" w="1838" /><ent r="5" t="212" w="151" /></phr><phr n="Part"><ent r="92" t="187" w="837" /></phr></stem><stem n="instead"><phr n="instead"><ent r="4" t="20" w="183" /><ent r="4" t="27" w="563" /><ent r="3" t="34" w="42" /><ent r="4" t="49" w="264" /><ent r="3" t="69" w="161" /><ent r="3" t="193" w="142" /><ent r="3" t="228" w="113" /></phr></stem><stem n="gdal"><phr n="GDAL"><ent r="5" t="20" w="197" /><ent r="4" t="20" w="208" /><ent r="4" t="20" w="214" /></phr><phr n="gdal"><ent r="65" t="20" w="218" /></phr></stem><stem n="geospati"><phr n="Geospatial"><ent r="4" t="20" w="204" /></phr></stem><stem n="abstract"><phr n="Abstraction"><ent r="4" t="20" w="206" /></phr></stem><stem n="(gdal)"><phr n="(GDAL)"><ent r="4" t="20" w="209" /></phr></stem><stem n="www"><phr n="www"><ent r="65" t="20" w="217" /></phr></stem><stem n="www.gdal"><phr n="www.gdal"><ent r="65" t="20" w="218" /><ent r="65" t="20" w="217" /></phr></stem><stem n=".gdal.org"><phr n=".gdal.org"><ent r="65" t="20" w="219" /></phr></stem><stem n="www.gdal.org"><phr n="www.gdal.org"><ent r="65" t="20" w="219" /><ent r="65" t="20" w="217" /></phr></stem><stem n="org"><phr n="org"><ent r="65" t="20" w="219" /><ent r="68" t="184" w="266" /><ent r="68" t="185" w="483" /><ent r="68" t="186" w="632" /><ent r="68" t="187" w="348" /><ent r="68" t="188" w="308" /><ent r="68" t="189" w="546" /><ent r="68" t="190" w="535" /><ent r="68" t="191" w="192" /><ent r="68" t="192" w="459" /><ent r="68" t="193" w="378" /><ent r="68" t="194" w="368" /><ent r="64" t="200" w="16" /></phr></stem><stem n="hdf5"><phr n="HDF5"><ent r="5" t="20" w="223" /><ent r="4" t="22" w="107" /><ent r="4" t="22" w="140" /><ent r="4" t="205" w="238" /></phr></stem><stem n="geotiff"><phr n="GeoTIFF"><ent r="5" t="20" w="284" /><ent r="4" t="20" w="300" /><ent r="4" t="20" w="314" /><ent r="4" t="20" w="323" /><ent r="4" t="20" w="328" /><ent r="4" t="22" w="102" /><ent r="4" t="22" w="131" /><ent r="67" t="24" w="109" /><ent r="5" t="25" w="79" /><ent r="4" t="25" w="90" /><ent r="4" t="25" w="102" /><ent r="65" t="25" w="112" /><ent r="67" t="28" w="120" /><ent r="5" t="29" w="97" /><ent r="65" t="29" w="133" /><ent r="5" t="146" w="189" /><ent r="3" t="147" w="23" /><ent r="4" t="147" w="87" /><ent r="92" t="147" w="222" /><ent r="3" t="176" w="90" /><ent r="4" t="176" w="254" /><ent r="5" t="192" w="541" /><ent r="5" t="192" w="868" /><ent r="5" t="194" w="589" /><ent r="7" t="194" w="1010" /><ent r="3" t="194" w="1280" /><ent r="4" t="194" w="1607" /><ent r="4" t="194" w="1614" /><ent r="1000" t="204" w="1" /><ent r="102" t="204" w="5" /><ent r="100" t="204" w="9" /><ent r="3" t="204" w="14" /><ent r="3" t="204" w="35" /><ent r="92" t="204" w="224" /><ent r="3" t="204" w="230" /><ent r="1000" t="211" w="1" /><ent r="102" t="211" w="6" /><ent r="100" t="211" w="11" /><ent r="3" t="211" w="17" /></phr></stem><stem n="tag"><phr n="Tagged"><ent r="6" t="20" w="294" /></phr><phr n="tags"><ent r="4" t="20" w="329" /></phr></stem><stem n="geocoordin"><phr n="geocoordinates"><ent r="4" t="20" w="304" /><ent r="4" t="25" w="94" /></phr><phr n="Geocoordinate"><ent r="4" t="148" w="144" /></phr></stem><stem n="latitud"><phr n="latitude"><ent r="4" t="20" w="305" /><ent r="4" t="27" w="543" /><ent r="4" t="49" w="254" /><ent r="3" t="74" w="24" /><ent r="3" t="74" w="85" /><ent r="4" t="76" w="43" /><ent r="4" t="76" w="66" /><ent r="3" t="111" w="82" /><ent r="3" t="111" w="253" /><ent r="4" t="111" w="541" /><ent r="4" t="148" w="83" /><ent r="4" t="148" w="101" /><ent r="3" t="148" w="109" /><ent r="4" t="148" w="123" /><ent r="3" t="148" w="131" /><ent r="4" t="148" w="385" /><ent r="100" t="153" w="11" /><ent r="3" t="153" w="31" /><ent r="4" t="166" w="66" /><ent r="3" t="166" w="308" /><ent r="4" t="178" w="113" /><ent r="3" t="186" w="140" /><ent r="3" t="186" w="168" /><ent r="3" t="186" w="1809" /><ent r="3" t="186" w="2374" /><ent r="5" t="188" w="389" /><ent r="5" t="189" w="627" /><ent r="5" t="190" w="616" /><ent r="5" t="198" w="258" /><ent r="3" t="201" w="33" /><ent r="7" t="231" w="46" /><ent r="7" t="231" w="56" /><ent r="7" t="231" w="69" /><ent r="3" t="234" w="87" /><ent r="3" t="234" w="111" /><ent r="3" t="234" w="172" /><ent r="3" t="234" w="205" /><ent r="3" t="234" w="324" /><ent r="3" t="234" w="376" /><ent r="3" t="234" w="389" /><ent r="3" t="234" w="440" /><ent r="3" t="234" w="461" /></phr><phr n="Latitude"><ent r="5" t="49" w="244" /><ent r="5" t="75" w="238" /><ent r="3" t="148" w="158" /><ent r="3" t="148" w="165" /><ent r="4" t="148" w="176" /><ent r="1000" t="153" w="1" /><ent r="1000" t="166" w="1" /><ent r="100" t="166" w="6" /><ent r="100" t="166" w="12" /><ent r="102" t="166" w="16" /><ent r="5" t="166" w="156" /><ent r="3" t="166" w="280" /><ent r="3" t="166" w="301" /><ent r="4" t="186" w="997" /><ent r="3" t="186" w="1069" /><ent r="4" t="186" w="1461" /><ent r="4" t="186" w="1513" /><ent r="7" t="186" w="1680" /><ent r="3" t="186" w="3041" /><ent r="6" t="227" w="154" /><ent r="6" t="227" w="207" /><ent r="6" t="227" w="249" /><ent r="6" t="227" w="311" /><ent r="6" t="227" w="379" /><ent r="6" t="227" w="460" /><ent r="6" t="227" w="495" /><ent r="6" t="227" w="576" /></phr></stem><stem n="latitude/longitud"><phr n="latitude/longitude"><ent r="4" t="20" w="306" /><ent r="4" t="20" w="305" /><ent r="4" t="27" w="544" /><ent r="4" t="27" w="543" /><ent r="4" t="49" w="255" /><ent r="4" t="49" w="254" /><ent r="3" t="74" w="25" /><ent r="3" t="74" w="24" /><ent r="3" t="74" w="86" /><ent r="3" t="74" w="85" /><ent r="4" t="76" w="44" /><ent r="4" t="76" w="43" /><ent r="4" t="76" w="67" /><ent r="4" t="76" w="66" /><ent r="3" t="111" w="83" /><ent r="3" t="111" w="82" /><ent r="3" t="111" w="254" /><ent r="3" t="111" w="253" /><ent r="4" t="111" w="542" /><ent r="4" t="111" w="541" /><ent r="4" t="148" w="84" /><ent r="4" t="148" w="83" /><ent r="4" t="148" w="102" /><ent r="4" t="148" w="101" /><ent r="3" t="148" w="110" /><ent r="3" t="148" w="109" /><ent r="4" t="148" w="124" /><ent r="4" t="148" w="123" /><ent r="3" t="148" w="132" /><ent r="3" t="148" w="131" /><ent r="4" t="148" w="386" /><ent r="4" t="148" w="385" /><ent r="100" t="153" w="12" /><ent r="100" t="153" w="11" /><ent r="4" t="166" w="67" /><ent r="4" t="166" w="66" /><ent r="3" t="186" w="169" /><ent r="3" t="186" w="168" /><ent r="3" t="186" w="1810" /><ent r="3" t="186" w="1809" /><ent r="3" t="186" w="2375" /><ent r="3" t="186" w="2374" /><ent r="5" t="188" w="390" /><ent r="5" t="188" w="389" /><ent r="5" t="189" w="628" /><ent r="5" t="189" w="627" /><ent r="5" t="190" w="617" /><ent r="5" t="190" w="616" /><ent r="3" t="201" w="34" /><ent r="3" t="201" w="33" /><ent r="3" t="234" w="88" /><ent r="3" t="234" w="87" /><ent r="3" t="234" w="112" /><ent r="3" t="234" w="111" /><ent r="3" t="234" w="173" /><ent r="3" t="234" w="172" /><ent r="3" t="234" w="206" /><ent r="3" t="234" w="205" /><ent r="3" t="234" w="325" /><ent r="3" t="234" w="324" /><ent r="3" t="234" w="377" /><ent r="3" t="234" w="376" /><ent r="3" t="234" w="390" /><ent r="3" t="234" w="389" /><ent r="3" t="234" w="441" /><ent r="3" t="234" w="440" /><ent r="3" t="234" w="462" /><ent r="3" t="234" w="461" /></phr><phr n="Latitude/Longitude"><ent r="5" t="49" w="245" /><ent r="5" t="49" w="244" /><ent r="5" t="75" w="239" /><ent r="5" t="75" w="238" /><ent r="3" t="148" w="159" /><ent r="3" t="148" w="158" /><ent r="3" t="148" w="166" /><ent r="3" t="148" w="165" /><ent r="4" t="148" w="177" /><ent r="4" t="148" w="176" /><ent r="1000" t="153" w="2" /><ent r="1000" t="153" w="1" /><ent r="1000" t="166" w="2" /><ent r="1000" t="166" w="1" /><ent r="100" t="166" w="7" /><ent r="100" t="166" w="6" /><ent r="100" t="166" w="13" /><ent r="100" t="166" w="12" /><ent r="102" t="166" w="17" /><ent r="102" t="166" w="16" /><ent r="5" t="166" w="157" /><ent r="5" t="166" w="156" /><ent r="4" t="186" w="998" /><ent r="4" t="186" w="997" /><ent r="3" t="186" w="1070" /><ent r="3" t="186" w="1069" /><ent r="3" t="186" w="3042" /><ent r="3" t="186" w="3041" /><ent r="6" t="227" w="155" /><ent r="6" t="227" w="154" /><ent r="6" t="227" w="208" /><ent r="6" t="227" w="207" /><ent r="6" t="227" w="250" /><ent r="6" t="227" w="249" /><ent r="6" t="227" w="312" /><ent r="6" t="227" w="311" /><ent r="6" t="227" w="380" /><ent r="6" t="227" w="379" /><ent r="6" t="227" w="461" /><ent r="6" t="227" w="460" /><ent r="6" t="227" w="496" /><ent r="6" t="227" w="495" /><ent r="6" t="227" w="577" /><ent r="6" t="227" w="576" /></phr></stem><stem n="longitud"><phr n="longitude"><ent r="4" t="20" w="306" /><ent r="4" t="27" w="544" /><ent r="4" t="49" w="255" /><ent r="3" t="74" w="25" /><ent r="3" t="74" w="86" /><ent r="4" t="76" w="44" /><ent r="4" t="76" w="67" /><ent r="3" t="111" w="83" /><ent r="3" t="111" w="254" /><ent r="4" t="111" w="542" /><ent r="4" t="148" w="84" /><ent r="4" t="148" w="102" /><ent r="3" t="148" w="110" /><ent r="4" t="148" w="124" /><ent r="3" t="148" w="132" /><ent r="4" t="148" w="386" /><ent r="100" t="153" w="12" /><ent r="3" t="153" w="33" /><ent r="4" t="166" w="67" /><ent r="3" t="166" w="310" /><ent r="4" t="178" w="115" /><ent r="3" t="186" w="142" /><ent r="3" t="186" w="169" /><ent r="3" t="186" w="1810" /><ent r="3" t="186" w="2375" /><ent r="5" t="188" w="390" /><ent r="5" t="189" w="628" /><ent r="5" t="190" w="617" /><ent r="5" t="198" w="260" /><ent r="3" t="201" w="34" /><ent r="7" t="231" w="48" /><ent r="7" t="231" w="58" /><ent r="7" t="231" w="71" /><ent r="3" t="234" w="88" /><ent r="3" t="234" w="112" /><ent r="3" t="234" w="173" /><ent r="3" t="234" w="206" /><ent r="3" t="234" w="325" /><ent r="3" t="234" w="377" /><ent r="3" t="234" w="390" /><ent r="3" t="234" w="441" /><ent r="3" t="234" w="462" /></phr><phr n="Longitude"><ent r="5" t="49" w="245" /><ent r="5" t="75" w="239" /><ent r="3" t="148" w="159" /><ent r="3" t="148" w="166" /><ent r="4" t="148" w="177" /><ent r="1000" t="153" w="2" /><ent r="1000" t="166" w="2" /><ent r="100" t="166" w="7" /><ent r="100" t="166" w="13" /><ent r="102" t="166" w="17" /><ent r="5" t="166" w="157" /><ent r="3" t="166" w="282" /><ent r="3" t="166" w="303" /><ent r="4" t="186" w="998" /><ent r="3" t="186" w="1070" /><ent r="4" t="186" w="1639" /><ent r="7" t="186" w="1682" /><ent r="4" t="186" w="2547" /><ent r="3" t="186" w="3042" /><ent r="6" t="227" w="155" /><ent r="6" t="227" w="208" /><ent r="6" t="227" w="250" /><ent r="6" t="227" w="312" /><ent r="6" t="227" w="380" /><ent r="6" t="227" w="461" /><ent r="6" t="227" w="496" /><ent r="6" t="227" w="577" /></phr></stem><stem n="(latitude/longitude)"><phr n="(latitude/longitude)"><ent r="4" t="20" w="307" /></phr></stem><stem n="tile"><phr n="tiled"><ent r="4" t="20" w="311" /></phr><phr n="Tile"><ent r="5" t="156" w="244" /><ent r="4" t="186" w="2255" /><ent r="5" t="186" w="2410" /><ent r="5" t="188" w="472" /><ent r="5" t="192" w="810" /><ent r="5" t="192" w="910" /></phr><phr n="tile"><ent r="3" t="188" w="899" /></phr></stem><stem n="plain"><phr n="plain"><ent r="4" t="20" w="319" /></phr></stem><stem n="tif"><phr n="TIF"><ent r="4" t="20" w="320" /></phr><phr n="tif"><ent r="5" t="188" w="417" /><ent r="5" t="188" w="425" /><ent r="5" t="188" w="436" /><ent r="5" t="188" w="459" /><ent r="5" t="188" w="562" /><ent r="5" t="188" w="579" /><ent r="5" t="189" w="669" /><ent r="5" t="190" w="664" /><ent r="5" t="192" w="525" /><ent r="5" t="192" w="564" /><ent r="5" t="192" w="728" /><ent r="5" t="192" w="852" /><ent r="5" t="192" w="1079" /><ent r="5" t="193" w="1858" /><ent r="4" t="194" w="720" /><ent r="4" t="194" w="745" /><ent r="4" t="194" w="774" /></phr></stem><stem n="hyperion"><phr n="Hyperion"><ent r="5" t="20" w="340" /></phr></stem><stem n="nativ"><phr n="native"><ent r="4" t="20" w="355" /><ent r="3" t="202" w="18" /></phr><phr n="natively"><ent r="4" t="25" w="148" /></phr><phr n="Native"><ent r="3" t="33" w="30" /></phr></stem><stem n="export"><phr n="exported"><ent r="4" t="20" w="364" /><ent r="4" t="27" w="70" /><ent r="5" t="27" w="421" /><ent r="5" t="27" w="438" /><ent r="5" t="27" w="460" /><ent r="5" t="27" w="501" /><ent r="4" t="27" w="562" /><ent r="3" t="109" w="413" /><ent r="3" t="147" w="186" /><ent r="3" t="147" w="220" /><ent r="3" t="147" w="289" /><ent r="3" t="147" w="323" /><ent r="3" t="147" w="493" /><ent r="3" t="147" w="527" /><ent r="3" t="147" w="657" /><ent r="3" t="147" w="691" /><ent r="3" t="190" w="763" /><ent r="3" t="190" w="1174" /><ent r="3" t="190" w="1234" /><ent r="3" t="190" w="1262" /><ent r="4" t="209" w="62" /><ent r="4" t="210" w="43" /><ent r="4" t="211" w="60" /><ent r="4" t="212" w="72" /><ent r="4" t="213" w="67" /><ent r="4" t="214" w="45" /></phr><phr n="Exporter"><ent r="4" t="20" w="368" /><ent r="4" t="24" w="73" /><ent r="67" t="24" w="106" /><ent r="67" t="24" w="110" /><ent r="67" t="24" w="114" /><ent r="67" t="24" w="118" /><ent r="67" t="24" w="122" /><ent r="5" t="25" w="32" /><ent r="65" t="25" w="75" /><ent r="5" t="25" w="80" /><ent r="65" t="25" w="113" /><ent r="5" t="25" w="118" /><ent r="65" t="25" w="162" /><ent r="5" t="25" w="167" /><ent r="4" t="25" w="171" /><ent r="65" t="25" w="199" /><ent r="5" t="25" w="204" /><ent r="65" t="25" w="225" /><ent r="5" t="25" w="231" /><ent r="5" t="25" w="255" /><ent r="5" t="26" w="27" /><ent r="65" t="26" w="52" /><ent r="5" t="26" w="59" /><ent r="65" t="26" w="84" /><ent r="5" t="26" w="89" /><ent r="5" t="27" w="132" /><ent r="5" t="27" w="138" /><ent r="92" t="27" w="362" /><ent r="3" t="27" w="368" /><ent r="5" t="28" w="82" /><ent r="67" t="28" w="117" /><ent r="67" t="28" w="122" /><ent r="67" t="28" w="127" /><ent r="67" t="28" w="131" /><ent r="67" t="28" w="136" /><ent r="67" t="28" w="141" /><ent r="67" t="28" w="146" /><ent r="5" t="29" w="32" /><ent r="65" t="29" w="45" /><ent r="5" t="29" w="51" /><ent r="65" t="29" w="93" /><ent r="5" t="29" w="99" /><ent r="65" t="29" w="135" /><ent r="5" t="29" w="141" /><ent r="65" t="29" w="194" /><ent r="5" t="29" w="199" /><ent r="5" t="29" w="236" /><ent r="65" t="29" w="244" /><ent r="5" t="29" w="251" /><ent r="65" t="29" w="260" /><ent r="5" t="29" w="266" /><ent r="65" t="29" w="312" /><ent r="5" t="29" w="317" /><ent r="3" t="30" w="56" /><ent r="4" t="30" w="62" /><ent r="65" t="30" w="105" /><ent r="4" t="31" w="67" /><ent r="1000" t="32" w="3" /><ent r="102" t="32" w="7" /><ent r="100" t="32" w="11" /><ent r="3" t="32" w="19" /><ent r="4" t="32" w="36" /><ent r="5" t="32" w="78" /><ent r="5" t="32" w="85" /><ent r="5" t="32" w="126" /><ent r="4" t="32" w="173" /><ent r="1000" t="35" w="3" /><ent r="102" t="35" w="9" /><ent r="3" t="35" w="14" /><ent r="8" t="128" w="376" /><ent r="4" t="176" w="256" /><ent r="4" t="185" w="82" /><ent r="4" t="185" w="222" /><ent r="4" t="185" w="2327" /><ent r="100" t="186" w="440" /><ent r="4" t="186" w="443" /><ent r="4" t="186" w="3185" /><ent r="4" t="186" w="3193" /><ent r="5" t="186" w="3198" /><ent r="4" t="190" w="992" /><ent r="5" t="190" w="999" /><ent r="4" t="190" w="1012" /><ent r="5" t="194" w="576" /><ent r="5" t="194" w="590" /><ent r="7" t="194" w="1011" /><ent r="3" t="194" w="1281" /><ent r="1000" t="203" w="2" /><ent r="102" t="203" w="6" /><ent r="100" t="203" w="10" /><ent r="3" t="203" w="15" /><ent r="3" t="203" w="40" /><ent r="3" t="203" w="71" /><ent r="3" t="203" w="92" /><ent r="92" t="203" w="294" /><ent r="1000" t="204" w="2" /><ent r="102" t="204" w="6" /><ent r="100" t="204" w="10" /><ent r="3" t="204" w="15" /><ent r="3" t="204" w="36" /><ent r="92" t="204" w="225" /><ent r="3" t="204" w="231" /><ent r="1000" t="205" w="2" /><ent r="102" t="205" w="6" /><ent r="100" t="205" w="10" /><ent r="3" t="205" w="16" /><ent r="92" t="205" w="184" /><ent r="3" t="205" w="190" /><ent r="1000" t="206" w="2" /><ent r="100" t="206" w="6" /><ent r="102" t="206" w="10" /><ent r="3" t="206" w="15" /><ent r="3" t="206" w="63" /><ent r="1000" t="207" w="2" /><ent r="102" t="207" w="6" /><ent r="3" t="207" w="15" /><ent r="1000" t="208" w="3" /><ent r="100" t="208" w="8" /><ent r="102" t="208" w="13" /><ent r="3" t="208" w="19" /><ent r="1000" t="209" w="2" /><ent r="100" t="209" w="6" /><ent r="102" t="209" w="10" /><ent r="1000" t="210" w="3" /><ent r="100" t="210" w="7" /><ent r="102" t="210" w="12" /><ent r="4" t="210" w="18" /><ent r="1000" t="211" w="3" /><ent r="102" t="211" w="8" /><ent r="100" t="211" w="13" /><ent r="3" t="211" w="19" /><ent r="1000" t="212" w="3" /><ent r="100" t="212" w="7" /><ent r="102" t="212" w="11" /><ent r="4" t="212" w="17" /><ent r="1000" t="213" w="3" /><ent r="100" t="213" w="8" /><ent r="102" t="213" w="13" /><ent r="1000" t="214" w="3" /><ent r="100" t="214" w="8" /><ent r="102" t="214" w="13" /><ent r="4" t="214" w="19" /><ent r="3" t="237" w="302" /></phr><phr n="Export"><ent r="64" t="21" w="517" /><ent r="1000" t="24" w="1" /><ent r="102" t="24" w="13" /><ent r="5" t="24" w="46" /><ent r="4" t="24" w="50" /><ent r="6" t="24" w="102" /><ent r="64" t="24" w="135" /><ent r="1000" t="27" w="1" /><ent r="102" t="27" w="10" /><ent r="5" t="27" w="117" /><ent r="4" t="27" w="127" /><ent r="4" t="27" w="186" /><ent r="1000" t="28" w="1" /><ent r="102" t="28" w="13" /><ent r="4" t="28" w="41" /><ent r="4" t="28" w="55" /><ent r="3" t="28" w="59" /><ent r="6" t="28" w="113" /><ent r="1000" t="30" w="1" /><ent r="102" t="30" w="13" /><ent r="5" t="30" w="45" /><ent r="4" t="30" w="49" /><ent r="1000" t="31" w="1" /><ent r="102" t="31" w="6" /><ent r="5" t="31" w="40" /><ent r="4" t="31" w="44" /><ent r="5" t="32" w="42" /><ent r="4" t="32" w="55" /><ent r="4" t="32" w="60" /><ent r="4" t="32" w="118" /><ent r="4" t="50" w="447" /><ent r="4" t="50" w="633" /><ent r="4" t="50" w="637" /><ent r="5" t="54" w="204" /><ent r="5" t="91" w="661" /><ent r="65" t="133" w="137" /><ent r="65" t="134" w="235" /><ent r="64" t="135" w="128" /><ent r="65" t="137" w="115" /><ent r="66" t="146" w="178" /><ent r="1000" t="147" w="1" /><ent r="102" t="147" w="4" /><ent r="3" t="147" w="13" /><ent r="4" t="147" w="32" /><ent r="4" t="147" w="74" /><ent r="4" t="147" w="84" /><ent r="64" t="184" w="322" /><ent r="64" t="184" w="335" /><ent r="64" t="184" w="367" /><ent r="1000" t="185" w="5" /><ent r="103" t="185" w="16" /><ent r="4" t="185" w="76" /><ent r="92" t="185" w="2143" /><ent r="5" t="185" w="2155" /><ent r="3" t="185" w="2159" /><ent r="92" t="185" w="2189" /><ent r="5" t="185" w="2275" /><ent r="4" t="185" w="2307" /><ent r="102" t="186" w="31" /><ent r="4" t="186" w="124" /><ent r="92" t="186" w="3032" /><ent r="5" t="186" w="3180" /><ent r="4" t="187" w="803" /><ent r="5" t="187" w="999" /><ent r="1000" t="190" w="2" /><ent r="102" t="190" w="15" /><ent r="4" t="190" w="63" /><ent r="92" t="190" w="949" /><ent r="5" t="190" w="981" /><ent r="4" t="190" w="985" /><ent r="4" t="190" w="1120" /><ent r="4" t="191" w="98" /><ent r="5" t="194" w="552" /><ent r="7" t="194" w="997" /><ent r="7" t="194" w="1013" /><ent r="3" t="194" w="1275" /><ent r="3" t="207" w="227" /><ent r="92" t="209" w="142" /><ent r="92" t="213" w="147" /></phr><phr n="Exporters"><ent r="92" t="22" w="115" /><ent r="64" t="24" w="86" /><ent r="1000" t="25" w="3" /><ent r="102" t="25" w="7" /><ent r="100" t="25" w="9" /><ent r="1000" t="26" w="2" /><ent r="100" t="26" w="7" /><ent r="102" t="26" w="11" /><ent r="65" t="28" w="95" /><ent r="1000" t="29" w="3" /><ent r="102" t="29" w="7" /><ent r="100" t="29" w="9" /></phr><phr n="export"><ent r="3" t="22" w="120" /><ent r="100" t="24" w="5" /><ent r="100" t="24" w="11" /><ent r="3" t="24" w="18" /><ent r="4" t="24" w="35" /><ent r="3" t="24" w="92" /><ent r="64" t="25" w="25" /><ent r="4" t="25" w="70" /><ent r="4" t="25" w="85" /><ent r="4" t="25" w="108" /><ent r="4" t="25" w="123" /><ent r="4" t="25" w="157" /><ent r="4" t="25" w="194" /><ent r="4" t="25" w="209" /><ent r="4" t="25" w="220" /><ent r="3" t="26" w="20" /><ent r="4" t="26" w="47" /><ent r="4" t="26" w="79" /><ent r="100" t="27" w="5" /><ent r="100" t="27" w="7" /><ent r="3" t="27" w="93" /><ent r="3" t="27" w="378" /><ent r="100" t="28" w="7" /><ent r="100" t="28" w="9" /><ent r="4" t="28" w="18" /><ent r="3" t="28" w="103" /><ent r="64" t="29" w="25" /><ent r="4" t="29" w="37" /><ent r="4" t="29" w="40" /><ent r="4" t="29" w="56" /><ent r="4" t="29" w="87" /><ent r="4" t="29" w="104" /><ent r="4" t="29" w="129" /><ent r="4" t="29" w="146" /><ent r="4" t="29" w="188" /><ent r="4" t="29" w="204" /><ent r="4" t="29" w="239" /><ent r="4" t="29" w="254" /><ent r="4" t="29" w="271" /><ent r="4" t="29" w="306" /><ent r="4" t="29" w="320" /><ent r="100" t="30" w="7" /><ent r="100" t="30" w="9" /><ent r="3" t="30" w="18" /><ent r="4" t="30" w="99" /><ent r="100" t="31" w="11" /><ent r="3" t="31" w="20" /><ent r="4" t="32" w="30" /><ent r="4" t="32" w="105" /><ent r="5" t="32" w="137" /><ent r="4" t="32" w="152" /><ent r="4" t="32" w="166" /><ent r="3" t="50" w="52" /><ent r="4" t="50" w="452" /><ent r="4" t="50" w="650" /><ent r="4" t="54" w="209" /><ent r="5" t="91" w="666" /><ent r="3" t="109" w="327" /><ent r="5" t="146" w="186" /><ent r="100" t="147" w="7" /><ent r="100" t="147" w="11" /><ent r="3" t="147" w="133" /><ent r="3" t="147" w="236" /><ent r="3" t="147" w="440" /><ent r="3" t="147" w="564" /><ent r="3" t="147" w="604" /><ent r="3" t="175" w="46" /><ent r="100" t="185" w="10" /><ent r="3" t="185" w="49" /><ent r="4" t="185" w="2335" /><ent r="3" t="185" w="2432" /><ent r="100" t="186" w="13" /><ent r="3" t="186" w="75" /><ent r="3" t="186" w="89" /><ent r="3" t="186" w="448" /><ent r="3" t="186" w="3036" /><ent r="4" t="186" w="3107" /><ent r="3" t="186" w="3255" /><ent r="4" t="187" w="824" /><ent r="4" t="187" w="1011" /><ent r="100" t="190" w="8" /><ent r="100" t="190" w="10" /><ent r="3" t="190" w="45" /><ent r="3" t="190" w="785" /><ent r="4" t="190" w="1100" /><ent r="3" t="190" w="1193" /><ent r="3" t="190" w="1288" /><ent r="3" t="191" w="416" /><ent r="4" t="191" w="478" /><ent r="64" t="203" w="46" /><ent r="3" t="203" w="100" /><ent r="3" t="203" w="119" /><ent r="3" t="203" w="144" /><ent r="3" t="203" w="306" /><ent r="4" t="203" w="338" /><ent r="3" t="204" w="50" /><ent r="3" t="204" w="75" /><ent r="3" t="205" w="28" /><ent r="3" t="207" w="48" /><ent r="3" t="207" w="73" /><ent r="4" t="209" w="41" /><ent r="3" t="209" w="166" /><ent r="3" t="209" w="209" /><ent r="3" t="211" w="23" /><ent r="4" t="213" w="46" /><ent r="3" t="213" w="171" /><ent r="3" t="213" w="214" /></phr><phr n="exporters"><ent r="3" t="24" w="81" /><ent r="100" t="25" w="15" /><ent r="3" t="25" w="19" /><ent r="100" t="26" w="5" /><ent r="3" t="26" w="15" /><ent r="4" t="28" w="90" /><ent r="100" t="29" w="15" /><ent r="3" t="29" w="19" /><ent r="3" t="128" w="86" /></phr><phr n="exporter"><ent r="4" t="25" w="176" /><ent r="3" t="27" w="15" /><ent r="4" t="27" w="61" /><ent r="4" t="29" w="329" /><ent r="8" t="128" w="379" /><ent r="4" t="185" w="2170" /><ent r="3" t="206" w="20" /><ent r="3" t="206" w="54" /><ent r="3" t="206" w="135" /><ent r="3" t="206" w="159" /><ent r="3" t="206" w="216" /><ent r="100" t="207" w="10" /><ent r="4" t="236" w="758" /></phr><phr n="exports"><ent r="3" t="27" w="16" /><ent r="3" t="109" w="378" /><ent r="3" t="109" w="394" /><ent r="5" t="146" w="194" /><ent r="3" t="147" w="531" /></phr><phr n="exporting"><ent r="64" t="27" w="24" /><ent r="3" t="31" w="75" /><ent r="3" t="103" w="29" /><ent r="3" t="147" w="22" /><ent r="4" t="176" w="260" /><ent r="3" t="185" w="40" /><ent r="3" t="190" w="36" /><ent r="3" t="203" w="87" /><ent r="3" t="204" w="31" /><ent r="3" t="207" w="31" /><ent r="3" t="207" w="247" /><ent r="3" t="209" w="17" /><ent r="4" t="210" w="28" /><ent r="4" t="212" w="29" /><ent r="3" t="213" w="20" /><ent r="4" t="214" w="29" /></phr></stem></index>