﻿<?xml version="1.0" encoding="utf-8"?><index><stem n="fusion"><phr n="Fusion"><ent r="64" t="15" w="35" /><ent r="1000" t="176" w="6" /><ent r="100" t="176" w="13" /><ent r="100" t="176" w="22" /><ent r="102" t="176" w="29" /><ent r="3" t="176" w="38" /><ent r="64" t="176" w="318" /><ent r="1000" t="177" w="6" /><ent r="100" t="177" w="13" /><ent r="102" t="177" w="23" /><ent r="3" t="177" w="31" /><ent r="4" t="177" w="59" /><ent r="5" t="177" w="144" /><ent r="4" t="177" w="152" /><ent r="5" t="177" w="161" /><ent r="4" t="177" w="279" /><ent r="3" t="178" w="168" /><ent r="3" t="179" w="17" /><ent r="4" t="179" w="119" /><ent r="5" t="180" w="114" /><ent r="5" t="180" w="183" /><ent r="4" t="181" w="392" /><ent r="64" t="184" w="356" /><ent r="1000" t="188" w="5" /><ent r="100" t="188" w="12" /><ent r="102" t="188" w="22" /><ent r="3" t="188" w="61" /><ent r="4" t="188" w="82" /><ent r="4" t="188" w="111" /><ent r="5" t="188" w="516" /><ent r="4" t="188" w="524" /><ent r="3" t="188" w="532" /><ent r="4" t="188" w="542" /><ent r="3" t="188" w="705" /><ent r="3" t="188" w="767" /><ent r="4" t="188" w="818" /><ent r="4" t="188" w="908" /><ent r="3" t="188" w="967" /><ent r="4" t="188" w="979" /><ent r="4" t="188" w="1015" /><ent r="4" t="188" w="1033" /><ent r="4" t="188" w="1165" /><ent r="4" t="188" w="1310" /><ent r="4" t="188" w="1659" /><ent r="3" t="188" w="1728" /></phr><phr n="fusion"><ent r="4" t="180" w="312" /><ent r="4" t="180" w="335" /><ent r="64" t="181" w="17" /><ent r="4" t="181" w="106" /><ent r="3" t="188" w="74" /><ent r="4" t="188" w="1069" /><ent r="4" t="188" w="1258" /><ent r="4" t="188" w="1323" /><ent r="3" t="188" w="1376" /></phr></stem><stem n="flatten"><phr n="Flatten"><ent r="64" t="15" w="37" /><ent r="64" t="70" w="161" /><ent r="1000" t="72" w="1" /><ent r="102" t="72" w="13" /><ent r="3" t="72" w="17" /><ent r="5" t="72" w="70" /></phr><phr n="flatten"><ent r="100" t="72" w="5" /><ent r="100" t="72" w="11" /><ent r="3" t="72" w="101" /></phr><phr n="flattening"><ent r="4" t="72" w="82" /><ent r="3" t="72" w="116" /></phr></stem><stem n="morpholog"><phr n="Morphology"><ent r="64" t="15" w="42" /><ent r="1000" t="182" w="2" /><ent r="102" t="182" w="5" /><ent r="100" t="182" w="8" /><ent r="3" t="182" w="14" /><ent r="3" t="182" w="167" /><ent r="5" t="182" w="182" /></phr><phr n="morphological"><ent r="3" t="182" w="20" /></phr></stem><stem n="princip"><phr n="Principal"><ent r="64" t="15" w="47" /><ent r="1000" t="170" w="1" /><ent r="100" t="170" w="5" /><ent r="102" t="170" w="9" /><ent r="3" t="170" w="55" /><ent r="3" t="170" w="77" /><ent r="5" t="170" w="155" /><ent r="4" t="170" w="160" /><ent r="3" t="170" w="411" /><ent r="4" t="170" w="569" /><ent r="100" t="187" w="29" /><ent r="3" t="187" w="61" /><ent r="92" t="187" w="1023" /><ent r="5" t="187" w="1059" /><ent r="4" t="187" w="1066" /><ent r="3" t="187" w="1086" /><ent r="4" t="187" w="1435" /><ent r="3" t="217" w="293" /></phr><phr n="principal"><ent r="3" t="170" w="102" /><ent r="3" t="170" w="132" /><ent r="3" t="170" w="142" /><ent r="3" t="170" w="501" /></phr></stem><stem n="analysi"><phr n="Analysis"><ent r="64" t="15" w="49" /><ent r="1000" t="170" w="3" /><ent r="100" t="170" w="7" /><ent r="102" t="170" w="11" /><ent r="3" t="170" w="79" /><ent r="5" t="170" w="157" /><ent r="4" t="170" w="162" /><ent r="3" t="170" w="413" /><ent r="4" t="170" w="571" /><ent r="100" t="187" w="31" /><ent r="3" t="187" w="63" /><ent r="92" t="187" w="1025" /><ent r="5" t="187" w="1061" /><ent r="4" t="187" w="1068" /><ent r="3" t="187" w="1088" /><ent r="4" t="187" w="1437" /></phr><phr n="analysis"><ent r="3" t="77" w="73" /><ent r="3" t="133" w="15" /><ent r="3" t="170" w="57" /><ent r="3" t="170" w="144" /><ent r="4" t="170" w="769" /><ent r="3" t="170" w="985" /><ent r="3" t="184" w="190" /><ent r="3" t="185" w="1610" /><ent r="4" t="192" w="260" /><ent r="64" t="200" w="19" /></phr></stem><stem n="qt"><phr n="QT"><ent r="64" t="15" w="51" /><ent r="1000" t="183" w="1" /><ent r="102" t="183" w="4" /><ent r="100" t="183" w="7" /><ent r="64" t="183" w="12" /><ent r="5" t="183" w="48" /><ent r="3" t="183" w="53" /><ent r="64" t="200" w="20" /><ent r="3" t="200" w="25" /><ent r="3" t="200" w="30" /></phr></stem><stem n="cluster"><phr n="Cluster"><ent r="64" t="15" w="52" /><ent r="1000" t="183" w="2" /><ent r="102" t="183" w="5" /><ent r="100" t="183" w="8" /><ent r="64" t="183" w="13" /><ent r="3" t="183" w="19" /><ent r="5" t="183" w="49" /><ent r="3" t="183" w="54" /><ent r="5" t="183" w="62" /><ent r="64" t="200" w="18" /></phr><phr n="cluster"><ent r="3" t="183" w="35" /><ent r="4" t="183" w="73" /><ent r="4" t="200" w="95" /><ent r="4" t="200" w="115" /><ent r="4" t="200" w="123" /><ent r="4" t="200" w="132" /><ent r="4" t="200" w="139" /><ent r="4" t="200" w="151" /></phr><phr n="clusters"><ent r="3" t="183" w="145" /><ent r="3" t="183" w="162" /><ent r="3" t="200" w="65" /><ent r="4" t="200" w="90" /></phr><phr n="Clustering"><ent r="1000" t="200" w="3" /><ent r="102" t="200" w="8" /></phr><phr n="clustering"><ent r="64" t="200" w="21" /><ent r="3" t="200" w="26" /><ent r="3" t="200" w="33" /><ent r="3" t="200" w="48" /></phr></stem><stem n=":open"><phr n=":open"><ent r="100" t="17" w="5" /><ent r="100" t="18" w="8" /><ent r="100" t="79" w="10" /><ent r="100" t="118" w="74" /><ent r="100" t="121" w="6" /></phr></stem><stem n=":file"><phr n=":file"><ent r="100" t="17" w="8" /><ent r="100" t="18" w="11" /></phr><phr n=":File"><ent r="100" t="218" w="12" /><ent r="100" t="240" w="28" /></phr></stem><stem n=":import"><phr n=":import"><ent r="100" t="17" w="19" /><ent r="100" t="19" w="11" /><ent r="100" t="21" w="11" /><ent r="100" t="215" w="12" /></phr><phr n=":Import"><ent r="100" t="221" w="11" /></phr></stem><stem n="..."><phr n="..."><ent r="5" t="17" w="47" /><ent r="5" t="21" w="240" /><ent r="5" t="23" w="39" /><ent r="4" t="23" w="111" /><ent r="5" t="27" w="183" /><ent r="5" t="27" w="274" /><ent r="5" t="32" w="113" /><ent r="5" t="33" w="137" /><ent r="6" t="39" w="65" /><ent r="5" t="45" w="377" /><ent r="4" t="48" w="208" /><ent r="5" t="48" w="238" /><ent r="5" t="48" w="303" /><ent r="4" t="50" w="292" /><ent r="7" t="50" w="352" /><ent r="5" t="51" w="212" /><ent r="5" t="52" w="60" /><ent r="5" t="54" w="127" /><ent r="5" t="54" w="185" /><ent r="5" t="63" w="66" /><ent r="4" t="63" w="131" /><ent r="4" t="75" w="306" /><ent r="5" t="79" w="92" /><ent r="4" t="80" w="80" /><ent r="5" t="81" w="179" /><ent r="4" t="81" w="185" /><ent r="4" t="84" w="128" /><ent r="5" t="84" w="229" /><ent r="7" t="91" w="133" /><ent r="7" t="91" w="146" /><ent r="7" t="91" w="325" /><ent r="5" t="91" w="347" /><ent r="5" t="93" w="86" /><ent r="4" t="93" w="110" /><ent r="5" t="94" w="82" /><ent r="4" t="94" w="131" /><ent r="5" t="95" w="70" /><ent r="5" t="96" w="104" /><ent r="5" t="96" w="232" /><ent r="5" t="101" w="98" /><ent r="4" t="101" w="136" /><ent r="5" t="102" w="102" /><ent r="4" t="102" w="140" /><ent r="5" t="107" w="141" /><ent r="5" t="108" w="83" /><ent r="5" t="109" w="96" /><ent r="5" t="110" w="97" /><ent r="4" t="118" w="104" /><ent r="5" t="121" w="51" /><ent r="5" t="130" w="48" /><ent r="5" t="136" w="48" /><ent r="5" t="138" w="54" /><ent r="6" t="143" w="79" /><ent r="6" t="143" w="139" /><ent r="5" t="145" w="380" /><ent r="4" t="145" w="405" /><ent r="5" t="147" w="53" /><ent r="5" t="148" w="51" /><ent r="5" t="150" w="92" /><ent r="5" t="151" w="92" /><ent r="5" t="152" w="106" /><ent r="5" t="153" w="101" /><ent r="5" t="154" w="94" /><ent r="5" t="155" w="92" /><ent r="5" t="156" w="88" /><ent r="5" t="157" w="89" /><ent r="5" t="158" w="99" /><ent r="5" t="159" w="77" /><ent r="5" t="159" w="434" /><ent r="5" t="160" w="102" /><ent r="5" t="160" w="422" /><ent r="5" t="161" w="106" /><ent r="4" t="161" w="129" /><ent r="5" t="161" w="421" /><ent r="5" t="163" w="50" /><ent r="4" t="163" w="209" /><ent r="4" t="163" w="246" /><ent r="5" t="164" w="99" /><ent r="5" t="164" w="115" /><ent r="4" t="164" w="213" /><ent r="5" t="165" w="88" /><ent r="5" t="166" w="80" /><ent r="5" t="167" w="96" /><ent r="4" t="167" w="154" /><ent r="5" t="168" w="112" /><ent r="5" t="169" w="153" /><ent r="5" t="172" w="70" /><ent r="5" t="186" w="721" /><ent r="5" t="186" w="775" /><ent r="5" t="187" w="474" /><ent r="5" t="187" w="782" /><ent r="5" t="189" w="654" /><ent r="5" t="190" w="643" /><ent r="5" t="190" w="880" /><ent r="5" t="191" w="247" /><ent r="6" t="191" w="559" /><ent r="5" t="193" w="432" /><ent r="4" t="196" w="88" /><ent r="5" t="203" w="206" /><ent r="5" t="204" w="137" /><ent r="5" t="205" w="96" /><ent r="5" t="207" w="135" /><ent r="5" t="216" w="132" /><ent r="5" t="216" w="556" /><ent r="4" t="220" w="47" /><ent r="82" t="221" w="138" /><ent r="3" t="221" w="142" /><ent r="82" t="221" w="159" /><ent r="3" t="221" w="162" /><ent r="82" t="221" w="170" /><ent r="82" t="221" w="181" /><ent r="3" t="221" w="184" /><ent r="82" t="221" w="197" /><ent r="3" t="221" w="200" /><ent r="5" t="222" w="94" /><ent r="5" t="225" w="93" /><ent r="5" t="229" w="207" /><ent r="82" t="236" w="323" /><ent r="3" t="236" w="327" /><ent r="82" t="236" w="344" /><ent r="3" t="236" w="347" /><ent r="82" t="236" w="355" /><ent r="82" t="236" w="366" /><ent r="3" t="236" w="369" /><ent r="82" t="236" w="382" /><ent r="3" t="236" w="385" /><ent r="5" t="236" w="700" /></phr></stem><stem n="(s)"><phr n="(s)"><ent r="4" t="17" w="108" /><ent r="4" t="105" w="178" /><ent r="4" t="105" w="226" /><ent r="7" t="119" w="81" /><ent r="7" t="119" w="120" /><ent r="7" t="119" w="154" /><ent r="5" t="119" w="230" /><ent r="6" t="173" w="522" /><ent r="6" t="173" w="529" /><ent r="3" t="193" w="1315" /><ent r="3" t="194" w="1166" /><ent r="5" t="224" w="70" /><ent r="7" t="239" w="71" /><ent r="7" t="239" w="110" /><ent r="7" t="239" w="145" /><ent r="5" t="241" w="121" /></phr></stem><stem n="multipl"><phr n="multiple"><ent r="3" t="17" w="115" /><ent r="3" t="18" w="33" /><ent r="3" t="23" w="128" /><ent r="3" t="49" w="392" /><ent r="3" t="65" w="90" /><ent r="3" t="82" w="244" /><ent r="3" t="103" w="51" /><ent r="3" t="112" w="12" /><ent r="4" t="112" w="169" /><ent r="3" t="113" w="19" /><ent r="3" t="118" w="441" /><ent r="7" t="119" w="89" /><ent r="7" t="119" w="125" /><ent r="7" t="119" w="163" /><ent r="3" t="128" w="571" /><ent r="3" t="129" w="262" /><ent r="3" t="151" w="199" /><ent r="3" t="157" w="233" /><ent r="3" t="158" w="207" /><ent r="3" t="174" w="25" /><ent r="4" t="176" w="186" /><ent r="3" t="178" w="48" /><ent r="4" t="179" w="136" /><ent r="3" t="186" w="240" /><ent r="3" t="188" w="870" /><ent r="3" t="193" w="898" /><ent r="3" t="193" w="1014" /><ent r="5" t="194" w="158" /><ent r="3" t="194" w="837" /><ent r="4" t="236" w="553" /></phr><phr n="Multiple"><ent r="5" t="194" w="144" /><ent r="6" t="242" w="404" /><ent r="5" t="242" w="423" /><ent r="6" t="242" w="442" /><ent r="6" t="242" w="460" /><ent r="6" t="242" w="479" /><ent r="6" t="242" w="497" /><ent r="6" t="242" w="516" /><ent r="6" t="242" w="534" /><ent r="6" t="242" w="553" /><ent r="5" t="242" w="572" /><ent r="5" t="242" w="590" /><ent r="5" t="242" w="608" /><ent r="5" t="242" w="627" /><ent r="6" t="242" w="645" /><ent r="6" t="242" w="663" /><ent r="6" t="242" w="681" /><ent r="6" t="242" w="696" /><ent r="6" t="242" w="719" /></phr></stem><stem n="paramet"><phr n="parameters"><ent r="3" t="17" w="174" /><ent r="3" t="18" w="175" /><ent r="3" t="28" w="104" /><ent r="4" t="168" w="299" /><ent r="3" t="185" w="229" /><ent r="4" t="187" w="1072" /><ent r="3" t="203" w="85" /><ent r="3" t="204" w="29" /><ent r="3" t="207" w="29" /><ent r="4" t="226" w="103" /><ent r="4" t="226" w="148" /></phr><phr n="Parameters"><ent r="3" t="172" w="75" /></phr><phr n="Parameter"><ent r="7" t="202" w="183" /></phr></stem><stem n="relat"><phr n="Related"><ent r="92" t="17" w="251" /><ent r="92" t="20" w="556" /><ent r="92" t="21" w="514" /><ent r="92" t="23" w="137" /><ent r="92" t="24" w="132" /><ent r="92" t="30" w="117" /><ent r="92" t="36" w="55" /><ent r="92" t="37" w="91" /><ent r="92" t="38" w="186" /><ent r="93" t="41" w="263" /><ent r="92" t="54" w="226" /><ent r="92" t="55" w="89" /><ent r="92" t="56" w="130" /><ent r="92" t="59" w="297" /><ent r="92" t="64" w="90" /><ent r="92" t="66" w="300" /><ent r="92" t="67" w="132" /><ent r="92" t="68" w="294" /><ent r="92" t="70" w="166" /><ent r="92" t="71" w="294" /><ent r="92" t="74" w="114" /><ent r="92" t="77" w="131" /><ent r="92" t="78" w="401" /><ent r="92" t="79" w="165" /><ent r="92" t="80" w="121" /><ent r="92" t="81" w="244" /><ent r="92" t="83" w="76" /><ent r="92" t="90" w="245" /><ent r="92" t="96" w="280" /><ent r="92" t="97" w="326" /><ent r="92" t="99" w="77" /><ent r="92" t="100" w="180" /><ent r="92" t="103" w="277" /><ent r="92" t="104" w="149" /><ent r="92" t="105" w="261" /><ent r="92" t="111" w="604" /><ent r="92" t="118" w="557" /><ent r="92" t="120" w="256" /><ent r="92" t="121" w="133" /><ent r="92" t="122" w="189" /><ent r="92" t="123" w="144" /><ent r="92" t="124" w="113" /><ent r="92" t="125" w="227" /><ent r="92" t="128" w="951" /><ent r="92" t="129" w="422" /><ent r="92" t="132" w="451" /><ent r="92" t="133" w="108" /><ent r="92" t="134" w="208" /><ent r="92" t="135" w="100" /><ent r="92" t="136" w="76" /><ent r="92" t="137" w="87" /><ent r="92" t="138" w="77" /><ent r="92" t="140" w="184" /><ent r="92" t="141" w="122" /><ent r="92" t="142" w="51" /><ent r="92" t="159" w="1018" /><ent r="92" t="160" w="1009" /><ent r="92" t="176" w="310" /><ent r="92" t="178" w="302" /><ent r="92" t="179" w="156" /><ent r="92" t="180" w="359" /><ent r="92" t="216" w="883" /><ent r="92" t="217" w="732" /><ent r="92" t="218" w="43" /><ent r="92" t="219" w="56" /><ent r="92" t="220" w="124" /><ent r="92" t="221" w="212" /><ent r="92" t="232" w="129" /><ent r="92" t="236" w="783" /></phr><phr n="related"><ent r="3" t="77" w="102" /><ent r="3" t="235" w="42" /></phr><phr n="relation"><ent r="3" t="188" w="1604" /></phr></stem><stem n="topic"><phr n="Topics"><ent r="92" t="17" w="252" /><ent r="92" t="20" w="557" /><ent r="92" t="21" w="515" /><ent r="92" t="23" w="138" /><ent r="92" t="24" w="133" /><ent r="92" t="36" w="56" /><ent r="92" t="37" w="92" /><ent r="92" t="54" w="227" /><ent r="92" t="55" w="90" /><ent r="92" t="56" w="131" /><ent r="92" t="59" w="298" /><ent r="92" t="64" w="91" /><ent r="92" t="67" w="133" /><ent r="92" t="77" w="132" /><ent r="92" t="78" w="402" /><ent r="92" t="79" w="166" /><ent r="92" t="80" w="122" /><ent r="92" t="81" w="245" /><ent r="92" t="83" w="77" /><ent r="92" t="104" w="150" /><ent r="92" t="111" w="605" /><ent r="92" t="118" w="558" /><ent r="92" t="120" w="257" /><ent r="92" t="121" w="134" /><ent r="92" t="122" w="190" /><ent r="92" t="124" w="114" /><ent r="92" t="125" w="228" /><ent r="92" t="129" w="423" /><ent r="92" t="132" w="452" /><ent r="92" t="133" w="109" /><ent r="92" t="134" w="209" /><ent r="92" t="135" w="101" /><ent r="92" t="136" w="77" /><ent r="92" t="137" w="88" /><ent r="92" t="138" w="78" /><ent r="92" t="140" w="185" /><ent r="92" t="141" w="123" /><ent r="92" t="142" w="52" /><ent r="92" t="159" w="1019" /><ent r="92" t="216" w="884" /><ent r="92" t="217" w="733" /><ent r="92" t="218" w="44" /><ent r="92" t="219" w="57" /><ent r="92" t="220" w="125" /><ent r="92" t="221" w="213" /></phr><phr n="Topic"><ent r="92" t="30" w="118" /><ent r="92" t="38" w="187" /><ent r="93" t="41" w="264" /><ent r="92" t="66" w="301" /><ent r="92" t="68" w="295" /><ent r="92" t="70" w="167" /><ent r="92" t="71" w="295" /><ent r="92" t="74" w="115" /><ent r="92" t="90" w="246" /><ent r="92" t="96" w="281" /><ent r="92" t="97" w="327" /><ent r="92" t="99" w="78" /><ent r="92" t="100" w="181" /><ent r="92" t="103" w="278" /><ent r="92" t="105" w="262" /><ent r="92" t="123" w="145" /><ent r="92" t="128" w="952" /><ent r="92" t="160" w="1010" /><ent r="92" t="176" w="311" /><ent r="92" t="178" w="303" /><ent r="92" t="179" w="157" /><ent r="92" t="180" w="360" /><ent r="92" t="232" w="130" /><ent r="92" t="236" w="784" /></phr></stem><stem n="directori"><phr n="directory"><ent r="3" t="18" w="76" /><ent r="4" t="27" w="158" /><ent r="4" t="32" w="65" /><ent r="4" t="33" w="232" /><ent r="4" t="79" w="105" /><ent r="4" t="81" w="192" /><ent r="4" t="123" w="88" /><ent r="3" t="124" w="31" /><ent r="3" t="124" w="75" /><ent r="4" t="169" w="74" /><ent r="3" t="169" w="78" /><ent r="3" t="170" w="961" /><ent r="4" t="185" w="568" /><ent r="4" t="187" w="816" /><ent r="4" t="187" w="1330" /><ent r="4" t="191" w="301" /><ent r="4" t="191" w="441" /><ent r="4" t="194" w="1343" /><ent r="3" t="194" w="1398" /><ent r="3" t="194" w="1518" /><ent r="4" t="236" w="707" /><ent r="6" t="242" w="259" /><ent r="6" t="242" w="717" /></phr></stem><stem n="path"><phr n="path"><ent r="3" t="18" w="82" /><ent r="4" t="69" w="64" /><ent r="5" t="69" w="76" /><ent r="5" t="69" w="93" /><ent r="3" t="69" w="165" /><ent r="3" t="71" w="26" /><ent r="4" t="71" w="76" /><ent r="4" t="71" w="258" /><ent r="3" t="71" w="272" /><ent r="7" t="184" w="287" /><ent r="7" t="184" w="298" /><ent r="7" t="185" w="504" /><ent r="7" t="185" w="515" /><ent r="7" t="186" w="653" /><ent r="7" t="186" w="664" /><ent r="4" t="186" w="2511" /><ent r="7" t="187" w="369" /><ent r="7" t="187" w="380" /><ent r="7" t="188" w="329" /><ent r="7" t="188" w="340" /><ent r="7" t="189" w="567" /><ent r="7" t="189" w="578" /><ent r="7" t="190" w="556" /><ent r="7" t="190" w="567" /><ent r="7" t="191" w="213" /><ent r="7" t="191" w="224" /><ent r="7" t="192" w="480" /><ent r="7" t="192" w="491" /><ent r="7" t="193" w="399" /><ent r="7" t="193" w="410" /><ent r="4" t="193" w="1779" /><ent r="7" t="194" w="389" /><ent r="7" t="194" w="400" /></phr><phr n="Path"><ent r="4" t="71" w="82" /><ent r="4" t="71" w="109" /><ent r="4" t="71" w="126" /><ent r="92" t="71" w="218" /><ent r="4" t="123" w="92" /><ent r="4" t="193" w="1667" /></phr><phr n="Paths"><ent r="4" t="71" w="253" /></phr></stem><stem n=":\&gt;"><phr n=":\&gt;"><ent r="3" t="18" w="88" /></phr></stem><stem n="&gt;"><phr n="&gt;"><ent r="3" t="18" w="88" /><ent r="4" t="148" w="285" /><ent r="4" t="181" w="318" /><ent r="4" t="181" w="326" /><ent r="4" t="181" w="334" /></phr></stem><stem n="opticks.dataset1"><phr n="Opticks.dataset1"><ent r="3" t="18" w="90" /><ent r="3" t="18" w="89" /></phr></stem><stem n="dataset1"><phr n="dataset1"><ent r="3" t="18" w="90" /></phr></stem><stem n="opticks.dataset1.r"><phr n="Opticks.dataset1.re"><ent r="3" t="18" w="91" /><ent r="3" t="18" w="89" /></phr></stem><stem n="re"><phr n="re"><ent r="3" t="18" w="91" /><ent r="3" t="18" w="95" /><ent r="4" t="25" w="135" /><ent r="3" t="47" w="23" /><ent r="3" t="77" w="30" /><ent r="3" t="82" w="466" /><ent r="3" t="101" w="21" /><ent r="3" t="101" w="54" /><ent r="4" t="161" w="152" /><ent r="4" t="166" w="90" /><ent r="4" t="168" w="121" /><ent r="4" t="180" w="193" /><ent r="6" t="185" w="2394" /><ent r="5" t="186" w="787" /><ent r="6" t="186" w="1223" /><ent r="3" t="186" w="1525" /><ent r="5" t="186" w="1830" /><ent r="4" t="217" w="556" /><ent r="3" t="217" w="657" /><ent r="3" t="217" w="704" /></phr><phr n="Re"><ent r="4" t="188" w="1653" /><ent r="4" t="190" w="890" /><ent r="3" t="217" w="719" /></phr></stem><stem n="opticks.dataset1.re.ic"><phr n="Opticks.dataset1.re.ice"><ent r="3" t="18" w="92" /><ent r="3" t="18" w="89" /></phr></stem><stem n="ic"><phr n="ice"><ent r="3" t="18" w="92" /><ent r="3" t="18" w="96" /><ent r="4" t="25" w="136" /><ent r="4" t="26" w="41" /><ent r="4" t="26" w="73" /><ent r="6" t="185" w="2395" /><ent r="5" t="186" w="788" /><ent r="6" t="186" w="1224" /><ent r="5" t="186" w="1831" /><ent r="5" t="186" w="2463" /><ent r="5" t="186" w="2653" /></phr><phr n="Ice"><ent r="5" t="20" w="344" /><ent r="4" t="20" w="367" /><ent r="5" t="20" w="384" /><ent r="5" t="20" w="406" /><ent r="4" t="22" w="106" /><ent r="4" t="22" w="139" /><ent r="67" t="24" w="113" /><ent r="5" t="25" w="117" /><ent r="65" t="25" w="161" /><ent r="5" t="26" w="24" /><ent r="4" t="26" w="38" /><ent r="65" t="26" w="51" /><ent r="5" t="26" w="56" /><ent r="4" t="26" w="70" /><ent r="65" t="26" w="83" /><ent r="4" t="147" w="88" /><ent r="92" t="147" w="351" /><ent r="4" t="185" w="81" /><ent r="4" t="185" w="221" /><ent r="3" t="185" w="242" /><ent r="3" t="185" w="247" /><ent r="3" t="185" w="284" /><ent r="4" t="185" w="2326" /><ent r="4" t="185" w="2334" /><ent r="1000" t="205" w="1" /><ent r="102" t="205" w="5" /><ent r="100" t="205" w="9" /><ent r="3" t="205" w="15" /><ent r="92" t="205" w="183" /><ent r="3" t="205" w="189" /></phr></stem><stem n=".dataset1.re.ice.h5"><phr n=".dataset1.re.ice.h5"><ent r="3" t="18" w="93" /></phr></stem><stem n="opticks.dataset1.re.ice.h5"><phr n="Opticks.dataset1.re.ice.h5"><ent r="3" t="18" w="93" /><ent r="3" t="18" w="89" /></phr></stem><stem n="h5"><phr n="h5"><ent r="3" t="18" w="93" /><ent r="3" t="18" w="97" /><ent r="4" t="25" w="137" /><ent r="4" t="26" w="42" /><ent r="4" t="26" w="74" /><ent r="6" t="185" w="2396" /><ent r="5" t="186" w="789" /><ent r="6" t="186" w="1225" /><ent r="5" t="186" w="1832" /><ent r="5" t="186" w="2464" /><ent r="5" t="186" w="2654" /></phr></stem><stem n="dataset2"><phr n="dataset2"><ent r="3" t="18" w="94" /></phr></stem><stem n="dataset2.r"><phr n="dataset2.re"><ent r="3" t="18" w="95" /><ent r="3" t="18" w="94" /></phr></stem><stem n="dataset2.re.ic"><phr n="dataset2.re.ice"><ent r="3" t="18" w="96" /><ent r="3" t="18" w="94" /></phr></stem><stem n=".re.ice.h5"><phr n=".re.ice.h5"><ent r="3" t="18" w="97" /></phr></stem><stem n="dataset2.re.ice.h5"><phr n="dataset2.re.ice.h5"><ent r="3" t="18" w="97" /><ent r="3" t="18" w="94" /></phr></stem><stem n="map3"><phr n="map3"><ent r="3" t="18" w="100" /></phr></stem><stem n=":\data\map3.tiff"><phr n=":\data\map3.tiff"><ent r="3" t="18" w="101" /></phr></stem><stem n="map3.tiff"><phr n="map3.tiff"><ent r="3" t="18" w="101" /><ent r="3" t="18" w="100" /></phr></stem><stem n="tiff"><phr n="tiff"><ent r="3" t="18" w="101" /></phr><phr n="TIFF"><ent r="6" t="20" w="292" /><ent r="4" t="20" w="312" /><ent r="4" t="20" w="326" /></phr></stem><stem n="system"><phr n="System"><ent r="92" t="18" w="108" /><ent r="5" t="21" w="33" /><ent r="102" t="67" w="20" /><ent r="5" t="67" w="107" /><ent r="4" t="67" w="112" /><ent r="5" t="74" w="40" /><ent r="4" t="75" w="258" /><ent r="3" t="111" w="92" /><ent r="4" t="159" w="426" /><ent r="4" t="160" w="414" /><ent r="4" t="161" w="413" /><ent r="4" t="166" w="186" /><ent r="66" t="198" w="288" /><ent r="4" t="216" w="548" /><ent r="5" t="227" w="605" /><ent r="7" t="231" w="89" /></phr><phr n="system"><ent r="3" t="18" w="114" /><ent r="3" t="21" w="89" /><ent r="3" t="21" w="98" /><ent r="3" t="21" w="117" /><ent r="3" t="143" w="209" /><ent r="3" t="189" w="103" /><ent r="3" t="189" w="340" /><ent r="3" t="189" w="357" /><ent r="3" t="189" w="369" /><ent r="3" t="190" w="93" /><ent r="3" t="190" w="330" /><ent r="3" t="190" w="347" /><ent r="3" t="190" w="359" /><ent r="3" t="207" w="254" /><ent r="3" t="216" w="74" /></phr><phr n="systems"><ent r="4" t="168" w="773" /><ent r="3" t="186" w="1019" /><ent r="7" t="202" w="359" /></phr><phr n="Systems"><ent r="5" t="202" w="70" /></phr></stem><stem n="(or"><phr n="(or"><ent r="3" t="18" w="121" /><ent r="4" t="84" w="159" /><ent r="3" t="85" w="35" /><ent r="3" t="179" w="76" /><ent r="4" t="206" w="110" /><ent r="4" t="237" w="124" /><ent r="4" t="237" w="134" /><ent r="4" t="237" w="199" /><ent r="4" t="237" w="209" /></phr></stem><stem n="onto"><phr n="onto"><ent r="3" t="18" w="123" /><ent r="3" t="70" w="107" /><ent r="3" t="128" w="180" /><ent r="3" t="128" w="211" /><ent r="3" t="128" w="252" /><ent r="3" t="129" w="123" /><ent r="4" t="193" w="465" /><ent r="4" t="193" w="508" /><ent r="4" t="193" w="607" /><ent r="4" t="193" w="692" /><ent r="4" t="194" w="562" /><ent r="4" t="194" w="598" /><ent r="4" t="194" w="648" /></phr></stem><stem n="program"><phr n="program"><ent r="3" t="18" w="126" /></phr><phr n="programs"><ent r="4" t="170" w="585" /></phr><phr n="Program"><ent r="4" t="194" w="1527" /></phr></stem><stem n="execut"><phr n="execute"><ent r="3" t="18" w="127" /><ent r="3" t="118" w="50" /><ent r="100" t="120" w="5" /><ent r="100" t="120" w="192" /><ent r="64" t="127" w="27" /><ent r="3" t="127" w="76" /><ent r="3" t="128" w="39" /><ent r="3" t="128" w="682" /><ent r="4" t="129" w="232" /><ent r="3" t="186" w="63" /><ent r="3" t="186" w="3239" /></phr><phr n="executing"><ent r="3" t="103" w="45" /><ent r="3" t="181" w="13" /><ent r="3" t="187" w="59" /><ent r="4" t="188" w="1297" /></phr><phr n="executed"><ent r="3" t="111" w="261" /><ent r="7" t="119" w="248" /><ent r="7" t="119" w="282" /><ent r="4" t="125" w="84" /><ent r="3" t="128" w="937" /><ent r="3" t="128" w="946" /><ent r="3" t="160" w="866" /><ent r="3" t="193" w="195" /><ent r="3" t="193" w="216" /><ent r="3" t="193" w="280" /><ent r="3" t="193" w="1294" /><ent r="3" t="193" w="1310" /><ent r="5" t="194" w="149" /><ent r="3" t="194" w="1145" /><ent r="3" t="194" w="1161" /><ent r="3" t="236" w="104" /><ent r="7" t="241" w="150" /><ent r="7" t="241" w="188" /></phr><phr n="execution"><ent r="3" t="118" w="483" /><ent r="3" t="118" w="537" /><ent r="3" t="118" w="540" /><ent r="7" t="119" w="236" /><ent r="7" t="119" w="270" /><ent r="100" t="125" w="6" /><ent r="4" t="125" w="60" /><ent r="100" t="125" w="65" /><ent r="3" t="125" w="104" /><ent r="3" t="125" w="116" /><ent r="3" t="125" w="194" /><ent r="4" t="125" w="220" /><ent r="100" t="128" w="4" /><ent r="100" t="128" w="89" /><ent r="100" t="128" w="102" /><ent r="3" t="128" w="120" /><ent r="3" t="128" w="124" /><ent r="3" t="128" w="130" /><ent r="4" t="128" w="778" /><ent r="3" t="128" w="834" /><ent r="3" t="128" w="843" /><ent r="3" t="128" w="911" /><ent r="3" t="128" w="923" /><ent r="3" t="131" w="182" /><ent r="3" t="131" w="211" /><ent r="100" t="132" w="9" /><ent r="100" t="132" w="14" /><ent r="100" t="132" w="23" /><ent r="4" t="132" w="76" /><ent r="3" t="132" w="94" /><ent r="3" t="132" w="106" /><ent r="3" t="132" w="263" /><ent r="3" t="132" w="389" /><ent r="4" t="193" w="63" /><ent r="4" t="193" w="1245" /><ent r="4" t="193" w="1258" /><ent r="3" t="193" w="1271" /><ent r="3" t="193" w="1289" /><ent r="4" t="193" w="1345" /><ent r="4" t="194" w="92" /><ent r="4" t="194" w="803" /><ent r="3" t="194" w="1122" /><ent r="3" t="194" w="1140" /><ent r="7" t="241" w="138" /><ent r="7" t="241" w="176" /></phr><phr n="Execution"><ent r="64" t="118" w="502" /><ent r="65" t="120" w="187" /><ent r="4" t="122" w="37" /><ent r="1000" t="125" w="2" /><ent r="102" t="125" w="10" /><ent r="64" t="125" w="177" /><ent r="92" t="125" w="186" /><ent r="4" t="125" w="208" /><ent r="82" t="128" w="721" /><ent r="64" t="128" w="896" /><ent r="82" t="128" w="903" /><ent r="64" t="131" w="200" /><ent r="64" t="131" w="238" /><ent r="1000" t="132" w="1" /><ent r="102" t="132" w="17" /><ent r="92" t="132" w="294" /><ent r="5" t="132" w="371" /><ent r="92" t="132" w="383" /><ent r="5" t="132" w="437" /><ent r="64" t="132" w="462" /><ent r="5" t="193" w="542" /><ent r="92" t="193" w="1222" /><ent r="5" t="194" w="508" /><ent r="92" t="194" w="1111" /></phr><phr n="Execute"><ent r="92" t="120" w="194" /><ent r="3" t="120" w="199" /><ent r="5" t="122" w="103" /><ent r="5" t="180" w="328" /><ent r="4" t="187" w="113" /><ent r="5" t="188" w="1251" /><ent r="5" t="193" w="1824" /><ent r="7" t="238" w="143" /></phr><phr n="Executing"><ent r="1000" t="127" w="5" /><ent r="102" t="127" w="13" /><ent r="65" t="129" w="241" /><ent r="64" t="132" w="469" /></phr><phr n="executes"><ent r="3" t="128" w="311" /></phr><phr n="Executes"><ent r="7" t="238" w="145" /></phr></stem></index>