﻿<?xml version="1.0" encoding="utf-8"?><index><stem n="sure"><phr n="sure"><ent r="4" t="1" w="370" /><ent r="4" t="1" w="395" /><ent r="4" t="10" w="18" /><ent r="4" t="20" w="272" /><ent r="4" t="21" w="456" /><ent r="4" t="45" w="150" /><ent r="4" t="45" w="213" /><ent r="4" t="45" w="270" /><ent r="3" t="45" w="589" /><ent r="4" t="50" w="114" /><ent r="4" t="51" w="137" /><ent r="4" t="51" w="159" /><ent r="4" t="51" w="192" /><ent r="4" t="51" w="214" /><ent r="3" t="52" w="18" /><ent r="4" t="59" w="237" /><ent r="5" t="65" w="43" /><ent r="4" t="66" w="20" /><ent r="3" t="68" w="28" /><ent r="3" t="73" w="39" /><ent r="4" t="73" w="73" /><ent r="4" t="85" w="65" /><ent r="3" t="91" w="43" /><ent r="3" t="92" w="220" /><ent r="3" t="101" w="30" /><ent r="4" t="112" w="94" /><ent r="3" t="126" w="355" /><ent r="3" t="126" w="497" /><ent r="3" t="134" w="200" /><ent r="4" t="140" w="37" /><ent r="4" t="177" w="126" /><ent r="4" t="185" w="438" /><ent r="4" t="185" w="553" /><ent r="4" t="185" w="571" /><ent r="4" t="186" w="587" /><ent r="3" t="186" w="887" /><ent r="3" t="186" w="909" /><ent r="4" t="186" w="1300" /><ent r="4" t="186" w="1781" /><ent r="4" t="186" w="1868" /><ent r="4" t="186" w="1986" /><ent r="4" t="186" w="2200" /><ent r="3" t="186" w="2346" /><ent r="4" t="187" w="303" /><ent r="4" t="187" w="477" /><ent r="4" t="187" w="684" /><ent r="4" t="187" w="718" /><ent r="3" t="187" w="733" /><ent r="4" t="188" w="263" /><ent r="4" t="188" w="381" /><ent r="4" t="188" w="496" /><ent r="4" t="188" w="1023" /><ent r="4" t="188" w="1173" /><ent r="4" t="188" w="1520" /><ent r="3" t="189" w="359" /><ent r="4" t="189" w="501" /><ent r="4" t="189" w="619" /><ent r="3" t="189" w="696" /><ent r="3" t="190" w="349" /><ent r="4" t="190" w="490" /><ent r="4" t="190" w="608" /><ent r="4" t="191" w="286" /><ent r="4" t="192" w="414" /><ent r="4" t="192" w="528" /><ent r="4" t="192" w="855" /><ent r="4" t="193" w="531" /><ent r="4" t="193" w="637" /><ent r="4" t="193" w="722" /><ent r="7" t="193" w="1144" /><ent r="3" t="193" w="1363" /><ent r="4" t="194" w="323" /><ent r="4" t="194" w="1233" /><ent r="3" t="223" w="37" /><ent r="4" t="226" w="121" /><ent r="3" t="226" w="169" /><ent r="4" t="226" w="199" /><ent r="4" t="229" w="39" /><ent r="4" t="229" w="174" /><ent r="4" t="229" w="256" /><ent r="4" t="229" w="324" /></phr></stem><stem n="tab"><phr n="tab"><ent r="4" t="1" w="373" /><ent r="3" t="19" w="65" /><ent r="4" t="20" w="282" /><ent r="4" t="21" w="274" /><ent r="4" t="21" w="278" /><ent r="4" t="21" w="315" /><ent r="4" t="21" w="392" /><ent r="3" t="21" w="395" /><ent r="4" t="21" w="492" /><ent r="3" t="23" w="122" /><ent r="4" t="27" w="112" /><ent r="3" t="27" w="198" /><ent r="3" t="27" w="369" /><ent r="4" t="30" w="36" /><ent r="4" t="32" w="128" /><ent r="4" t="44" w="73" /><ent r="4" t="45" w="153" /><ent r="4" t="45" w="218" /><ent r="4" t="45" w="273" /><ent r="4" t="51" w="142" /><ent r="4" t="51" w="197" /><ent r="3" t="78" w="97" /><ent r="3" t="78" w="109" /><ent r="3" t="78" w="322" /><ent r="3" t="88" w="113" /><ent r="3" t="90" w="16" /><ent r="4" t="90" w="72" /><ent r="7" t="91" w="465" /><ent r="3" t="95" w="76" /><ent r="3" t="95" w="172" /><ent r="4" t="100" w="74" /><ent r="3" t="100" w="145" /><ent r="3" t="101" w="50" /><ent r="3" t="117" w="12" /><ent r="3" t="128" w="67" /><ent r="4" t="129" w="58" /><ent r="4" t="129" w="285" /><ent r="4" t="129" w="295" /><ent r="3" t="141" w="47" /><ent r="3" t="141" w="101" /><ent r="5" t="142" w="31" /><ent r="4" t="144" w="60" /><ent r="3" t="159" w="150" /><ent r="3" t="159" w="155" /><ent r="3" t="159" w="219" /><ent r="4" t="159" w="374" /><ent r="4" t="159" w="391" /><ent r="3" t="159" w="492" /><ent r="3" t="159" w="671" /><ent r="3" t="159" w="721" /><ent r="3" t="159" w="767" /><ent r="4" t="160" w="87" /><ent r="3" t="160" w="236" /><ent r="3" t="160" w="267" /><ent r="4" t="160" w="365" /><ent r="4" t="160" w="382" /><ent r="3" t="160" w="480" /><ent r="3" t="160" w="659" /><ent r="3" t="160" w="709" /><ent r="3" t="160" w="945" /><ent r="3" t="160" w="990" /><ent r="3" t="160" w="1003" /><ent r="4" t="161" w="364" /><ent r="4" t="161" w="381" /><ent r="3" t="161" w="479" /><ent r="3" t="161" w="658" /><ent r="3" t="161" w="708" /><ent r="3" t="161" w="749" /><ent r="4" t="162" w="112" /><ent r="3" t="162" w="166" /><ent r="4" t="169" w="58" /><ent r="4" t="169" w="63" /><ent r="4" t="185" w="441" /><ent r="3" t="185" w="1268" /><ent r="3" t="185" w="1288" /><ent r="3" t="185" w="1302" /><ent r="4" t="186" w="590" /><ent r="4" t="186" w="2766" /><ent r="4" t="187" w="306" /><ent r="6" t="187" w="457" /><ent r="4" t="187" w="687" /><ent r="4" t="188" w="266" /><ent r="4" t="189" w="504" /><ent r="3" t="189" w="819" /><ent r="4" t="189" w="826" /><ent r="4" t="190" w="493" /><ent r="6" t="190" w="967" /><ent r="4" t="191" w="566" /><ent r="3" t="191" w="595" /><ent r="4" t="192" w="417" /><ent r="4" t="194" w="326" /><ent r="3" t="207" w="229" /><ent r="100" t="216" w="10" /><ent r="4" t="216" w="295" /><ent r="4" t="216" w="303" /><ent r="4" t="216" w="321" /><ent r="4" t="216" w="496" /><ent r="4" t="216" w="513" /><ent r="3" t="216" w="613" /><ent r="3" t="216" w="847" /><ent r="100" t="217" w="10" /><ent r="100" t="217" w="13" /><ent r="3" t="217" w="19" /><ent r="3" t="217" w="81" /><ent r="4" t="217" w="549" /><ent r="4" t="217" w="554" /><ent r="3" t="217" w="668" /><ent r="3" t="217" w="678" /><ent r="100" t="218" w="8" /><ent r="100" t="218" w="13" /><ent r="3" t="218" w="38" /><ent r="100" t="219" w="8" /><ent r="100" t="219" w="13" /><ent r="100" t="220" w="10" /><ent r="100" t="220" w="13" /><ent r="3" t="226" w="33" /><ent r="4" t="229" w="42" /><ent r="4" t="229" w="49" /><ent r="4" t="229" w="177" /><ent r="4" t="229" w="259" /><ent r="4" t="229" w="327" /><ent r="4" t="236" w="419" /><ent r="4" t="236" w="498" /></phr><phr n="Tab"><ent r="65" t="19" w="72" /><ent r="65" t="19" w="75" /><ent r="65" t="19" w="78" /><ent r="65" t="19" w="81" /><ent r="65" t="19" w="84" /><ent r="65" t="19" w="87" /><ent r="64" t="23" w="141" /><ent r="92" t="27" w="193" /><ent r="92" t="27" w="363" /><ent r="4" t="44" w="51" /><ent r="92" t="78" w="172" /><ent r="3" t="78" w="176" /><ent r="92" t="78" w="311" /><ent r="92" t="78" w="336" /><ent r="3" t="78" w="340" /><ent r="92" t="78" w="354" /><ent r="3" t="78" w="359" /><ent r="64" t="114" w="144" /><ent r="64" t="114" w="147" /><ent r="64" t="114" w="150" /><ent r="1000" t="115" w="2" /><ent r="102" t="115" w="5" /><ent r="100" t="115" w="8" /><ent r="3" t="115" w="12" /><ent r="1000" t="116" w="2" /><ent r="102" t="116" w="5" /><ent r="100" t="116" w="8" /><ent r="3" t="116" w="12" /><ent r="1000" t="117" w="2" /><ent r="102" t="117" w="5" /><ent r="100" t="117" w="8" /><ent r="4" t="145" w="177" /><ent r="4" t="145" w="209" /><ent r="3" t="145" w="387" /><ent r="3" t="145" w="506" /><ent r="3" t="145" w="606" /><ent r="3" t="145" w="680" /><ent r="92" t="159" w="212" /><ent r="92" t="159" w="278" /><ent r="3" t="159" w="283" /><ent r="3" t="159" w="299" /><ent r="83" t="159" w="314" /><ent r="3" t="159" w="321" /><ent r="83" t="159" w="489" /><ent r="92" t="159" w="760" /><ent r="92" t="160" w="174" /><ent r="3" t="160" w="178" /><ent r="92" t="160" w="242" /><ent r="3" t="160" w="246" /><ent r="92" t="160" w="273" /><ent r="3" t="160" w="278" /><ent r="3" t="160" w="290" /><ent r="83" t="160" w="305" /><ent r="3" t="160" w="312" /><ent r="83" t="160" w="477" /><ent r="92" t="160" w="746" /><ent r="3" t="160" w="750" /><ent r="92" t="160" w="791" /><ent r="3" t="160" w="795" /><ent r="3" t="160" w="819" /><ent r="3" t="160" w="862" /><ent r="3" t="160" w="880" /><ent r="3" t="160" w="913" /><ent r="64" t="160" w="924" /><ent r="82" t="161" w="210" /><ent r="82" t="161" w="272" /><ent r="3" t="161" w="277" /><ent r="3" t="161" w="288" /><ent r="83" t="161" w="303" /><ent r="3" t="161" w="310" /><ent r="83" t="161" w="476" /><ent r="82" t="161" w="746" /><ent r="64" t="184" w="375" /><ent r="1000" t="191" w="5" /><ent r="100" t="191" w="11" /><ent r="102" t="191" w="20" /><ent r="3" t="191" w="41" /><ent r="4" t="191" w="76" /><ent r="3" t="191" w="124" /><ent r="4" t="191" w="309" /><ent r="64" t="191" w="393" /><ent r="5" t="191" w="544" /><ent r="3" t="203" w="79" /><ent r="3" t="203" w="93" /><ent r="92" t="203" w="129" /><ent r="3" t="203" w="134" /><ent r="92" t="203" w="295" /><ent r="3" t="204" w="23" /><ent r="3" t="204" w="37" /><ent r="92" t="204" w="60" /><ent r="3" t="204" w="65" /><ent r="92" t="204" w="226" /><ent r="3" t="204" w="232" /><ent r="92" t="205" w="34" /><ent r="92" t="205" w="185" /><ent r="3" t="205" w="191" /><ent r="3" t="207" w="23" /><ent r="3" t="207" w="36" /><ent r="92" t="207" w="58" /><ent r="3" t="207" w="63" /><ent r="92" t="207" w="223" /><ent r="1000" t="216" w="2" /><ent r="100" t="216" w="5" /><ent r="102" t="216" w="13" /><ent r="4" t="216" w="207" /><ent r="100" t="216" w="230" /><ent r="65" t="216" w="235" /><ent r="65" t="216" w="245" /><ent r="100" t="216" w="344" /><ent r="65" t="216" w="349" /><ent r="65" t="216" w="359" /><ent r="92" t="216" w="436" /><ent r="3" t="216" w="443" /><ent r="92" t="216" w="610" /><ent r="3" t="216" w="797" /><ent r="64" t="216" w="887" /><ent r="64" t="216" w="890" /><ent r="64" t="216" w="893" /><ent r="64" t="216" w="896" /><ent r="64" t="216" w="899" /><ent r="1000" t="217" w="2" /><ent r="102" t="217" w="5" /><ent r="64" t="217" w="736" /><ent r="64" t="217" w="739" /><ent r="64" t="217" w="742" /><ent r="64" t="217" w="745" /><ent r="64" t="217" w="748" /><ent r="1000" t="218" w="2" /><ent r="102" t="218" w="5" /><ent r="3" t="218" w="17" /><ent r="64" t="218" w="47" /><ent r="64" t="218" w="50" /><ent r="64" t="218" w="53" /><ent r="64" t="218" w="56" /><ent r="64" t="218" w="59" /><ent r="1000" t="219" w="2" /><ent r="102" t="219" w="5" /><ent r="3" t="219" w="17" /><ent r="64" t="219" w="60" /><ent r="64" t="219" w="63" /><ent r="64" t="219" w="66" /><ent r="64" t="219" w="69" /><ent r="64" t="219" w="72" /><ent r="1000" t="220" w="2" /><ent r="102" t="220" w="5" /><ent r="3" t="220" w="19" /><ent r="64" t="220" w="128" /><ent r="64" t="220" w="131" /><ent r="64" t="220" w="134" /><ent r="64" t="220" w="137" /><ent r="64" t="220" w="140" /><ent r="1000" t="221" w="2" /><ent r="100" t="221" w="7" /><ent r="100" t="221" w="10" /><ent r="100" t="221" w="17" /><ent r="102" t="221" w="20" /><ent r="3" t="221" w="26" /><ent r="3" t="221" w="45" /><ent r="64" t="221" w="219" /><ent r="64" t="221" w="229" /><ent r="64" t="221" w="232" /><ent r="64" t="221" w="235" /><ent r="64" t="221" w="238" /><ent r="64" t="221" w="241" /><ent r="1000" t="235" w="2" /><ent r="102" t="235" w="7" /><ent r="64" t="235" w="110" /><ent r="1000" t="236" w="2" /><ent r="100" t="236" w="7" /><ent r="100" t="236" w="10" /><ent r="100" t="236" w="16" /><ent r="102" t="236" w="19" /><ent r="3" t="236" w="25" /><ent r="3" t="236" w="57" /><ent r="3" t="236" w="100" /><ent r="3" t="236" w="118" /><ent r="3" t="236" w="149" /><ent r="92" t="236" w="157" /><ent r="3" t="236" w="161" /><ent r="3" t="236" w="191" /><ent r="4" t="236" w="440" /><ent r="64" t="236" w="787" /></phr><phr n="tabs"><ent r="3" t="78" w="87" /><ent r="3" t="82" w="236" /><ent r="3" t="114" w="141" /><ent r="3" t="128" w="77" /><ent r="3" t="159" w="141" /><ent r="3" t="159" w="303" /><ent r="3" t="160" w="113" /><ent r="3" t="160" w="294" /><ent r="3" t="160" w="981" /><ent r="3" t="161" w="143" /><ent r="3" t="161" w="292" /><ent r="3" t="162" w="100" /><ent r="3" t="185" w="1293" /><ent r="3" t="185" w="1489" /><ent r="3" t="203" w="76" /><ent r="3" t="204" w="20" /><ent r="3" t="207" w="20" /></phr></stem><stem n="checkbox"><phr n="checkbox"><ent r="4" t="1" w="381" /><ent r="4" t="1" w="401" /><ent r="4" t="27" w="583" /><ent r="4" t="27" w="600" /><ent r="4" t="49" w="180" /><ent r="4" t="49" w="204" /><ent r="3" t="49" w="218" /><ent r="3" t="49" w="305" /><ent r="4" t="58" w="42" /><ent r="3" t="63" w="172" /><ent r="4" t="71" w="194" /><ent r="3" t="75" w="324" /><ent r="3" t="82" w="517" /><ent r="3" t="103" w="213" /><ent r="3" t="109" w="322" /><ent r="3" t="109" w="340" /><ent r="4" t="110" w="450" /><ent r="4" t="110" w="491" /><ent r="4" t="110" w="511" /><ent r="4" t="110" w="521" /><ent r="4" t="110" w="556" /><ent r="4" t="110" w="565" /><ent r="4" t="110" w="596" /><ent r="4" t="112" w="179" /><ent r="4" t="112" w="194" /><ent r="4" t="120" w="161" /><ent r="3" t="147" w="128" /><ent r="3" t="147" w="154" /><ent r="3" t="147" w="231" /><ent r="3" t="147" w="257" /><ent r="3" t="147" w="344" /><ent r="3" t="147" w="435" /><ent r="3" t="147" w="461" /><ent r="3" t="147" w="599" /><ent r="3" t="147" w="625" /><ent r="3" t="148" w="105" /><ent r="3" t="148" w="127" /><ent r="3" t="148" w="229" /><ent r="3" t="148" w="389" /><ent r="3" t="158" w="249" /><ent r="4" t="159" w="845" /><ent r="4" t="159" w="932" /><ent r="3" t="161" w="247" /><ent r="3" t="167" w="190" /><ent r="4" t="170" w="385" /><ent r="4" t="177" w="226" /><ent r="3" t="177" w="237" /><ent r="4" t="177" w="291" /><ent r="4" t="177" w="293" /><ent r="3" t="177" w="320" /><ent r="3" t="177" w="338" /><ent r="4" t="180" w="277" /><ent r="4" t="185" w="451" /><ent r="4" t="186" w="600" /><ent r="4" t="186" w="753" /><ent r="4" t="186" w="1037" /><ent r="4" t="186" w="1870" /><ent r="3" t="186" w="2348" /><ent r="4" t="187" w="316" /><ent r="4" t="188" w="276" /><ent r="4" t="188" w="697" /><ent r="3" t="188" w="775" /><ent r="3" t="188" w="777" /><ent r="3" t="188" w="798" /><ent r="3" t="188" w="805" /><ent r="4" t="189" w="514" /><ent r="3" t="189" w="815" /><ent r="4" t="190" w="503" /><ent r="4" t="192" w="427" /><ent r="4" t="194" w="336" /><ent r="4" t="204" w="261" /><ent r="4" t="204" w="274" /><ent r="4" t="211" w="106" /><ent r="3" t="222" w="133" /><ent r="3" t="226" w="29" /><ent r="6" t="227" w="406" /><ent r="3" t="229" w="83" /></phr><phr n="checkboxes"><ent r="4" t="108" w="125" /><ent r="4" t="111" w="535" /><ent r="4" t="186" w="1784" /><ent r="4" t="188" w="384" /><ent r="4" t="189" w="622" /><ent r="4" t="190" w="611" /><ent r="4" t="225" w="129" /><ent r="4" t="225" w="140" /><ent r="3" t="226" w="74" /></phr></stem><stem n="want"><phr n="want"><ent r="4" t="1" w="391" /><ent r="4" t="17" w="109" /><ent r="3" t="17" w="136" /><ent r="3" t="18" w="63" /><ent r="4" t="21" w="253" /><ent r="4" t="23" w="68" /><ent r="4" t="27" w="161" /><ent r="4" t="27" w="259" /><ent r="4" t="27" w="264" /><ent r="4" t="27" w="347" /><ent r="3" t="27" w="376" /><ent r="4" t="30" w="71" /><ent r="4" t="32" w="68" /><ent r="4" t="32" w="103" /><ent r="4" t="32" w="150" /><ent r="4" t="33" w="205" /><ent r="3" t="44" w="130" /><ent r="4" t="45" w="521" /><ent r="4" t="45" w="661" /><ent r="3" t="48" w="278" /><ent r="4" t="49" w="93" /><ent r="4" t="49" w="209" /><ent r="4" t="49" w="550" /><ent r="3" t="50" w="281" /><ent r="5" t="50" w="431" /><ent r="3" t="50" w="505" /><ent r="4" t="51" w="248" /><ent r="3" t="52" w="22" /><ent r="4" t="53" w="37" /><ent r="3" t="54" w="35" /><ent r="4" t="55" w="35" /><ent r="4" t="56" w="42" /><ent r="4" t="56" w="76" /><ent r="4" t="59" w="162" /><ent r="4" t="61" w="55" /><ent r="3" t="63" w="88" /><ent r="3" t="63" w="107" /><ent r="4" t="66" w="118" /><ent r="4" t="68" w="105" /><ent r="4" t="71" w="260" /><ent r="3" t="71" w="274" /><ent r="3" t="72" w="55" /><ent r="4" t="73" w="99" /><ent r="4" t="75" w="105" /><ent r="4" t="75" w="163" /><ent r="4" t="75" w="186" /><ent r="4" t="81" w="195" /><ent r="4" t="84" w="208" /><ent r="4" t="84" w="303" /><ent r="4" t="85" w="87" /><ent r="4" t="87" w="59" /><ent r="4" t="87" w="112" /><ent r="4" t="89" w="39" /><ent r="4" t="90" w="77" /><ent r="3" t="91" w="84" /><ent r="4" t="92" w="194" /><ent r="3" t="92" w="264" /><ent r="4" t="92" w="301" /><ent r="4" t="93" w="65" /><ent r="3" t="94" w="109" /><ent r="4" t="94" w="145" /><ent r="4" t="95" w="49" /><ent r="4" t="96" w="129" /><ent r="4" t="96" w="252" /><ent r="3" t="97" w="283" /><ent r="4" t="98" w="48" /><ent r="3" t="101" w="34" /><ent r="3" t="101" w="125" /><ent r="3" t="102" w="129" /><ent r="4" t="112" w="157" /><ent r="4" t="113" w="61" /><ent r="4" t="113" w="95" /><ent r="3" t="115" w="64" /><ent r="7" t="119" w="50" /><ent r="4" t="121" w="112" /><ent r="4" t="129" w="65" /><ent r="4" t="129" w="302" /><ent r="4" t="136" w="62" /><ent r="4" t="145" w="87" /><ent r="4" t="145" w="133" /><ent r="3" t="145" w="192" /><ent r="4" t="145" w="242" /><ent r="3" t="147" w="360" /><ent r="3" t="147" w="540" /><ent r="4" t="150" w="130" /><ent r="4" t="151" w="143" /><ent r="4" t="152" w="152" /><ent r="4" t="153" w="150" /><ent r="4" t="154" w="132" /><ent r="4" t="155" w="147" /><ent r="4" t="156" w="126" /><ent r="6" t="157" w="137" /><ent r="3" t="157" w="177" /><ent r="3" t="164" w="134" /><ent r="3" t="164" w="199" /><ent r="3" t="167" w="138" /><ent r="3" t="170" w="371" /><ent r="3" t="172" w="84" /><ent r="4" t="177" w="264" /><ent r="3" t="179" w="93" /><ent r="4" t="179" w="125" /><ent r="4" t="180" w="307" /><ent r="4" t="185" w="458" /><ent r="4" t="185" w="960" /><ent r="4" t="186" w="607" /><ent r="3" t="186" w="1447" /><ent r="4" t="187" w="323" /><ent r="4" t="188" w="283" /><ent r="3" t="188" w="897" /><ent r="4" t="189" w="521" /><ent r="4" t="190" w="510" /><ent r="4" t="191" w="444" /><ent r="4" t="192" w="434" /><ent r="3" t="192" w="1050" /><ent r="3" t="193" w="781" /><ent r="4" t="194" w="343" /><ent r="3" t="194" w="661" /><ent r="3" t="194" w="1370" /><ent r="4" t="194" w="1451" /><ent r="4" t="196" w="75" /><ent r="3" t="203" w="142" /><ent r="4" t="203" w="191" /><ent r="4" t="203" w="196" /><ent r="4" t="203" w="279" /><ent r="3" t="204" w="73" /><ent r="4" t="204" w="122" /><ent r="4" t="204" w="127" /><ent r="4" t="204" w="210" /><ent r="3" t="205" w="26" /><ent r="4" t="205" w="81" /><ent r="4" t="205" w="86" /><ent r="4" t="205" w="169" /><ent r="3" t="207" w="71" /><ent r="4" t="207" w="120" /><ent r="4" t="207" w="125" /><ent r="4" t="207" w="208" /><ent r="3" t="208" w="27" /><ent r="4" t="208" w="68" /><ent r="4" t="208" w="95" /><ent r="4" t="208" w="284" /><ent r="3" t="209" w="164" /><ent r="3" t="213" w="169" /><ent r="3" t="215" w="49" /><ent r="4" t="216" w="193" /><ent r="3" t="217" w="130" /><ent r="4" t="217" w="485" /><ent r="3" t="220" w="120" /><ent r="4" t="223" w="155" /><ent r="4" t="225" w="135" /><ent r="4" t="225" w="146" /><ent r="4" t="226" w="105" /><ent r="3" t="229" w="67" /><ent r="4" t="236" w="736" /><ent r="7" t="240" w="102" /><ent r="7" t="240" w="138" /><ent r="7" t="240" w="215" /></phr><phr n="wanted"><ent r="3" t="193" w="963" /></phr></stem><stem n="around"><phr n="around"><ent r="3" t="1" w="407" /><ent r="3" t="1" w="516" /><ent r="6" t="7" w="130" /><ent r="3" t="36" w="14" /><ent r="4" t="38" w="75" /><ent r="4" t="41" w="95" /><ent r="4" t="41" w="120" /><ent r="3" t="48" w="115" /><ent r="3" t="50" w="535" /><ent r="3" t="59" w="286" /><ent r="4" t="92" w="68" /><ent r="3" t="118" w="400" /><ent r="4" t="129" w="326" /><ent r="4" t="183" w="71" /><ent r="3" t="185" w="127" /><ent r="4" t="185" w="1047" /><ent r="4" t="185" w="1061" /><ent r="4" t="185" w="2245" /><ent r="4" t="186" w="2901" /><ent r="4" t="187" w="566" /><ent r="4" t="189" w="973" /><ent r="3" t="192" w="618" /></phr></stem><stem n="along"><phr n="along"><ent r="3" t="1" w="414" /><ent r="4" t="182" w="87" /><ent r="4" t="182" w="117" /><ent r="4" t="190" w="922" /><ent r="3" t="193" w="949" /></phr></stem><stem n="ani"><phr n="any"><ent r="3" t="1" w="415" /><ent r="3" t="13" w="39" /><ent r="4" t="25" w="93" /><ent r="4" t="27" w="586" /><ent r="4" t="29" w="79" /><ent r="4" t="29" w="121" /><ent r="4" t="29" w="176" /><ent r="4" t="29" w="298" /><ent r="3" t="38" w="140" /><ent r="3" t="45" w="682" /><ent r="3" t="49" w="466" /><ent r="3" t="80" w="114" /><ent r="3" t="82" w="209" /><ent r="3" t="82" w="452" /><ent r="4" t="92" w="155" /><ent r="3" t="104" w="73" /><ent r="4" t="105" w="185" /><ent r="4" t="105" w="233" /><ent r="3" t="110" w="715" /><ent r="4" t="110" w="730" /><ent r="4" t="110" w="745" /><ent r="3" t="136" w="20" /><ent r="3" t="159" w="19" /><ent r="3" t="160" w="752" /><ent r="3" t="160" w="869" /><ent r="3" t="173" w="101" /><ent r="3" t="173" w="226" /><ent r="3" t="174" w="177" /><ent r="3" t="176" w="95" /><ent r="3" t="176" w="118" /><ent r="3" t="179" w="96" /><ent r="3" t="184" w="116" /><ent r="3" t="184" w="157" /><ent r="4" t="188" w="1074" /><ent r="3" t="190" w="796" /><ent r="3" t="200" w="192" /><ent r="4" t="203" w="335" /><ent r="3" t="211" w="41" /><ent r="3" t="215" w="110" /><ent r="3" t="215" w="129" /><ent r="4" t="216" w="297" /><ent r="3" t="219" w="19" /><ent r="4" t="225" w="131" /><ent r="4" t="225" w="142" /><ent r="3" t="236" w="107" /><ent r="3" t="236" w="226" /><ent r="3" t="237" w="222" /></phr><phr n="Any"><ent r="3" t="22" w="47" /><ent r="3" t="124" w="67" /><ent r="4" t="176" w="257" /><ent r="3" t="185" w="1351" /><ent r="4" t="192" w="203" /></phr></stem><stem n="side"><phr n="side"><ent r="3" t="1" w="416" /><ent r="4" t="45" w="386" /><ent r="4" t="66" w="105" /><ent r="4" t="107" w="150" /><ent r="4" t="108" w="92" /><ent r="4" t="109" w="105" /><ent r="4" t="110" w="106" /><ent r="3" t="128" w="60" /><ent r="3" t="128" w="512" /><ent r="3" t="128" w="537" /><ent r="4" t="147" w="62" /><ent r="4" t="148" w="60" /><ent r="4" t="150" w="101" /><ent r="4" t="151" w="101" /><ent r="4" t="152" w="115" /><ent r="4" t="153" w="110" /><ent r="4" t="154" w="103" /><ent r="4" t="155" w="101" /><ent r="4" t="156" w="97" /><ent r="4" t="157" w="98" /><ent r="4" t="158" w="108" /><ent r="4" t="159" w="371" /><ent r="4" t="159" w="388" /><ent r="4" t="160" w="362" /><ent r="4" t="160" w="379" /><ent r="4" t="161" w="361" /><ent r="4" t="161" w="378" /><ent r="3" t="174" w="106" /><ent r="4" t="176" w="208" /><ent r="4" t="176" w="210" /><ent r="4" t="176" w="223" /><ent r="4" t="176" w="225" /><ent r="4" t="180" w="241" /><ent r="4" t="180" w="243" /><ent r="3" t="181" w="31" /><ent r="3" t="181" w="33" /><ent r="3" t="181" w="295" /><ent r="3" t="181" w="297" /><ent r="4" t="181" w="305" /><ent r="4" t="181" w="307" /><ent r="4" t="181" w="382" /><ent r="4" t="181" w="384" /><ent r="4" t="181" w="402" /><ent r="4" t="181" w="404" /><ent r="4" t="185" w="1415" /><ent r="4" t="185" w="1424" /><ent r="4" t="186" w="730" /><ent r="4" t="186" w="1958" /><ent r="4" t="186" w="2390" /><ent r="4" t="186" w="2392" /><ent r="4" t="188" w="370" /><ent r="4" t="188" w="913" /><ent r="3" t="188" w="1641" /><ent r="3" t="188" w="1643" /><ent r="4" t="188" w="1684" /><ent r="4" t="188" w="1686" /><ent r="3" t="188" w="1716" /><ent r="3" t="188" w="1718" /><ent r="4" t="189" w="608" /><ent r="4" t="190" w="597" /><ent r="4" t="192" w="904" /><ent r="4" t="192" w="906" /><ent r="3" t="193" w="823" /><ent r="4" t="216" w="493" /><ent r="4" t="216" w="510" /><ent r="4" t="222" w="103" /><ent r="4" t="225" w="102" /></phr><phr n="sides"><ent r="3" t="118" w="381" /></phr><phr n="Side"><ent r="3" t="180" w="51" /><ent r="3" t="180" w="53" /><ent r="5" t="180" w="143" /><ent r="5" t="180" w="145" /><ent r="92" t="181" w="287" /><ent r="92" t="181" w="289" /><ent r="3" t="188" w="1117" /><ent r="3" t="188" w="1119" /><ent r="92" t="188" w="1633" /><ent r="92" t="188" w="1635" /></phr></stem><stem n="float"><phr n="float"><ent r="3" t="1" w="425" /><ent r="4" t="206" w="111" /><ent r="6" t="242" w="201" /></phr><phr n="floating"><ent r="3" t="170" w="647" /><ent r="3" t="170" w="716" /><ent r="7" t="202" w="212" /><ent r="7" t="202" w="220" /><ent r="7" t="202" w="336" /><ent r="3" t="206" w="51" /><ent r="4" t="206" w="108" /><ent r="3" t="206" w="154" /></phr></stem><stem n="anywher"><phr n="anywhere"><ent r="3" t="1" w="426" /><ent r="3" t="1" w="555" /><ent r="3" t="86" w="68" /></phr></stem><stem n="desktop"><phr n="desktop"><ent r="3" t="1" w="429" /><ent r="3" t="18" w="131" /><ent r="3" t="193" w="1283" /><ent r="3" t="194" w="1134" /></phr><phr n="Desktop"><ent r="4" t="194" w="77" /></phr></stem><stem n="even"><phr n="even"><ent r="3" t="1" w="430" /><ent r="3" t="65" w="203" /><ent r="3" t="176" w="52" /><ent r="3" t="188" w="125" /></phr></stem><stem n="outsid"><phr n="outside"><ent r="3" t="1" w="431" /><ent r="3" t="50" w="513" /><ent r="4" t="125" w="88" /><ent r="3" t="189" w="139" /><ent r="3" t="190" w="129" /></phr><phr n="Outside"><ent r="6" t="27" w="481" /><ent r="6" t="27" w="506" /><ent r="5" t="157" w="349" /></phr></stem><stem n="hold"><phr n="hold"><ent r="4" t="1" w="444" /><ent r="3" t="17" w="117" /><ent r="3" t="17" w="216" /><ent r="4" t="61" w="58" /><ent r="3" t="128" w="191" /><ent r="4" t="170" w="1093" /><ent r="3" t="185" w="1514" /><ent r="3" t="185" w="1530" /><ent r="4" t="185" w="1755" /><ent r="4" t="185" w="2233" /><ent r="4" t="186" w="1288" /><ent r="4" t="187" w="1049" /><ent r="3" t="193" w="839" /><ent r="3" t="193" w="928" /><ent r="3" t="194" w="868" /><ent r="4" t="217" w="378" /><ent r="4" t="217" w="405" /></phr><phr n="holding"><ent r="4" t="1" w="455" /><ent r="3" t="50" w="539" /><ent r="4" t="129" w="311" /><ent r="4" t="185" w="1051" /><ent r="3" t="186" w="1543" /></phr><phr n="Hold"><ent r="4" t="49" w="399" /><ent r="3" t="65" w="93" /><ent r="4" t="66" w="111" /><ent r="4" t="66" w="123" /><ent r="4" t="66" w="161" /><ent r="4" t="68" w="145" /><ent r="4" t="112" w="160" /><ent r="3" t="185" w="995" /><ent r="3" t="185" w="1699" /></phr></stem><stem n="left"><phr n="left"><ent r="4" t="1" w="446" /><ent r="4" t="2" w="83" /><ent r="6" t="7" w="163" /><ent r="5" t="13" w="57" /><ent r="7" t="40" w="107" /><ent r="4" t="45" w="385" /><ent r="3" t="50" w="551" /><ent r="7" t="60" w="113" /><ent r="7" t="60" w="130" /><ent r="7" t="60" w="176" /><ent r="7" t="60" w="193" /><ent r="4" t="66" w="126" /><ent r="4" t="66" w="164" /><ent r="4" t="68" w="148" /><ent r="4" t="71" w="57" /><ent r="4" t="71" w="239" /><ent r="4" t="82" w="57" /><ent r="4" t="85" w="77" /><ent r="3" t="103" w="141" /><ent r="3" t="103" w="239" /><ent r="4" t="107" w="149" /><ent r="3" t="108" w="41" /><ent r="4" t="108" w="91" /><ent r="4" t="109" w="104" /><ent r="4" t="110" w="105" /><ent r="4" t="110" w="533" /><ent r="3" t="118" w="380" /><ent r="3" t="128" w="59" /><ent r="3" t="128" w="511" /><ent r="4" t="131" w="62" /><ent r="3" t="145" w="35" /><ent r="4" t="145" w="92" /><ent r="3" t="145" w="197" /><ent r="3" t="145" w="642" /><ent r="3" t="145" w="704" /><ent r="4" t="146" w="138" /><ent r="4" t="147" w="61" /><ent r="4" t="148" w="59" /><ent r="4" t="150" w="100" /><ent r="4" t="151" w="100" /><ent r="4" t="152" w="114" /><ent r="4" t="153" w="109" /><ent r="4" t="154" w="102" /><ent r="4" t="155" w="100" /><ent r="4" t="156" w="96" /><ent r="4" t="157" w="97" /><ent r="4" t="158" w="107" /><ent r="4" t="159" w="370" /><ent r="4" t="159" w="882" /><ent r="4" t="160" w="361" /><ent r="3" t="161" w="239" /><ent r="3" t="161" w="242" /><ent r="4" t="161" w="360" /><ent r="3" t="165" w="146" /><ent r="4" t="170" w="1096" /><ent r="3" t="171" w="56" /><ent r="3" t="185" w="664" /><ent r="4" t="185" w="966" /><ent r="3" t="185" w="998" /><ent r="4" t="185" w="1054" /><ent r="3" t="185" w="1334" /><ent r="3" t="185" w="1701" /><ent r="4" t="185" w="1757" /><ent r="4" t="185" w="1763" /><ent r="4" t="185" w="1891" /><ent r="4" t="185" w="2236" /><ent r="4" t="185" w="2252" /><ent r="4" t="186" w="729" /><ent r="4" t="187" w="569" /><ent r="4" t="188" w="369" /><ent r="4" t="189" w="607" /><ent r="4" t="189" w="964" /><ent r="4" t="190" w="596" /><ent r="4" t="190" w="910" /><ent r="4" t="190" w="931" /><ent r="3" t="193" w="820" /><ent r="3" t="193" w="1058" /><ent r="3" t="194" w="911" /><ent r="7" t="198" w="93" /><ent r="7" t="198" w="110" /><ent r="7" t="198" w="129" /><ent r="7" t="198" w="146" /><ent r="4" t="216" w="492" /><ent r="4" t="222" w="102" /><ent r="5" t="224" w="94" /><ent r="4" t="225" w="101" /><ent r="6" t="227" w="130" /></phr><phr n="Left"><ent r="5" t="3" w="137" /><ent r="5" t="3" w="152" /><ent r="7" t="40" w="74" /><ent r="3" t="48" w="86" /><ent r="3" t="65" w="148" /><ent r="3" t="65" w="182" /><ent r="4" t="109" w="481" /><ent r="4" t="109" w="484" /><ent r="5" t="145" w="117" /><ent r="5" t="145" w="226" /><ent r="4" t="145" w="303" /><ent r="4" t="181" w="328" /></phr></stem></index>