<?xml version="1.0" encoding="utf-8"?><index><stem n=".dataset1.re.ice.h5"><phr n=".dataset1.re.ice.h5"><ent r="3" t="18" w="93" /></phr></stem><stem n="h5"><phr n="h5"><ent r="3" t="18" w="93" /><ent r="3" t="18" w="97" /><ent r="4" t="34" w="137" /><ent r="4" t="35" w="42" /><ent r="4" t="35" w="74" /><ent r="6" t="204" w="2396" /><ent r="5" t="205" w="789" /><ent r="6" t="205" w="1228" /><ent r="5" t="205" w="1851" /><ent r="5" t="205" w="2483" /><ent r="5" t="205" w="2679" /></phr></stem><stem n="dataset2"><phr n="dataset2"><ent r="3" t="18" w="94" /></phr></stem><stem n=".re.ice.h5"><phr n=".re.ice.h5"><ent r="3" t="18" w="97" /></phr></stem><stem n="map3"><phr n="map3"><ent r="3" t="18" w="100" /></phr></stem><stem n=":\data\map3.tiff"><phr n=":\data\map3.tiff"><ent r="3" t="18" w="101" /></phr></stem><stem n="tiff"><phr n="tiff"><ent r="3" t="18" w="101" /><ent r="6" t="29" w="292" /><ent r="4" t="29" w="312" /><ent r="4" t="29" w="326" /><ent r="92" t="47" w="583" /><ent r="82" t="47" w="588" /><ent r="4" t="47" w="596" /><ent r="82" t="47" w="622" /><ent r="3" t="224" w="311" /></phr></stem><stem n="system"><phr n="System"><ent r="92" t="18" w="108" /><ent r="3" t="18" w="114" /><ent r="3" t="22" w="74" /><ent r="4" t="22" w="548" /><ent r="5" t="30" w="33" /><ent r="3" t="30" w="89" /><ent r="3" t="30" w="98" /><ent r="3" t="30" w="117" /><ent r="102" t="91" w="20" /><ent r="5" t="91" w="107" /><ent r="4" t="91" w="112" /><ent r="5" t="98" w="40" /><ent r="4" t="99" w="258" /><ent r="3" t="136" w="92" /><ent r="3" t="169" w="209" /><ent r="4" t="173" w="426" /><ent r="4" t="174" w="415" /><ent r="4" t="175" w="413" /><ent r="4" t="180" w="186" /><ent r="3" t="208" w="103" /><ent r="3" t="208" w="340" /><ent r="3" t="208" w="357" /><ent r="3" t="208" w="369" /><ent r="3" t="209" w="93" /><ent r="3" t="209" w="330" /><ent r="3" t="209" w="347" /><ent r="3" t="209" w="359" /><ent r="66" t="217" w="288" /><ent r="3" t="227" w="254" /><ent r="5" t="240" w="605" /><ent r="7" t="244" w="89" /></phr><phr n="systems"><ent r="4" t="182" w="774" /><ent r="3" t="205" w="1022" /><ent r="5" t="222" w="70" /><ent r="7" t="222" w="359" /></phr></stem><stem n="(or"><phr n="(or"><ent r="3" t="18" w="121" /><ent r="4" t="108" w="159" /><ent r="3" t="109" w="35" /><ent r="4" t="185" w="181" /><ent r="3" t="198" w="76" /><ent r="4" t="226" w="110" /><ent r="4" t="249" w="124" /><ent r="4" t="249" w="134" /><ent r="4" t="249" w="199" /><ent r="4" t="249" w="209" /></phr></stem><stem n="onto"><phr n="onto"><ent r="3" t="18" w="123" /><ent r="3" t="94" w="107" /><ent r="3" t="154" w="180" /><ent r="3" t="154" w="211" /><ent r="3" t="154" w="252" /><ent r="3" t="155" w="123" /><ent r="4" t="212" w="465" /><ent r="4" t="212" w="508" /><ent r="4" t="212" w="607" /><ent r="4" t="212" w="692" /><ent r="4" t="213" w="562" /><ent r="4" t="213" w="598" /><ent r="4" t="213" w="648" /></phr></stem><stem n="program"><phr n="program"><ent r="3" t="18" w="126" /><ent r="4" t="213" w="1527" /></phr><phr n="programs"><ent r="4" t="189" w="585" /></phr></stem><stem n="execut"><phr n="execute"><ent r="3" t="18" w="127" /><ent r="3" t="144" w="50" /><ent r="100" t="146" w="5" /><ent r="100" t="146" w="192" /><ent r="92" t="146" w="194" /><ent r="3" t="146" w="199" /><ent r="5" t="148" w="103" /><ent r="64" t="153" w="27" /><ent r="3" t="153" w="76" /><ent r="3" t="154" w="39" /><ent r="3" t="154" w="682" /><ent r="4" t="155" w="232" /><ent r="5" t="199" w="328" /><ent r="3" t="205" w="63" /><ent r="3" t="205" w="3264" /><ent r="4" t="206" w="113" /><ent r="5" t="207" w="1319" /><ent r="5" t="212" w="1824" /><ent r="7" t="250" w="143" /></phr><phr n="executing"><ent r="3" t="128" w="45" /><ent r="1000" t="153" w="5" /><ent r="102" t="153" w="13" /><ent r="65" t="155" w="241" /><ent r="64" t="158" w="469" /><ent r="3" t="200" w="13" /><ent r="3" t="206" w="59" /><ent r="4" t="207" w="1365" /></phr><phr n="executed"><ent r="3" t="136" w="261" /><ent r="3" t="142" w="306" /><ent r="7" t="145" w="248" /><ent r="7" t="145" w="282" /><ent r="4" t="151" w="84" /><ent r="3" t="154" w="937" /><ent r="3" t="154" w="946" /><ent r="3" t="174" w="867" /><ent r="3" t="212" w="195" /><ent r="3" t="212" w="216" /><ent r="3" t="212" w="280" /><ent r="3" t="212" w="1294" /><ent r="3" t="212" w="1310" /><ent r="5" t="213" w="149" /><ent r="3" t="213" w="1145" /><ent r="3" t="213" w="1161" /><ent r="3" t="248" w="104" /><ent r="7" t="253" w="150" /><ent r="7" t="253" w="188" /></phr><phr n="execution"><ent r="3" t="144" w="483" /><ent r="64" t="144" w="502" /><ent r="3" t="144" w="537" /><ent r="3" t="144" w="540" /><ent r="7" t="145" w="236" /><ent r="7" t="145" w="270" /><ent r="65" t="146" w="187" /><ent r="4" t="148" w="37" /><ent r="1000" t="151" w="2" /><ent r="100" t="151" w="6" /><ent r="102" t="151" w="10" /><ent r="4" t="151" w="60" /><ent r="100" t="151" w="65" /><ent r="3" t="151" w="104" /><ent r="3" t="151" w="116" /><ent r="64" t="151" w="177" /><ent r="92" t="151" w="186" /><ent r="3" t="151" w="194" /><ent r="4" t="151" w="208" /><ent r="4" t="151" w="220" /><ent r="100" t="154" w="4" /><ent r="100" t="154" w="89" /><ent r="100" t="154" w="102" /><ent r="3" t="154" w="120" /><ent r="3" t="154" w="124" /><ent r="3" t="154" w="130" /><ent r="82" t="154" w="721" /><ent r="4" t="154" w="778" /><ent r="3" t="154" w="834" /><ent r="3" t="154" w="843" /><ent r="64" t="154" w="896" /><ent r="82" t="154" w="903" /><ent r="3" t="154" w="911" /><ent r="3" t="154" w="923" /><ent r="3" t="157" w="182" /><ent r="64" t="157" w="200" /><ent r="3" t="157" w="211" /><ent r="64" t="157" w="238" /><ent r="1000" t="158" w="1" /><ent r="100" t="158" w="9" /><ent r="100" t="158" w="14" /><ent r="102" t="158" w="17" /><ent r="100" t="158" w="23" /><ent r="4" t="158" w="76" /><ent r="3" t="158" w="94" /><ent r="3" t="158" w="106" /><ent r="3" t="158" w="263" /><ent r="92" t="158" w="294" /><ent r="5" t="158" w="371" /><ent r="92" t="158" w="383" /><ent r="3" t="158" w="389" /><ent r="5" t="158" w="437" /><ent r="64" t="158" w="462" /><ent r="4" t="212" w="63" /><ent r="5" t="212" w="542" /><ent r="92" t="212" w="1222" /><ent r="4" t="212" w="1245" /><ent r="4" t="212" w="1258" /><ent r="3" t="212" w="1271" /><ent r="3" t="212" w="1289" /><ent r="4" t="212" w="1345" /><ent r="4" t="213" w="92" /><ent r="5" t="213" w="508" /><ent r="4" t="213" w="803" /><ent r="92" t="213" w="1111" /><ent r="3" t="213" w="1122" /><ent r="3" t="213" w="1140" /><ent r="7" t="253" w="138" /><ent r="7" t="253" w="176" /></phr><phr n="executes"><ent r="3" t="154" w="311" /><ent r="7" t="250" w="145" /></phr></stem><stem n="icon"><phr n="icon"><ent r="3" t="18" w="128" /><ent r="3" t="206" w="738" /><ent r="4" t="212" w="535" /><ent r="3" t="212" w="801" /><ent r="3" t="212" w="826" /><ent r="3" t="213" w="817" /><ent r="6" t="216" w="27" /></phr><phr n="icons"><ent r="3" t="212" w="778" /><ent r="4" t="213" w="787" /></phr></stem><stem n="call"><phr n="calls"><ent r="3" t="18" w="153" /></phr><phr n="called"><ent r="4" t="69" w="566" /><ent r="4" t="117" w="97" /><ent r="3" t="152" w="189" /><ent r="3" t="178" w="35" /><ent r="3" t="202" w="161" /><ent r="3" t="205" w="279" /><ent r="3" t="206" w="1091" /><ent r="4" t="207" w="1225" /><ent r="3" t="209" w="1227" /><ent r="3" t="241" w="50" /><ent r="3" t="246" w="352" /></phr></stem><stem n="auto"><phr n="Auto"><ent r="3" t="18" w="155" /><ent r="5" t="29" w="50" /><ent r="3" t="48" w="100" /><ent r="4" t="52" w="172" /><ent r="3" t="52" w="214" /><ent r="4" t="58" w="204" /><ent r="3" t="58" w="245" /><ent r="4" t="59" w="180" /><ent r="3" t="59" w="223" /><ent r="3" t="99" w="317" /><ent r="3" t="99" w="322" /><ent r="7" t="106" w="82" /><ent r="6" t="106" w="103" /><ent r="5" t="116" w="366" /><ent r="5" t="116" w="382" /><ent r="5" t="116" w="395" /><ent r="5" t="116" w="407" /><ent r="5" t="116" w="412" /><ent r="5" t="204" w="575" /><ent r="4" t="205" w="742" /><ent r="5" t="211" w="535" /><ent r="5" t="211" w="862" /></phr></stem><stem n="specifi"><phr n="specified"><ent r="3" t="18" w="179" /><ent r="4" t="20" w="394" /><ent r="3" t="47" w="195" /><ent r="3" t="47" w="383" /><ent r="3" t="47" w="553" /><ent r="3" t="47" w="696" /><ent r="3" t="73" w="276" /><ent r="3" t="93" w="148" /><ent r="4" t="93" w="186" /><ent r="3" t="160" w="36" /><ent r="3" t="161" w="29" /><ent r="3" t="161" w="52" /><ent r="4" t="185" w="202" /><ent r="4" t="197" w="261" /><ent r="3" t="205" w="224" /><ent r="3" t="205" w="1633" /><ent r="3" t="212" w="1658" /><ent r="4" t="212" w="1780" /><ent r="3" t="213" w="1399" /><ent r="4" t="213" w="1611" /><ent r="3" t="228" w="855" /><ent r="3" t="237" w="539" /><ent r="3" t="237" w="556" /><ent r="4" t="248" w="559" /><ent r="3" t="248" w="614" /></phr><phr n="specifies"><ent r="3" t="20" w="237" /><ent r="3" t="47" w="736" /><ent r="4" t="134" w="487" /><ent r="3" t="212" w="1483" /><ent r="3" t="224" w="244" /><ent r="3" t="237" w="434" /><ent r="3" t="237" w="476" /></phr><phr n="specify"><ent r="3" t="22" w="617" /><ent r="3" t="30" w="413" /><ent r="3" t="36" w="201" /><ent r="3" t="36" w="372" /><ent r="3" t="47" w="18" /><ent r="3" t="48" w="18" /><ent r="3" t="71" w="133" /><ent r="4" t="134" w="464" /><ent r="4" t="146" w="109" /><ent r="3" t="160" w="64" /><ent r="3" t="160" w="76" /><ent r="4" t="160" w="91" /><ent r="3" t="173" w="496" /><ent r="3" t="174" w="485" /><ent r="3" t="175" w="483" /><ent r="3" t="185" w="329" /><ent r="4" t="212" w="1449" /><ent r="3" t="223" w="137" /><ent r="3" t="224" w="68" /><ent r="3" t="225" w="21" /><ent r="3" t="227" w="66" /><ent r="3" t="228" w="670" /><ent r="3" t="239" w="47" /><ent r="3" t="239" w="76" /><ent r="3" t="246" w="38" /></phr><phr n="specifying"><ent r="3" t="23" w="32" /><ent r="3" t="36" w="208" /><ent r="3" t="93" w="51" /><ent r="3" t="156" w="62" /><ent r="3" t="185" w="114" /><ent r="3" t="219" w="61" /></phr></stem><stem n="valid"><phr n="valid"><ent r="3" t="18" w="184" /><ent r="3" t="185" w="216" /><ent r="3" t="212" w="924" /><ent r="3" t="212" w="945" /><ent r="3" t="213" w="864" /><ent r="3" t="213" w="885" /><ent r="3" t="222" w="74" /><ent r="6" t="240" w="88" /><ent r="6" t="240" w="640" /></phr><phr n="validates"><ent r="3" t="26" w="35" /></phr></stem><stem n="cancel"><phr n="Cancel"><ent r="3" t="18" w="188" /><ent r="5" t="22" w="264" /><ent r="4" t="22" w="267" /><ent r="5" t="22" w="378" /><ent r="4" t="22" w="381" /><ent r="3" t="45" w="330" /><ent r="4" t="45" w="336" /><ent r="4" t="47" w="112" /><ent r="3" t="47" w="115" /><ent r="4" t="48" w="230" /><ent r="3" t="48" w="233" /><ent r="4" t="49" w="162" /><ent r="3" t="49" w="165" /><ent r="3" t="51" w="250" /><ent r="3" t="51" w="252" /><ent r="4" t="52" w="290" /><ent r="3" t="52" w="293" /><ent r="4" t="53" w="213" /><ent r="3" t="53" w="216" /><ent r="4" t="54" w="195" /><ent r="3" t="54" w="198" /><ent r="4" t="55" w="210" /><ent r="3" t="55" w="213" /><ent r="4" t="56" w="163" /><ent r="3" t="56" w="166" /><ent r="4" t="57" w="163" /><ent r="3" t="57" w="166" /><ent r="4" t="58" w="151" /><ent r="3" t="58" w="154" /><ent r="4" t="59" w="270" /><ent r="3" t="59" w="273" /><ent r="3" t="87" w="224" /><ent r="4" t="87" w="235" /><ent r="3" t="96" w="115" /><ent r="4" t="106" w="149" /><ent r="3" t="106" w="152" /><ent r="4" t="132" w="261" /><ent r="3" t="132" w="264" /><ent r="4" t="134" w="154" /><ent r="3" t="134" w="157" /><ent r="4" t="135" w="154" /><ent r="3" t="135" w="157" /><ent r="4" t="173" w="198" /><ent r="3" t="173" w="202" /><ent r="3" t="174" w="159" /><ent r="4" t="174" w="170" /><ent r="3" t="175" w="194" /><ent r="4" t="175" w="205" /><ent r="3" t="176" w="224" /><ent r="4" t="176" w="235" /><ent r="3" t="177" w="98" /><ent r="4" t="177" w="109" /><ent r="3" t="178" w="269" /><ent r="4" t="178" w="280" /><ent r="3" t="179" w="198" /><ent r="4" t="179" w="209" /><ent r="3" t="180" w="132" /><ent r="4" t="180" w="143" /><ent r="3" t="181" w="229" /><ent r="4" t="181" w="240" /><ent r="3" t="182" w="164" /><ent r="4" t="182" w="175" /><ent r="4" t="189" w="912" /><ent r="4" t="189" w="926" /><ent r="3" t="189" w="931" /><ent r="3" t="193" w="301" /><ent r="3" t="193" w="311" /><ent r="4" t="237" w="118" /><ent r="3" t="237" w="121" /><ent r="4" t="238" w="136" /><ent r="3" t="238" w="139" /></phr></stem><stem n="vari"><phr n="vary"><ent r="3" t="19" w="45" /><ent r="3" t="158" w="251" /><ent r="3" t="179" w="134" /><ent r="3" t="188" w="126" /></phr><phr n="varied"><ent r="6" t="135" w="615" /><ent r="5" t="173" w="956" /></phr><phr n="varies"><ent r="4" t="174" w="945" /><ent r="3" t="246" w="478" /></phr></stem><stem n="appropri"><phr n="appropriate"><ent r="3" t="19" w="68" /><ent r="4" t="29" w="276" /><ent r="4" t="47" w="98" /><ent r="4" t="48" w="216" /><ent r="3" t="64" w="58" /><ent r="3" t="65" w="70" /><ent r="3" t="73" w="434" /><ent r="3" t="112" w="175" /><ent r="4" t="118" w="128" /><ent r="3" t="154" w="673" /><ent r="3" t="154" w="692" /><ent r="4" t="186" w="399" /><ent r="4" t="187" w="107" /><ent r="4" t="188" w="384" /><ent r="4" t="197" w="147" /><ent r="4" t="207" w="1008" /><ent r="3" t="228" w="40" /></phr></stem><stem n="classif"><phr n="Classification"><ent r="65" t="19" w="77" /><ent r="64" t="20" w="738" /><ent r="64" t="21" w="57" /><ent r="1000" t="22" w="1" /><ent r="100" t="22" w="4" /><ent r="100" t="22" w="9" /><ent r="102" t="22" w="12" /><ent r="3" t="22" w="23" /><ent r="3" t="22" w="30" /><ent r="3" t="22" w="62" /><ent r="3" t="22" w="69" /><ent r="3" t="22" w="110" /><ent r="4" t="22" w="206" /><ent r="5" t="22" w="212" /><ent r="4" t="22" w="274" /><ent r="4" t="22" w="320" /><ent r="5" t="22" w="326" /><ent r="3" t="22" w="394" /><ent r="3" t="22" w="410" /><ent r="3" t="22" w="413" /><ent r="3" t="22" w="421" /><ent r="3" t="22" w="461" /><ent r="5" t="22" w="474" /><ent r="3" t="22" w="584" /><ent r="4" t="22" w="594" /><ent r="3" t="22" w="619" /><ent r="3" t="22" w="635" /><ent r="5" t="22" w="648" /><ent r="3" t="22" w="796" /><ent r="3" t="22" w="802" /><ent r="3" t="22" w="808" /><ent r="3" t="22" w="834" /><ent r="64" t="23" w="133" /><ent r="64" t="24" w="65" /><ent r="64" t="25" w="239" /><ent r="64" t="26" w="224" /><ent r="64" t="27" w="88" /><ent r="3" t="92" w="53" /><ent r="3" t="93" w="35" /><ent r="4" t="93" w="178" /><ent r="4" t="93" w="182" /><ent r="3" t="159" w="65" /><ent r="3" t="159" w="90" /><ent r="3" t="159" w="100" /><ent r="3" t="173" w="143" /><ent r="92" t="173" w="277" /><ent r="3" t="173" w="282" /><ent r="3" t="173" w="288" /><ent r="3" t="173" w="298" /><ent r="3" t="173" w="339" /><ent r="5" t="173" w="352" /><ent r="3" t="173" w="462" /><ent r="4" t="173" w="472" /><ent r="3" t="173" w="498" /><ent r="3" t="173" w="514" /><ent r="5" t="173" w="527" /><ent r="3" t="173" w="670" /><ent r="3" t="173" w="676" /><ent r="3" t="173" w="682" /><ent r="3" t="173" w="708" /><ent r="5" t="173" w="1000" /><ent r="4" t="173" w="1008" /><ent r="3" t="174" w="116" /><ent r="92" t="174" w="273" /><ent r="3" t="174" w="278" /><ent r="3" t="174" w="284" /><ent r="3" t="174" w="290" /><ent r="3" t="174" w="331" /><ent r="5" t="174" w="344" /><ent r="3" t="174" w="451" /><ent r="4" t="174" w="461" /><ent r="3" t="174" w="487" /><ent r="3" t="174" w="503" /><ent r="5" t="174" w="516" /><ent r="3" t="174" w="659" /><ent r="3" t="174" w="665" /><ent r="3" t="174" w="671" /><ent r="3" t="174" w="697" /><ent r="3" t="174" w="1195" /><ent r="4" t="175" w="54" /><ent r="3" t="175" w="68" /><ent r="3" t="175" w="145" /><ent r="82" t="175" w="271" /><ent r="3" t="175" w="276" /><ent r="3" t="175" w="282" /><ent r="3" t="175" w="287" /><ent r="3" t="175" w="329" /><ent r="5" t="175" w="342" /><ent r="3" t="175" w="449" /><ent r="4" t="175" w="459" /><ent r="3" t="175" w="485" /><ent r="3" t="175" w="501" /><ent r="5" t="175" w="514" /><ent r="3" t="175" w="657" /><ent r="3" t="175" w="663" /><ent r="3" t="175" w="669" /><ent r="3" t="175" w="695" /><ent r="3" t="175" w="766" /><ent r="3" t="175" w="774" /><ent r="3" t="175" w="785" /><ent r="92" t="175" w="789" /><ent r="3" t="175" w="793" /><ent r="3" t="175" w="803" /><ent r="4" t="175" w="811" /><ent r="5" t="175" w="827" /><ent r="3" t="176" w="101" /><ent r="4" t="176" w="130" /><ent r="3" t="176" w="144" /><ent r="3" t="176" w="152" /><ent r="4" t="195" w="290" /><ent r="3" t="205" w="3180" /><ent r="4" t="211" w="117" /><ent r="4" t="211" w="144" /><ent r="4" t="211" w="154" /><ent r="3" t="227" w="35" /><ent r="3" t="227" w="41" /><ent r="92" t="227" w="222" /><ent r="3" t="227" w="228" /><ent r="3" t="227" w="237" /><ent r="3" t="227" w="240" /></phr></stem><stem n="subset"><phr n="Subset"><ent r="65" t="19" w="80" /><ent r="64" t="20" w="741" /><ent r="64" t="21" w="60" /><ent r="64" t="22" w="892" /><ent r="1000" t="23" w="1" /><ent r="102" t="23" w="4" /><ent r="100" t="23" w="9" /><ent r="100" t="23" w="12" /><ent r="3" t="23" w="18" /><ent r="3" t="23" w="25" /><ent r="3" t="23" w="41" /><ent r="4" t="23" w="56" /><ent r="3" t="23" w="69" /><ent r="3" t="23" w="75" /><ent r="64" t="24" w="68" /><ent r="64" t="25" w="242" /><ent r="64" t="26" w="227" /><ent r="64" t="27" w="91" /><ent r="92" t="36" w="192" /><ent r="3" t="36" w="197" /><ent r="3" t="36" w="203" /><ent r="5" t="36" w="283" /><ent r="4" t="36" w="296" /><ent r="3" t="36" w="302" /><ent r="4" t="41" w="101" /><ent r="4" t="41" w="148" /><ent r="3" t="74" w="28" /><ent r="3" t="74" w="286" /><ent r="5" t="74" w="299" /><ent r="6" t="74" w="367" /><ent r="5" t="74" w="380" /><ent r="5" t="74" w="386" /><ent r="100" t="125" w="9" /><ent r="5" t="125" w="42" /><ent r="4" t="125" w="49" /><ent r="4" t="125" w="92" /><ent r="3" t="125" w="98" /><ent r="4" t="125" w="109" /><ent r="3" t="125" w="120" /><ent r="3" t="190" w="193" /><ent r="64" t="190" w="196" /><ent r="1000" t="191" w="1" /><ent r="102" t="191" w="8" /><ent r="3" t="191" w="23" /><ent r="5" t="191" w="69" /><ent r="3" t="191" w="89" /><ent r="5" t="191" w="102" /><ent r="5" t="191" w="141" /><ent r="4" t="191" w="152" /><ent r="3" t="191" w="160" /><ent r="64" t="203" w="341" /><ent r="64" t="203" w="343" /><ent r="3" t="204" w="306" /><ent r="102" t="206" w="13" /><ent r="102" t="206" w="15" /><ent r="4" t="206" w="103" /><ent r="5" t="206" w="454" /><ent r="4" t="206" w="478" /><ent r="4" t="206" w="543" /><ent r="3" t="206" w="1566" /><ent r="3" t="221" w="16" /><ent r="7" t="222" w="399" /><ent r="3" t="223" w="78" /><ent r="3" t="223" w="89" /><ent r="92" t="223" w="128" /><ent r="3" t="223" w="133" /><ent r="3" t="223" w="139" /><ent r="5" t="223" w="215" /><ent r="4" t="223" w="228" /><ent r="3" t="223" w="234" /><ent r="4" t="223" w="340" /><ent r="3" t="224" w="22" /><ent r="3" t="224" w="33" /><ent r="92" t="224" w="59" /><ent r="3" t="224" w="64" /><ent r="3" t="224" w="70" /><ent r="5" t="224" w="146" /><ent r="4" t="224" w="159" /><ent r="3" t="224" w="165" /><ent r="3" t="225" w="23" /><ent r="92" t="225" w="33" /><ent r="5" t="225" w="105" /><ent r="4" t="225" w="118" /><ent r="3" t="225" w="124" /><ent r="3" t="227" w="22" /><ent r="3" t="227" w="33" /><ent r="92" t="227" w="57" /><ent r="3" t="227" w="62" /><ent r="3" t="227" w="68" /><ent r="5" t="227" w="144" /><ent r="4" t="227" w="157" /><ent r="3" t="227" w="163" /><ent r="92" t="229" w="143" /><ent r="92" t="233" w="148" /></phr><phr n="subsetting"><ent r="100" t="191" w="18" /><ent r="1000" t="206" w="2" /><ent r="3" t="206" w="43" /><ent r="3" t="226" w="59" /></phr></stem><stem n="wavelength"><phr n="Wavelengths"><ent r="65" t="19" w="86" /><ent r="3" t="20" w="175" /><ent r="64" t="20" w="747" /><ent r="64" t="21" w="66" /><ent r="64" t="22" w="898" /><ent r="64" t="23" w="139" /><ent r="64" t="24" w="71" /><ent r="1000" t="25" w="1" /><ent r="100" t="25" w="6" /><ent r="100" t="25" w="9" /><ent r="100" t="25" w="16" /><ent r="102" t="25" w="19" /><ent r="3" t="25" w="25" /><ent r="3" t="25" w="40" /><ent r="3" t="25" w="49" /><ent r="82" t="25" w="59" /><ent r="3" t="25" w="63" /><ent r="3" t="25" w="67" /><ent r="3" t="25" w="134" /><ent r="3" t="25" w="149" /><ent r="3" t="25" w="169" /><ent r="3" t="25" w="180" /><ent r="3" t="25" w="199" /><ent r="64" t="25" w="223" /><ent r="64" t="26" w="233" /><ent r="64" t="27" w="97" /><ent r="4" t="29" w="520" /><ent r="4" t="34" w="237" /><ent r="4" t="34" w="261" /><ent r="3" t="69" w="57" /><ent r="3" t="69" w="478" /><ent r="3" t="69" w="498" /><ent r="3" t="174" w="118" /><ent r="92" t="174" w="791" /><ent r="3" t="174" w="795" /><ent r="3" t="174" w="804" /><ent r="3" t="174" w="811" /><ent r="3" t="174" w="819" /><ent r="3" t="174" w="835" /><ent r="3" t="174" w="839" /><ent r="3" t="174" w="854" /><ent r="3" t="174" w="862" /><ent r="3" t="174" w="880" /><ent r="3" t="174" w="889" /><ent r="3" t="174" w="911" /><ent r="3" t="174" w="913" /><ent r="64" t="174" w="924" /><ent r="64" t="203" w="374" /><ent r="1000" t="210" w="4" /><ent r="102" t="210" w="19" /><ent r="3" t="210" w="40" /><ent r="3" t="210" w="52" /><ent r="4" t="210" w="75" /><ent r="4" t="210" w="83" /><ent r="4" t="210" w="88" /><ent r="4" t="210" w="100" /><ent r="4" t="210" w="114" /><ent r="3" t="210" w="123" /><ent r="3" t="210" w="149" /><ent r="3" t="210" w="154" /><ent r="5" t="210" w="307" /><ent r="4" t="210" w="333" /><ent r="3" t="210" w="358" /><ent r="64" t="210" w="392" /><ent r="3" t="210" w="401" /><ent r="4" t="210" w="436" /><ent r="4" t="210" w="492" /><ent r="5" t="210" w="564" /><ent r="4" t="210" w="572" /><ent r="3" t="210" w="594" /><ent r="3" t="210" w="598" /><ent r="1000" t="247" w="1" /><ent r="102" t="247" w="6" /><ent r="3" t="247" w="74" /><ent r="3" t="247" w="122" /><ent r="3" t="247" w="156" /><ent r="1000" t="248" w="1" /><ent r="100" t="248" w="6" /><ent r="100" t="248" w="9" /><ent r="100" t="248" w="15" /><ent r="102" t="248" w="18" /><ent r="3" t="248" w="24" /><ent r="3" t="248" w="41" /><ent r="3" t="248" w="48" /><ent r="3" t="248" w="56" /><ent r="3" t="248" w="72" /><ent r="3" t="248" w="76" /><ent r="3" t="248" w="91" /><ent r="3" t="248" w="99" /><ent r="3" t="248" w="117" /><ent r="3" t="248" w="126" /><ent r="3" t="248" w="146" /><ent r="3" t="248" w="148" /><ent r="92" t="248" w="156" /><ent r="3" t="248" w="160" /><ent r="3" t="248" w="190" /><ent r="3" t="248" w="230" /><ent r="82" t="248" w="239" /><ent r="3" t="248" w="243" /><ent r="3" t="248" w="247" /><ent r="3" t="248" w="314" /><ent r="3" t="248" w="329" /><ent r="3" t="248" w="349" /><ent r="3" t="248" w="360" /><ent r="3" t="248" w="379" /><ent r="83" t="248" w="399" /><ent r="4" t="248" w="439" /><ent r="3" t="248" w="466" /><ent r="83" t="248" w="489" /><ent r="4" t="248" w="497" /><ent r="4" t="248" w="527" /><ent r="4" t="248" w="533" /><ent r="3" t="248" w="544" /><ent r="3" t="248" w="623" /><ent r="3" t="248" w="631" /><ent r="4" t="248" w="689" /><ent r="64" t="248" w="785" /><ent r="4" t="249" w="49" /><ent r="3" t="249" w="244" /></phr><phr n="wavelength"><ent r="3" t="25" w="100" /><ent r="3" t="25" w="207" /><ent r="64" t="25" w="226" /><ent r="5" t="29" w="501" /><ent r="5" t="29" w="511" /><ent r="4" t="29" w="516" /><ent r="65" t="29" w="533" /><ent r="5" t="34" w="229" /><ent r="5" t="34" w="253" /><ent r="3" t="69" w="443" /><ent r="3" t="69" w="445" /><ent r="4" t="120" w="123" /><ent r="5" t="154" w="442" /><ent r="3" t="174" w="875" /><ent r="3" t="174" w="904" /><ent r="64" t="203" w="377" /><ent r="1000" t="210" w="7" /><ent r="100" t="210" w="10" /><ent r="100" t="210" w="13" /><ent r="102" t="210" w="22" /><ent r="3" t="210" w="44" /><ent r="4" t="210" w="71" /><ent r="3" t="210" w="129" /><ent r="3" t="210" w="138" /><ent r="3" t="210" w="161" /><ent r="3" t="210" w="314" /><ent r="3" t="210" w="321" /><ent r="4" t="210" w="477" /><ent r="3" t="210" w="521" /><ent r="92" t="210" w="531" /><ent r="7" t="222" w="598" /><ent r="7" t="222" w="603" /><ent r="7" t="222" w="646" /><ent r="3" t="222" w="764" /><ent r="3" t="222" w="826" /><ent r="3" t="247" w="12" /><ent r="3" t="247" w="33" /><ent r="3" t="247" w="104" /><ent r="64" t="247" w="109" /><ent r="3" t="247" w="196" /><ent r="3" t="247" w="200" /><ent r="3" t="247" w="210" /><ent r="3" t="247" w="214" /><ent r="3" t="247" w="222" /><ent r="3" t="247" w="226" /><ent r="3" t="248" w="112" /><ent r="3" t="248" w="139" /><ent r="3" t="248" w="217" /><ent r="3" t="248" w="280" /><ent r="3" t="248" w="387" /><ent r="83" t="248" w="492" /><ent r="4" t="248" w="515" /><ent r="4" t="248" w="517" /><ent r="4" t="248" w="555" /><ent r="4" t="248" w="585" /><ent r="3" t="248" w="676" /><ent r="4" t="248" w="693" /><ent r="4" t="248" w="718" /><ent r="4" t="248" w="743" /><ent r="4" t="248" w="757" /><ent r="3" t="248" w="767" /><ent r="1000" t="249" w="1" /><ent r="102" t="249" w="8" /><ent r="3" t="249" w="16" /><ent r="3" t="249" w="24" /><ent r="4" t="249" w="101" /><ent r="4" t="249" w="117" /><ent r="4" t="249" w="126" /><ent r="4" t="249" w="136" /><ent r="4" t="249" w="192" /><ent r="4" t="249" w="201" /><ent r="4" t="249" w="211" /><ent r="3" t="249" w="259" /><ent r="3" t="249" w="265" /><ent r="3" t="249" w="272" /><ent r="3" t="249" w="288" /><ent r="3" t="249" w="291" /><ent r="3" t="249" w="300" /><ent r="3" t="249" w="304" /></phr></stem><stem n=":data"><phr n=":Data"><ent r="100" t="20" w="9" /><ent r="100" t="33" w="6" /><ent r="100" t="34" w="10" /><ent r="100" t="174" w="10" /></phr></stem><stem n="basic"><phr n="basic"><ent r="3" t="20" w="21" /><ent r="3" t="154" w="28" /><ent r="3" t="166" w="157" /><ent r="3" t="174" w="181" /><ent r="3" t="204" w="35" /><ent r="3" t="204" w="112" /><ent r="4" t="207" w="1759" /></phr><phr n="basically"><ent r="3" t="189" w="105" /></phr></stem><stem n="depend"><phr n="Depending"><ent r="3" t="20" w="31" /><ent r="3" t="20" w="251" /><ent r="3" t="29" w="547" /><ent r="6" t="135" w="616" /><ent r="5" t="173" w="957" /><ent r="3" t="246" w="485" /></phr><phr n="depends"><ent r="4" t="26" w="102" /><ent r="3" t="65" w="232" /><ent r="3" t="71" w="106" /><ent r="4" t="135" w="746" /><ent r="4" t="136" w="382" /><ent r="3" t="174" w="1163" /><ent r="4" t="182" w="297" /><ent r="3" t="208" w="1139" /><ent r="3" t="237" w="242" /><ent r="3" t="246" w="464" /></phr><phr n="dependent"><ent r="4" t="57" w="328" /><ent r="4" t="57" w="763" /></phr><phr n="depend"><ent r="4" t="151" w="53" /><ent r="4" t="154" w="771" /><ent r="4" t="158" w="69" /></phr></stem></index>