﻿<?xml version="1.0" encoding="utf-8"?><index><stem n="off"><phr n="off"><ent r="3" t="1" w="264" /><ent r="4" t="1" w="313" /><ent r="4" t="1" w="361" /><ent r="3" t="4" w="62" /><ent r="4" t="4" w="168" /><ent r="4" t="4" w="218" /><ent r="5" t="6" w="149" /><ent r="5" t="6" w="151" /><ent r="7" t="8" w="137" /><ent r="7" t="10" w="101" /><ent r="3" t="39" w="131" /><ent r="100" t="42" w="11" /><ent r="3" t="42" w="15" /><ent r="3" t="50" w="590" /><ent r="3" t="57" w="64" /><ent r="3" t="58" w="88" /><ent r="3" t="78" w="134" /><ent r="3" t="87" w="134" /><ent r="3" t="87" w="140" /><ent r="3" t="99" w="55" /><ent r="3" t="99" w="75" /><ent r="4" t="110" w="402" /><ent r="3" t="118" w="367" /><ent r="3" t="118" w="376" /><ent r="4" t="144" w="49" /><ent r="3" t="145" w="344" /><ent r="3" t="145" w="553" /><ent r="3" t="167" w="47" /><ent r="3" t="167" w="181" /><ent r="4" t="185" w="379" /><ent r="4" t="185" w="429" /><ent r="3" t="186" w="373" /><ent r="4" t="186" w="528" /><ent r="4" t="186" w="578" /><ent r="3" t="186" w="700" /><ent r="3" t="186" w="2722" /><ent r="4" t="186" w="3097" /><ent r="4" t="187" w="244" /><ent r="4" t="187" w="294" /><ent r="4" t="188" w="204" /><ent r="4" t="188" w="254" /><ent r="4" t="189" w="442" /><ent r="4" t="189" w="492" /><ent r="4" t="190" w="431" /><ent r="4" t="190" w="481" /><ent r="4" t="192" w="355" /><ent r="4" t="192" w="405" /><ent r="3" t="193" w="355" /><ent r="4" t="194" w="264" /><ent r="4" t="194" w="314" /><ent r="7" t="238" w="63" /><ent r="7" t="238" w="75" /></phr><phr n="Off"><ent r="66" t="6" w="163" /><ent r="3" t="39" w="139" /><ent r="1000" t="42" w="3" /><ent r="102" t="42" w="7" /><ent r="3" t="42" w="31" /><ent r="3" t="57" w="72" /><ent r="92" t="99" w="50" /><ent r="92" t="186" w="673" /></phr></stem><stem n="three"><phr n="three"><ent r="3" t="1" w="268" /><ent r="3" t="45" w="13" /><ent r="4" t="54" w="175" /><ent r="3" t="78" w="178" /><ent r="3" t="114" w="140" /><ent r="4" t="154" w="137" /><ent r="3" t="156" w="1155" /><ent r="3" t="159" w="140" /><ent r="3" t="160" w="980" /><ent r="3" t="161" w="142" /><ent r="3" t="162" w="99" /><ent r="3" t="168" w="306" /><ent r="3" t="185" w="334" /><ent r="4" t="185" w="2062" /><ent r="3" t="186" w="483" /><ent r="3" t="186" w="941" /><ent r="5" t="186" w="1477" /><ent r="4" t="186" w="1652" /><ent r="4" t="186" w="1735" /><ent r="3" t="187" w="199" /><ent r="3" t="187" w="1141" /><ent r="3" t="188" w="159" /><ent r="3" t="189" w="397" /><ent r="3" t="190" w="386" /><ent r="3" t="192" w="310" /><ent r="3" t="194" w="219" /><ent r="3" t="194" w="622" /><ent r="3" t="209" w="25" /><ent r="3" t="213" w="30" /><ent r="3" t="217" w="178" /><ent r="3" t="217" w="227" /><ent r="3" t="217" w="340" /><ent r="3" t="237" w="228" /></phr><phr n="Three"><ent r="5" t="237" w="107" /><ent r="4" t="237" w="110" /></phr></stem><stem n="wai"><phr n="ways"><ent r="3" t="1" w="269" /><ent r="3" t="4" w="124" /><ent r="3" t="49" w="75" /><ent r="3" t="76" w="28" /><ent r="3" t="91" w="25" /><ent r="3" t="92" w="24" /><ent r="3" t="122" w="18" /><ent r="7" t="128" w="397" /><ent r="3" t="131" w="120" /><ent r="3" t="185" w="335" /><ent r="3" t="186" w="484" /><ent r="3" t="186" w="830" /><ent r="3" t="187" w="200" /><ent r="3" t="188" w="160" /><ent r="3" t="189" w="398" /><ent r="3" t="190" w="387" /><ent r="3" t="192" w="311" /><ent r="3" t="194" w="220" /></phr><phr n="Way"><ent r="4" t="49" w="303" /><ent r="4" t="186" w="2568" /></phr><phr n="way"><ent r="4" t="106" w="23" /><ent r="3" t="107" w="18" /><ent r="3" t="190" w="1178" /><ent r="3" t="193" w="1430" /></phr></stem><stem n="go"><phr n="Go"><ent r="4" t="1" w="275" /><ent r="4" t="4" w="130" /><ent r="3" t="14" w="40" /><ent r="3" t="17" w="195" /><ent r="4" t="21" w="228" /><ent r="4" t="21" w="269" /><ent r="4" t="21" w="311" /><ent r="4" t="21" w="388" /><ent r="4" t="24" w="23" /><ent r="4" t="30" w="23" /><ent r="4" t="31" w="30" /><ent r="4" t="32" w="38" /><ent r="4" t="45" w="142" /><ent r="4" t="45" w="157" /><ent r="4" t="45" w="262" /><ent r="4" t="45" w="277" /><ent r="3" t="47" w="73" /><ent r="4" t="49" w="514" /><ent r="4" t="52" w="49" /><ent r="4" t="55" w="21" /><ent r="4" t="56" w="28" /><ent r="4" t="63" w="43" /><ent r="3" t="70" w="36" /><ent r="4" t="71" w="38" /><ent r="4" t="71" w="220" /><ent r="4" t="72" w="59" /><ent r="4" t="73" w="107" /><ent r="4" t="78" w="62" /><ent r="5" t="84" w="227" /><ent r="4" t="84" w="234" /><ent r="4" t="86" w="100" /><ent r="4" t="86" w="183" /><ent r="4" t="87" w="36" /><ent r="4" t="87" w="48" /><ent r="4" t="89" w="26" /><ent r="3" t="91" w="62" /><ent r="3" t="91" w="73" /><ent r="4" t="92" w="169" /><ent r="4" t="92" w="183" /><ent r="4" t="92" w="276" /><ent r="4" t="92" w="290" /><ent r="4" t="93" w="42" /><ent r="4" t="93" w="54" /><ent r="3" t="94" w="86" /><ent r="3" t="94" w="98" /><ent r="4" t="95" w="26" /><ent r="4" t="95" w="38" /><ent r="4" t="98" w="25" /><ent r="4" t="98" w="37" /><ent r="3" t="101" w="102" /><ent r="3" t="101" w="114" /><ent r="3" t="102" w="106" /><ent r="3" t="102" w="118" /><ent r="3" t="103" w="191" /><ent r="3" t="103" w="261" /><ent r="3" t="104" w="124" /><ent r="3" t="105" w="124" /><ent r="4" t="113" w="68" /><ent r="3" t="114" w="75" /><ent r="3" t="114" w="96" /><ent r="4" t="132" w="359" /><ent r="4" t="132" w="367" /><ent r="4" t="132" w="425" /><ent r="4" t="132" w="433" /><ent r="4" t="134" w="126" /><ent r="3" t="141" w="34" /><ent r="3" t="141" w="88" /><ent r="5" t="142" w="18" /><ent r="4" t="145" w="360" /><ent r="3" t="145" w="479" /><ent r="3" t="145" w="579" /><ent r="3" t="145" w="653" /><ent r="3" t="159" w="94" /><ent r="4" t="160" w="77" /><ent r="3" t="161" w="110" /><ent r="4" t="161" w="814" /><ent r="4" t="162" w="52" /><ent r="4" t="162" w="64" /><ent r="4" t="163" w="24" /><ent r="4" t="164" w="76" /><ent r="4" t="165" w="65" /><ent r="4" t="165" w="92" /><ent r="4" t="166" w="56" /><ent r="4" t="167" w="72" /><ent r="4" t="168" w="90" /><ent r="3" t="171" w="20" /><ent r="4" t="172" w="32" /><ent r="4" t="173" w="329" /><ent r="4" t="175" w="63" /><ent r="4" t="175" w="119" /><ent r="4" t="180" w="82" /><ent r="4" t="182" w="170" /><ent r="4" t="183" w="37" /><ent r="4" t="185" w="341" /><ent r="4" t="185" w="2022" /><ent r="4" t="186" w="490" /><ent r="4" t="186" w="2929" /><ent r="4" t="187" w="206" /><ent r="4" t="187" w="690" /><ent r="4" t="187" w="768" /><ent r="4" t="187" w="858" /><ent r="5" t="187" w="918" /><ent r="4" t="187" w="986" /><ent r="4" t="188" w="166" /><ent r="4" t="188" w="352" /><ent r="4" t="188" w="462" /><ent r="4" t="188" w="974" /><ent r="4" t="188" w="1179" /><ent r="4" t="189" w="404" /><ent r="4" t="189" w="590" /><ent r="4" t="190" w="393" /><ent r="4" t="190" w="579" /><ent r="4" t="190" w="805" /><ent r="4" t="192" w="317" /><ent r="4" t="192" w="551" /><ent r="4" t="192" w="679" /><ent r="4" t="192" w="800" /><ent r="4" t="192" w="828" /><ent r="4" t="194" w="226" /><ent r="4" t="216" w="278" /><ent r="3" t="222" w="142" /><ent r="4" t="236" w="406" /></phr><phr n="go"><ent r="4" t="2" w="67" /><ent r="4" t="2" w="85" /><ent r="4" t="17" w="35" /><ent r="4" t="23" w="45" /><ent r="4" t="27" w="129" /><ent r="4" t="33" w="126" /><ent r="3" t="36" w="29" /><ent r="4" t="37" w="38" /><ent r="3" t="40" w="33" /><ent r="3" t="41" w="45" /><ent r="4" t="45" w="305" /><ent r="4" t="45" w="366" /><ent r="4" t="48" w="40" /><ent r="4" t="49" w="122" /><ent r="4" t="50" w="129" /><ent r="4" t="53" w="47" /><ent r="4" t="67" w="79" /><ent r="4" t="67" w="103" /><ent r="4" t="71" w="50" /><ent r="4" t="71" w="232" /><ent r="3" t="75" w="56" /><ent r="4" t="78" w="46" /><ent r="4" t="79" w="78" /><ent r="4" t="80" w="49" /><ent r="4" t="81" w="90" /><ent r="4" t="81" w="166" /><ent r="4" t="82" w="36" /><ent r="3" t="82" w="342" /><ent r="3" t="88" w="60" /><ent r="3" t="103" w="160" /><ent r="3" t="104" w="94" /><ent r="4" t="107" w="130" /><ent r="4" t="108" w="72" /><ent r="4" t="109" w="85" /><ent r="4" t="110" w="86" /><ent r="3" t="118" w="92" /><ent r="4" t="120" w="25" /><ent r="4" t="121" w="39" /><ent r="4" t="121" w="64" /><ent r="4" t="122" w="75" /><ent r="3" t="122" w="176" /><ent r="4" t="123" w="25" /><ent r="3" t="124" w="52" /><ent r="4" t="125" w="205" /><ent r="3" t="126" w="95" /><ent r="3" t="126" w="107" /><ent r="4" t="129" w="45" /><ent r="4" t="129" w="271" /><ent r="4" t="134" w="97" /><ent r="4" t="134" w="114" /><ent r="4" t="140" w="50" /><ent r="4" t="146" w="117" /><ent r="4" t="147" w="42" /><ent r="4" t="148" w="40" /><ent r="4" t="150" w="81" /><ent r="4" t="151" w="81" /><ent r="4" t="152" w="95" /><ent r="4" t="153" w="90" /><ent r="4" t="155" w="81" /><ent r="4" t="156" w="77" /><ent r="4" t="157" w="78" /><ent r="4" t="158" w="88" /><ent r="4" t="159" w="68" /><ent r="4" t="177" w="211" /><ent r="3" t="177" w="321" /><ent r="3" t="177" w="339" /><ent r="4" t="178" w="127" /><ent r="4" t="178" w="292" /><ent r="4" t="180" w="178" /><ent r="4" t="185" w="1171" /><ent r="4" t="185" w="1871" /><ent r="4" t="185" w="2018" /><ent r="4" t="186" w="710" /><ent r="4" t="186" w="763" /><ent r="3" t="186" w="986" /><ent r="4" t="186" w="1119" /><ent r="4" t="186" w="1856" /><ent r="4" t="186" w="2017" /><ent r="3" t="186" w="2251" /><ent r="4" t="186" w="2402" /><ent r="4" t="186" w="2487" /><ent r="4" t="186" w="2749" /><ent r="4" t="187" w="396" /><ent r="3" t="187" w="1156" /><ent r="4" t="188" w="684" /><ent r="4" t="188" w="1141" /><ent r="3" t="188" w="1423" /><ent r="4" t="189" w="738" /><ent r="3" t="189" w="929" /><ent r="4" t="190" w="989" /><ent r="4" t="190" w="1022" /><ent r="4" t="191" w="253" /><ent r="4" t="192" w="625" /><ent r="4" t="192" w="667" /><ent r="3" t="192" w="1006" /><ent r="3" t="193" w="313" /><ent r="3" t="193" w="1726" /><ent r="3" t="193" w="1743" /><ent r="4" t="194" w="436" /><ent r="4" t="194" w="505" /><ent r="4" t="194" w="1298" /><ent r="3" t="194" w="1466" /><ent r="3" t="195" w="20" /><ent r="4" t="195" w="56" /><ent r="4" t="195" w="91" /><ent r="4" t="195" w="135" /><ent r="4" t="195" w="160" /><ent r="4" t="195" w="192" /><ent r="4" t="216" w="120" /><ent r="4" t="222" w="83" /><ent r="4" t="223" w="71" /><ent r="4" t="225" w="82" /></phr><phr n="going"><ent r="3" t="122" w="159" /><ent r="4" t="129" w="218" /><ent r="4" t="185" w="705" /><ent r="4" t="186" w="1751" /><ent r="4" t="187" w="677" /></phr></stem><stem n="select"><phr n="select"><ent r="4" t="1" w="285" /><ent r="4" t="2" w="76" /><ent r="4" t="2" w="91" /><ent r="4" t="4" w="140" /><ent r="7" t="6" w="182" /><ent r="6" t="7" w="68" /><ent r="7" t="7" w="93" /><ent r="7" t="12" w="56" /><ent r="6" t="12" w="78" /><ent r="7" t="13" w="182" /><ent r="3" t="14" w="26" /><ent r="3" t="14" w="48" /><ent r="3" t="14" w="72" /><ent r="6" t="14" w="202" /><ent r="4" t="17" w="43" /><ent r="4" t="17" w="104" /><ent r="3" t="17" w="114" /><ent r="3" t="17" w="132" /><ent r="4" t="17" w="142" /><ent r="3" t="17" w="203" /><ent r="3" t="17" w="226" /><ent r="3" t="19" w="34" /><ent r="3" t="19" w="66" /><ent r="3" t="20" w="42" /><ent r="4" t="21" w="236" /><ent r="3" t="21" w="354" /><ent r="4" t="21" w="474" /><ent r="4" t="21" w="484" /><ent r="4" t="23" w="35" /><ent r="4" t="23" w="53" /><ent r="3" t="23" w="119" /><ent r="4" t="24" w="31" /><ent r="4" t="24" w="44" /><ent r="3" t="24" w="64" /><ent r="4" t="27" w="135" /><ent r="4" t="27" w="174" /><ent r="4" t="27" w="220" /><ent r="4" t="27" w="237" /><ent r="4" t="27" w="255" /><ent r="3" t="27" w="301" /><ent r="3" t="27" w="303" /><ent r="3" t="27" w="326" /><ent r="4" t="27" w="335" /><ent r="4" t="27" w="343" /><ent r="4" t="27" w="392" /><ent r="5" t="27" w="463" /><ent r="5" t="27" w="504" /><ent r="4" t="27" w="533" /><ent r="5" t="28" w="31" /><ent r="3" t="28" w="39" /><ent r="3" t="28" w="53" /><ent r="4" t="28" w="73" /><ent r="3" t="30" w="58" /><ent r="4" t="30" w="97" /><ent r="4" t="31" w="38" /><ent r="3" t="31" w="58" /><ent r="3" t="32" w="53" /><ent r="4" t="32" w="81" /><ent r="4" t="32" w="99" /><ent r="4" t="32" w="121" /><ent r="4" t="32" w="146" /><ent r="4" t="33" w="134" /><ent r="4" t="33" w="181" /><ent r="4" t="33" w="195" /><ent r="4" t="33" w="210" /><ent r="3" t="36" w="36" /><ent r="3" t="37" w="27" /><ent r="3" t="40" w="22" /><ent r="3" t="40" w="45" /><ent r="7" t="40" w="140" /><ent r="3" t="41" w="34" /><ent r="3" t="41" w="57" /><ent r="4" t="41" w="106" /><ent r="4" t="41" w="131" /><ent r="4" t="41" w="140" /><ent r="4" t="41" w="163" /><ent r="4" t="44" w="46" /><ent r="4" t="44" w="68" /><ent r="4" t="45" w="134" /><ent r="4" t="45" w="176" /><ent r="4" t="45" w="185" /><ent r="4" t="45" w="202" /><ent r="4" t="45" w="231" /><ent r="4" t="45" w="313" /><ent r="4" t="45" w="374" /><ent r="3" t="47" w="81" /><ent r="4" t="48" w="48" /><ent r="3" t="48" w="91" /><ent r="3" t="48" w="183" /><ent r="3" t="48" w="203" /><ent r="4" t="48" w="233" /><ent r="4" t="48" w="298" /><ent r="4" t="49" w="130" /><ent r="4" t="49" w="338" /><ent r="4" t="49" w="409" /><ent r="4" t="49" w="420" /><ent r="3" t="49" w="432" /><ent r="4" t="49" w="528" /><ent r="3" t="50" w="35" /><ent r="4" t="50" w="137" /><ent r="4" t="50" w="215" /><ent r="3" t="50" w="273" /><ent r="5" t="50" w="385" /><ent r="5" t="50" w="387" /><ent r="5" t="50" w="410" /><ent r="5" t="50" w="419" /><ent r="5" t="50" w="427" /><ent r="4" t="50" w="462" /><ent r="3" t="50" w="507" /><ent r="4" t="51" w="161" /><ent r="4" t="51" w="216" /><ent r="4" t="52" w="57" /><ent r="3" t="52" w="81" /><ent r="4" t="53" w="30" /><ent r="4" t="53" w="55" /><ent r="4" t="55" w="45" /><ent r="4" t="55" w="58" /><ent r="4" t="56" w="59" /><ent r="4" t="56" w="70" /><ent r="3" t="58" w="77" /><ent r="4" t="59" w="155" /><ent r="4" t="59" w="184" /><ent r="3" t="60" w="28" /><ent r="3" t="60" w="65" /><ent r="4" t="61" w="51" /><ent r="4" t="61" w="70" /><ent r="4" t="61" w="131" /><ent r="4" t="62" w="32" /><ent r="4" t="63" w="51" /><ent r="4" t="63" w="63" /><ent r="3" t="63" w="84" /><ent r="3" t="63" w="103" /><ent r="3" t="63" w="118" /><ent r="3" t="65" w="75" /><ent r="3" t="65" w="89" /><ent r="3" t="65" w="226" /><ent r="4" t="66" w="54" /><ent r="4" t="66" w="205" /><ent r="4" t="66" w="236" /><ent r="4" t="66" w="281" /><ent r="4" t="67" w="93" /><ent r="4" t="67" w="116" /><ent r="4" t="68" w="92" /><ent r="4" t="68" w="192" /><ent r="4" t="68" w="210" /><ent r="4" t="68" w="239" /><ent r="3" t="70" w="42" /><ent r="3" t="70" w="58" /><ent r="3" t="70" w="122" /><ent r="3" t="70" w="137" /><ent r="4" t="71" w="65" /><ent r="4" t="71" w="143" /><ent r="4" t="71" w="241" /><ent r="4" t="72" w="68" /><ent r="4" t="73" w="114" /><ent r="3" t="75" w="64" /><ent r="3" t="75" w="231" /><ent r="4" t="79" w="86" /><ent r="4" t="80" w="57" /><ent r="4" t="81" w="98" /><ent r="4" t="81" w="174" /><ent r="4" t="82" w="42" /><ent r="3" t="82" w="349" /><ent r="3" t="82" w="530" /><ent r="3" t="84" w="123" /><ent r="4" t="85" w="81" /><ent r="4" t="86" w="106" /><ent r="4" t="86" w="189" /><ent r="4" t="87" w="108" /><ent r="3" t="88" w="68" /><ent r="4" t="89" w="54" /><ent r="4" t="89" w="65" /><ent r="4" t="90" w="70" /><ent r="4" t="90" w="109" /><ent r="6" t="91" w="523" /><ent r="5" t="91" w="596" /><ent r="5" t="91" w="625" /><ent r="4" t="92" w="77" /><ent r="3" t="95" w="15" /><ent r="4" t="96" w="99" /><ent r="4" t="96" w="106" /><ent r="4" t="96" w="223" /><ent r="4" t="97" w="101" /><ent r="4" t="97" w="125" /><ent r="4" t="97" w="137" /><ent r="3" t="97" w="151" /><ent r="4" t="99" w="34" /><ent r="3" t="99" w="66" /><ent r="4" t="100" w="37" /><ent r="3" t="100" w="95" /><ent r="3" t="100" w="111" /><ent r="4" t="100" w="174" /><ent r="3" t="103" w="168" /><ent r="3" t="103" w="205" /><ent r="3" t="103" w="220" /><ent r="3" t="103" w="269" /><ent r="3" t="104" w="102" /><ent r="3" t="104" w="116" /><ent r="3" t="104" w="144" /><ent r="3" t="105" w="132" /><ent r="3" t="105" w="154" /><ent r="4" t="107" w="138" /><ent r="4" t="108" w="80" /><ent r="4" t="109" w="93" /><ent r="3" t="109" w="368" /><ent r="4" t="110" w="94" /><ent r="6" t="110" w="605" /><ent r="6" t="110" w="645" /><ent r="6" t="110" w="657" /><ent r="3" t="111" w="105" /><ent r="4" t="111" w="406" /><ent r="3" t="111" w="419" /><ent r="3" t="111" w="433" /><ent r="3" t="111" w="442" /><ent r="3" t="111" w="455" /><ent r="3" t="111" w="461" /><ent r="3" t="111" w="478" /><ent r="3" t="111" w="490" /><ent r="4" t="111" w="514" /><ent r="4" t="112" w="108" /><ent r="4" t="112" w="137" /><ent r="4" t="112" w="168" /><ent r="4" t="113" w="77" /><ent r="3" t="115" w="16" /><ent r="3" t="118" w="100" /><ent r="4" t="120" w="33" /><ent r="4" t="120" w="154" /><ent r="4" t="121" w="47" /><ent r="4" t="121" w="72" /><ent r="4" t="122" w="83" /><ent r="3" t="122" w="182" /><ent r="4" t="123" w="33" /><ent r="3" t="124" w="60" /><ent r="4" t="125" w="218" /><ent r="3" t="126" w="117" /><ent r="4" t="126" w="280" /><ent r="4" t="126" w="558" /><ent r="3" t="128" w="205" /><ent r="3" t="128" w="225" /><ent r="3" t="128" w="625" /><ent r="3" t="128" w="650" /><ent r="3" t="128" w="701" /><ent r="4" t="129" w="282" /><ent r="4" t="129" w="290" /><ent r="4" t="131" w="140" /><ent r="3" t="132" w="340" /><ent r="4" t="132" w="376" /><ent r="3" t="132" w="406" /><ent r="4" t="132" w="442" /><ent r="3" t="134" w="46" /><ent r="4" t="134" w="105" /><ent r="4" t="134" w="120" /><ent r="3" t="135" w="93" /><ent r="4" t="136" w="44" /><ent r="4" t="137" w="79" /><ent r="4" t="138" w="49" /><ent r="4" t="138" w="64" /><ent r="100" t="139" w="15" /><ent r="4" t="139" w="46" /><ent r="4" t="139" w="58" /><ent r="4" t="140" w="56" /><ent r="3" t="141" w="26" /><ent r="3" t="141" w="42" /><ent r="3" t="141" w="73" /><ent r="3" t="141" w="96" /><ent r="5" t="142" w="26" /><ent r="4" t="144" w="55" /><ent r="4" t="144" w="72" /><ent r="4" t="145" w="206" /><ent r="4" t="145" w="224" /><ent r="4" t="145" w="262" /><ent r="4" t="145" w="376" /><ent r="3" t="145" w="401" /><ent r="4" t="145" w="428" /><ent r="3" t="145" w="495" /><ent r="3" t="145" w="516" /><ent r="3" t="145" w="595" /><ent r="3" t="145" w="616" /><ent r="3" t="145" w="669" /><ent r="3" t="145" w="690" /><ent r="4" t="146" w="123" /><ent r="5" t="146" w="184" /><ent r="4" t="146" w="286" /><ent r="4" t="147" w="50" /><ent r="3" t="147" w="180" /><ent r="3" t="147" w="199" /><ent r="3" t="147" w="283" /><ent r="3" t="147" w="302" /><ent r="3" t="147" w="366" /><ent r="3" t="147" w="402" /><ent r="3" t="147" w="487" /><ent r="3" t="147" w="506" /><ent r="3" t="147" w="534" /><ent r="3" t="147" w="651" /><ent r="3" t="147" w="670" /><ent r="4" t="148" w="48" /><ent r="4" t="148" w="65" /><ent r="3" t="148" w="151" /><ent r="4" t="148" w="204" /><ent r="3" t="148" w="253" /><ent r="3" t="148" w="263" /><ent r="3" t="148" w="368" /><ent r="4" t="150" w="89" /><ent r="4" t="151" w="89" /><ent r="4" t="151" w="136" /><ent r="3" t="151" w="153" /><ent r="3" t="151" w="213" /><ent r="4" t="151" w="233" /><ent r="3" t="152" w="70" /><ent r="4" t="152" w="103" /><ent r="4" t="152" w="145" /><ent r="3" t="152" w="161" /><ent r="3" t="152" w="184" /><ent r="4" t="153" w="98" /><ent r="4" t="153" w="143" /><ent r="3" t="153" w="161" /><ent r="3" t="153" w="175" /><ent r="4" t="154" w="91" /><ent r="4" t="155" w="89" /><ent r="4" t="155" w="140" /><ent r="4" t="156" w="85" /><ent r="4" t="156" w="229" /><ent r="4" t="156" w="341" /><ent r="4" t="156" w="567" /><ent r="4" t="156" w="776" /><ent r="4" t="156" w="1002" /><ent r="4" t="157" w="86" /><ent r="3" t="157" w="170" /><ent r="3" t="157" w="187" /><ent r="3" t="157" w="246" /><ent r="4" t="158" w="96" /><ent r="4" t="158" w="138" /><ent r="3" t="158" w="161" /><ent r="3" t="158" w="222" /><ent r="4" t="159" w="74" /><ent r="3" t="159" w="102" /><ent r="3" t="159" w="108" /><ent r="4" t="159" w="266" /><ent r="3" t="159" w="323" /><ent r="4" t="159" w="425" /><ent r="4" t="159" w="555" /><ent r="4" t="159" w="576" /><ent r="4" t="159" w="600" /><ent r="4" t="159" w="621" /><ent r="3" t="159" w="709" /><ent r="3" t="159" w="739" /><ent r="5" t="159" w="941" /><ent r="5" t="159" w="981" /><ent r="5" t="159" w="993" /><ent r="3" t="160" w="54" /><ent r="3" t="160" w="314" /><ent r="4" t="160" w="413" /><ent r="4" t="160" w="543" /><ent r="4" t="160" w="564" /><ent r="4" t="160" w="588" /><ent r="4" t="160" w="609" /><ent r="3" t="160" w="697" /><ent r="3" t="160" w="727" /><ent r="4" t="161" w="103" /><ent r="3" t="161" w="126" /><ent r="3" t="161" w="312" /><ent r="4" t="161" w="412" /><ent r="4" t="161" w="542" /><ent r="4" t="161" w="563" /><ent r="4" t="161" w="587" /><ent r="4" t="161" w="608" /><ent r="3" t="161" w="696" /><ent r="3" t="161" w="726" /><ent r="4" t="161" w="837" /><ent r="3" t="161" w="884" /><ent r="4" t="162" w="70" /><ent r="4" t="162" w="82" /><ent r="4" t="163" w="37" /><ent r="4" t="163" w="46" /><ent r="3" t="163" w="180" /><ent r="4" t="164" w="84" /><ent r="4" t="164" w="96" /><ent r="3" t="164" w="130" /><ent r="3" t="164" w="167" /><ent r="3" t="164" w="195" /><ent r="3" t="164" w="216" /><ent r="4" t="165" w="73" /><ent r="4" t="165" w="85" /><ent r="4" t="165" w="100" /><ent r="4" t="165" w="111" /><ent r="4" t="166" w="64" /><ent r="4" t="166" w="77" /><ent r="4" t="166" w="169" /><ent r="3" t="166" w="197" /><ent r="3" t="166" w="212" /><ent r="4" t="167" w="80" /><ent r="4" t="167" w="93" /><ent r="3" t="167" w="112" /><ent r="3" t="167" w="134" /><ent r="3" t="167" w="157" /><ent r="4" t="168" w="98" /><ent r="4" t="168" w="109" /><ent r="5" t="168" w="206" /><ent r="3" t="168" w="237" /><ent r="5" t="168" w="257" /><ent r="4" t="168" w="285" /><ent r="4" t="168" w="301" /><ent r="3" t="168" w="335" /><ent r="3" t="168" w="348" /><ent r="4" t="168" w="605" /><ent r="4" t="168" w="740" /><ent r="4" t="169" w="54" /><ent r="3" t="169" w="132" /><ent r="4" t="169" w="150" /><ent r="4" t="170" w="153" /><ent r="5" t="170" w="179" /><ent r="5" t="170" w="184" /><ent r="4" t="170" w="387" /><ent r="3" t="170" w="418" /><ent r="4" t="170" w="471" /><ent r="3" t="170" w="822" /><ent r="3" t="170" w="847" /><ent r="3" t="171" w="26" /><ent r="3" t="171" w="42" /><ent r="4" t="171" w="75" /><ent r="4" t="172" w="38" /><ent r="3" t="172" w="54" /><ent r="3" t="172" w="80" /><ent r="4" t="172" w="109" /><ent r="4" t="172" w="143" /><ent r="4" t="173" w="336" /><ent r="4" t="174" w="71" /><ent r="3" t="174" w="98" /><ent r="3" t="174" w="120" /><ent r="4" t="175" w="72" /><ent r="4" t="175" w="132" /><ent r="4" t="177" w="50" /><ent r="4" t="177" w="67" /><ent r="4" t="177" w="141" /><ent r="4" t="177" w="218" /><ent r="3" t="177" w="332" /><ent r="3" t="178" w="15" /><ent r="3" t="179" w="42" /><ent r="3" t="179" w="72" /><ent r="3" t="179" w="95" /><ent r="3" t="179" w="107" /><ent r="4" t="179" w="121" /><ent r="4" t="179" w="135" /><ent r="4" t="179" w="146" /><ent r="100" t="180" w="10" /><ent r="100" t="180" w="13" /><ent r="64" t="180" w="25" /><ent r="3" t="180" w="33" /><ent r="3" t="180" w="57" /><ent r="4" t="181" w="126" /><ent r="4" t="181" w="360" /><ent r="4" t="182" w="185" /><ent r="4" t="183" w="46" /><ent r="3" t="185" w="227" /><ent r="4" t="185" w="351" /><ent r="4" t="185" w="531" /><ent r="4" t="185" w="542" /><ent r="4" t="185" w="638" /><ent r="3" t="185" w="819" /><ent r="4" t="185" w="877" /><ent r="4" t="185" w="920" /><ent r="4" t="185" w="974" /><ent r="3" t="185" w="987" /><ent r="4" t="185" w="1016" /><ent r="4" t="185" w="1037" /><ent r="4" t="185" w="1099" /><ent r="4" t="185" w="1178" /><ent r="3" t="185" w="1672" /><ent r="4" t="185" w="1731" /><ent r="4" t="185" w="1786" /><ent r="4" t="185" w="1878" /><ent r="4" t="185" w="1982" /><ent r="4" t="185" w="2004" /><ent r="4" t="185" w="2150" /><ent r="4" t="185" w="2196" /><ent r="4" t="185" w="2273" /><ent r="4" t="185" w="2382" /><ent r="4" t="186" w="500" /><ent r="4" t="186" w="718" /><ent r="4" t="186" w="735" /><ent r="4" t="186" w="771" /><ent r="4" t="186" w="780" /><ent r="4" t="186" w="862" /><ent r="3" t="186" w="995" /><ent r="4" t="186" w="1126" /><ent r="4" t="186" w="1200" /><ent r="4" t="186" w="1254" /><ent r="4" t="186" w="1283" /><ent r="4" t="186" w="1294" /><ent r="4" t="186" w="1350" /><ent r="4" t="186" w="1862" /><ent r="4" t="186" w="1927" /><ent r="4" t="186" w="1936" /><ent r="4" t="186" w="2024" /><ent r="4" t="186" w="2043" /><ent r="4" t="186" w="2235" /><ent r="3" t="186" w="2334" /><ent r="4" t="186" w="2408" /><ent r="4" t="186" w="2456" /><ent r="4" t="186" w="2755" /><ent r="4" t="186" w="2806" /><ent r="4" t="186" w="2859" /><ent r="4" t="186" w="2937" /><ent r="3" t="186" w="2944" /><ent r="4" t="186" w="3178" /><ent r="3" t="187" w="72" /><ent r="3" t="187" w="174" /><ent r="4" t="187" w="216" /><ent r="4" t="187" w="412" /><ent r="4" t="187" w="802" /><ent r="4" t="187" w="870" /><ent r="5" t="187" w="928" /><ent r="4" t="187" w="997" /><ent r="4" t="187" w="1033" /><ent r="4" t="187" w="1071" /><ent r="3" t="187" w="1164" /><ent r="3" t="187" w="1194" /><ent r="3" t="187" w="1205" /><ent r="4" t="187" w="1259" /><ent r="4" t="188" w="176" /><ent r="4" t="188" w="358" /><ent r="4" t="188" w="375" /><ent r="4" t="188" w="470" /><ent r="4" t="188" w="513" /><ent r="3" t="188" w="596" /><ent r="4" t="188" w="691" /><ent r="4" t="188" w="1018" /><ent r="4" t="188" w="1042" /><ent r="4" t="188" w="1058" /><ent r="4" t="188" w="1190" /><ent r="4" t="188" w="1198" /><ent r="3" t="188" w="1431" /><ent r="4" t="189" w="414" /><ent r="4" t="189" w="596" /><ent r="4" t="189" w="613" /><ent r="4" t="189" w="647" /><ent r="4" t="189" w="659" /><ent r="4" t="189" w="727" /><ent r="6" t="189" w="747" /><ent r="4" t="189" w="758" /><ent r="4" t="189" w="774" /><ent r="4" t="189" w="853" /><ent r="3" t="189" w="947" /><ent r="4" t="189" w="989" /><ent r="4" t="190" w="403" /><ent r="4" t="190" w="585" /><ent r="4" t="190" w="602" /><ent r="4" t="190" w="636" /><ent r="4" t="190" w="818" /><ent r="4" t="190" w="835" /><ent r="4" t="190" w="877" /><ent r="4" t="190" w="913" /><ent r="4" t="190" w="926" /><ent r="6" t="190" w="962" /><ent r="4" t="190" w="988" /><ent r="4" t="190" w="995" /><ent r="4" t="190" w="1052" /><ent r="4" t="190" w="1086" /><ent r="4" t="191" w="240" /><ent r="4" t="191" w="259" /><ent r="4" t="191" w="268" /><ent r="4" t="191" w="281" /><ent r="5" t="191" w="539" /><ent r="5" t="191" w="556" /><ent r="4" t="192" w="327" /><ent r="4" t="192" w="508" /><ent r="4" t="192" w="517" /><ent r="3" t="192" w="585" /><ent r="4" t="192" w="634" /><ent r="3" t="192" w="643" /><ent r="4" t="192" w="673" /><ent r="4" t="192" w="750" /><ent r="4" t="192" w="807" /><ent r="4" t="192" w="844" /><ent r="4" t="192" w="907" /><ent r="4" t="192" w="990" /><ent r="3" t="192" w="1012" /><ent r="4" t="192" w="1072" /><ent r="4" t="192" w="1146" /><ent r="4" t="192" w="1194" /><ent r="3" t="193" w="327" /><ent r="4" t="193" w="425" /><ent r="4" t="193" w="452" /><ent r="4" t="193" w="498" /><ent r="4" t="193" w="734" /><ent r="3" t="193" w="1052" /><ent r="4" t="194" w="236" /><ent r="4" t="194" w="417" /><ent r="6" t="194" w="444" /><ent r="4" t="194" w="512" /><ent r="4" t="194" w="548" /><ent r="4" t="194" w="586" /><ent r="4" t="194" w="637" /><ent r="3" t="194" w="710" /><ent r="4" t="194" w="1203" /><ent r="6" t="194" w="1311" /><ent r="3" t="194" w="1474" /><ent r="3" t="195" w="28" /><ent r="3" t="196" w="35" /><ent r="4" t="196" w="110" /><ent r="3" t="198" w="25" /><ent r="3" t="201" w="112" /><ent r="3" t="203" w="83" /><ent r="3" t="203" w="97" /><ent r="4" t="203" w="152" /><ent r="4" t="203" w="169" /><ent r="4" t="203" w="187" /><ent r="3" t="203" w="233" /><ent r="3" t="203" w="235" /><ent r="3" t="203" w="258" /><ent r="4" t="203" w="267" /><ent r="4" t="203" w="275" /><ent r="4" t="203" w="329" /><ent r="3" t="204" w="27" /><ent r="4" t="204" w="83" /><ent r="4" t="204" w="100" /><ent r="4" t="204" w="118" /><ent r="3" t="204" w="164" /><ent r="3" t="204" w="166" /><ent r="3" t="204" w="189" /><ent r="4" t="204" w="198" /><ent r="4" t="204" w="206" /><ent r="4" t="205" w="42" /><ent r="4" t="205" w="59" /><ent r="4" t="205" w="77" /><ent r="3" t="205" w="123" /><ent r="3" t="205" w="125" /><ent r="3" t="205" w="148" /><ent r="4" t="205" w="157" /><ent r="4" t="205" w="165" /><ent r="3" t="207" w="27" /><ent r="4" t="207" w="81" /><ent r="4" t="207" w="98" /><ent r="4" t="207" w="116" /><ent r="3" t="207" w="162" /><ent r="3" t="207" w="164" /><ent r="3" t="207" w="187" /><ent r="4" t="207" w="196" /><ent r="4" t="207" w="204" /><ent r="4" t="209" w="34" /><ent r="4" t="209" w="54" /><ent r="4" t="209" w="96" /><ent r="4" t="210" w="23" /><ent r="4" t="212" w="22" /><ent r="4" t="213" w="39" /><ent r="4" t="213" w="59" /><ent r="4" t="213" w="101" /><ent r="4" t="214" w="24" /><ent r="3" t="215" w="41" /><ent r="3" t="215" w="44" /><ent r="3" t="215" w="54" /><ent r="3" t="215" w="74" /><ent r="4" t="216" w="128" /><ent r="4" t="216" w="189" /><ent r="4" t="216" w="308" /><ent r="4" t="216" w="318" /><ent r="3" t="216" w="445" /><ent r="4" t="216" w="547" /><ent r="4" t="216" w="676" /><ent r="4" t="216" w="697" /><ent r="4" t="216" w="721" /><ent r="4" t="216" w="742" /><ent r="3" t="216" w="835" /><ent r="3" t="216" w="865" /><ent r="3" t="217" w="167" /><ent r="3" t="217" w="231" /><ent r="3" t="217" w="266" /><ent r="3" t="217" w="344" /><ent r="4" t="217" w="541" /><ent r="3" t="220" w="74" /><ent r="3" t="220" w="76" /><ent r="3" t="220" w="99" /><ent r="3" t="220" w="108" /><ent r="3" t="220" w="116" /><ent r="4" t="222" w="91" /><ent r="3" t="222" w="155" /><ent r="3" t="223" w="40" /><ent r="4" t="223" w="79" /><ent r="4" t="225" w="90" /><ent r="3" t="226" w="171" /><ent r="6" t="227" w="174" /><ent r="6" t="227" w="227" /><ent r="6" t="227" w="259" /><ent r="6" t="227" w="344" /><ent r="6" t="227" w="472" /><ent r="6" t="227" w="558" /><ent r="5" t="227" w="610" /><ent r="6" t="227" w="657" /><ent r="3" t="230" w="24" /><ent r="4" t="236" w="414" /><ent r="4" t="236" w="434" /><ent r="4" t="236" w="580" /><ent r="3" t="236" w="663" /><ent r="4" t="236" w="715" /></phr><phr n="Select"><ent r="4" t="1" w="304" /><ent r="4" t="1" w="352" /><ent r="4" t="4" w="159" /><ent r="4" t="4" w="209" /><ent r="7" t="5" w="200" /><ent r="7" t="5" w="246" /><ent r="92" t="18" w="103" /><ent r="4" t="21" w="275" /><ent r="4" t="23" w="61" /><ent r="3" t="24" w="56" /><ent r="4" t="27" w="114" /><ent r="4" t="27" w="280" /><ent r="4" t="28" w="65" /><ent r="4" t="30" w="43" /><ent r="3" t="31" w="50" /><ent r="5" t="32" w="133" /><ent r="4" t="37" w="45" /><ent r="4" t="37" w="50" /><ent r="3" t="40" w="40" /><ent r="3" t="41" w="52" /><ent r="4" t="44" w="53" /><ent r="4" t="44" w="59" /><ent r="4" t="44" w="93" /><ent r="4" t="45" w="120" /><ent r="4" t="45" w="125" /><ent r="4" t="45" w="296" /><ent r="4" t="45" w="320" /><ent r="4" t="45" w="656" /><ent r="4" t="49" w="158" /><ent r="4" t="49" w="175" /><ent r="3" t="49" w="213" /><ent r="3" t="49" w="233" /><ent r="3" t="49" w="299" /><ent r="3" t="49" w="448" /><ent r="3" t="49" w="454" /><ent r="3" t="49" w="477" /><ent r="3" t="49" w="483" /><ent r="5" t="50" w="297" /><ent r="6" t="50" w="305" /><ent r="6" t="50" w="321" /><ent r="6" t="50" w="337" /><ent r="5" t="50" w="364" /><ent r="4" t="50" w="435" /><ent r="4" t="51" w="153" /><ent r="4" t="51" w="208" /><ent r="4" t="52" w="104" /><ent r="5" t="54" w="82" /><ent r="4" t="55" w="28" /><ent r="4" t="56" w="35" /><ent r="4" t="58" w="40" /><ent r="4" t="59" w="175" /><ent r="4" t="59" w="246" /><ent r="4" t="61" w="77" /><ent r="4" t="62" w="50" /><ent r="92" t="65" w="210" /><ent r="4" t="66" w="90" /><ent r="4" t="66" w="149" /><ent r="4" t="66" w="187" /><ent r="4" t="66" w="216" /><ent r="4" t="66" w="261" /><ent r="4" t="68" w="133" /><ent r="4" t="68" w="174" /><ent r="4" t="68" w="221" /><ent r="4" t="68" w="267" /><ent r="4" t="71" w="263" /><ent r="3" t="71" w="270" /><ent r="3" t="75" w="285" /><ent r="4" t="78" w="54" /><ent r="4" t="79" w="112" /><ent r="4" t="86" w="93" /><ent r="5" t="86" w="122" /><ent r="4" t="86" w="176" /><ent r="4" t="86" w="204" /><ent r="4" t="86" w="276" /><ent r="4" t="87" w="76" /><ent r="3" t="87" w="98" /><ent r="4" t="89" w="43" /><ent r="4" t="90" w="99" /><ent r="6" t="91" w="514" /><ent r="4" t="92" w="211" /><ent r="3" t="92" w="238" /><ent r="4" t="92" w="318" /><ent r="4" t="93" w="82" /><ent r="3" t="93" w="106" /><ent r="4" t="94" w="77" /><ent r="3" t="94" w="126" /><ent r="4" t="95" w="66" /><ent r="3" t="95" w="74" /><ent r="3" t="95" w="100" /><ent r="4" t="95" w="106" /><ent r="5" t="96" w="61" /><ent r="4" t="96" w="89" /><ent r="4" t="96" w="116" /><ent r="5" t="96" w="183" /><ent r="4" t="96" w="212" /><ent r="4" t="96" w="243" /><ent r="5" t="97" w="61" /><ent r="4" t="97" w="90" /><ent r="4" t="98" w="65" /><ent r="4" t="100" w="32" /><ent r="4" t="100" w="47" /><ent r="4" t="100" w="90" /><ent r="4" t="100" w="107" /><ent r="4" t="101" w="95" /><ent r="3" t="101" w="133" /><ent r="4" t="101" w="173" /><ent r="4" t="102" w="99" /><ent r="3" t="102" w="137" /><ent r="4" t="102" w="178" /><ent r="3" t="104" w="136" /><ent r="4" t="105" w="173" /><ent r="4" t="105" w="221" /><ent r="4" t="111" w="335" /><ent r="4" t="111" w="367" /><ent r="4" t="112" w="152" /><ent r="4" t="113" w="84" /><ent r="4" t="113" w="91" /><ent r="3" t="114" w="81" /><ent r="3" t="114" w="102" /><ent r="3" t="121" w="79" /><ent r="4" t="129" w="55" /><ent r="4" t="129" w="60" /><ent r="4" t="129" w="297" /><ent r="4" t="129" w="373" /><ent r="4" t="132" w="351" /><ent r="4" t="132" w="417" /><ent r="64" t="133" w="132" /><ent r="64" t="134" w="230" /><ent r="64" t="135" w="123" /><ent r="4" t="137" w="66" /><ent r="64" t="137" w="110" /><ent r="1000" t="139" w="1" /><ent r="102" t="139" w="20" /><ent r="4" t="139" w="71" /><ent r="3" t="141" w="50" /><ent r="3" t="141" w="57" /><ent r="3" t="141" w="104" /><ent r="3" t="141" w="111" /><ent r="4" t="142" w="33" /><ent r="4" t="142" w="40" /><ent r="4" t="145" w="114" /><ent r="4" t="145" w="158" /><ent r="4" t="145" w="252" /><ent r="4" t="147" w="82" /><ent r="3" t="148" w="231" /><ent r="3" t="148" w="268" /><ent r="4" t="150" w="125" /><ent r="4" t="154" w="127" /><ent r="4" t="156" w="121" /><ent r="4" t="156" w="705" /><ent r="4" t="156" w="1140" /><ent r="4" t="159" w="349" /><ent r="4" t="159" w="361" /><ent r="4" t="159" w="376" /><ent r="4" t="159" w="470" /><ent r="4" t="159" w="524" /><ent r="4" t="159" w="536" /><ent r="4" t="159" w="580" /><ent r="4" t="159" w="625" /><ent r="4" t="159" w="649" /><ent r="4" t="160" w="84" /><ent r="4" t="160" w="89" /><ent r="4" t="160" w="99" /><ent r="4" t="160" w="340" /><ent r="4" t="160" w="352" /><ent r="4" t="160" w="367" /><ent r="4" t="160" w="458" /><ent r="4" t="160" w="512" /><ent r="4" t="160" w="524" /><ent r="4" t="160" w="568" /><ent r="4" t="160" w="613" /><ent r="4" t="160" w="637" /><ent r="4" t="161" w="339" /><ent r="4" t="161" w="351" /><ent r="4" t="161" w="366" /><ent r="4" t="161" w="457" /><ent r="4" t="161" w="511" /><ent r="4" t="161" w="523" /><ent r="4" t="161" w="567" /><ent r="4" t="161" w="612" /><ent r="4" t="161" w="636" /><ent r="4" t="161" w="825" /><ent r="3" t="163" w="212" /><ent r="3" t="163" w="249" /><ent r="3" t="165" w="138" /><ent r="3" t="166" w="149" /><ent r="4" t="168" w="184" /><ent r="4" t="168" w="411" /><ent r="4" t="170" w="168" /><ent r="4" t="170" w="557" /><ent r="3" t="170" w="805" /><ent r="4" t="171" w="288" /><ent r="4" t="171" w="335" /><ent r="5" t="172" w="100" /><ent r="5" t="172" w="139" /><ent r="3" t="173" w="588" /><ent r="4" t="174" w="85" /><ent r="4" t="174" w="197" /><ent r="4" t="177" w="168" /><ent r="4" t="178" w="176" /><ent r="4" t="178" w="223" /><ent r="4" t="180" w="130" /><ent r="4" t="180" w="151" /><ent r="4" t="180" w="216" /><ent r="4" t="181" w="104" /><ent r="4" t="182" w="179" /><ent r="4" t="185" w="370" /><ent r="4" t="185" w="420" /><ent r="4" t="185" w="2050" /><ent r="4" t="185" w="2388" /><ent r="4" t="186" w="519" /><ent r="4" t="186" w="569" /><ent r="6" t="186" w="868" /><ent r="4" t="186" w="1043" /><ent r="6" t="186" w="1764" /><ent r="4" t="186" w="2313" /><ent r="4" t="186" w="2493" /><ent r="4" t="186" w="2761" /><ent r="4" t="186" w="2847" /><ent r="4" t="187" w="235" /><ent r="4" t="187" w="285" /><ent r="4" t="187" w="704" /><ent r="4" t="187" w="779" /><ent r="4" t="187" w="894" /><ent r="4" t="187" w="1057" /><ent r="4" t="187" w="1309" /><ent r="4" t="188" w="195" /><ent r="4" t="188" w="245" /><ent r="4" t="188" w="428" /><ent r="4" t="188" w="925" /><ent r="92" t="188" w="1085" /><ent r="4" t="188" w="1129" /><ent r="4" t="188" w="1215" /><ent r="4" t="188" w="1662" /><ent r="4" t="189" w="433" /><ent r="4" t="189" w="483" /><ent r="4" t="189" w="821" /><ent r="4" t="189" w="844" /><ent r="4" t="189" w="850" /><ent r="4" t="189" w="952" /><ent r="4" t="190" w="422" /><ent r="4" t="190" w="472" /><ent r="4" t="190" w="810" /><ent r="6" t="190" w="978" /><ent r="4" t="191" w="561" /><ent r="4" t="192" w="346" /><ent r="4" t="192" w="396" /><ent r="4" t="192" w="566" /><ent r="4" t="192" w="835" /><ent r="4" t="192" w="878" /><ent r="3" t="192" w="1059" /><ent r="3" t="193" w="346" /><ent r="4" t="193" w="1226" /><ent r="4" t="193" w="1849" /><ent r="4" t="194" w="255" /><ent r="4" t="194" w="305" /><ent r="4" t="194" w="477" /><ent r="3" t="194" w="737" /><ent r="3" t="194" w="905" /><ent r="4" t="196" w="100" /><ent r="4" t="203" w="212" /><ent r="4" t="204" w="143" /><ent r="4" t="205" w="102" /><ent r="4" t="207" w="141" /><ent r="4" t="208" w="232" /><ent r="4" t="208" w="280" /><ent r="4" t="216" w="204" /><ent r="4" t="216" w="209" /><ent r="4" t="216" w="286" /><ent r="4" t="216" w="323" /><ent r="4" t="216" w="471" /><ent r="4" t="216" w="483" /><ent r="4" t="216" w="498" /><ent r="4" t="216" w="592" /><ent r="4" t="216" w="645" /><ent r="4" t="216" w="657" /><ent r="4" t="216" w="701" /><ent r="4" t="216" w="746" /><ent r="4" t="216" w="770" /><ent r="3" t="220" w="53" /><ent r="4" t="222" w="249" /><ent r="5" t="224" w="128" /><ent r="4" t="226" w="130" /><ent r="4" t="226" w="206" /><ent r="4" t="229" w="131" /><ent r="4" t="229" w="285" /><ent r="4" t="232" w="47" /><ent r="4" t="232" w="53" /><ent r="3" t="232" w="66" /><ent r="4" t="236" w="421" /><ent r="7" t="241" w="70" /></phr><phr n="selected"><ent r="4" t="1" w="375" /><ent r="6" t="3" w="144" /><ent r="7" t="5" w="63" /><ent r="7" t="5" w="102" /><ent r="7" t="5" w="141" /><ent r="7" t="11" w="207" /><ent r="5" t="13" w="66" /><ent r="3" t="20" w="22" /><ent r="3" t="21" w="369" /><ent r="3" t="35" w="46" /><ent r="4" t="50" w="211" /><ent r="4" t="52" w="88" /><ent r="3" t="52" w="119" /><ent r="4" t="54" w="105" /><ent r="4" t="54" w="123" /><ent r="3" t="59" w="26" /><ent r="3" t="59" w="272" /><ent r="3" t="65" w="119" /><ent r="3" t="65" w="129" /><ent r="3" t="65" w="144" /><ent r="3" t="65" w="176" /><ent r="3" t="65" w="196" /><ent r="3" t="78" w="276" /><ent r="3" t="79" w="142" /><ent r="4" t="82" w="671" /><ent r="4" t="85" w="104" /><ent r="3" t="90" w="218" /><ent r="5" t="91" w="668" /><ent r="3" t="93" w="30" /><ent r="3" t="95" w="177" /><ent r="4" t="96" w="150" /><ent r="4" t="105" w="210" /><ent r="3" t="105" w="216" /><ent r="4" t="107" w="256" /><ent r="4" t="108" w="134" /><ent r="4" t="109" w="153" /><ent r="4" t="110" w="153" /><ent r="4" t="112" w="141" /><ent r="3" t="118" w="528" /><ent r="7" t="119" w="78" /><ent r="7" t="119" w="100" /><ent r="7" t="119" w="104" /><ent r="7" t="119" w="109" /><ent r="7" t="119" w="117" /><ent r="7" t="119" w="136" /><ent r="7" t="119" w="140" /><ent r="7" t="119" w="145" /><ent r="7" t="119" w="174" /><ent r="7" t="119" w="178" /><ent r="7" t="119" w="183" /><ent r="7" t="119" w="214" /><ent r="5" t="119" w="227" /><ent r="7" t="119" w="241" /><ent r="7" t="119" w="275" /><ent r="3" t="129" w="110" /><ent r="4" t="129" w="344" /><ent r="100" t="137" w="6" /><ent r="3" t="137" w="29" /><ent r="3" t="137" w="64" /><ent r="3" t="143" w="198" /><ent r="3" t="144" w="32" /><ent r="3" t="145" w="648" /><ent r="4" t="147" w="107" /><ent r="3" t="148" w="168" /><ent r="4" t="148" w="407" /><ent r="3" t="150" w="246" /><ent r="3" t="151" w="196" /><ent r="4" t="151" w="285" /><ent r="4" t="152" w="208" /><ent r="4" t="153" w="190" /><ent r="3" t="154" w="205" /><ent r="4" t="155" w="158" /><ent r="4" t="156" w="158" /><ent r="4" t="156" w="712" /><ent r="4" t="156" w="1147" /><ent r="4" t="157" w="148" /><ent r="3" t="157" w="230" /><ent r="3" t="158" w="204" /><ent r="4" t="158" w="265" /><ent r="3" t="159" w="135" /><ent r="3" t="168" w="42" /><ent r="4" t="168" w="294" /><ent r="4" t="168" w="747" /><ent r="3" t="170" w="226" /><ent r="3" t="170" w="1038" /><ent r="4" t="172" w="133" /><ent r="6" t="173" w="503" /><ent r="6" t="173" w="519" /><ent r="6" t="173" w="526" /><ent r="3" t="174" w="115" /><ent r="3" t="174" w="140" /><ent r="3" t="177" w="314" /><ent r="3" t="178" w="217" /><ent r="4" t="178" w="248" /><ent r="4" t="180" w="121" /><ent r="4" t="181" w="374" /><ent r="4" t="185" w="443" /><ent r="4" t="185" w="585" /><ent r="3" t="185" w="696" /><ent r="3" t="185" w="1862" /><ent r="4" t="185" w="2049" /><ent r="4" t="185" w="2249" /><ent r="4" t="185" w="2256" /><ent r="3" t="186" w="150" /><ent r="4" t="186" w="592" /><ent r="3" t="186" w="892" /><ent r="3" t="186" w="918" /><ent r="3" t="186" w="976" /><ent r="4" t="186" w="1305" /><ent r="3" t="187" w="124" /><ent r="4" t="187" w="308" /><ent r="4" t="187" w="480" /><ent r="3" t="187" w="1146" /><ent r="4" t="188" w="268" /><ent r="4" t="189" w="506" /><ent r="4" t="190" w="495" /><ent r="4" t="192" w="419" /><ent r="4" t="193" w="538" /><ent r="3" t="193" w="558" /><ent r="4" t="193" w="641" /><ent r="4" t="193" w="726" /><ent r="4" t="194" w="328" /><ent r="3" t="201" w="75" /><ent r="3" t="215" w="119" /><ent r="3" t="215" w="138" /><ent r="3" t="220" w="28" /><ent r="4" t="225" w="157" /><ent r="3" t="229" w="320" /><ent r="4" t="232" w="63" /><ent r="3" t="234" w="188" /><ent r="3" t="234" w="199" /><ent r="4" t="236" w="756" /><ent r="7" t="239" w="68" /><ent r="7" t="239" w="84" /><ent r="7" t="239" w="88" /><ent r="7" t="239" w="93" /><ent r="7" t="239" w="107" /><ent r="7" t="239" w="120" /><ent r="7" t="239" w="124" /><ent r="7" t="239" w="129" /><ent r="7" t="239" w="159" /><ent r="7" t="239" w="163" /><ent r="7" t="239" w="168" /><ent r="7" t="241" w="95" /><ent r="5" t="241" w="118" /><ent r="7" t="241" w="143" /><ent r="7" t="241" w="181" /></phr><phr n="selection"><ent r="6" t="3" w="161" /><ent r="4" t="27" w="268" /><ent r="4" t="27" w="297" /><ent r="4" t="48" w="69" /><ent r="6" t="50" w="345" /><ent r="5" t="50" w="381" /><ent r="4" t="50" w="455" /><ent r="3" t="87" w="96" /><ent r="4" t="129" w="324" /><ent r="3" t="147" w="549" /><ent r="4" t="151" w="237" /><ent r="4" t="151" w="256" /><ent r="4" t="151" w="268" /><ent r="3" t="170" w="398" /><ent r="4" t="203" w="200" /><ent r="4" t="203" w="229" /><ent r="4" t="204" w="131" /><ent r="4" t="204" w="160" /><ent r="4" t="205" w="90" /><ent r="4" t="205" w="119" /><ent r="4" t="207" w="129" /><ent r="4" t="207" w="158" /><ent r="3" t="220" w="70" /><ent r="5" t="242" w="268" /><ent r="6" t="242" w="293" /><ent r="6" t="242" w="301" /><ent r="5" t="242" w="309" /><ent r="6" t="242" w="317" /><ent r="6" t="242" w="325" /><ent r="5" t="242" w="333" /><ent r="6" t="242" w="341" /><ent r="6" t="242" w="350" /><ent r="5" t="242" w="358" /><ent r="5" t="242" w="366" /><ent r="5" t="242" w="374" /><ent r="6" t="242" w="382" /><ent r="5" t="242" w="390" /></phr><phr n="Selection"><ent r="7" t="8" w="152" /><ent r="68" t="8" w="162" /><ent r="5" t="27" w="273" /><ent r="92" t="27" w="278" /><ent r="7" t="50" w="351" /><ent r="6" t="50" w="359" /><ent r="1000" t="60" w="3" /><ent r="100" t="60" w="7" /><ent r="100" t="60" w="12" /><ent r="102" t="60" w="17" /><ent r="3" t="60" w="23" /><ent r="3" t="60" w="56" /><ent r="3" t="60" w="74" /><ent r="4" t="131" w="142" /><ent r="4" t="151" w="229" /><ent r="65" t="151" w="274" /><ent r="5" t="187" w="473" /><ent r="3" t="187" w="737" /><ent r="4" t="187" w="885" /><ent r="4" t="188" w="1188" /><ent r="4" t="190" w="829" /><ent r="5" t="203" w="205" /><ent r="92" t="203" w="210" /><ent r="5" t="204" w="136" /><ent r="92" t="204" w="141" /><ent r="5" t="205" w="95" /><ent r="92" t="205" w="100" /><ent r="5" t="207" w="134" /><ent r="92" t="207" w="139" /><ent r="92" t="220" w="51" /><ent r="5" t="242" w="264" /><ent r="6" t="242" w="289" /><ent r="6" t="242" w="297" /><ent r="5" t="242" w="305" /><ent r="6" t="242" w="313" /><ent r="6" t="242" w="321" /><ent r="5" t="242" w="329" /><ent r="6" t="242" w="337" /><ent r="6" t="242" w="346" /><ent r="5" t="242" w="354" /><ent r="5" t="242" w="362" /><ent r="5" t="242" w="370" /><ent r="6" t="242" w="378" /><ent r="5" t="242" w="386" /></phr><phr n="selects"><ent r="7" t="8" w="232" /><ent r="4" t="20" w="74" /><ent r="3" t="45" w="464" /><ent r="3" t="151" w="176" /><ent r="3" t="157" w="210" /><ent r="3" t="158" w="184" /><ent r="4" t="170" w="455" /><ent r="4" t="170" w="616" /><ent r="4" t="170" w="694" /><ent r="4" t="170" w="881" /><ent r="3" t="204" w="51" /></phr><phr n="selections"><ent r="4" t="27" w="355" /><ent r="3" t="40" w="9" /><ent r="3" t="41" w="9" /><ent r="3" t="91" w="111" /><ent r="4" t="159" w="161" /><ent r="4" t="159" w="171" /><ent r="3" t="159" w="204" /><ent r="4" t="159" w="394" /><ent r="4" t="160" w="385" /><ent r="4" t="161" w="384" /><ent r="6" t="173" w="491" /><ent r="3" t="203" w="120" /><ent r="4" t="203" w="287" /><ent r="4" t="204" w="218" /><ent r="4" t="205" w="177" /><ent r="3" t="207" w="49" /><ent r="4" t="207" w="216" /><ent r="4" t="216" w="254" /><ent r="4" t="216" w="269" /><ent r="4" t="216" w="368" /><ent r="4" t="216" w="383" /><ent r="4" t="216" w="516" /></phr><phr n="selecting"><ent r="3" t="48" w="213" /><ent r="4" t="76" w="53" /><ent r="3" t="86" w="242" /><ent r="3" t="88" w="110" /><ent r="4" t="110" w="428" /><ent r="3" t="120" w="246" /><ent r="3" t="122" w="165" /><ent r="3" t="177" w="231" /><ent r="4" t="181" w="205" /><ent r="4" t="185" w="712" /><ent r="4" t="185" w="2027" /><ent r="4" t="186" w="853" /><ent r="4" t="190" w="896" /><ent r="3" t="190" w="1180" /><ent r="4" t="193" w="1759" /><ent r="4" t="193" w="1867" /><ent r="4" t="193" w="1891" /><ent r="4" t="194" w="1429" /><ent r="6" t="227" w="186" /><ent r="6" t="227" w="355" /><ent r="6" t="227" w="399" /><ent r="6" t="227" w="402" /><ent r="6" t="227" w="566" /></phr><phr n="Selects"><ent r="4" t="54" w="87" /><ent r="7" t="60" w="83" /><ent r="3" t="65" w="213" /><ent r="7" t="241" w="73" /></phr><phr n="Selected"><ent r="64" t="133" w="129" /><ent r="64" t="134" w="227" /><ent r="64" t="135" w="120" /><ent r="1000" t="137" w="2" /><ent r="102" t="137" w="10" /><ent r="3" t="137" w="15" /><ent r="5" t="137" w="82" /></phr><phr n="Selecting"><ent r="64" t="179" w="159" /><ent r="1000" t="180" w="1" /><ent r="102" t="180" w="15" /><ent r="92" t="215" w="19" /><ent r="93" t="234" w="141" /></phr><phr n="Selections"><ent r="4" t="220" w="46" /></phr></stem></index>