<?xml version="1.0" encoding="utf-8"?><index><stem n="chang"><phr n="change"><ent r="3" t="2" w="144" /><ent r="7" t="8" w="201" /><ent r="7" t="8" w="218" /><ent r="7" t="9" w="36" /><ent r="7" t="9" w="58" /><ent r="7" t="10" w="71" /><ent r="7" t="11" w="202" /><ent r="7" t="11" w="220" /><ent r="7" t="11" w="267" /><ent r="7" t="11" w="282" /><ent r="7" t="11" w="296" /><ent r="7" t="11" w="310" /><ent r="3" t="18" w="92" /><ent r="3" t="49" w="147" /><ent r="4" t="49" w="191" /><ent r="4" t="49" w="222" /><ent r="3" t="49" w="286" /><ent r="3" t="49" w="336" /><ent r="100" t="63" w="9" /><ent r="3" t="63" w="17" /><ent r="3" t="64" w="23" /><ent r="3" t="64" w="78" /><ent r="3" t="64" w="101" /><ent r="3" t="67" w="182" /><ent r="3" t="67" w="210" /><ent r="4" t="67" w="251" /><ent r="3" t="68" w="62" /><ent r="3" t="68" w="67" /><ent r="3" t="69" w="167" /><ent r="3" t="69" w="216" /><ent r="100" t="74" w="5" /><ent r="3" t="74" w="19" /><ent r="3" t="76" w="218" /><ent r="3" t="76" w="262" /><ent r="3" t="78" w="120" /><ent r="3" t="79" w="211" /><ent r="3" t="82" w="63" /><ent r="4" t="82" w="211" /><ent r="4" t="83" w="272" /><ent r="3" t="83" w="386" /><ent r="3" t="83" w="417" /><ent r="3" t="83" w="470" /><ent r="3" t="88" w="161" /><ent r="6" t="92" w="425" /><ent r="7" t="92" w="700" /><ent r="3" t="94" w="38" /><ent r="3" t="97" w="19" /><ent r="4" t="101" w="83" /><ent r="3" t="102" w="164" /><ent r="3" t="103" w="167" /><ent r="3" t="124" w="121" /><ent r="3" t="124" w="127" /><ent r="3" t="126" w="190" /><ent r="3" t="129" w="595" /><ent r="3" t="132" w="180" /><ent r="3" t="132" w="209" /><ent r="3" t="133" w="387" /><ent r="3" t="140" w="32" /><ent r="3" t="146" w="51" /><ent r="3" t="152" w="200" /><ent r="3" t="153" w="157" /><ent r="3" t="158" w="238" /><ent r="4" t="159" w="134" /><ent r="3" t="159" w="214" /><ent r="3" t="160" w="303" /><ent r="4" t="160" w="566" /><ent r="4" t="160" w="611" /><ent r="3" t="161" w="283" /><ent r="4" t="161" w="539" /><ent r="4" t="161" w="584" /><ent r="3" t="162" w="280" /><ent r="4" t="162" w="536" /><ent r="4" t="162" w="581" /><ent r="3" t="164" w="190" /><ent r="3" t="164" w="227" /><ent r="3" t="165" w="23" /><ent r="3" t="165" w="128" /><ent r="3" t="165" w="162" /><ent r="3" t="165" w="193" /><ent r="3" t="168" w="28" /><ent r="3" t="168" w="109" /><ent r="3" t="168" w="131" /><ent r="4" t="171" w="465" /><ent r="4" t="171" w="627" /><ent r="3" t="171" w="689" /><ent r="4" t="171" w="705" /><ent r="3" t="171" w="758" /><ent r="4" t="171" w="892" /><ent r="3" t="171" w="999" /><ent r="4" t="182" w="340" /><ent r="4" t="186" w="871" /><ent r="4" t="186" w="1412" /><ent r="4" t="186" w="1675" /><ent r="3" t="186" w="1742" /><ent r="4" t="186" w="1939" /><ent r="3" t="187" w="374" /><ent r="4" t="187" w="1895" /><ent r="4" t="187" w="3109" /><ent r="3" t="188" w="127" /><ent r="3" t="190" w="48" /><ent r="3" t="190" w="1028" /><ent r="4" t="191" w="685" /><ent r="4" t="191" w="1069" /><ent r="3" t="193" w="652" /><ent r="4" t="193" w="782" /><ent r="3" t="193" w="799" /><ent r="4" t="194" w="1118" /><ent r="7" t="194" w="1155" /><ent r="4" t="194" w="1347" /><ent r="3" t="195" w="734" /><ent r="3" t="195" w="995" /><ent r="4" t="195" w="1155" /><ent r="5" t="197" w="273" /><ent r="3" t="220" w="103" /><ent r="3" t="220" w="172" /><ent r="4" t="220" w="267" /><ent r="3" t="220" w="420" /><ent r="4" t="220" w="666" /><ent r="4" t="220" w="711" /><ent r="3" t="233" w="51" /><ent r="4" t="234" w="136" /></phr><phr n="changes"><ent r="7" t="5" w="184" /><ent r="7" t="5" w="233" /><ent r="7" t="8" w="225" /><ent r="3" t="64" w="221" /><ent r="4" t="76" w="119" /><ent r="3" t="76" w="338" /><ent r="4" t="83" w="113" /><ent r="3" t="83" w="122" /><ent r="5" t="92" w="380" /><ent r="3" t="108" w="266" /><ent r="3" t="109" w="144" /><ent r="3" t="110" w="163" /><ent r="3" t="111" w="163" /><ent r="3" t="125" w="68" /><ent r="3" t="127" w="86" /><ent r="3" t="129" w="605" /><ent r="3" t="147" w="309" /><ent r="3" t="148" w="117" /><ent r="3" t="149" w="282" /><ent r="3" t="151" w="254" /><ent r="3" t="152" w="238" /><ent r="3" t="153" w="218" /><ent r="3" t="154" w="209" /><ent r="3" t="155" w="218" /><ent r="3" t="156" w="168" /><ent r="3" t="157" w="166" /><ent r="3" t="158" w="158" /><ent r="3" t="159" w="275" /><ent r="3" t="160" w="186" /><ent r="3" t="161" w="162" /><ent r="4" t="162" w="156" /><ent r="3" t="162" w="196" /><ent r="3" t="163" w="200" /><ent r="3" t="164" w="99" /><ent r="3" t="165" w="272" /><ent r="3" t="166" w="201" /><ent r="3" t="167" w="135" /><ent r="3" t="168" w="231" /><ent r="3" t="169" w="166" /><ent r="3" t="174" w="633" /><ent r="3" t="179" w="162" /><ent r="3" t="179" w="174" /><ent r="4" t="186" w="1585" /><ent r="4" t="186" w="1828" /><ent r="4" t="186" w="1841" /><ent r="4" t="186" w="1872" /><ent r="3" t="186" w="2010" /><ent r="3" t="187" w="342" /><ent r="3" t="187" w="1453" /><ent r="3" t="187" w="2508" /><ent r="4" t="188" w="954" /><ent r="3" t="189" w="43" /><ent r="3" t="189" w="939" /><ent r="3" t="189" w="950" /><ent r="4" t="194" w="1247" /><ent r="4" t="195" w="1185" /><ent r="3" t="199" w="71" /><ent r="3" t="202" w="225" /><ent r="3" t="236" w="167" /></phr><phr n="Change"><ent r="68" t="8" w="207" /><ent r="6" t="14" w="252" /><ent r="64" t="16" w="27" /><ent r="4" t="49" w="205" /><ent r="5" t="49" w="235" /><ent r="5" t="49" w="300" /><ent r="1000" t="63" w="1" /><ent r="102" t="63" w="11" /><ent r="1000" t="68" w="1" /><ent r="100" t="68" w="10" /><ent r="102" t="68" w="15" /><ent r="4" t="72" w="204" /><ent r="1000" t="74" w="1" /><ent r="102" t="74" w="9" /><ent r="3" t="74" w="13" /><ent r="5" t="74" w="96" /><ent r="4" t="74" w="103" /><ent r="92" t="133" w="381" /><ent r="4" t="187" w="2912" /><ent r="4" t="187" w="2933" /><ent r="4" t="188" w="880" /><ent r="4" t="188" w="947" /><ent r="4" t="190" w="75" /><ent r="4" t="191" w="920" /><ent r="4" t="194" w="62" /><ent r="4" t="194" w="547" /><ent r="92" t="194" w="1222" /><ent r="4" t="195" w="91" /><ent r="92" t="195" w="1075" /><ent r="66" t="197" w="283" /></phr><phr n="changed"><ent r="3" t="21" w="398" /><ent r="3" t="75" w="63" /><ent r="3" t="112" w="268" /><ent r="3" t="129" w="304" /><ent r="3" t="244" w="115" /></phr><phr n="Changing"><ent r="6" t="108" w="50" /><ent r="6" t="110" w="46" /><ent r="6" t="111" w="47" /><ent r="6" t="147" w="57" /><ent r="6" t="151" w="44" /><ent r="6" t="152" w="44" /><ent r="6" t="153" w="44" /><ent r="6" t="154" w="51" /><ent r="6" t="155" w="47" /><ent r="6" t="156" w="43" /><ent r="6" t="157" w="40" /><ent r="6" t="158" w="40" /><ent r="6" t="159" w="50" /><ent r="4" t="188" w="1350" /><ent r="3" t="220" w="414" /><ent r="6" t="236" w="44" /></phr><phr n="changing"><ent r="3" t="108" w="198" /><ent r="3" t="186" w="1452" /><ent r="4" t="188" w="1513" /></phr></stem><stem n="instruct"><phr n="instructions"><ent r="3" t="2" w="149" /><ent r="3" t="146" w="320" /><ent r="3" t="233" w="56" /></phr></stem><stem n="what"><phr n="What"><ent r="6" t="3" w="13" /><ent r="7" t="5" w="15" /><ent r="7" t="6" w="15" /><ent r="6" t="7" w="16" /><ent r="7" t="8" w="50" /><ent r="7" t="9" w="15" /><ent r="7" t="10" w="60" /><ent r="7" t="11" w="92" /><ent r="7" t="12" w="20" /><ent r="7" t="13" w="48" /><ent r="6" t="41" w="69" /><ent r="6" t="61" w="63" /><ent r="6" t="92" w="125" /><ent r="6" t="120" w="19" /><ent r="6" t="174" w="480" /><ent r="6" t="246" w="54" /><ent r="6" t="247" w="57" /><ent r="6" t="248" w="54" /><ent r="6" t="249" w="42" /></phr><phr n="what"><ent r="3" t="46" w="72" /><ent r="3" t="49" w="135" /><ent r="4" t="107" w="45" /><ent r="3" t="108" w="91" /><ent r="3" t="109" w="22" /><ent r="4" t="111" w="452" /><ent r="4" t="112" w="354" /><ent r="4" t="112" w="360" /><ent r="3" t="186" w="1290" /><ent r="3" t="190" w="134" /><ent r="3" t="191" w="124" /><ent r="3" t="194" w="166" /><ent r="4" t="204" w="145" /><ent r="7" t="206" w="580" /><ent r="3" t="215" w="254" /><ent r="3" t="215" w="263" /></phr></stem><stem n="doe"><phr n="does"><ent r="6" t="3" w="15" /><ent r="7" t="5" w="17" /><ent r="7" t="6" w="17" /><ent r="6" t="7" w="18" /><ent r="7" t="8" w="52" /><ent r="7" t="9" w="17" /><ent r="7" t="10" w="62" /><ent r="7" t="11" w="94" /><ent r="7" t="12" w="22" /><ent r="7" t="13" w="50" /><ent r="3" t="22" w="25" /><ent r="6" t="41" w="71" /><ent r="6" t="61" w="65" /><ent r="3" t="65" w="71" /><ent r="4" t="88" w="64" /><ent r="3" t="92" w="88" /><ent r="6" t="92" w="127" /><ent r="4" t="93" w="198" /><ent r="4" t="93" w="305" /><ent r="4" t="94" w="70" /><ent r="3" t="95" w="52" /><ent r="3" t="95" w="114" /><ent r="4" t="96" w="54" /><ent r="4" t="99" w="53" /><ent r="3" t="102" w="67" /><ent r="6" t="108" w="53" /><ent r="6" t="110" w="49" /><ent r="4" t="110" w="232" /><ent r="6" t="111" w="50" /><ent r="6" t="120" w="21" /><ent r="3" t="127" w="484" /><ent r="6" t="147" w="60" /><ent r="6" t="151" w="47" /><ent r="6" t="152" w="47" /><ent r="6" t="153" w="47" /><ent r="6" t="154" w="54" /><ent r="6" t="155" w="50" /><ent r="6" t="156" w="46" /><ent r="6" t="157" w="43" /><ent r="6" t="158" w="43" /><ent r="6" t="159" w="53" /><ent r="3" t="160" w="518" /><ent r="3" t="161" w="491" /><ent r="3" t="161" w="990" /><ent r="3" t="162" w="488" /><ent r="6" t="174" w="482" /><ent r="3" t="185" w="129" /><ent r="3" t="186" w="109" /><ent r="3" t="186" w="1739" /><ent r="3" t="190" w="332" /><ent r="3" t="191" w="319" /><ent r="4" t="194" w="1345" /><ent r="3" t="194" w="1506" /><ent r="3" t="194" w="1525" /><ent r="3" t="194" w="1694" /><ent r="3" t="199" w="107" /><ent r="3" t="200" w="91" /><ent r="3" t="202" w="596" /><ent r="3" t="204" w="58" /><ent r="3" t="220" w="418" /><ent r="3" t="220" w="618" /><ent r="3" t="224" w="218" /><ent r="6" t="236" w="47" /></phr><phr n="Does"><ent r="6" t="246" w="56" /><ent r="6" t="247" w="59" /><ent r="6" t="248" w="56" /><ent r="6" t="249" w="44" /></phr></stem><stem n="middl"><phr n="Middle"><ent r="6" t="3" w="17" /><ent r="5" t="3" w="35" /><ent r="3" t="66" w="184" /></phr><phr n="middle"><ent r="3" t="39" w="21" /><ent r="4" t="39" w="66" /><ent r="3" t="66" w="186" /><ent r="3" t="186" w="891" /><ent r="3" t="186" w="1623" /><ent r="4" t="187" w="3033" /><ent r="4" t="188" w="618" /><ent r="4" t="188" w="660" /><ent r="4" t="191" w="898" /></phr></stem><stem n="press"><phr n="pressed"><ent r="5" t="3" w="20" /></phr><phr n="press"><ent r="3" t="18" w="70" /><ent r="3" t="34" w="135" /><ent r="3" t="72" w="95" /><ent r="3" t="72" w="280" /><ent r="3" t="76" w="332" /><ent r="3" t="96" w="127" /><ent r="3" t="102" w="143" /><ent r="3" t="103" w="146" /><ent r="3" t="105" w="66" /><ent r="4" t="182" w="221" /><ent r="3" t="220" w="150" /><ent r="4" t="234" w="232" /><ent r="4" t="235" w="151" /><ent r="3" t="235" w="165" /><ent r="3" t="235" w="174" /></phr><phr n="Press"><ent r="4" t="46" w="516" /><ent r="3" t="53" w="64" /><ent r="3" t="124" w="40" /><ent r="4" t="132" w="153" /><ent r="4" t="187" w="1505" /><ent r="4" t="187" w="1640" /><ent r="3" t="188" w="1431" /><ent r="3" t="195" w="1498" /><ent r="3" t="195" w="1536" /></phr><phr n="pressing"><ent r="4" t="187" w="1944" /><ent r="3" t="235" w="171" /></phr></stem><stem n="(pressed)"><phr n="(pressed)"><ent r="5" t="3" w="21" /></phr></stem><stem n="zoom"><phr n="Zooms"><ent r="6" t="3" w="22" /><ent r="6" t="3" w="59" /><ent r="6" t="3" w="87" /><ent r="7" t="249" w="97" /><ent r="7" t="249" w="112" /></phr><phr n="Zoom"><ent r="5" t="3" w="75" /><ent r="5" t="3" w="103" /><ent r="6" t="7" w="23" /><ent r="67" t="7" w="26" /><ent r="6" t="7" w="28" /><ent r="67" t="7" w="31" /><ent r="6" t="7" w="33" /><ent r="67" t="7" w="46" /><ent r="6" t="7" w="48" /><ent r="67" t="7" w="61" /><ent r="6" t="7" w="63" /><ent r="67" t="7" w="79" /><ent r="7" t="7" w="81" /><ent r="68" t="7" w="107" /><ent r="6" t="7" w="109" /><ent r="67" t="7" w="113" /><ent r="6" t="7" w="115" /><ent r="67" t="7" w="121" /><ent r="6" t="40" w="66" /><ent r="67" t="40" w="74" /><ent r="6" t="40" w="76" /><ent r="67" t="40" w="84" /><ent r="6" t="40" w="86" /><ent r="67" t="40" w="92" /><ent r="1000" t="42" w="1" /><ent r="102" t="42" w="5" /><ent r="3" t="42" w="8" /><ent r="3" t="42" w="36" /><ent r="4" t="42" w="54" /><ent r="5" t="42" w="203" /><ent r="4" t="49" w="308" /><ent r="3" t="51" w="490" /><ent r="4" t="83" w="539" /><ent r="7" t="92" w="297" /><ent r="67" t="92" w="308" /><ent r="5" t="92" w="367" /><ent r="5" t="92" w="396" /><ent r="5" t="93" w="72" /><ent r="1000" t="99" w="2" /><ent r="102" t="99" w="5" /><ent r="5" t="99" w="69" /><ent r="4" t="99" w="74" /><ent r="4" t="108" w="245" /><ent r="92" t="110" w="243" /><ent r="4" t="110" w="249" /><ent r="5" t="110" w="259" /><ent r="5" t="111" w="198" /><ent r="5" t="111" w="211" /><ent r="4" t="111" w="219" /><ent r="5" t="120" w="189" /><ent r="5" t="120" w="192" /><ent r="5" t="120" w="195" /><ent r="4" t="179" w="84" /><ent r="4" t="179" w="234" /><ent r="4" t="182" w="318" /><ent r="4" t="182" w="320" /><ent r="5" t="186" w="625" /><ent r="3" t="186" w="634" /><ent r="3" t="186" w="784" /><ent r="4" t="186" w="806" /><ent r="3" t="186" w="839" /><ent r="4" t="186" w="861" /><ent r="4" t="186" w="866" /><ent r="4" t="186" w="904" /><ent r="4" t="186" w="911" /><ent r="4" t="186" w="1574" /><ent r="4" t="186" w="1608" /><ent r="3" t="186" w="1753" /><ent r="4" t="187" w="825" /><ent r="4" t="187" w="1237" /><ent r="4" t="187" w="1803" /><ent r="4" t="187" w="1836" /><ent r="4" t="187" w="2354" /><ent r="4" t="187" w="2600" /><ent r="4" t="187" w="3040" /><ent r="3" t="187" w="3059" /><ent r="4" t="188" w="628" /><ent r="4" t="188" w="647" /><ent r="4" t="188" w="656" /><ent r="4" t="189" w="391" /><ent r="4" t="189" w="450" /><ent r="4" t="189" w="1126" /><ent r="3" t="191" w="779" /><ent r="4" t="191" w="884" /><ent r="4" t="193" w="691" /><ent r="5" t="233" w="341" /><ent r="5" t="233" w="343" /><ent r="5" t="233" w="349" /><ent r="5" t="233" w="351" /><ent r="5" t="233" w="358" /><ent r="5" t="233" w="360" /><ent r="5" t="233" w="368" /><ent r="5" t="233" w="370" /><ent r="5" t="233" w="377" /><ent r="5" t="233" w="379" /><ent r="7" t="249" w="94" /><ent r="7" t="249" w="109" /><ent r="7" t="249" w="123" /></phr><phr n="zoomed"><ent r="6" t="3" w="122" /><ent r="4" t="51" w="478" /><ent r="3" t="51" w="523" /><ent r="4" t="110" w="267" /><ent r="4" t="110" w="285" /><ent r="4" t="160" w="849" /><ent r="3" t="184" w="132" /><ent r="3" t="186" w="711" /><ent r="3" t="186" w="726" /><ent r="3" t="186" w="1652" /><ent r="4" t="186" w="1681" /><ent r="4" t="186" w="1704" /><ent r="3" t="190" w="747" /></phr><phr n="zoom"><ent r="6" t="7" w="44" /><ent r="6" t="7" w="59" /><ent r="6" t="7" w="70" /><ent r="7" t="7" w="90" /><ent r="6" t="11" w="347" /><ent r="100" t="42" w="3" /><ent r="3" t="42" w="17" /><ent r="3" t="42" w="26" /><ent r="3" t="42" w="59" /><ent r="3" t="42" w="82" /><ent r="4" t="42" w="91" /><ent r="4" t="42" w="116" /><ent r="4" t="42" w="224" /><ent r="3" t="42" w="229" /><ent r="3" t="42" w="234" /><ent r="3" t="42" w="244" /><ent r="3" t="42" w="249" /><ent r="3" t="49" w="152" /><ent r="3" t="49" w="288" /><ent r="5" t="49" w="301" /><ent r="3" t="49" w="328" /><ent r="3" t="50" w="56" /><ent r="3" t="50" w="188" /><ent r="4" t="50" w="296" /><ent r="64" t="51" w="64" /><ent r="3" t="51" w="558" /><ent r="3" t="51" w="584" /><ent r="3" t="51" w="615" /><ent r="3" t="60" w="268" /><ent r="3" t="83" w="548" /><ent r="4" t="83" w="554" /><ent r="4" t="83" w="589" /><ent r="64" t="84" w="63" /><ent r="64" t="89" w="189" /><ent r="7" t="92" w="304" /><ent r="5" t="92" w="374" /><ent r="5" t="92" w="383" /><ent r="5" t="92" w="408" /><ent r="5" t="92" w="413" /><ent r="4" t="93" w="79" /><ent r="100" t="99" w="8" /><ent r="100" t="99" w="10" /><ent r="3" t="99" w="20" /><ent r="4" t="107" w="35" /><ent r="3" t="108" w="32" /><ent r="3" t="108" w="110" /><ent r="3" t="110" w="256" /><ent r="4" t="110" w="291" /><ent r="4" t="111" w="209" /><ent r="4" t="111" w="225" /><ent r="4" t="111" w="229" /><ent r="4" t="111" w="458" /><ent r="4" t="111" w="549" /><ent r="4" t="111" w="564" /><ent r="3" t="138" w="41" /><ent r="4" t="179" w="230" /><ent r="4" t="179" w="256" /><ent r="4" t="179" w="273" /><ent r="4" t="181" w="70" /><ent r="4" t="181" w="73" /><ent r="4" t="186" w="63" /><ent r="3" t="186" w="121" /><ent r="3" t="186" w="847" /><ent r="4" t="186" w="872" /><ent r="4" t="186" w="878" /><ent r="3" t="186" w="896" /><ent r="4" t="186" w="918" /><ent r="4" t="186" w="932" /><ent r="3" t="186" w="1611" /><ent r="3" t="186" w="2386" /><ent r="3" t="187" w="345" /><ent r="3" t="187" w="1073" /><ent r="4" t="187" w="1851" /><ent r="4" t="187" w="2575" /><ent r="4" t="187" w="2751" /><ent r="4" t="189" w="1682" /><ent r="4" t="189" w="1690" /><ent r="3" t="190" w="1017" /></phr><phr n="zooms"><ent r="3" t="83" w="565" /><ent r="3" t="83" w="577" /><ent r="3" t="83" w="601" /><ent r="3" t="83" w="610" /><ent r="3" t="186" w="673" /><ent r="4" t="187" w="2595" /><ent r="4" t="188" w="582" /></phr><phr n="Zoomed"><ent r="5" t="111" w="446" /></phr><phr n="Zooming"><ent r="92" t="111" w="488" /><ent r="5" t="111" w="543" /><ent r="5" t="111" w="558" /><ent r="5" t="160" w="814" /><ent r="5" t="160" w="828" /></phr></stem><stem n="point"><phr n="point"><ent r="6" t="3" w="24" /><ent r="5" t="3" w="49" /><ent r="6" t="3" w="64" /><ent r="6" t="3" w="92" /><ent r="6" t="7" w="119" /><ent r="7" t="8" w="108" /><ent r="7" t="10" w="74" /><ent r="7" t="10" w="92" /><ent r="7" t="13" w="141" /><ent r="3" t="21" w="185" /><ent r="4" t="42" w="122" /><ent r="4" t="42" w="142" /><ent r="7" t="61" w="108" /><ent r="7" t="61" w="171" /><ent r="3" t="84" w="12" /><ent r="3" t="85" w="26" /><ent r="4" t="85" w="194" /><ent r="3" t="85" w="200" /><ent r="3" t="85" w="222" /><ent r="4" t="85" w="246" /><ent r="4" t="85" w="284" /><ent r="4" t="85" w="301" /><ent r="4" t="85" w="318" /><ent r="3" t="86" w="61" /><ent r="3" t="112" w="72" /><ent r="3" t="159" w="209" /><ent r="3" t="168" w="36" /><ent r="3" t="171" w="648" /><ent r="3" t="171" w="717" /><ent r="4" t="178" w="269" /><ent r="4" t="178" w="302" /><ent r="3" t="179" w="31" /><ent r="3" t="179" w="36" /><ent r="3" t="179" w="62" /><ent r="3" t="179" w="80" /><ent r="4" t="179" w="194" /><ent r="3" t="179" w="208" /><ent r="4" t="179" w="226" /><ent r="4" t="179" w="250" /><ent r="4" t="179" w="263" /><ent r="3" t="187" w="157" /><ent r="4" t="187" w="2789" /><ent r="3" t="189" w="676" /><ent r="3" t="189" w="723" /><ent r="3" t="189" w="731" /><ent r="3" t="189" w="760" /><ent r="4" t="189" w="804" /><ent r="4" t="189" w="812" /><ent r="3" t="189" w="832" /><ent r="3" t="189" w="835" /><ent r="3" t="189" w="866" /><ent r="3" t="189" w="976" /><ent r="3" t="189" w="1073" /><ent r="4" t="189" w="1665" /><ent r="3" t="190" w="205" /><ent r="3" t="190" w="212" /><ent r="3" t="190" w="215" /><ent r="3" t="191" w="194" /><ent r="3" t="191" w="201" /><ent r="3" t="191" w="204" /><ent r="4" t="191" w="954" /><ent r="4" t="191" w="967" /><ent r="4" t="191" w="986" /><ent r="3" t="191" w="1291" /><ent r="3" t="191" w="1294" /><ent r="7" t="197" w="104" /><ent r="7" t="197" w="140" /><ent r="4" t="204" w="98" /><ent r="4" t="204" w="103" /><ent r="3" t="204" w="171" /><ent r="3" t="204" w="190" /><ent r="7" t="206" w="213" /><ent r="7" t="206" w="221" /><ent r="7" t="206" w="349" /><ent r="100" t="245" w="152" /><ent r="3" t="245" w="159" /><ent r="3" t="245" w="446" /><ent r="6" t="250" w="48" /><ent r="6" t="250" w="61" /><ent r="6" t="250" w="73" /><ent r="6" t="250" w="86" /><ent r="6" t="250" w="98" /><ent r="6" t="250" w="111" /><ent r="6" t="250" w="123" /><ent r="6" t="250" w="136" /><ent r="5" t="250" w="149" /><ent r="5" t="250" w="161" /><ent r="5" t="250" w="173" /><ent r="5" t="250" w="186" /><ent r="6" t="250" w="197" /><ent r="6" t="250" w="209" /><ent r="6" t="250" w="382" /><ent r="6" t="250" w="401" /><ent r="6" t="250" w="419" /><ent r="6" t="250" w="438" /><ent r="6" t="250" w="456" /><ent r="6" t="250" w="475" /><ent r="6" t="250" w="493" /><ent r="6" t="250" w="512" /><ent r="5" t="250" w="531" /><ent r="5" t="250" w="549" /><ent r="5" t="250" w="567" /><ent r="5" t="250" w="586" /><ent r="6" t="250" w="604" /><ent r="6" t="250" w="622" /></phr><phr n="Point"><ent r="3" t="4" w="103" /><ent r="64" t="4" w="239" /><ent r="7" t="8" w="90" /><ent r="1000" t="10" w="2" /><ent r="100" t="10" w="6" /><ent r="100" t="10" w="11" /><ent r="102" t="10" w="14" /><ent r="4" t="10" w="21" /><ent r="4" t="10" w="30" /><ent r="3" t="10" w="48" /><ent r="7" t="10" w="65" /><ent r="7" t="10" w="112" /><ent r="7" t="10" w="120" /><ent r="68" t="10" w="125" /><ent r="7" t="13" w="133" /><ent r="4" t="21" w="141" /><ent r="4" t="21" w="143" /><ent r="5" t="42" w="111" /><ent r="5" t="42" w="207" /><ent r="4" t="57" w="95" /><ent r="3" t="75" w="10" /><ent r="3" t="76" w="14" /><ent r="64" t="84" w="80" /><ent r="64" t="84" w="84" /><ent r="1000" t="85" w="2" /><ent r="100" t="85" w="6" /><ent r="102" t="85" w="10" /><ent r="3" t="85" w="15" /><ent r="3" t="85" w="56" /><ent r="3" t="85" w="98" /><ent r="64" t="85" w="105" /><ent r="3" t="85" w="111" /><ent r="4" t="85" w="126" /><ent r="3" t="85" w="132" /><ent r="3" t="86" w="20" /><ent r="65" t="86" w="69" /><ent r="64" t="150" w="59" /><ent r="1000" t="159" w="2" /><ent r="102" t="159" w="7" /><ent r="100" t="159" w="12" /><ent r="100" t="159" w="18" /><ent r="3" t="159" w="23" /><ent r="4" t="159" w="78" /><ent r="5" t="159" w="130" /><ent r="3" t="159" w="241" /><ent r="1000" t="168" w="2" /><ent r="100" t="168" w="7" /><ent r="100" t="168" w="13" /><ent r="102" t="168" w="17" /><ent r="3" t="168" w="24" /><ent r="4" t="168" w="66" /><ent r="4" t="168" w="84" /><ent r="3" t="168" w="101" /><ent r="4" t="177" w="164" /><ent r="5" t="178" w="223" /><ent r="3" t="178" w="235" /><ent r="3" t="178" w="256" /><ent r="3" t="178" w="318" /><ent r="3" t="178" w="336" /><ent r="3" t="188" w="741" /><ent r="4" t="189" w="669" /><ent r="4" t="189" w="772" /><ent r="92" t="189" w="817" /><ent r="4" t="189" w="985" /><ent r="4" t="189" w="999" /><ent r="3" t="191" w="1190" /><ent r="3" t="191" w="1205" /><ent r="3" t="191" w="1208" /></phr><phr n="points"><ent r="7" t="8" w="101" /><ent r="3" t="13" w="24" /><ent r="3" t="21" w="191" /><ent r="7" t="61" w="77" /><ent r="7" t="61" w="87" /><ent r="7" t="61" w="140" /><ent r="7" t="61" w="153" /><ent r="4" t="74" w="73" /><ent r="100" t="84" w="5" /><ent r="3" t="84" w="35" /><ent r="3" t="84" w="51" /><ent r="3" t="84" w="56" /><ent r="3" t="84" w="73" /><ent r="3" t="85" w="22" /><ent r="3" t="85" w="35" /><ent r="3" t="85" w="42" /><ent r="3" t="85" w="47" /><ent r="3" t="85" w="257" /><ent r="3" t="85" w="290" /><ent r="100" t="86" w="6" /><ent r="100" t="86" w="11" /><ent r="3" t="86" w="31" /><ent r="3" t="86" w="50" /><ent r="4" t="86" w="92" /><ent r="4" t="86" w="101" /><ent r="4" t="106" w="189" /><ent r="3" t="159" w="36" /><ent r="4" t="178" w="206" /><ent r="100" t="179" w="7" /><ent r="3" t="179" w="26" /><ent r="3" t="179" w="50" /><ent r="100" t="179" w="73" /><ent r="4" t="179" w="278" /><ent r="3" t="184" w="20" /><ent r="3" t="184" w="32" /><ent r="3" t="186" w="742" /><ent r="3" t="187" w="152" /><ent r="3" t="187" w="973" /><ent r="3" t="187" w="983" /><ent r="4" t="187" w="2992" /><ent r="3" t="189" w="849" /><ent r="3" t="190" w="191" /><ent r="3" t="190" w="193" /><ent r="3" t="190" w="222" /><ent r="3" t="190" w="304" /><ent r="3" t="191" w="181" /><ent r="3" t="191" w="183" /><ent r="3" t="191" w="211" /><ent r="3" t="191" w="291" /><ent r="3" t="191" w="811" /><ent r="3" t="191" w="823" /><ent r="3" t="191" w="835" /><ent r="7" t="197" w="73" /><ent r="7" t="197" w="86" /><ent r="7" t="197" w="119" /><ent r="7" t="197" w="155" /><ent r="5" t="197" w="225" /><ent r="5" t="197" w="240" /><ent r="4" t="204" w="127" /><ent r="4" t="204" w="136" /><ent r="4" t="204" w="157" /><ent r="4" t="204" w="165" /><ent r="3" t="204" w="176" /></phr><phr n="Points"><ent r="4" t="22" w="189" /><ent r="4" t="22" w="195" /><ent r="1000" t="84" w="2" /><ent r="102" t="84" w="8" /><ent r="64" t="84" w="89" /><ent r="1000" t="86" w="3" /><ent r="102" t="86" w="15" /><ent r="3" t="112" w="32" /><ent r="64" t="178" w="344" /><ent r="1000" t="179" w="3" /><ent r="102" t="179" w="11" /><ent r="3" t="187" w="950" /><ent r="4" t="187" w="1274" /><ent r="3" t="187" w="2973" /><ent r="4" t="189" w="91" /><ent r="4" t="189" w="652" /><ent r="3" t="190" w="197" /><ent r="3" t="191" w="187" /><ent r="93" t="245" w="148" /></phr><phr n="pointing"><ent r="3" t="74" w="132" /><ent r="4" t="187" w="2798" /></phr></stem><stem n="drag"><phr n="dragging"><ent r="6" t="3" w="26" /><ent r="6" t="7" w="229" /><ent r="7" t="11" w="167" /><ent r="3" t="51" w="549" /><ent r="3" t="89" w="167" /><ent r="3" t="91" w="71" /><ent r="4" t="190" w="980" /><ent r="4" t="191" w="1177" /><ent r="3" t="194" w="1078" /><ent r="3" t="195" w="880" /></phr><phr n="drag"><ent r="6" t="14" w="334" /><ent r="3" t="19" w="114" /><ent r="3" t="49" w="89" /><ent r="3" t="71" w="102" /><ent r="3" t="79" w="216" /><ent r="3" t="79" w="234" /><ent r="3" t="119" w="364" /><ent r="3" t="119" w="373" /><ent r="3" t="129" w="172" /><ent r="3" t="129" w="209" /><ent r="3" t="129" w="248" /><ent r="3" t="130" w="36" /><ent r="4" t="130" w="69" /><ent r="4" t="130" w="322" /><ent r="4" t="132" w="66" /><ent r="3" t="186" w="651" /><ent r="3" t="186" w="984" /><ent r="4" t="186" w="1398" /><ent r="4" t="186" w="2179" /><ent r="4" t="187" w="1905" /><ent r="4" t="187" w="2785" /><ent r="4" t="188" w="559" /><ent r="4" t="188" w="899" /><ent r="3" t="193" w="1043" /><ent r="4" t="193" w="1129" /><ent r="4" t="194" w="466" /><ent r="4" t="194" w="513" /><ent r="4" t="194" w="615" /><ent r="4" t="194" w="704" /><ent r="4" t="195" w="560" /><ent r="4" t="195" w="596" /><ent r="4" t="195" w="646" /></phr><phr n="Drag"><ent r="4" t="39" w="72" /><ent r="4" t="130" w="330" /><ent r="4" t="186" w="597" /><ent r="4" t="231" w="93" /></phr></stem><stem n="independ"><phr n="independent"><ent r="6" t="3" w="29" /><ent r="5" t="3" w="50" /></phr><phr n="independently"><ent r="3" t="168" w="53" /><ent r="3" t="172" w="115" /><ent r="3" t="202" w="178" /></phr></stem></index>