<?xml version="1.0" encoding="utf-8"?><index><stem n="googl"><phr n="Google"><ent r="4" t="29" w="213" /><ent r="3" t="82" w="623" /></phr></stem><stem n="earth"><phr n="Earth"><ent r="4" t="29" w="214" /><ent r="3" t="82" w="624" /></phr></stem><stem n="-type"><phr n="-type"><ent r="4" t="29" w="217" /><ent r="4" t="29" w="217" /></phr></stem><stem n="raster-typ"><phr n="raster-type"><ent r="4" t="29" w="217" /></phr></stem><stem n="portabl"><phr n="Portable"><ent r="7" t="29" w="271" /></phr></stem><stem n="network"><phr n="Network"><ent r="7" t="29" w="272" /></phr><phr n="networks"><ent r="3" t="189" w="252" /><ent r="3" t="190" w="242" /></phr></stem><stem n="graphic"><phr n="Graphic"><ent r="7" t="29" w="273" /></phr><phr n="graphics"><ent r="3" t="47" w="116" /><ent r="4" t="156" w="223" /></phr><phr n="graphically"><ent r="4" t="92" w="122" /><ent r="3" t="236" w="278" /></phr><phr n="graphical"><ent r="3" t="118" w="324" /><ent r="3" t="193" w="116" /></phr><phr n="graphic"><ent r="3" t="185" w="1303" /><ent r="4" t="185" w="2100" /><ent r="3" t="193" w="559" /><ent r="3" t="193" w="575" /></phr></stem><stem n="(.png)."><phr n="(.PNG)."><ent r="4" t="29" w="277" /></phr></stem><stem n="postscript"><phr n="PostScript"><ent r="5" t="29" w="303" /></phr></stem><stem n=":shape"><phr n=":shape"><ent r="100" t="30" w="10" /><ent r="100" t="190" w="11" /></phr></stem><stem n="ession"><phr n="ession"><ent r="5" t="30" w="29" /></phr></stem><stem n="folder"><phr n="folder"><ent r="4" t="30" w="68" /><ent r="4" t="71" w="145" /><ent r="4" t="71" w="156" /><ent r="3" t="82" w="322" /><ent r="3" t="82" w="336" /><ent r="3" t="97" w="280" /><ent r="3" t="170" w="948" /><ent r="4" t="194" w="1612" /></phr><phr n="Folder"><ent r="4" t="71" w="137" /><ent r="5" t="71" w="162" /><ent r="4" t="82" w="313" /></phr></stem><stem n="primari"><phr n="Primary"><ent r="1000" t="31" w="2" /><ent r="102" t="31" w="7" /><ent r="4" t="176" w="140" /><ent r="4" t="177" w="106" /><ent r="4" t="177" w="174" /><ent r="4" t="180" w="109" /><ent r="5" t="180" w="219" /><ent r="4" t="188" w="568" /><ent r="3" t="188" w="635" /><ent r="3" t="188" w="1354" /></phr><phr n="primary"><ent r="100" t="31" w="12" /><ent r="3" t="31" w="22" /><ent r="3" t="31" w="77" /><ent r="4" t="84" w="160" /><ent r="3" t="85" w="36" /><ent r="3" t="177" w="39" /><ent r="4" t="178" w="100" /><ent r="4" t="180" w="206" /><ent r="4" t="181" w="283" /><ent r="4" t="188" w="1131" /><ent r="4" t="188" w="1159" /><ent r="4" t="188" w="1196" /><ent r="3" t="188" w="1607" /><ent r="4" t="188" w="1664" /></phr></stem><stem n="de"><phr n="DES"><ent r="1000" t="32" w="2" /><ent r="102" t="32" w="6" /><ent r="100" t="32" w="10" /><ent r="3" t="32" w="18" /><ent r="3" t="32" w="22" /><ent r="4" t="32" w="35" /><ent r="5" t="32" w="84" /><ent r="5" t="32" w="125" /><ent r="5" t="32" w="135" /><ent r="4" t="32" w="172" /></phr><phr n="de"><ent r="4" t="181" w="204" /><ent r="3" t="212" w="43" /><ent r="3" t="212" w="73" /><ent r="6" t="228" w="401" /></phr></stem><stem n="segment"><phr n="Segment"><ent r="3" t="32" w="17" /></phr></stem><stem n="(des)"><phr n="(DES)"><ent r="3" t="32" w="19" /></phr></stem><stem n="complet"><phr n="complete"><ent r="4" t="32" w="168" /><ent r="4" t="73" w="133" /><ent r="3" t="111" w="194" /><ent r="3" t="115" w="40" /><ent r="4" t="185" w="584" /><ent r="4" t="185" w="2319" /><ent r="3" t="186" w="244" /><ent r="4" t="187" w="826" /><ent r="4" t="187" w="1013" /><ent r="4" t="192" w="262" /><ent r="3" t="193" w="784" /><ent r="3" t="204" w="180" /><ent r="3" t="236" w="84" /></phr><phr n="completely"><ent r="4" t="48" w="265" /><ent r="4" t="48" w="271" /><ent r="3" t="107" w="225" /><ent r="3" t="107" w="231" /><ent r="4" t="188" w="1527" /><ent r="4" t="192" w="222" /><ent r="5" t="194" w="174" /><ent r="4" t="194" w="528" /></phr><phr n="completion"><ent r="4" t="82" w="515" /><ent r="3" t="186" w="2365" /></phr><phr n="completed"><ent r="3" t="105" w="98" /><ent r="3" t="105" w="217" /><ent r="4" t="105" w="238" /><ent r="3" t="133" w="13" /><ent r="4" t="180" w="324" /><ent r="4" t="187" w="1438" /><ent r="4" t="191" w="462" /></phr><phr n="completes"><ent r="3" t="105" w="103" /></phr><phr n="Complete"><ent r="4" t="191" w="105" /></phr></stem><stem n="(envi)"><phr n="(ENVI)"><ent r="3" t="33" w="30" /></phr></stem><stem n="usual"><phr n="usually"><ent r="3" t="33" w="50" /><ent r="3" t="39" w="26" /><ent r="3" t="132" w="220" /><ent r="3" t="173" w="105" /></phr></stem><stem n="(*.hdr)"><phr n="(*.hdr)"><ent r="4" t="33" w="169" /></phr></stem><stem n="sli"><phr n="sli"><ent r="3" t="34" w="49" /></phr></stem><stem n="*.sli,"><phr n="*.sli,"><ent r="3" t="34" w="50" /></phr></stem><stem n="spl"><phr n="spl"><ent r="3" t="34" w="50" /></phr></stem><stem n="*.spl,"><phr n="*.spl,"><ent r="3" t="34" w="51" /></phr></stem><stem n="*.dat"><phr n="*.dat"><ent r="3" t="34" w="52" /></phr></stem><stem n="dat"><phr n="dat"><ent r="3" t="34" w="52" /></phr></stem><stem n="*.hdr"><phr n="*.hdr"><ent r="3" t="34" w="56" /></phr></stem><stem n="selector"><phr n="Selector"><ent r="3" t="34" w="79" /></phr></stem><stem n="describ"><phr n="describes"><ent r="3" t="34" w="90" /><ent r="3" t="91" w="104" /><ent r="4" t="120" w="97" /></phr><phr n="described"><ent r="3" t="146" w="31" /><ent r="3" t="194" w="680" /></phr><phr n="describe"><ent r="3" t="190" w="1198" /></phr><phr n="describing"><ent r="7" t="205" w="83" /></phr><phr n="Describes"><ent r="7" t="205" w="338" /></phr></stem><stem n="spectra"><phr n="spectra"><ent r="3" t="35" w="47" /><ent r="3" t="187" w="141" /></phr></stem><stem n="spectrum"><phr n="spectrum"><ent r="3" t="35" w="53" /></phr></stem><stem n="-"><phr n="-"><ent r="64" t="36" w="68" /><ent r="64" t="36" w="68" /><ent r="64" t="41" w="257" /><ent r="64" t="41" w="257" /><ent r="64" t="47" w="147" /><ent r="64" t="47" w="147" /><ent r="64" t="49" w="296" /><ent r="64" t="49" w="296" /><ent r="64" t="51" w="96" /><ent r="64" t="51" w="96" /><ent r="1000" t="109" w="4" /><ent r="1000" t="109" w="4" /><ent r="1000" t="110" w="4" /><ent r="1000" t="110" w="4" /><ent r="4" t="186" w="1621" /><ent r="4" t="186" w="1621" /><ent r="7" t="205" w="385" /><ent r="7" t="205" w="385" /><ent r="6" t="240" w="122" /><ent r="6" t="240" w="122" /></phr></stem><stem n="sub"><phr n="sub"><ent r="4" t="37" w="56" /><ent r="3" t="40" w="51" /><ent r="3" t="41" w="63" /><ent r="4" t="41" w="103" /><ent r="4" t="41" w="128" /><ent r="4" t="41" w="160" /><ent r="4" t="56" w="68" /><ent r="4" t="59" w="182" /><ent r="4" t="87" w="106" /><ent r="4" t="90" w="107" /><ent r="4" t="96" w="97" /><ent r="3" t="103" w="68" /><ent r="3" t="103" w="84" /><ent r="3" t="103" w="87" /><ent r="3" t="103" w="132" /><ent r="3" t="126" w="305" /><ent r="3" t="126" w="437" /><ent r="3" t="126" w="583" /><ent r="3" t="159" w="322" /><ent r="3" t="160" w="293" /><ent r="3" t="161" w="291" /></phr><phr n="Sub"><ent r="3" t="126" w="317" /><ent r="3" t="126" w="449" /><ent r="3" t="126" w="593" /><ent r="83" t="159" w="333" /><ent r="83" t="159" w="508" /><ent r="83" t="160" w="304" /><ent r="83" t="160" w="476" /><ent r="83" t="161" w="302" /><ent r="83" t="161" w="475" /></phr></stem><stem n="sub-menu"><phr n="sub-menu"><ent r="4" t="37" w="56" /><ent r="3" t="40" w="51" /><ent r="3" t="41" w="63" /><ent r="4" t="41" w="103" /><ent r="4" t="41" w="128" /><ent r="4" t="41" w="160" /><ent r="4" t="56" w="68" /><ent r="4" t="59" w="182" /><ent r="4" t="87" w="106" /><ent r="4" t="90" w="107" /><ent r="4" t="96" w="97" /><ent r="3" t="126" w="305" /><ent r="3" t="126" w="437" /><ent r="3" t="126" w="583" /></phr><phr n="Sub-menu"><ent r="3" t="126" w="317" /><ent r="3" t="126" w="449" /><ent r="3" t="126" w="593" /></phr></stem><stem n="-menu."><phr n="-menu."><ent r="4" t="37" w="58" /><ent r="4" t="37" w="58" /><ent r="3" t="40" w="53" /><ent r="3" t="40" w="53" /><ent r="3" t="41" w="65" /><ent r="3" t="41" w="65" /></phr></stem><stem n="delai"><phr n="Delay"><ent r="4" t="37" w="65" /></phr><phr n="delay"><ent r="3" t="206" w="690" /></phr></stem><stem n="instant"><phr n="Instant"><ent r="4" t="37" w="76" /></phr></stem><stem n=":mous"><phr n=":mouse"><ent r="100" t="38" w="11" /><ent r="100" t="92" w="18" /></phr></stem><stem n="&quot;mous"><phr n="&quot;mouse"><ent r="3" t="38" w="29" /></phr></stem><stem n=".&quot;"><phr n=".&quot;"><ent r="3" t="38" w="32" /><ent r="4" t="45" w="570" /><ent r="4" t="71" w="127" /><ent r="3" t="144" w="95" /><ent r="4" t="172" w="126" /><ent r="4" t="191" w="464" /></phr></stem><stem n="particularli"><phr n="particularly"><ent r="3" t="38" w="36" /><ent r="3" t="184" w="85" /></phr></stem><stem n="differ"><phr n="different"><ent r="3" t="38" w="51" /><ent r="3" t="45" w="347" /><ent r="3" t="49" w="43" /><ent r="3" t="50" w="509" /><ent r="4" t="54" w="136" /><ent r="3" t="60" w="41" /><ent r="3" t="63" w="149" /><ent r="3" t="75" w="281" /><ent r="3" t="79" w="41" /><ent r="4" t="81" w="156" /><ent r="3" t="97" w="304" /><ent r="4" t="123" w="107" /><ent r="3" t="132" w="204" /><ent r="3" t="161" w="72" /><ent r="3" t="170" w="20" /><ent r="3" t="170" w="214" /><ent r="4" t="170" w="782" /><ent r="3" t="175" w="99" /><ent r="3" t="176" w="58" /><ent r="4" t="177" w="52" /><ent r="3" t="178" w="43" /><ent r="4" t="180" w="346" /><ent r="7" t="184" w="295" /><ent r="7" t="185" w="512" /><ent r="3" t="185" w="1260" /><ent r="3" t="185" w="1279" /><ent r="3" t="185" w="1470" /><ent r="7" t="186" w="661" /><ent r="7" t="187" w="377" /><ent r="3" t="188" w="131" /><ent r="7" t="188" w="337" /><ent r="3" t="188" w="865" /><ent r="4" t="188" w="1275" /><ent r="7" t="189" w="576" /><ent r="7" t="190" w="564" /><ent r="7" t="191" w="221" /><ent r="7" t="192" w="488" /><ent r="7" t="193" w="407" /><ent r="5" t="194" w="162" /><ent r="7" t="194" w="397" /><ent r="3" t="202" w="316" /><ent r="3" t="206" w="671" /><ent r="3" t="207" w="131" /><ent r="3" t="222" w="190" /><ent r="3" t="235" w="124" /></phr><phr n="Different"><ent r="92" t="45" w="335" /><ent r="5" t="91" w="603" /><ent r="5" t="168" w="264" /></phr><phr n="Difference"><ent r="3" t="186" w="282" /><ent r="3" t="186" w="2087" /></phr><phr n="difference"><ent r="5" t="222" w="163" /><ent r="3" t="222" w="197" /></phr></stem><stem n="'s"><phr n="'s"><ent r="3" t="38" w="111" /><ent r="3" t="49" w="428" /><ent r="4" t="71" w="114" /><ent r="3" t="97" w="291" /><ent r="4" t="100" w="76" /><ent r="4" t="110" w="465" /><ent r="3" t="125" w="193" /><ent r="4" t="129" w="278" /><ent r="3" t="160" w="949" /><ent r="4" t="183" w="105" /><ent r="3" t="186" w="2740" /><ent r="4" t="186" w="3027" /><ent r="4" t="188" w="1025" /><ent r="3" t="189" w="691" /><ent r="3" t="191" w="352" /><ent r="5" t="205" w="58" /><ent r="3" t="231" w="8" /></phr></stem><stem n="mouse'"><phr n="mouse's"><ent r="3" t="38" w="111" /><ent r="3" t="38" w="110" /></phr></stem><stem n="closer"><phr n="closer"><ent r="3" t="38" w="118" /><ent r="4" t="110" w="647" /><ent r="3" t="186" w="2280" /></phr></stem><stem n="slower"><phr n="slower"><ent r="3" t="38" w="127" /><ent r="4" t="180" w="282" /><ent r="4" t="206" w="525" /></phr></stem><stem n="exit"><phr n="exit"><ent r="3" t="38" w="133" /><ent r="4" t="186" w="2163" /><ent r="4" t="192" w="1204" /></phr><phr n="Exit"><ent r="5" t="194" w="1434" /><ent r="7" t="203" w="106" /></phr></stem><stem n="don"><phr n="don"><ent r="3" t="38" w="154" /><ent r="3" t="38" w="164" /><ent r="3" t="45" w="58" /><ent r="3" t="75" w="328" /><ent r="4" t="109" w="539" /><ent r="3" t="111" w="451" /><ent r="4" t="112" w="190" /><ent r="3" t="134" w="74" /><ent r="3" t="179" w="91" /><ent r="3" t="186" w="968" /><ent r="3" t="193" w="1004" /><ent r="6" t="194" w="1325" /><ent r="3" t="222" w="186" /><ent r="3" t="229" w="65" /></phr><phr n="Don"><ent r="5" t="187" w="1311" /><ent r="4" t="194" w="798" /><ent r="4" t="229" w="77" /></phr></stem><stem n="'t"><phr n="'t"><ent r="3" t="38" w="155" /><ent r="3" t="38" w="165" /><ent r="3" t="45" w="59" /><ent r="4" t="48" w="316" /><ent r="3" t="82" w="495" /><ent r="3" t="107" w="236" /><ent r="4" t="109" w="536" /><ent r="4" t="109" w="540" /><ent r="4" t="110" w="405" /><ent r="4" t="110" w="643" /><ent r="4" t="110" w="658" /><ent r="3" t="111" w="452" /><ent r="4" t="112" w="191" /><ent r="3" t="148" w="282" /><ent r="3" t="159" w="50" /><ent r="3" t="179" w="92" /><ent r="4" t="186" w="2543" /><ent r="3" t="187" w="1458" /><ent r="4" t="188" w="1138" /><ent r="3" t="188" w="1420" /><ent r="3" t="193" w="1005" /><ent r="4" t="194" w="799" /><ent r="6" t="194" w="1326" /><ent r="92" t="212" w="98" /><ent r="3" t="222" w="187" /><ent r="3" t="229" w="66" /><ent r="4" t="229" w="78" /></phr></stem><stem n="don't"><phr n="don't"><ent r="3" t="38" w="155" /><ent r="3" t="38" w="154" /><ent r="3" t="38" w="165" /><ent r="3" t="38" w="164" /><ent r="3" t="45" w="59" /><ent r="3" t="45" w="58" /><ent r="4" t="109" w="540" /><ent r="4" t="109" w="539" /><ent r="3" t="111" w="452" /><ent r="3" t="111" w="451" /><ent r="4" t="112" w="191" /><ent r="4" t="112" w="190" /><ent r="3" t="179" w="92" /><ent r="3" t="179" w="91" /><ent r="3" t="193" w="1005" /><ent r="3" t="193" w="1004" /><ent r="6" t="194" w="1326" /><ent r="6" t="194" w="1325" /><ent r="3" t="222" w="187" /><ent r="3" t="222" w="186" /><ent r="3" t="229" w="66" /><ent r="3" t="229" w="65" /></phr><phr n="Don't"><ent r="4" t="194" w="799" /><ent r="4" t="194" w="798" /><ent r="4" t="229" w="78" /><ent r="4" t="229" w="77" /></phr></stem><stem n="adjust"><phr n="adjust"><ent r="64" t="38" w="180" /><ent r="4" t="71" w="184" /><ent r="5" t="91" w="571" /><ent r="3" t="145" w="357" /><ent r="4" t="181" w="170" /><ent r="4" t="185" w="1387" /><ent r="3" t="185" w="1429" /><ent r="3" t="185" w="1837" /><ent r="4" t="185" w="2042" /><ent r="3" t="186" w="1080" /><ent r="3" t="190" w="737" /><ent r="4" t="222" w="100" /><ent r="3" t="235" w="15" /></phr><phr n="adjusts"><ent r="5" t="91" w="384" /></phr><phr n="Adjust"><ent r="5" t="92" w="89" /><ent r="4" t="92" w="98" /><ent r="4" t="92" w="105" /><ent r="4" t="145" w="290" /><ent r="5" t="145" w="378" /><ent r="4" t="145" w="403" /><ent r="3" t="145" w="408" /><ent r="4" t="185" w="1626" /><ent r="4" t="185" w="1631" /><ent r="3" t="185" w="1797" /><ent r="4" t="185" w="1867" /><ent r="4" t="185" w="1886" /><ent r="4" t="185" w="1914" /><ent r="4" t="185" w="2068" /></phr><phr n="Adjusting"><ent r="92" t="145" w="346" /></phr><phr n="adjusting"><ent r="3" t="185" w="1825" /><ent r="4" t="185" w="1934" /><ent r="3" t="190" w="749" /><ent r="3" t="202" w="390" /><ent r="3" t="207" w="205" /></phr><phr n="adjustments"><ent r="4" t="185" w="1973" /><ent r="4" t="185" w="2026" /><ent r="3" t="188" w="1598" /><ent r="3" t="188" w="1613" /></phr><phr n="adjusted"><ent r="4" t="188" w="1483" /></phr></stem><stem n="perform"><phr n="perform"><ent r="3" t="39" w="15" /><ent r="3" t="103" w="50" /><ent r="3" t="104" w="32" /><ent r="3" t="118" w="59" /><ent r="7" t="128" w="399" /><ent r="3" t="170" w="140" /><ent r="3" t="181" w="92" /><ent r="3" t="182" w="18" /><ent r="3" t="184" w="45" /><ent r="3" t="184" w="206" /><ent r="3" t="186" w="53" /><ent r="3" t="186" w="948" /><ent r="3" t="186" w="2073" /><ent r="3" t="186" w="3237" /><ent r="3" t="187" w="87" /><ent r="4" t="187" w="540" /><ent r="3" t="188" w="70" /><ent r="3" t="191" w="59" /><ent r="3" t="192" w="44" /><ent r="3" t="193" w="31" /><ent r="3" t="193" w="45" /><ent r="3" t="193" w="90" /><ent r="3" t="193" w="1928" /><ent r="3" t="194" w="64" /><ent r="3" t="194" w="1633" /><ent r="3" t="206" w="279" /><ent r="4" t="206" w="428" /></phr><phr n="performed"><ent r="3" t="103" w="21" /><ent r="3" t="104" w="71" /><ent r="3" t="170" w="416" /><ent r="4" t="174" w="212" /><ent r="3" t="186" w="248" /><ent r="3" t="186" w="261" /><ent r="7" t="205" w="88" /></phr><phr n="performance"><ent r="3" t="176" w="70" /><ent r="3" t="206" w="249" /><ent r="3" t="206" w="358" /></phr><phr n="performs"><ent r="4" t="182" w="31" /><ent r="4" t="182" w="71" /><ent r="4" t="182" w="101" /><ent r="4" t="182" w="134" /></phr><phr n="Perform"><ent r="4" t="186" w="109" /></phr><phr n="performing"><ent r="3" t="192" w="1222" /></phr><phr n="Performance"><ent r="92" t="206" w="214" /></phr></stem><stem n="here"><phr n="Here"><ent r="3" t="39" w="48" /><ent r="3" t="45" w="339" /><ent r="3" t="46" w="15" /><ent r="3" t="128" w="710" /><ent r="4" t="146" w="147" /><ent r="3" t="193" w="766" /></phr><phr n="here"><ent r="64" t="45" w="699" /><ent r="3" t="82" w="261" /><ent r="64" t="118" w="181" /><ent r="64" t="118" w="195" /><ent r="64" t="118" w="209" /><ent r="64" t="118" w="223" /><ent r="3" t="146" w="32" /><ent r="3" t="159" w="363" /><ent r="3" t="159" w="538" /><ent r="3" t="160" w="334" /><ent r="3" t="160" w="506" /><ent r="3" t="161" w="333" /><ent r="3" t="161" w="505" /><ent r="64" t="174" w="194" /><ent r="65" t="195" w="53" /><ent r="65" t="195" w="88" /><ent r="65" t="195" w="132" /><ent r="65" t="195" w="157" /><ent r="65" t="195" w="189" /><ent r="3" t="211" w="465" /><ent r="3" t="211" w="639" /><ent r="64" t="224" w="35" /><ent r="64" t="230" w="97" /></phr></stem><stem n="free"><phr n="Free"><ent r="6" t="39" w="101" /><ent r="7" t="40" w="162" /><ent r="4" t="185" w="1021" /></phr><phr n="free"><ent r="3" t="86" w="58" /></phr></stem><stem n="-clockwis"><phr n="-clockwise"><ent r="7" t="40" w="81" /><ent r="7" t="40" w="81" /></phr></stem><stem n="counter"><phr n="counter"><ent r="7" t="40" w="81" /><ent r="3" t="44" w="135" /></phr></stem><stem n="counter-clockwis"><phr n="counter-clockwise"><ent r="7" t="40" w="81" /><ent r="3" t="44" w="135" /></phr></stem><stem n="(you"><phr n="(You"><ent r="3" t="41" w="24" /><ent r="3" t="118" w="406" /><ent r="3" t="224" w="37" /></phr></stem><stem n="level"><phr n="level"><ent r="3" t="41" w="31" /><ent r="3" t="48" w="276" /><ent r="3" t="78" w="377" /><ent r="5" t="91" w="375" /><ent r="4" t="109" w="292" /><ent r="3" t="111" w="149" /><ent r="3" t="111" w="167" /><ent r="4" t="144" w="67" /><ent r="3" t="147" w="365" /><ent r="4" t="178" w="231" /><ent r="82" t="184" w="70" /><ent r="3" t="185" w="156" /><ent r="3" t="185" w="848" /><ent r="3" t="186" w="347" /><ent r="3" t="193" w="1594" /><ent r="3" t="211" w="24" /><ent r="3" t="211" w="75" /><ent r="4" t="211" w="289" /><ent r="3" t="236" w="54" /><ent r="3" t="236" w="71" /><ent r="3" t="236" w="474" /></phr><phr n="Level"><ent r="4" t="147" w="393" /><ent r="5" t="159" w="373" /><ent r="4" t="159" w="493" /><ent r="5" t="160" w="344" /><ent r="4" t="160" w="461" /><ent r="5" t="161" w="343" /><ent r="4" t="161" w="460" /><ent r="5" t="211" w="213" /><ent r="5" t="211" w="327" /><ent r="5" t="211" w="475" /><ent r="4" t="211" w="595" /><ent r="3" t="215" w="252" /></phr><phr n="levels"><ent r="3" t="159" w="483" /><ent r="3" t="160" w="451" /><ent r="3" t="161" w="450" /><ent r="4" t="193" w="1457" /><ent r="3" t="211" w="585" /></phr></stem><stem n="center"><phr n="Center"><ent r="5" t="41" w="86" /><ent r="4" t="50" w="595" /><ent r="3" t="65" w="179" /><ent r="4" t="187" w="968" /></phr><phr n="center"><ent r="4" t="41" w="97" /><ent r="4" t="41" w="218" /><ent r="3" t="50" w="576" /><ent r="3" t="50" w="591" /><ent r="3" t="50" w="606" /><ent r="3" t="65" w="181" /><ent r="4" t="95" w="122" /><ent r="3" t="102" w="48" /><ent r="4" t="110" w="575" /><ent r="4" t="159" w="291" /><ent r="3" t="160" w="908" /><ent r="3" t="161" w="253" /><ent r="4" t="178" w="135" /><ent r="4" t="185" w="1045" /><ent r="4" t="186" w="2666" /><ent r="3" t="188" w="1628" /><ent r="4" t="191" w="87" /><ent r="3" t="191" w="153" /><ent r="3" t="191" w="303" /><ent r="4" t="191" w="552" /><ent r="3" t="200" w="121" /><ent r="3" t="200" w="137" /><ent r="3" t="200" w="195" /><ent r="3" t="200" w="199" /><ent r="3" t="200" w="213" /><ent r="3" t="200" w="225" /><ent r="3" t="201" w="21" /><ent r="4" t="201" w="48" /><ent r="4" t="201" w="100" /><ent r="4" t="201" w="116" /><ent r="4" t="201" w="191" /><ent r="3" t="201" w="241" /><ent r="3" t="201" w="264" /><ent r="3" t="202" w="144" /><ent r="7" t="205" w="618" /></phr><phr n="centers"><ent r="3" t="65" w="208" /><ent r="4" t="186" w="3131" /></phr></stem><stem n="-menu"><phr n="-menu"><ent r="4" t="41" w="103" /><ent r="4" t="41" w="103" /><ent r="4" t="41" w="128" /><ent r="4" t="41" w="128" /><ent r="4" t="41" w="160" /><ent r="4" t="41" w="160" /><ent r="4" t="87" w="106" /><ent r="4" t="87" w="106" /><ent r="3" t="126" w="305" /><ent r="3" t="126" w="305" /><ent r="3" t="126" w="437" /><ent r="3" t="126" w="437" /><ent r="3" t="126" w="583" /><ent r="3" t="126" w="583" /></phr></stem><stem n="percent"><phr n="Percent"><ent r="5" t="41" w="144" /></phr><phr n="percent"><ent r="4" t="48" w="263" /><ent r="4" t="48" w="269" /><ent r="3" t="107" w="223" /><ent r="3" t="107" w="229" /><ent r="3" t="147" w="536" /></phr></stem><stem n="maximum"><phr n="maximum"><ent r="3" t="41" w="248" /><ent r="3" t="45" w="444" /><ent r="3" t="45" w="472" /><ent r="3" t="45" w="477" /><ent r="3" t="82" w="393" /><ent r="4" t="98" w="82" /><ent r="3" t="110" w="315" /><ent r="5" t="156" w="435" /><ent r="5" t="156" w="870" /><ent r="4" t="157" w="413" /><ent r="5" t="168" w="472" /><ent r="3" t="170" w="529" /><ent r="3" t="170" w="660" /><ent r="3" t="170" w="666" /><ent r="3" t="170" w="679" /><ent r="3" t="185" w="1347" /><ent r="3" t="200" w="154" /><ent r="3" t="202" w="629" /><ent r="3" t="202" w="674" /><ent r="4" t="204" w="87" /><ent r="4" t="204" w="154" /><ent r="3" t="204" w="186" /><ent r="7" t="205" w="515" /><ent r="4" t="234" w="71" /></phr><phr n="Maximum"><ent r="3" t="200" w="62" /><ent r="3" t="200" w="72" /><ent r="3" t="200" w="220" /><ent r="3" t="202" w="621" /></phr></stem><stem n="manual"><phr n="manually"><ent r="3" t="44" w="32" /><ent r="3" t="74" w="105" /><ent r="4" t="76" w="52" /><ent r="3" t="111" w="103" /><ent r="4" t="148" w="95" /><ent r="3" t="186" w="832" /><ent r="3" t="202" w="278" /><ent r="3" t="207" w="93" /><ent r="3" t="236" w="178" /><ent r="3" t="236" w="274" /></phr><phr n="manual"><ent r="3" t="181" w="68" /><ent r="3" t="181" w="211" /><ent r="3" t="186" w="54" /><ent r="3" t="188" w="1409" /><ent r="3" t="188" w="1500" /></phr><phr n="Manual"><ent r="84" t="186" w="836" /><ent r="83" t="186" w="1211" /></phr></stem><stem n="-click."><phr n="-click."><ent r="4" t="44" w="59" /><ent r="4" t="44" w="59" /><ent r="3" t="49" w="454" /><ent r="3" t="49" w="454" /><ent r="3" t="49" w="483" /><ent r="3" t="49" w="483" /><ent r="4" t="55" w="41" /><ent r="4" t="55" w="41" /><ent r="4" t="89" w="50" /><ent r="4" t="89" w="50" /><ent r="3" t="91" w="54" /><ent r="3" t="91" w="54" /><ent r="3" t="92" w="233" /><ent r="3" t="92" w="233" /><ent r="3" t="141" w="57" /><ent r="3" t="141" w="57" /><ent r="3" t="141" w="111" /><ent r="3" t="141" w="111" /><ent r="4" t="142" w="40" /><ent r="4" t="142" w="40" /><ent r="4" t="160" w="99" /><ent r="4" t="160" w="99" /><ent r="4" t="162" w="77" /><ent r="4" t="162" w="77" /></phr></stem><stem n="&quot;special&quot;"><phr n="&quot;Special&quot;"><ent r="4" t="44" w="98" /></phr></stem><stem n="child"><phr n="Child"><ent r="4" t="44" w="102" /><ent r="5" t="229" w="89" /></phr></stem><stem n="sensorupangl"><phr n="SensorUpAngle"><ent r="3" t="44" w="119" /></phr></stem><stem n="doubl"><phr n="double"><ent r="3" t="44" w="123" /><ent r="7" t="60" w="127" /><ent r="7" t="60" w="190" /><ent r="3" t="128" w="662" /><ent r="4" t="129" w="180" /><ent r="4" t="134" w="136" /><ent r="4" t="190" w="943" /><ent r="7" t="197" w="107" /><ent r="7" t="197" w="143" /><ent r="7" t="205" w="218" /><ent r="6" t="205" w="231" /><ent r="6" t="205" w="237" /><ent r="6" t="205" w="244" /><ent r="7" t="205" w="350" /><ent r="3" t="206" w="119" /><ent r="6" t="241" w="213" /></phr><phr n="Double"><ent r="4" t="45" w="512" /><ent r="4" t="45" w="571" /><ent r="4" t="45" w="616" /><ent r="4" t="82" w="277" /><ent r="3" t="129" w="398" /><ent r="3" t="186" w="1409" /><ent r="4" t="186" w="1457" /><ent r="4" t="186" w="1636" /><ent r="3" t="186" w="2115" /><ent r="3" t="186" w="2145" /><ent r="3" t="186" w="2179" /><ent r="3" t="186" w="2192" /><ent r="3" t="194" w="655" /></phr></stem><stem n="-clockwise."><phr n="-clockwise."><ent r="3" t="44" w="137" /><ent r="3" t="44" w="137" /></phr></stem><stem n="'ll"><phr n="'ll"><ent r="3" t="44" w="141" /><ent r="3" t="186" w="696" /></phr></stem><stem n="we'll"><phr n="we'll"><ent r="3" t="44" w="141" /><ent r="3" t="44" w="140" /></phr></stem><stem n="ll"><phr n="ll"><ent r="3" t="44" w="141" /><ent r="3" t="185" w="46" /><ent r="3" t="186" w="86" /><ent r="3" t="186" w="696" /><ent r="3" t="188" w="69" /><ent r="3" t="194" w="619" /></phr></stem><stem n="33"><phr n="33"><ent r="3" t="44" w="143" /></phr></stem><stem n="&quot;33.&quot;"><phr n="&quot;33.&quot;"><ent r="3" t="44" w="144" /></phr></stem><stem n="neg"><phr n="negative"><ent r="3" t="44" w="149" /><ent r="5" t="156" w="534" /><ent r="5" t="156" w="969" /><ent r="4" t="157" w="511" /><ent r="5" t="168" w="571" /><ent r="4" t="234" w="170" /></phr></stem><stem n="should"><phr n="should"><ent r="3" t="44" w="156" /><ent r="4" t="71" w="128" /><ent r="3" t="115" w="52" /><ent r="4" t="126" w="248" /><ent r="4" t="126" w="389" /><ent r="4" t="126" w="528" /><ent r="4" t="156" w="228" /><ent r="4" t="159" w="836" /><ent r="4" t="159" w="932" /><ent r="3" t="160" w="864" /><ent r="4" t="176" w="262" /><ent r="4" t="176" w="302" /><ent r="3" t="184" w="170" /><ent r="3" t="184" w="182" /><ent r="3" t="185" w="2406" /><ent r="3" t="186" w="1430" /><ent r="4" t="186" w="1515" /><ent r="3" t="186" w="1711" /><ent r="3" t="186" w="1812" /><ent r="4" t="186" w="1944" /><ent r="4" t="186" w="1971" /><ent r="3" t="186" w="2123" /><ent r="3" t="186" w="2155" /><ent r="4" t="186" w="2206" /><ent r="4" t="186" w="2895" /><ent r="3" t="186" w="2986" /><ent r="3" t="186" w="3232" /><ent r="3" t="187" w="1561" /><ent r="4" t="188" w="1167" /><ent r="4" t="188" w="1206" /><ent r="3" t="189" w="1101" /><ent r="3" t="191" w="566" /><ent r="4" t="192" w="255" /><ent r="3" t="192" w="1210" /><ent r="3" t="193" w="1489" /><ent r="3" t="193" w="1916" /><ent r="4" t="194" w="1062" /><ent r="3" t="194" w="1285" /><ent r="3" t="194" w="1619" /><ent r="3" t="201" w="293" /><ent r="3" t="202" w="102" /><ent r="3" t="202" w="296" /><ent r="7" t="205" w="628" /><ent r="7" t="205" w="654" /><ent r="3" t="207" w="111" /></phr></stem><stem n="composit"><phr n="Composites"><ent r="1000" t="45" w="2" /><ent r="102" t="45" w="5" /><ent r="92" t="45" w="337" /><ent r="92" t="45" w="358" /><ent r="1000" t="46" w="2" /><ent r="102" t="46" w="7" /><ent r="92" t="156" w="1151" /><ent r="64" t="156" w="1189" /><ent r="64" t="168" w="362" /><ent r="64" t="206" w="211" /></phr><phr n="composites"><ent r="100" t="45" w="8" /><ent r="3" t="45" w="16" /><ent r="3" t="45" w="34" /><ent r="3" t="45" w="40" /><ent r="3" t="45" w="80" /><ent r="3" t="45" w="349" /><ent r="3" t="45" w="412" /><ent r="3" t="45" w="429" /><ent r="3" t="45" w="593" /><ent r="3" t="45" w="602" /><ent r="3" t="45" w="687" /><ent r="3" t="45" w="709" /><ent r="100" t="46" w="12" /><ent r="3" t="46" w="24" /><ent r="4" t="156" w="147" /><ent r="3" t="156" w="1158" /><ent r="3" t="156" w="1176" /><ent r="3" t="156" w="1182" /><ent r="3" t="168" w="309" /><ent r="3" t="168" w="326" /><ent r="3" t="168" w="332" /><ent r="3" t="168" w="340" /><ent r="3" t="206" w="181" /><ent r="3" t="206" w="198" /><ent r="3" t="206" w="204" /></phr><phr n="composite"><ent r="3" t="45" w="50" /><ent r="4" t="45" w="137" /><ent r="4" t="45" w="188" /><ent r="4" t="45" w="234" /><ent r="4" t="45" w="323" /><ent r="3" t="45" w="439" /><ent r="3" t="45" w="462" /><ent r="82" t="45" w="510" /><ent r="82" t="45" w="551" /><ent r="4" t="45" w="565" /><ent r="4" t="45" w="583" /><ent r="4" t="45" w="629" /><ent r="3" t="45" w="639" /><ent r="82" t="45" w="654" /><ent r="4" t="45" w="659" /><ent r="3" t="168" w="354" /><ent r="4" t="185" w="2114" /></phr><phr n="Composite"><ent r="92" t="45" w="106" /><ent r="4" t="45" w="569" /><ent r="5" t="45" w="577" /></phr></stem></index>