<?xml version="1.0" encoding="utf-8"?><index><stem n="set"><phr n="sets"><ent r="3" t="0" w="32" /><ent r="3" t="0" w="41" /><ent r="7" t="14" w="88" /><ent r="4" t="33" w="100" /><ent r="3" t="50" w="29" /><ent r="4" t="50" w="130" /><ent r="4" t="50" w="282" /><ent r="3" t="77" w="16" /><ent r="3" t="83" w="399" /><ent r="5" t="92" w="409" /><ent r="3" t="113" w="83" /><ent r="4" t="113" w="125" /><ent r="4" t="113" w="155" /><ent r="3" t="113" w="218" /><ent r="3" t="158" w="267" /><ent r="3" t="161" w="828" /><ent r="3" t="177" w="121" /><ent r="4" t="177" w="146" /><ent r="4" t="177" w="188" /><ent r="4" t="178" w="54" /><ent r="3" t="178" w="248" /><ent r="3" t="179" w="18" /><ent r="3" t="187" w="691" /><ent r="4" t="189" w="354" /><ent r="4" t="189" w="521" /><ent r="3" t="189" w="822" /><ent r="3" t="189" w="859" /><ent r="3" t="189" w="1322" /><ent r="3" t="191" w="704" /><ent r="3" t="191" w="710" /><ent r="3" t="202" w="62" /><ent r="3" t="202" w="475" /><ent r="3" t="216" w="53" /><ent r="3" t="220" w="14" /><ent r="3" t="221" w="47" /><ent r="3" t="221" w="63" /><ent r="3" t="221" w="83" /><ent r="3" t="245" w="217" /></phr><phr n="set"><ent r="3" t="1" w="157" /><ent r="7" t="5" w="202" /><ent r="7" t="5" w="251" /><ent r="7" t="6" w="124" /><ent r="3" t="13" w="28" /><ent r="3" t="13" w="31" /><ent r="5" t="13" w="77" /><ent r="6" t="14" w="219" /><ent r="6" t="14" w="286" /><ent r="5" t="14" w="302" /><ent r="4" t="20" w="97" /><ent r="4" t="20" w="225" /><ent r="4" t="20" w="274" /><ent r="4" t="20" w="399" /><ent r="4" t="20" w="527" /><ent r="4" t="20" w="564" /><ent r="3" t="21" w="69" /><ent r="3" t="21" w="227" /><ent r="100" t="24" w="7" /><ent r="100" t="24" w="10" /><ent r="3" t="24" w="21" /><ent r="3" t="24" w="91" /><ent r="100" t="25" w="11" /><ent r="100" t="25" w="14" /><ent r="64" t="25" w="28" /><ent r="4" t="25" w="53" /><ent r="4" t="25" w="58" /><ent r="4" t="25" w="88" /><ent r="4" t="25" w="126" /><ent r="4" t="25" w="152" /><ent r="4" t="25" w="175" /><ent r="64" t="27" w="27" /><ent r="4" t="27" w="526" /><ent r="4" t="27" w="552" /><ent r="3" t="31" w="71" /><ent r="4" t="32" w="95" /><ent r="3" t="33" w="23" /><ent r="3" t="33" w="30" /><ent r="3" t="35" w="46" /><ent r="3" t="42" w="236" /><ent r="3" t="49" w="26" /><ent r="100" t="50" w="5" /><ent r="4" t="50" w="123" /><ent r="4" t="50" w="275" /><ent r="3" t="51" w="86" /><ent r="3" t="52" w="90" /><ent r="3" t="52" w="101" /><ent r="3" t="54" w="94" /><ent r="3" t="60" w="31" /><ent r="4" t="70" w="188" /><ent r="3" t="72" w="24" /><ent r="3" t="75" w="14" /><ent r="3" t="75" w="80" /><ent r="3" t="75" w="97" /><ent r="3" t="83" w="16" /><ent r="3" t="83" w="131" /><ent r="3" t="83" w="489" /><ent r="3" t="83" w="630" /><ent r="6" t="92" w="351" /><ent r="5" t="92" w="371" /><ent r="7" t="92" w="458" /><ent r="3" t="94" w="27" /><ent r="4" t="94" w="171" /><ent r="4" t="94" w="185" /><ent r="3" t="95" w="22" /><ent r="3" t="100" w="13" /><ent r="65" t="100" w="18" /><ent r="3" t="104" w="42" /><ent r="4" t="107" w="64" /><ent r="4" t="107" w="80" /><ent r="3" t="108" w="105" /><ent r="3" t="110" w="24" /><ent r="3" t="110" w="176" /><ent r="3" t="110" w="253" /><ent r="4" t="110" w="302" /><ent r="3" t="110" w="346" /><ent r="3" t="110" w="428" /><ent r="3" t="111" w="24" /><ent r="3" t="112" w="76" /><ent r="3" t="112" w="115" /><ent r="3" t="112" w="215" /><ent r="3" t="112" w="275" /><ent r="3" t="112" w="334" /><ent r="4" t="112" w="369" /><ent r="3" t="115" w="29" /><ent r="3" t="117" w="19" /><ent r="3" t="117" w="35" /><ent r="3" t="118" w="16" /><ent r="3" t="119" w="535" /><ent r="4" t="121" w="141" /><ent r="3" t="121" w="253" /><ent r="4" t="124" w="94" /><ent r="3" t="126" w="129" /><ent r="3" t="126" w="155" /><ent r="3" t="129" w="848" /><ent r="3" t="129" w="869" /><ent r="3" t="133" w="119" /><ent r="3" t="133" w="145" /><ent r="3" t="133" w="169" /><ent r="3" t="133" w="306" /><ent r="3" t="133" w="317" /><ent r="3" t="134" w="38" /><ent r="3" t="141" w="25" /><ent r="4" t="141" w="40" /><ent r="3" t="141" w="77" /><ent r="3" t="141" w="90" /><ent r="3" t="141" w="108" /><ent r="3" t="141" w="127" /><ent r="4" t="146" w="70" /><ent r="4" t="146" w="171" /><ent r="4" t="146" w="272" /><ent r="3" t="146" w="330" /><ent r="3" t="146" w="352" /><ent r="3" t="147" w="12" /><ent r="5" t="147" w="160" /><ent r="5" t="147" w="202" /><ent r="5" t="147" w="211" /><ent r="5" t="147" w="219" /><ent r="5" t="147" w="254" /><ent r="5" t="147" w="268" /><ent r="3" t="148" w="146" /><ent r="3" t="148" w="249" /><ent r="3" t="148" w="362" /><ent r="3" t="148" w="388" /><ent r="3" t="148" w="453" /><ent r="3" t="148" w="617" /><ent r="3" t="149" w="27" /><ent r="3" t="150" w="16" /><ent r="3" t="151" w="24" /><ent r="4" t="151" w="228" /><ent r="3" t="152" w="24" /><ent r="3" t="153" w="24" /><ent r="3" t="154" w="24" /><ent r="3" t="155" w="24" /><ent r="3" t="156" w="21" /><ent r="3" t="157" w="19" /><ent r="5" t="157" w="443" /><ent r="5" t="157" w="460" /><ent r="5" t="157" w="878" /><ent r="5" t="157" w="895" /><ent r="3" t="158" w="19" /><ent r="4" t="158" w="421" /><ent r="4" t="158" w="438" /><ent r="3" t="158" w="544" /><ent r="3" t="159" w="29" /><ent r="3" t="160" w="12" /><ent r="3" t="160" w="28" /><ent r="3" t="160" w="219" /><ent r="4" t="160" w="244" /><ent r="4" t="160" w="788" /><ent r="3" t="161" w="817" /><ent r="3" t="161" w="895" /><ent r="3" t="161" w="900" /><ent r="3" t="161" w="934" /><ent r="3" t="161" w="960" /><ent r="3" t="162" w="27" /><ent r="3" t="162" w="753" /><ent r="4" t="162" w="843" /><ent r="3" t="163" w="142" /><ent r="3" t="165" w="56" /><ent r="3" t="165" w="62" /><ent r="3" t="167" w="44" /><ent r="3" t="167" w="273" /><ent r="3" t="167" w="314" /><ent r="5" t="169" w="481" /><ent r="5" t="169" w="498" /><ent r="5" t="171" w="319" /><ent r="4" t="171" w="1117" /><ent r="3" t="176" w="24" /><ent r="4" t="176" w="57" /><ent r="4" t="177" w="135" /><ent r="4" t="177" w="230" /><ent r="3" t="178" w="41" /><ent r="3" t="178" w="46" /><ent r="4" t="178" w="72" /><ent r="4" t="178" w="77" /><ent r="4" t="178" w="94" /><ent r="4" t="178" w="108" /><ent r="4" t="178" w="117" /><ent r="4" t="178" w="171" /><ent r="4" t="178" w="181" /><ent r="4" t="181" w="112" /><ent r="3" t="186" w="249" /><ent r="3" t="186" w="1340" /><ent r="3" t="187" w="161" /><ent r="3" t="187" w="400" /><ent r="4" t="187" w="798" /><ent r="4" t="187" w="808" /><ent r="3" t="187" w="943" /><ent r="4" t="187" w="1191" /><ent r="4" t="187" w="1221" /><ent r="3" t="187" w="1344" /><ent r="4" t="187" w="1795" /><ent r="4" t="187" w="1811" /><ent r="4" t="187" w="2459" /><ent r="3" t="187" w="2513" /><ent r="3" t="187" w="2517" /><ent r="3" t="187" w="2522" /><ent r="4" t="187" w="2549" /><ent r="4" t="187" w="2574" /><ent r="3" t="188" w="739" /><ent r="4" t="188" w="1281" /><ent r="4" t="189" w="461" /><ent r="4" t="189" w="539" /><ent r="4" t="189" w="556" /><ent r="3" t="189" w="575" /><ent r="3" t="189" w="580" /><ent r="3" t="189" w="589" /><ent r="3" t="189" w="601" /><ent r="3" t="189" w="611" /><ent r="3" t="189" w="620" /><ent r="3" t="189" w="636" /><ent r="3" t="190" w="144" /><ent r="3" t="190" w="243" /><ent r="3" t="190" w="361" /><ent r="3" t="190" w="375" /><ent r="4" t="190" w="662" /><ent r="4" t="190" w="928" /><ent r="3" t="190" w="1074" /><ent r="3" t="191" w="134" /><ent r="3" t="191" w="232" /><ent r="3" t="191" w="348" /><ent r="3" t="191" w="362" /><ent r="4" t="191" w="733" /><ent r="3" t="191" w="1281" /><ent r="4" t="192" w="495" /><ent r="4" t="192" w="556" /><ent r="3" t="192" w="585" /><ent r="3" t="193" w="89" /><ent r="3" t="200" w="168" /><ent r="3" t="202" w="51" /><ent r="3" t="202" w="254" /><ent r="3" t="202" w="333" /><ent r="83" t="202" w="402" /><ent r="4" t="202" w="427" /><ent r="3" t="202" w="468" /><ent r="3" t="202" w="472" /><ent r="3" t="202" w="630" /><ent r="3" t="202" w="772" /><ent r="4" t="204" w="163" /><ent r="3" t="206" w="42" /><ent r="7" t="206" w="475" /><ent r="3" t="216" w="40" /><ent r="3" t="216" w="72" /><ent r="3" t="216" w="151" /><ent r="3" t="218" w="20" /><ent r="3" t="220" w="21" /><ent r="3" t="220" w="388" /><ent r="3" t="220" w="395" /><ent r="100" t="221" w="8" /><ent r="100" t="221" w="11" /><ent r="3" t="221" w="38" /><ent r="3" t="221" w="112" /><ent r="3" t="221" w="131" /><ent r="3" t="222" w="25" /><ent r="64" t="222" w="49" /><ent r="3" t="222" w="53" /><ent r="3" t="222" w="104" /><ent r="4" t="222" w="310" /><ent r="3" t="223" w="41" /><ent r="3" t="223" w="234" /><ent r="3" t="224" w="193" /><ent r="3" t="225" w="40" /><ent r="3" t="227" w="48" /><ent r="3" t="227" w="112" /><ent r="3" t="227" w="132" /><ent r="3" t="227" w="158" /><ent r="3" t="229" w="53" /><ent r="3" t="229" w="117" /><ent r="3" t="229" w="137" /><ent r="3" t="229" w="163" /><ent r="3" t="234" w="16" /><ent r="6" t="237" w="294" /><ent r="4" t="243" w="79" /><ent r="4" t="243" w="96" /><ent r="3" t="245" w="106" /><ent r="3" t="245" w="163" /><ent r="3" t="245" w="482" /></phr><phr n="Setting"><ent r="92" t="19" w="137" /><ent r="92" t="126" w="184" /><ent r="92" t="133" w="292" /><ent r="92" t="146" w="65" /><ent r="92" t="172" w="262" /><ent r="92" t="172" w="309" /></phr><phr n="Set"><ent r="1000" t="24" w="3" /><ent r="102" t="24" w="15" /><ent r="64" t="24" w="86" /><ent r="1000" t="25" w="2" /><ent r="102" t="25" w="6" /><ent r="5" t="46" w="225" /><ent r="4" t="49" w="241" /><ent r="4" t="49" w="306" /><ent r="5" t="92" w="344" /><ent r="67" t="92" w="362" /><ent r="4" t="94" w="157" /><ent r="1000" t="95" w="1" /><ent r="100" t="95" w="5" /><ent r="102" t="95" w="12" /><ent r="3" t="95" w="16" /><ent r="5" t="95" w="79" /><ent r="4" t="95" w="129" /><ent r="4" t="171" w="1060" /><ent r="4" t="177" w="142" /><ent r="4" t="178" w="176" /><ent r="4" t="178" w="186" /><ent r="4" t="182" w="158" /><ent r="4" t="182" w="214" /><ent r="4" t="186" w="1572" /><ent r="4" t="186" w="1579" /><ent r="3" t="186" w="1745" /><ent r="4" t="187" w="2406" /><ent r="4" t="187" w="2444" /><ent r="4" t="187" w="2461" /><ent r="4" t="187" w="2554" /><ent r="4" t="187" w="2594" /><ent r="4" t="187" w="2608" /><ent r="3" t="188" w="432" /><ent r="4" t="188" w="479" /><ent r="4" t="189" w="544" /><ent r="4" t="189" w="561" /><ent r="3" t="189" w="1341" /><ent r="4" t="189" w="1450" /><ent r="4" t="189" w="1489" /><ent r="4" t="189" w="1509" /><ent r="5" t="194" w="461" /><ent r="3" t="194" w="984" /><ent r="3" t="194" w="990" /><ent r="3" t="194" w="1060" /><ent r="7" t="194" w="1134" /><ent r="7" t="194" w="1137" /><ent r="3" t="194" w="1371" /><ent r="7" t="195" w="918" /><ent r="7" t="195" w="983" /><ent r="7" t="195" w="986" /><ent r="3" t="195" w="1216" /><ent r="4" t="215" w="156" /><ent r="5" t="233" w="264" /><ent r="5" t="233" w="274" /><ent r="5" t="233" w="284" /><ent r="5" t="233" w="294" /><ent r="5" t="233" w="304" /><ent r="5" t="233" w="314" /><ent r="93" t="245" w="144" /></phr><phr n="Sets"><ent r="65" t="33" w="106" /><ent r="4" t="110" w="188" /><ent r="4" t="110" w="219" /><ent r="4" t="110" w="439" /><ent r="4" t="111" w="494" /><ent r="5" t="157" w="681" /><ent r="5" t="157" w="1116" /><ent r="5" t="169" w="714" /><ent r="1000" t="221" w="4" /><ent r="102" t="221" w="17" /><ent r="92" t="221" w="22" /><ent r="92" t="221" w="93" /></phr><phr n="setting"><ent r="4" t="52" w="182" /><ent r="3" t="83" w="247" /><ent r="4" t="110" w="451" /><ent r="3" t="172" w="268" /><ent r="4" t="172" w="294" /><ent r="3" t="172" w="315" /><ent r="4" t="172" w="341" /><ent r="4" t="182" w="192" /><ent r="4" t="186" w="1584" /><ent r="3" t="191" w="370" /><ent r="4" t="231" w="35" /></phr><phr n="settings"><ent r="3" t="146" w="561" /><ent r="3" t="170" w="31" /><ent r="3" t="172" w="185" /><ent r="3" t="172" w="232" /><ent r="4" t="172" w="250" /><ent r="4" t="172" w="286" /><ent r="4" t="172" w="333" /><ent r="3" t="173" w="161" /><ent r="4" t="186" w="2256" /><ent r="4" t="190" w="932" /></phr><phr n="Settings"><ent r="92" t="172" w="227" /><ent r="5" t="178" w="286" /><ent r="3" t="189" w="748" /><ent r="4" t="189" w="780" /><ent r="5" t="223" w="272" /></phr></stem><stem n="specif"><phr n="specific"><ent r="3" t="0" w="35" /><ent r="3" t="22" w="30" /><ent r="4" t="23" w="98" /><ent r="3" t="51" w="275" /><ent r="3" t="71" w="88" /><ent r="4" t="77" w="46" /><ent r="3" t="89" w="24" /><ent r="3" t="105" w="29" /><ent r="3" t="133" w="266" /><ent r="3" t="161" w="893" /><ent r="3" t="185" w="55" /><ent r="3" t="188" w="74" /><ent r="3" t="202" w="127" /><ent r="7" t="206" w="166" /><ent r="7" t="206" w="325" /><ent r="7" t="206" w="550" /><ent r="7" t="206" w="605" /></phr><phr n="specifications"><ent r="5" t="20" w="66" /><ent r="3" t="207" w="39" /></phr><phr n="Specifications"><ent r="65" t="20" w="572" /><ent r="1000" t="201" w="6" /><ent r="102" t="201" w="13" /><ent r="64" t="216" w="227" /></phr><phr n="Specific"><ent r="92" t="22" w="162" /></phr><phr n="specification"><ent r="3" t="70" w="57" /><ent r="3" t="70" w="59" /><ent r="3" t="70" w="151" /><ent r="3" t="70" w="153" /></phr></stem><stem n="technic"><phr n="technical"><ent r="3" t="0" w="36" /></phr></stem><stem n="sensor"><phr n="sensors"><ent r="3" t="0" w="37" /><ent r="3" t="177" w="45" /><ent r="3" t="189" w="124" /></phr><phr n="Sensor"><ent r="66" t="7" w="268" /><ent r="3" t="19" w="153" /><ent r="1000" t="45" w="1" /><ent r="102" t="45" w="4" /><ent r="100" t="45" w="7" /><ent r="3" t="45" w="10" /><ent r="3" t="45" w="182" /><ent r="3" t="45" w="204" /></phr><phr n="sensor"><ent r="3" t="186" w="266" /><ent r="3" t="186" w="275" /><ent r="3" t="192" w="351" /><ent r="3" t="200" w="86" /><ent r="3" t="200" w="94" /><ent r="7" t="206" w="320" /><ent r="3" t="206" w="744" /></phr></stem><stem n="present"><phr n="presents"><ent r="3" t="0" w="39" /></phr><phr n="present"><ent r="3" t="62" w="114" /><ent r="7" t="206" w="136" /></phr></stem><stem n="us"><phr n="using"><ent r="3" t="0" w="47" /><ent r="3" t="0" w="95" /><ent r="3" t="1" w="98" /><ent r="3" t="2" w="19" /><ent r="3" t="2" w="147" /><ent r="3" t="11" w="70" /><ent r="6" t="14" w="229" /><ent r="6" t="14" w="289" /><ent r="4" t="30" w="81" /><ent r="4" t="32" w="32" /><ent r="3" t="34" w="69" /><ent r="3" t="34" w="91" /><ent r="3" t="40" w="18" /><ent r="3" t="52" w="87" /><ent r="4" t="52" w="110" /><ent r="3" t="66" w="156" /><ent r="3" t="66" w="229" /><ent r="3" t="70" w="55" /><ent r="4" t="72" w="179" /><ent r="3" t="75" w="64" /><ent r="3" t="75" w="106" /><ent r="3" t="76" w="19" /><ent r="4" t="77" w="56" /><ent r="3" t="78" w="19" /><ent r="3" t="79" w="215" /><ent r="3" t="79" w="282" /><ent r="4" t="82" w="78" /><ent r="4" t="82" w="108" /><ent r="4" t="82" w="154" /><ent r="3" t="83" w="467" /><ent r="3" t="110" w="381" /><ent r="3" t="112" w="107" /><ent r="4" t="112" w="280" /><ent r="3" t="113" w="34" /><ent r="3" t="113" w="260" /><ent r="6" t="115" w="8" /><ent r="100" t="119" w="6" /><ent r="100" t="119" w="33" /><ent r="3" t="130" w="35" /><ent r="4" t="132" w="60" /><ent r="3" t="135" w="57" /><ent r="3" t="141" w="153" /><ent r="4" t="146" w="73" /><ent r="4" t="146" w="174" /><ent r="4" t="146" w="275" /><ent r="4" t="146" w="434" /><ent r="4" t="146" w="445" /><ent r="3" t="148" w="187" /><ent r="3" t="148" w="290" /><ent r="3" t="148" w="494" /><ent r="3" t="148" w="658" /><ent r="3" t="172" w="89" /><ent r="3" t="173" w="24" /><ent r="3" t="175" w="24" /><ent r="3" t="175" w="172" /><ent r="4" t="177" w="160" /><ent r="3" t="178" w="28" /><ent r="3" t="181" w="47" /><ent r="4" t="181" w="195" /><ent r="4" t="183" w="38" /><ent r="4" t="183" w="75" /><ent r="4" t="183" w="105" /><ent r="4" t="183" w="141" /><ent r="3" t="185" w="115" /><ent r="3" t="185" w="145" /><ent r="7" t="185" w="273" /><ent r="64" t="185" w="344" /><ent r="7" t="186" w="490" /><ent r="3" t="186" w="2375" /><ent r="3" t="187" w="59" /><ent r="3" t="187" w="91" /><ent r="3" t="187" w="408" /><ent r="7" t="187" w="641" /><ent r="3" t="187" w="1603" /><ent r="4" t="187" w="2824" /><ent r="3" t="187" w="2841" /><ent r="4" t="187" w="2926" /><ent r="3" t="187" w="2983" /><ent r="3" t="187" w="3181" /><ent r="3" t="188" w="83" /><ent r="4" t="188" w="102" /><ent r="7" t="188" w="352" /><ent r="4" t="188" w="645" /><ent r="4" t="188" w="972" /><ent r="3" t="188" w="1136" /><ent r="3" t="188" w="1145" /><ent r="3" t="188" w="1208" /><ent r="4" t="188" w="1444" /><ent r="3" t="188" w="1618" /><ent r="3" t="189" w="56" /><ent r="7" t="189" w="315" /><ent r="3" t="189" w="1087" /><ent r="3" t="189" w="1611" /><ent r="7" t="190" w="590" /><ent r="7" t="191" w="592" /><ent r="4" t="191" w="968" /><ent r="4" t="191" w="1169" /><ent r="3" t="191" w="1228" /><ent r="3" t="191" w="1323" /><ent r="3" t="192" w="38" /><ent r="7" t="192" w="199" /><ent r="3" t="192" w="575" /><ent r="7" t="193" w="466" /><ent r="3" t="193" w="956" /><ent r="3" t="194" w="27" /><ent r="3" t="194" w="129" /><ent r="7" t="194" w="385" /><ent r="3" t="194" w="1400" /><ent r="3" t="194" w="1878" /><ent r="3" t="195" w="125" /><ent r="5" t="195" w="179" /><ent r="7" t="195" w="375" /><ent r="3" t="195" w="1579" /><ent r="3" t="204" w="179" /><ent r="4" t="215" w="392" /><ent r="4" t="215" w="501" /><ent r="3" t="215" w="662" /><ent r="3" t="227" w="135" /><ent r="3" t="229" w="140" /><ent r="3" t="233" w="54" /><ent r="6" t="237" w="119" /><ent r="6" t="237" w="127" /><ent r="7" t="242" w="49" /><ent r="7" t="242" w="59" /><ent r="7" t="242" w="72" /><ent r="7" t="242" w="83" /><ent r="7" t="242" w="91" /><ent r="4" t="244" w="37" /><ent r="4" t="244" w="83" /></phr><phr n="uses"><ent r="3" t="0" w="54" /><ent r="4" t="20" w="124" /><ent r="3" t="21" w="95" /><ent r="3" t="60" w="36" /><ent r="3" t="70" w="154" /><ent r="3" t="70" w="167" /><ent r="3" t="110" w="328" /><ent r="3" t="175" w="15" /><ent r="3" t="185" w="81" /><ent r="3" t="185" w="160" /><ent r="3" t="186" w="282" /><ent r="3" t="187" w="274" /><ent r="3" t="200" w="112" /><ent r="4" t="215" w="455" /></phr><phr n="Using"><ent r="4" t="1" w="317" /><ent r="4" t="4" w="172" /><ent r="4" t="27" w="381" /><ent r="3" t="65" w="30" /><ent r="1000" t="119" w="1" /><ent r="102" t="119" w="35" /><ent r="64" t="121" w="53" /><ent r="64" t="121" w="259" /><ent r="64" t="122" w="136" /><ent r="64" t="123" w="192" /><ent r="64" t="124" w="147" /><ent r="64" t="126" w="230" /><ent r="64" t="172" w="197" /><ent r="1000" t="173" w="2" /><ent r="102" t="173" w="9" /><ent r="4" t="181" w="96" /><ent r="64" t="185" w="372" /><ent r="4" t="186" w="383" /><ent r="3" t="186" w="644" /><ent r="3" t="186" w="1766" /><ent r="4" t="187" w="534" /><ent r="3" t="187" w="2004" /><ent r="102" t="188" w="16" /><ent r="4" t="188" w="245" /><ent r="4" t="189" w="208" /><ent r="4" t="190" w="483" /><ent r="4" t="191" w="485" /><ent r="4" t="191" w="682" /><ent r="4" t="191" w="879" /><ent r="4" t="191" w="947" /><ent r="1000" t="192" w="2" /><ent r="102" t="192" w="17" /><ent r="4" t="193" w="359" /><ent r="4" t="195" w="268" /><ent r="92" t="202" w="152" /><ent r="3" t="235" w="162" /></phr><phr n="useful"><ent r="6" t="11" w="129" /><ent r="3" t="39" w="37" /><ent r="4" t="157" w="261" /><ent r="5" t="169" w="197" /><ent r="3" t="171" w="47" /><ent r="3" t="171" w="526" /><ent r="3" t="174" w="28" /></phr><phr n="used"><ent r="7" t="13" w="185" /><ent r="3" t="20" w="9" /><ent r="3" t="21" w="25" /><ent r="3" t="21" w="42" /><ent r="3" t="21" w="118" /><ent r="4" t="25" w="146" /><ent r="3" t="34" w="39" /><ent r="3" t="46" w="477" /><ent r="3" t="48" w="138" /><ent r="3" t="69" w="47" /><ent r="3" t="83" w="354" /><ent r="3" t="83" w="616" /><ent r="6" t="92" w="357" /><ent r="3" t="95" w="28" /><ent r="4" t="98" w="131" /><ent r="3" t="98" w="158" /><ent r="3" t="98" w="174" /><ent r="4" t="111" w="204" /><ent r="3" t="112" w="41" /><ent r="3" t="112" w="64" /><ent r="3" t="112" w="329" /><ent r="3" t="113" w="298" /><ent r="3" t="119" w="244" /><ent r="3" t="121" w="220" /><ent r="3" t="129" w="650" /><ent r="3" t="149" w="168" /><ent r="3" t="149" w="201" /><ent r="3" t="149" w="209" /><ent r="3" t="149" w="214" /><ent r="3" t="153" w="77" /><ent r="3" t="160" w="359" /><ent r="3" t="160" w="534" /><ent r="3" t="161" w="335" /><ent r="3" t="161" w="507" /><ent r="3" t="161" w="886" /><ent r="3" t="162" w="332" /><ent r="3" t="162" w="504" /><ent r="5" t="171" w="187" /><ent r="3" t="171" w="249" /><ent r="5" t="171" w="342" /><ent r="3" t="171" w="981" /><ent r="6" t="172" w="214" /><ent r="3" t="174" w="576" /><ent r="3" t="177" w="108" /><ent r="4" t="177" w="305" /><ent r="3" t="179" w="65" /><ent r="3" t="180" w="31" /><ent r="3" t="185" w="90" /><ent r="82" t="185" w="213" /><ent r="3" t="186" w="313" /><ent r="3" t="187" w="178" /><ent r="3" t="187" w="188" /><ent r="3" t="187" w="287" /><ent r="3" t="187" w="459" /><ent r="3" t="188" w="179" /><ent r="3" t="188" w="1109" /><ent r="4" t="188" w="1330" /><ent r="3" t="189" w="118" /><ent r="3" t="189" w="139" /><ent r="3" t="190" w="98" /><ent r="3" t="190" w="112" /><ent r="3" t="190" w="249" /><ent r="3" t="190" w="263" /><ent r="3" t="190" w="417" /><ent r="3" t="191" w="88" /><ent r="3" t="191" w="102" /><ent r="3" t="191" w="238" /><ent r="3" t="191" w="252" /><ent r="3" t="191" w="420" /><ent r="3" t="193" w="294" /><ent r="3" t="194" w="300" /><ent r="4" t="195" w="207" /><ent r="3" t="196" w="22" /><ent r="5" t="197" w="276" /><ent r="3" t="199" w="29" /><ent r="3" t="202" w="120" /><ent r="4" t="205" w="330" /><ent r="7" t="206" w="592" /><ent r="7" t="206" w="634" /><ent r="7" t="206" w="660" /><ent r="3" t="220" w="460" /><ent r="3" t="220" w="634" /><ent r="3" t="235" w="49" /><ent r="6" t="237" w="177" /><ent r="6" t="237" w="230" /><ent r="3" t="241" w="27" /><ent r="3" t="245" w="516" /></phr><phr n="Used"><ent r="4" t="83" w="379" /></phr></stem><stem n="imag"><phr n="images"><ent r="3" t="0" w="48" /><ent r="5" t="7" w="240" /><ent r="3" t="23" w="129" /><ent r="4" t="50" w="213" /><ent r="3" t="72" w="29" /><ent r="3" t="73" w="33" /><ent r="3" t="79" w="195" /><ent r="4" t="107" w="69" /><ent r="4" t="107" w="86" /><ent r="6" t="108" w="56" /><ent r="3" t="110" w="29" /><ent r="6" t="110" w="52" /><ent r="3" t="111" w="30" /><ent r="6" t="111" w="53" /><ent r="4" t="113" w="196" /><ent r="6" t="147" w="63" /><ent r="6" t="151" w="50" /><ent r="6" t="152" w="50" /><ent r="6" t="153" w="50" /><ent r="6" t="154" w="57" /><ent r="6" t="155" w="53" /><ent r="6" t="156" w="49" /><ent r="6" t="157" w="46" /><ent r="6" t="158" w="46" /><ent r="6" t="159" w="56" /><ent r="4" t="169" w="768" /><ent r="3" t="179" w="44" /><ent r="4" t="181" w="353" /><ent r="4" t="182" w="307" /><ent r="3" t="186" w="738" /><ent r="3" t="187" w="70" /><ent r="3" t="187" w="2314" /><ent r="4" t="187" w="2323" /><ent r="4" t="187" w="2365" /><ent r="3" t="189" w="843" /><ent r="3" t="189" w="878" /><ent r="4" t="189" w="913" /><ent r="4" t="189" w="1292" /><ent r="4" t="189" w="1524" /><ent r="3" t="189" w="1562" /><ent r="3" t="193" w="946" /><ent r="4" t="194" w="1835" /><ent r="6" t="236" w="50" /></phr><phr n="image"><ent r="3" t="1" w="253" /><ent r="5" t="3" w="41" /><ent r="3" t="4" w="51" /><ent r="3" t="4" w="75" /><ent r="6" t="7" w="42" /><ent r="6" t="7" w="57" /><ent r="6" t="7" w="77" /><ent r="6" t="7" w="129" /><ent r="5" t="7" w="255" /><ent r="6" t="7" w="320" /><ent r="3" t="8" w="22" /><ent r="3" t="10" w="55" /><ent r="4" t="11" w="21" /><ent r="7" t="12" w="29" /><ent r="7" t="12" w="42" /><ent r="3" t="14" w="58" /><ent r="4" t="20" w="444" /><ent r="4" t="20" w="466" /><ent r="3" t="22" w="41" /><ent r="3" t="22" w="78" /><ent r="3" t="22" w="96" /><ent r="3" t="22" w="125" /><ent r="3" t="23" w="131" /><ent r="4" t="29" w="62" /><ent r="4" t="29" w="85" /><ent r="4" t="29" w="108" /><ent r="4" t="29" w="127" /><ent r="4" t="29" w="152" /><ent r="4" t="29" w="182" /><ent r="4" t="29" w="262" /><ent r="4" t="29" w="291" /><ent r="3" t="32" w="51" /><ent r="3" t="34" w="43" /><ent r="3" t="37" w="13" /><ent r="3" t="39" w="55" /><ent r="4" t="39" w="77" /><ent r="4" t="39" w="79" /><ent r="4" t="42" w="151" /><ent r="4" t="42" w="177" /><ent r="3" t="44" w="24" /><ent r="3" t="44" w="31" /><ent r="4" t="44" w="39" /><ent r="4" t="44" w="54" /><ent r="3" t="45" w="14" /><ent r="4" t="45" w="55" /><ent r="3" t="45" w="132" /><ent r="3" t="46" w="18" /><ent r="3" t="46" w="53" /><ent r="4" t="46" w="118" /><ent r="4" t="46" w="122" /><ent r="4" t="46" w="166" /><ent r="3" t="46" w="329" /><ent r="100" t="48" w="10" /><ent r="3" t="48" w="18" /><ent r="3" t="48" w="50" /><ent r="3" t="48" w="95" /><ent r="3" t="49" w="127" /><ent r="100" t="51" w="7" /><ent r="3" t="51" w="32" /><ent r="3" t="51" w="38" /><ent r="3" t="51" w="48" /><ent r="3" t="51" w="76" /><ent r="3" t="52" w="35" /><ent r="3" t="52" w="52" /><ent r="3" t="52" w="69" /><ent r="3" t="52" w="79" /><ent r="3" t="52" w="103" /><ent r="4" t="52" w="151" /><ent r="3" t="52" w="170" /><ent r="4" t="52" w="205" /><ent r="3" t="52" w="278" /><ent r="3" t="54" w="18" /><ent r="3" t="54" w="88" /><ent r="3" t="55" w="29" /><ent r="3" t="57" w="26" /><ent r="4" t="57" w="41" /><ent r="4" t="57" w="54" /><ent r="4" t="60" w="161" /><ent r="4" t="60" w="259" /><ent r="3" t="60" w="289" /><ent r="3" t="65" w="18" /><ent r="3" t="65" w="47" /><ent r="3" t="65" w="70" /><ent r="3" t="68" w="46" /><ent r="3" t="68" w="55" /><ent r="100" t="71" w="6" /><ent r="3" t="71" w="15" /><ent r="3" t="71" w="22" /><ent r="3" t="71" w="106" /><ent r="3" t="71" w="109" /><ent r="3" t="71" w="121" /><ent r="3" t="71" w="136" /><ent r="100" t="72" w="12" /><ent r="3" t="73" w="28" /><ent r="3" t="74" w="24" /><ent r="3" t="74" w="33" /><ent r="4" t="74" w="66" /><ent r="3" t="74" w="122" /><ent r="3" t="79" w="139" /><ent r="3" t="79" w="206" /><ent r="3" t="81" w="116" /><ent r="3" t="83" w="569" /><ent r="3" t="89" w="19" /><ent r="5" t="91" w="226" /><ent r="5" t="91" w="257" /><ent r="3" t="96" w="153" /><ent r="3" t="98" w="30" /><ent r="4" t="98" w="231" /><ent r="4" t="101" w="31" /><ent r="4" t="107" w="25" /><ent r="4" t="107" w="56" /><ent r="3" t="108" w="20" /><ent r="3" t="108" w="83" /><ent r="3" t="109" w="33" /><ent r="3" t="109" w="55" /><ent r="3" t="110" w="380" /><ent r="3" t="110" w="397" /><ent r="4" t="110" w="445" /><ent r="4" t="110" w="502" /><ent r="4" t="110" w="518" /><ent r="3" t="111" w="249" /><ent r="3" t="111" w="339" /><ent r="4" t="111" w="462" /><ent r="3" t="111" w="540" /><ent r="3" t="114" w="112" /><ent r="6" t="115" w="16" /><ent r="3" t="134" w="18" /><ent r="3" t="134" w="23" /><ent r="3" t="142" w="53" /><ent r="3" t="142" w="108" /><ent r="4" t="143" w="36" /><ent r="6" t="146" w="218" /><ent r="4" t="146" w="257" /><ent r="3" t="147" w="13" /><ent r="3" t="148" w="159" /><ent r="3" t="148" w="184" /><ent r="3" t="148" w="204" /><ent r="3" t="148" w="262" /><ent r="3" t="148" w="287" /><ent r="3" t="148" w="307" /><ent r="3" t="148" w="466" /><ent r="3" t="148" w="491" /><ent r="3" t="148" w="511" /><ent r="3" t="148" w="630" /><ent r="3" t="148" w="655" /><ent r="3" t="148" w="675" /><ent r="3" t="154" w="37" /><ent r="4" t="157" w="138" /><ent r="4" t="157" w="211" /><ent r="5" t="157" w="641" /><ent r="5" t="157" w="676" /><ent r="5" t="157" w="1076" /><ent r="5" t="157" w="1111" /><ent r="3" t="157" w="1160" /><ent r="4" t="158" w="509" /><ent r="3" t="160" w="13" /><ent r="3" t="160" w="224" /><ent r="4" t="160" w="250" /><ent r="4" t="160" w="268" /><ent r="3" t="169" w="22" /><ent r="3" t="169" w="36" /><ent r="4" t="169" w="101" /><ent r="3" t="169" w="249" /><ent r="3" t="169" w="312" /><ent r="5" t="169" w="676" /><ent r="5" t="169" w="704" /><ent r="3" t="171" w="407" /><ent r="3" t="171" w="452" /><ent r="3" t="171" w="493" /><ent r="3" t="171" w="842" /><ent r="3" t="171" w="964" /><ent r="3" t="171" w="972" /><ent r="3" t="171" w="1022" /><ent r="3" t="172" w="188" /><ent r="6" t="172" w="209" /><ent r="6" t="172" w="223" /><ent r="3" t="174" w="18" /><ent r="3" t="174" w="35" /><ent r="3" t="174" w="399" /><ent r="4" t="174" w="431" /><ent r="4" t="174" w="451" /><ent r="4" t="174" w="471" /><ent r="4" t="179" w="101" /><ent r="4" t="179" w="108" /><ent r="4" t="181" w="80" /><ent r="4" t="181" w="212" /><ent r="3" t="182" w="22" /><ent r="3" t="182" w="65" /><ent r="4" t="182" w="278" /><ent r="4" t="182" w="283" /><ent r="4" t="182" w="374" /><ent r="4" t="183" w="73" /><ent r="4" t="183" w="83" /><ent r="4" t="183" w="103" /><ent r="4" t="183" w="113" /><ent r="100" t="186" w="7" /><ent r="3" t="186" w="36" /><ent r="3" t="186" w="113" /><ent r="3" t="186" w="150" /><ent r="3" t="186" w="302" /><ent r="3" t="186" w="310" /><ent r="4" t="186" w="604" /><ent r="3" t="186" w="733" /><ent r="3" t="186" w="747" /><ent r="4" t="186" w="882" /><ent r="3" t="186" w="988" /><ent r="4" t="186" w="1085" /><ent r="4" t="186" w="1946" /><ent r="4" t="186" w="2064" /><ent r="4" t="186" w="2171" /><ent r="4" t="186" w="2348" /><ent r="3" t="186" w="2374" /><ent r="3" t="187" w="73" /><ent r="4" t="187" w="102" /><ent r="3" t="187" w="352" /><ent r="3" t="187" w="964" /><ent r="3" t="187" w="1431" /><ent r="4" t="187" w="1778" /><ent r="4" t="187" w="1849" /><ent r="3" t="187" w="2258" /><ent r="4" t="187" w="2263" /><ent r="4" t="187" w="2586" /><ent r="4" t="187" w="2762" /><ent r="4" t="187" w="2783" /><ent r="3" t="187" w="2869" /><ent r="3" t="187" w="2910" /><ent r="3" t="187" w="2967" /><ent r="4" t="187" w="3023" /><ent r="4" t="187" w="3030" /><ent r="4" t="187" w="3052" /><ent r="3" t="187" w="3169" /><ent r="3" t="187" w="3172" /><ent r="3" t="188" w="45" /><ent r="4" t="188" w="546" /><ent r="4" t="188" w="573" /><ent r="4" t="188" w="599" /><ent r="4" t="188" w="608" /><ent r="4" t="188" w="614" /><ent r="4" t="188" w="640" /><ent r="4" t="188" w="644" /><ent r="4" t="188" w="663" /><ent r="4" t="188" w="757" /><ent r="3" t="188" w="851" /><ent r="4" t="188" w="896" /><ent r="4" t="188" w="971" /><ent r="3" t="188" w="1492" /><ent r="3" t="188" w="1504" /><ent r="4" t="189" w="377" /><ent r="4" t="189" w="427" /><ent r="4" t="189" w="1131" /><ent r="4" t="189" w="1144" /><ent r="4" t="189" w="1178" /><ent r="4" t="189" w="1212" /><ent r="3" t="189" w="1391" /><ent r="3" t="189" w="1587" /><ent r="3" t="189" w="1593" /><ent r="3" t="189" w="1601" /><ent r="4" t="189" w="1660" /><ent r="4" t="189" w="1678" /><ent r="4" t="190" w="675" /><ent r="4" t="190" w="986" /><ent r="3" t="190" w="1064" /><ent r="3" t="191" w="787" /><ent r="4" t="191" w="852" /><ent r="4" t="191" w="877" /><ent r="4" t="191" w="891" /><ent r="4" t="193" w="817" /><ent r="4" t="193" w="904" /><ent r="3" t="193" w="1039" /><ent r="4" t="193" w="1116" /><ent r="4" t="193" w="1133" /><ent r="7" t="197" w="219" /><ent r="5" t="197" w="232" /><ent r="5" t="197" w="247" /><ent r="5" t="197" w="271" /><ent r="7" t="206" w="85" /><ent r="7" t="206" w="97" /><ent r="7" t="206" w="109" /><ent r="7" t="206" w="120" /><ent r="7" t="206" w="408" /><ent r="7" t="206" w="415" /><ent r="7" t="206" w="595" /><ent r="7" t="206" w="612" /><ent r="7" t="206" w="626" /><ent r="7" t="206" w="652" /><ent r="7" t="206" w="677" /><ent r="3" t="215" w="184" /><ent r="3" t="215" w="308" /><ent r="4" t="215" w="516" /><ent r="4" t="215" w="613" /><ent r="3" t="215" w="698" /><ent r="3" t="224" w="212" /><ent r="3" t="224" w="217" /><ent r="3" t="224" w="269" /><ent r="3" t="224" w="284" /><ent r="3" t="227" w="61" /><ent r="4" t="228" w="24" /><ent r="4" t="228" w="43" /><ent r="3" t="229" w="66" /><ent r="3" t="230" w="27" /><ent r="3" t="230" w="47" /><ent r="4" t="230" w="61" /><ent r="4" t="231" w="24" /><ent r="4" t="231" w="50" /><ent r="4" t="231" w="73" /><ent r="4" t="232" w="26" /><ent r="4" t="232" w="32" /><ent r="4" t="232" w="46" /><ent r="5" t="233" w="232" /><ent r="6" t="237" w="39" /><ent r="6" t="237" w="51" /><ent r="6" t="237" w="60" /><ent r="6" t="237" w="325" /></phr><phr n="Image"><ent r="100" t="1" w="443" /><ent r="92" t="1" w="447" /><ent r="3" t="1" w="452" /><ent r="3" t="1" w="461" /><ent r="3" t="1" w="478" /><ent r="7" t="6" w="110" /><ent r="68" t="6" w="114" /><ent r="67" t="7" w="327" /><ent r="6" t="20" w="335" /><ent r="4" t="45" w="193" /><ent r="4" t="45" w="198" /><ent r="92" t="46" w="109" /><ent r="92" t="46" w="319" /><ent r="1000" t="48" w="3" /><ent r="102" t="48" w="7" /><ent r="3" t="48" w="61" /><ent r="4" t="48" w="85" /><ent r="92" t="49" w="120" /><ent r="1000" t="51" w="1" /><ent r="100" t="51" w="9" /><ent r="102" t="51" w="13" /><ent r="3" t="51" w="18" /><ent r="3" t="51" w="59" /><ent r="3" t="51" w="109" /><ent r="5" t="51" w="139" /><ent r="3" t="51" w="154" /><ent r="3" t="51" w="161" /><ent r="5" t="51" w="298" /><ent r="4" t="57" w="58" /><ent r="1000" t="71" w="2" /><ent r="102" t="71" w="10" /><ent r="3" t="71" w="33" /><ent r="4" t="71" w="45" /><ent r="4" t="71" w="61" /><ent r="3" t="71" w="92" /><ent r="3" t="71" w="98" /><ent r="64" t="71" w="170" /><ent r="1000" t="72" w="2" /><ent r="102" t="72" w="7" /><ent r="3" t="72" w="18" /><ent r="5" t="72" w="68" /><ent r="5" t="72" w="200" /><ent r="5" t="72" w="244" /><ent r="64" t="72" w="298" /><ent r="64" t="111" w="323" /><ent r="92" t="157" w="169" /><ent r="4" t="169" w="108" /><ent r="64" t="185" w="319" /><ent r="1000" t="186" w="2" /><ent r="103" t="186" w="13" /><ent r="4" t="186" w="60" /><ent r="100" t="186" w="84" /><ent r="4" t="186" w="88" /><ent r="4" t="186" w="293" /><ent r="95" t="186" w="612" /><ent r="92" t="186" w="2116" /><ent r="5" t="186" w="2129" /><ent r="3" t="186" w="2137" /><ent r="4" t="186" w="2149" /><ent r="4" t="186" w="2203" /><ent r="92" t="186" w="2315" /><ent r="92" t="188" w="838" /><ent r="3" t="193" w="1062" /><ent r="4" t="230" w="51" /><ent r="4" t="231" w="58" /><ent r="6" t="237" w="64" /><ent r="6" t="237" w="66" /><ent r="6" t="237" w="144" /><ent r="6" t="237" w="196" /><ent r="6" t="237" w="238" /><ent r="6" t="237" w="300" /><ent r="6" t="237" w="319" /><ent r="6" t="237" w="334" /><ent r="6" t="237" w="336" /><ent r="6" t="237" w="366" /><ent r="6" t="237" w="410" /><ent r="6" t="237" w="447" /><ent r="6" t="237" w="482" /><ent r="6" t="237" w="528" /></phr><phr n="Images"><ent r="6" t="20" w="174" /><ent r="6" t="25" w="45" /><ent r="3" t="34" w="28" /></phr></stem></index>