<?xml version="1.0" encoding="utf-8"?><index><stem n="wizard"><phr n="wizards"><ent r="3" t="1" w="164" /><ent r="3" t="103" w="46" /><ent r="3" t="118" w="52" /><ent r="3" t="121" w="20" /><ent r="3" t="122" w="157" /><ent r="3" t="124" w="34" /><ent r="3" t="124" w="37" /><ent r="3" t="124" w="94" /><ent r="3" t="124" w="104" /><ent r="100" t="125" w="67" /><ent r="4" t="125" w="71" /><ent r="3" t="126" w="196" /><ent r="3" t="193" w="1707" /><ent r="3" t="194" w="113" /><ent r="3" t="194" w="127" /><ent r="3" t="194" w="133" /><ent r="3" t="194" w="1568" /><ent r="3" t="194" w="1580" /></phr><phr n="Wizard"><ent r="4" t="22" w="167" /><ent r="1000" t="118" w="3" /><ent r="100" t="118" w="8" /><ent r="100" t="118" w="12" /><ent r="100" t="118" w="16" /><ent r="100" t="118" w="22" /><ent r="100" t="118" w="26" /><ent r="100" t="118" w="28" /><ent r="100" t="118" w="31" /><ent r="102" t="118" w="37" /><ent r="3" t="118" w="41" /><ent r="100" t="118" w="72" /><ent r="3" t="118" w="79" /><ent r="100" t="118" w="82" /><ent r="4" t="118" w="102" /><ent r="3" t="118" w="107" /><ent r="3" t="118" w="118" /><ent r="100" t="118" w="128" /><ent r="92" t="118" w="134" /><ent r="100" t="118" w="143" /><ent r="100" t="118" w="226" /><ent r="92" t="118" w="230" /><ent r="3" t="118" w="235" /><ent r="64" t="118" w="257" /><ent r="92" t="118" w="262" /><ent r="100" t="118" w="266" /><ent r="3" t="118" w="275" /><ent r="64" t="118" w="311" /><ent r="92" t="118" w="315" /><ent r="64" t="118" w="459" /><ent r="100" t="118" w="463" /><ent r="92" t="118" w="467" /><ent r="3" t="118" w="471" /><ent r="64" t="118" w="492" /><ent r="64" t="118" w="495" /><ent r="64" t="118" w="501" /><ent r="92" t="118" w="506" /><ent r="100" t="118" w="510" /><ent r="100" t="118" w="515" /><ent r="3" t="118" w="519" /><ent r="64" t="118" w="553" /><ent r="64" t="118" w="562" /><ent r="64" t="118" w="566" /><ent r="64" t="118" w="570" /><ent r="64" t="118" w="574" /><ent r="1000" t="119" w="1" /><ent r="100" t="119" w="6" /><ent r="100" t="119" w="9" /><ent r="102" t="119" w="13" /><ent r="7" t="119" w="31" /><ent r="7" t="119" w="90" /><ent r="7" t="119" w="126" /><ent r="7" t="119" w="164" /><ent r="68" t="119" w="264" /><ent r="68" t="119" w="298" /><ent r="1000" t="120" w="3" /><ent r="102" t="120" w="17" /><ent r="5" t="120" w="35" /><ent r="3" t="120" w="40" /><ent r="64" t="120" w="55" /><ent r="65" t="120" w="72" /><ent r="4" t="120" w="88" /><ent r="65" t="120" w="130" /><ent r="4" t="120" w="157" /><ent r="65" t="120" w="186" /><ent r="92" t="120" w="196" /><ent r="3" t="120" w="212" /><ent r="64" t="120" w="261" /><ent r="64" t="120" w="266" /><ent r="64" t="120" w="270" /><ent r="64" t="120" w="274" /><ent r="64" t="120" w="277" /><ent r="1000" t="121" w="3" /><ent r="102" t="121" w="10" /><ent r="5" t="121" w="49" /><ent r="4" t="121" w="55" /><ent r="4" t="121" w="61" /><ent r="64" t="121" w="93" /><ent r="4" t="121" w="129" /><ent r="64" t="121" w="138" /><ent r="64" t="121" w="143" /><ent r="1000" t="122" w="3" /><ent r="102" t="122" w="13" /><ent r="4" t="122" w="29" /><ent r="92" t="122" w="63" /><ent r="92" t="122" w="66" /><ent r="5" t="122" w="85" /><ent r="4" t="122" w="91" /><ent r="92" t="122" w="109" /><ent r="64" t="122" w="137" /><ent r="4" t="122" w="168" /><ent r="64" t="122" w="194" /><ent r="1000" t="123" w="3" /><ent r="102" t="123" w="13" /><ent r="4" t="123" w="22" /><ent r="64" t="123" w="54" /><ent r="4" t="123" w="91" /><ent r="4" t="123" w="116" /><ent r="64" t="123" w="149" /><ent r="1000" t="124" w="2" /><ent r="102" t="124" w="6" /><ent r="100" t="124" w="10" /><ent r="100" t="124" w="13" /><ent r="3" t="124" w="18" /><ent r="3" t="124" w="30" /><ent r="3" t="124" w="44" /><ent r="4" t="124" w="63" /><ent r="3" t="124" w="74" /><ent r="64" t="124" w="118" /><ent r="64" t="124" w="122" /><ent r="1000" t="125" w="1" /><ent r="102" t="125" w="9" /><ent r="4" t="125" w="47" /><ent r="64" t="125" w="180" /><ent r="4" t="125" w="199" /><ent r="4" t="125" w="203" /><ent r="64" t="125" w="232" /><ent r="64" t="125" w="237" /><ent r="1000" t="126" w="1" /><ent r="102" t="126" w="13" /><ent r="3" t="126" w="22" /><ent r="4" t="126" w="120" /><ent r="3" t="126" w="147" /><ent r="4" t="126" w="228" /><ent r="4" t="126" w="369" /><ent r="4" t="126" w="508" /><ent r="1000" t="127" w="2" /><ent r="1000" t="127" w="7" /><ent r="102" t="127" w="10" /><ent r="102" t="127" w="15" /><ent r="1000" t="128" w="1" /><ent r="102" t="128" w="20" /><ent r="3" t="128" w="54" /><ent r="3" t="128" w="63" /><ent r="92" t="128" w="163" /><ent r="92" t="128" w="218" /><ent r="3" t="128" w="256" /><ent r="5" t="128" w="447" /><ent r="3" t="128" w="724" /><ent r="4" t="128" w="764" /><ent r="64" t="128" w="899" /><ent r="64" t="128" w="955" /><ent r="4" t="129" w="42" /><ent r="4" t="129" w="77" /><ent r="3" t="129" w="82" /><ent r="4" t="129" w="157" /><ent r="3" t="129" w="187" /><ent r="65" t="129" w="238" /><ent r="65" t="129" w="243" /><ent r="4" t="129" w="256" /><ent r="4" t="129" w="268" /><ent r="4" t="129" w="274" /><ent r="4" t="129" w="335" /><ent r="4" t="129" w="346" /><ent r="4" t="129" w="379" /><ent r="65" t="129" w="386" /><ent r="4" t="129" w="405" /><ent r="64" t="129" w="430" /><ent r="64" t="129" w="435" /><ent r="4" t="130" w="39" /><ent r="1000" t="131" w="2" /><ent r="102" t="131" w="14" /><ent r="64" t="131" w="17" /><ent r="64" t="131" w="168" /><ent r="64" t="131" w="203" /><ent r="64" t="131" w="237" /><ent r="1000" t="132" w="4" /><ent r="102" t="132" w="20" /><ent r="3" t="132" w="28" /><ent r="4" t="132" w="62" /><ent r="3" t="132" w="182" /><ent r="92" t="132" w="297" /><ent r="5" t="132" w="362" /><ent r="5" t="132" w="428" /><ent r="64" t="132" w="454" /><ent r="64" t="132" w="458" /><ent r="64" t="132" w="461" /><ent r="64" t="132" w="466" /><ent r="64" t="132" w="471" /><ent r="64" t="173" w="312" /><ent r="64" t="184" w="385" /><ent r="1000" t="193" w="2" /><ent r="100" t="193" w="5" /><ent r="102" t="193" w="11" /><ent r="3" t="193" w="28" /><ent r="4" t="193" w="50" /><ent r="4" t="193" w="78" /><ent r="3" t="193" w="109" /><ent r="3" t="193" w="130" /><ent r="3" t="193" w="153" /><ent r="4" t="193" w="187" /><ent r="3" t="193" w="259" /><ent r="64" t="193" w="305" /><ent r="3" t="193" w="324" /><ent r="5" t="193" w="430" /><ent r="4" t="193" w="434" /><ent r="92" t="193" w="442" /><ent r="4" t="193" w="447" /><ent r="3" t="193" w="481" /><ent r="4" t="193" w="493" /><ent r="3" t="193" w="525" /><ent r="4" t="193" w="551" /><ent r="4" t="193" w="596" /><ent r="4" t="193" w="612" /><ent r="3" t="193" w="674" /><ent r="4" t="193" w="681" /><ent r="4" t="193" w="697" /><ent r="4" t="193" w="757" /><ent r="92" t="193" w="763" /><ent r="64" t="193" w="788" /><ent r="3" t="193" w="880" /><ent r="3" t="193" w="988" /><ent r="6" t="193" w="1210" /><ent r="4" t="193" w="1239" /><ent r="4" t="193" w="1351" /><ent r="3" t="193" w="1409" /><ent r="3" t="193" w="1417" /><ent r="3" t="193" w="1587" /><ent r="3" t="193" w="1612" /><ent r="4" t="193" w="1666" /><ent r="3" t="193" w="1722" /><ent r="4" t="193" w="1748" /><ent r="92" t="193" w="1753" /><ent r="4" t="193" w="1829" /><ent r="4" t="193" w="1864" /><ent r="5" t="193" w="1897" /><ent r="3" t="193" w="1925" /><ent r="1000" t="194" w="4" /><ent r="103" t="194" w="17" /><ent r="64" t="194" w="55" /><ent r="3" t="194" w="117" /><ent r="5" t="194" w="153" /><ent r="64" t="194" w="213" /><ent r="92" t="194" w="410" /><ent r="5" t="194" w="422" /><ent r="4" t="194" w="426" /><ent r="4" t="194" w="433" /><ent r="4" t="194" w="469" /><ent r="65" t="194" w="474" /><ent r="4" t="194" w="495" /><ent r="4" t="194" w="501" /><ent r="4" t="194" w="539" /><ent r="4" t="194" w="543" /><ent r="4" t="194" w="581" /><ent r="4" t="194" w="632" /><ent r="3" t="194" w="753" /><ent r="4" t="194" w="790" /><ent r="3" t="194" w="1096" /><ent r="4" t="194" w="1215" /><ent r="92" t="194" w="1292" /><ent r="6" t="194" w="1307" /><ent r="92" t="194" w="1414" /><ent r="4" t="194" w="1424" /><ent r="1000" t="237" w="1" /><ent r="100" t="237" w="7" /><ent r="100" t="237" w="11" /><ent r="100" t="237" w="15" /><ent r="100" t="237" w="20" /><ent r="100" t="237" w="23" /><ent r="102" t="237" w="28" /><ent r="64" t="237" w="46" /><ent r="1000" t="238" w="1" /><ent r="100" t="238" w="7" /><ent r="100" t="238" w="18" /><ent r="100" t="238" w="23" /><ent r="100" t="238" w="26" /><ent r="102" t="238" w="31" /><ent r="64" t="238" w="49" /><ent r="7" t="238" w="83" /><ent r="7" t="238" w="196" /><ent r="1000" t="239" w="1" /><ent r="100" t="239" w="20" /><ent r="100" t="239" w="23" /><ent r="102" t="239" w="28" /><ent r="64" t="239" w="46" /><ent r="7" t="239" w="90" /><ent r="68" t="239" w="166" /><ent r="68" t="239" w="204" /><ent r="1000" t="240" w="1" /><ent r="100" t="240" w="6" /><ent r="100" t="240" w="13" /><ent r="102" t="240" w="16" /><ent r="64" t="240" w="34" /><ent r="7" t="240" w="65" /><ent r="7" t="240" w="80" /><ent r="7" t="240" w="83" /><ent r="7" t="240" w="86" /><ent r="7" t="240" w="88" /><ent r="64" t="241" w="24" /></phr><phr n="wizard"><ent r="4" t="22" w="173" /><ent r="64" t="82" w="201" /><ent r="3" t="103" w="60" /><ent r="3" t="118" w="114" /><ent r="100" t="118" w="140" /><ent r="3" t="118" w="155" /><ent r="3" t="118" w="163" /><ent r="3" t="118" w="167" /><ent r="3" t="118" w="248" /><ent r="100" t="118" w="271" /><ent r="3" t="118" w="307" /><ent r="3" t="118" w="319" /><ent r="3" t="118" w="331" /><ent r="3" t="118" w="338" /><ent r="3" t="118" w="446" /><ent r="3" t="118" w="455" /><ent r="3" t="118" w="475" /><ent r="3" t="118" w="529" /><ent r="3" t="118" w="549" /><ent r="7" t="119" w="27" /><ent r="7" t="119" w="39" /><ent r="7" t="119" w="54" /><ent r="7" t="119" w="59" /><ent r="7" t="119" w="64" /><ent r="7" t="119" w="73" /><ent r="7" t="119" w="159" /><ent r="5" t="119" w="232" /><ent r="7" t="119" w="242" /><ent r="7" t="119" w="259" /><ent r="7" t="119" w="276" /><ent r="7" t="119" w="293" /><ent r="100" t="120" w="7" /><ent r="100" t="120" w="10" /><ent r="100" t="120" w="12" /><ent r="65" t="120" w="61" /><ent r="4" t="120" w="67" /><ent r="4" t="120" w="99" /><ent r="4" t="120" w="117" /><ent r="4" t="120" w="139" /><ent r="4" t="120" w="150" /><ent r="4" t="120" w="170" /><ent r="100" t="120" w="191" /><ent r="3" t="120" w="209" /><ent r="3" t="120" w="224" /><ent r="3" t="120" w="235" /><ent r="3" t="120" w="248" /><ent r="100" t="121" w="5" /><ent r="100" t="121" w="14" /><ent r="3" t="121" w="31" /><ent r="4" t="121" w="110" /><ent r="4" t="121" w="122" /><ent r="100" t="122" w="6" /><ent r="100" t="122" w="8" /><ent r="3" t="122" w="22" /><ent r="4" t="122" w="26" /><ent r="4" t="122" w="42" /><ent r="4" t="122" w="55" /><ent r="65" t="122" w="97" /><ent r="3" t="122" w="118" /><ent r="3" t="122" w="175" /><ent r="3" t="122" w="184" /><ent r="100" t="123" w="6" /><ent r="100" t="123" w="8" /><ent r="3" t="123" w="18" /><ent r="4" t="123" w="68" /><ent r="4" t="123" w="85" /><ent r="4" t="123" w="110" /><ent r="3" t="123" w="129" /><ent r="4" t="123" w="141" /><ent r="100" t="125" w="5" /><ent r="3" t="125" w="14" /><ent r="4" t="125" w="81" /><ent r="4" t="125" w="99" /><ent r="3" t="125" w="108" /><ent r="3" t="125" w="121" /><ent r="4" t="125" w="126" /><ent r="4" t="125" w="152" /><ent r="3" t="125" w="192" /><ent r="100" t="126" w="7" /><ent r="100" t="126" w="9" /><ent r="3" t="126" w="29" /><ent r="4" t="126" w="83" /><ent r="3" t="126" w="126" /><ent r="3" t="126" w="139" /><ent r="3" t="126" w="153" /><ent r="3" t="126" w="172" /><ent r="4" t="126" w="233" /><ent r="65" t="126" w="271" /><ent r="4" t="126" w="324" /><ent r="3" t="126" w="339" /><ent r="4" t="126" w="374" /><ent r="65" t="126" w="413" /><ent r="4" t="126" w="422" /><ent r="3" t="126" w="456" /><ent r="3" t="126" w="470" /><ent r="3" t="126" w="492" /><ent r="4" t="126" w="513" /><ent r="65" t="126" w="549" /><ent r="3" t="127" w="19" /><ent r="3" t="127" w="30" /><ent r="3" t="127" w="49" /><ent r="3" t="127" w="57" /><ent r="3" t="127" w="78" /><ent r="100" t="128" w="6" /><ent r="100" t="128" w="10" /><ent r="100" t="128" w="14" /><ent r="100" t="128" w="17" /><ent r="3" t="128" w="24" /><ent r="3" t="128" w="32" /><ent r="3" t="128" w="45" /><ent r="3" t="128" w="48" /><ent r="3" t="128" w="73" /><ent r="100" t="128" w="96" /><ent r="100" t="128" w="100" /><ent r="3" t="128" w="144" /><ent r="3" t="128" w="170" /><ent r="3" t="128" w="227" /><ent r="3" t="128" w="292" /><ent r="3" t="128" w="309" /><ent r="8" t="128" w="416" /><ent r="3" t="128" w="462" /><ent r="3" t="128" w="630" /><ent r="3" t="128" w="636" /><ent r="3" t="128" w="684" /><ent r="3" t="128" w="837" /><ent r="3" t="128" w="848" /><ent r="3" t="128" w="851" /><ent r="3" t="128" w="872" /><ent r="3" t="128" w="922" /><ent r="3" t="128" w="935" /><ent r="100" t="129" w="20" /><ent r="3" t="129" w="121" /><ent r="4" t="129" w="175" /><ent r="4" t="129" w="234" /><ent r="100" t="131" w="6" /><ent r="100" t="131" w="9" /><ent r="3" t="131" w="125" /><ent r="3" t="131" w="186" /><ent r="3" t="131" w="216" /><ent r="3" t="131" w="232" /><ent r="100" t="132" w="12" /><ent r="100" t="132" w="25" /><ent r="3" t="132" w="98" /><ent r="3" t="132" w="111" /><ent r="4" t="132" w="116" /><ent r="4" t="132" w="142" /><ent r="3" t="132" w="190" /><ent r="3" t="132" w="200" /><ent r="3" t="132" w="235" /><ent r="3" t="132" w="258" /><ent r="3" t="132" w="303" /><ent r="3" t="132" w="315" /><ent r="3" t="132" w="337" /><ent r="4" t="132" w="356" /><ent r="3" t="132" w="393" /><ent r="3" t="132" w="403" /><ent r="4" t="132" w="422" /><ent r="3" t="173" w="559" /><ent r="3" t="178" w="169" /><ent r="4" t="180" w="317" /><ent r="4" t="180" w="356" /><ent r="3" t="181" w="91" /><ent r="4" t="181" w="393" /><ent r="4" t="181" w="398" /><ent r="3" t="188" w="533" /><ent r="4" t="188" w="543" /><ent r="4" t="188" w="819" /><ent r="4" t="188" w="909" /><ent r="3" t="188" w="968" /><ent r="4" t="188" w="1263" /><ent r="4" t="188" w="1285" /><ent r="4" t="188" w="1328" /><ent r="3" t="188" w="1729" /><ent r="4" t="193" w="54" /><ent r="4" t="193" w="72" /><ent r="3" t="193" w="185" /><ent r="3" t="193" w="471" /><ent r="3" t="193" w="776" /><ent r="4" t="193" w="1099" /><ent r="3" t="193" w="1654" /><ent r="3" t="193" w="1733" /><ent r="3" t="193" w="1737" /><ent r="4" t="193" w="1757" /><ent r="4" t="193" w="1778" /><ent r="4" t="193" w="1810" /><ent r="4" t="193" w="1819" /><ent r="4" t="193" w="1834" /><ent r="4" t="193" w="1842" /><ent r="4" t="193" w="1885" /><ent r="3" t="194" w="37" /><ent r="3" t="194" w="47" /><ent r="4" t="194" w="72" /><ent r="4" t="194" w="99" /><ent r="4" t="194" w="103" /><ent r="3" t="194" w="130" /><ent r="5" t="194" w="145" /><ent r="5" t="194" w="167" /><ent r="4" t="194" w="462" /><ent r="4" t="194" w="527" /><ent r="4" t="194" w="1061" /><ent r="4" t="194" w="1235" /><ent r="3" t="194" w="1284" /><ent r="4" t="194" w="1297" /><ent r="6" t="194" w="1329" /><ent r="4" t="194" w="1353" /><ent r="3" t="194" w="1373" /><ent r="3" t="194" w="1631" /><ent r="7" t="237" w="150" /><ent r="100" t="238" w="12" /><ent r="100" t="238" w="15" /><ent r="7" t="238" w="79" /><ent r="7" t="238" w="91" /><ent r="7" t="238" w="106" /><ent r="100" t="238" w="116" /><ent r="7" t="238" w="121" /><ent r="7" t="238" w="127" /><ent r="7" t="238" w="142" /><ent r="7" t="238" w="153" /><ent r="7" t="238" w="165" /><ent r="100" t="238" w="176" /><ent r="7" t="238" w="186" /><ent r="7" t="238" w="204" /><ent r="7" t="238" w="219" /><ent r="100" t="239" w="9" /><ent r="100" t="239" w="15" /><ent r="7" t="239" w="78" /><ent r="5" t="239" w="123" /><ent r="100" t="239" w="133" /><ent r="7" t="239" w="144" /><ent r="7" t="239" w="161" /><ent r="7" t="239" w="182" /><ent r="7" t="239" w="199" /><ent r="7" t="240" w="102" /><ent r="7" t="240" w="117" /><ent r="7" t="240" w="147" /></phr><phr n="Wizards"><ent r="3" t="126" w="191" /><ent r="3" t="126" w="262" /><ent r="5" t="126" w="284" /><ent r="3" t="126" w="540" /><ent r="5" t="126" w="562" /><ent r="3" t="193" w="1400" /><ent r="3" t="193" w="1438" /><ent r="4" t="193" w="1620" /><ent r="5" t="194" w="170" /><ent r="4" t="194" w="186" /><ent r="4" t="194" w="1342" /></phr></stem><stem n="avail"><phr n="available"><ent r="3" t="1" w="184" /><ent r="3" t="2" w="109" /><ent r="3" t="4" w="70" /><ent r="3" t="8" w="17" /><ent r="7" t="8" w="95" /><ent r="4" t="11" w="17" /><ent r="3" t="20" w="540" /><ent r="3" t="24" w="80" /><ent r="3" t="25" w="21" /><ent r="3" t="26" w="17" /><ent r="4" t="28" w="89" /><ent r="3" t="29" w="21" /><ent r="4" t="29" w="186" /><ent r="4" t="29" w="313" /><ent r="3" t="34" w="65" /><ent r="3" t="35" w="39" /><ent r="4" t="49" w="167" /><ent r="4" t="49" w="347" /><ent r="4" t="51" w="18" /><ent r="4" t="62" w="45" /><ent r="4" t="66" w="65" /><ent r="3" t="78" w="137" /><ent r="3" t="78" w="256" /><ent r="3" t="78" w="283" /><ent r="4" t="78" w="301" /><ent r="4" t="82" w="64" /><ent r="5" t="91" w="674" /><ent r="7" t="91" w="711" /><ent r="4" t="95" w="129" /><ent r="3" t="106" w="15" /><ent r="4" t="109" w="486" /><ent r="4" t="110" w="371" /><ent r="3" t="116" w="24" /><ent r="3" t="118" w="296" /><ent r="3" t="124" w="108" /><ent r="4" t="125" w="37" /><ent r="4" t="126" w="278" /><ent r="4" t="126" w="293" /><ent r="4" t="126" w="426" /><ent r="4" t="126" w="556" /><ent r="4" t="126" w="571" /><ent r="3" t="128" w="72" /><ent r="3" t="128" w="334" /><ent r="3" t="128" w="587" /><ent r="3" t="128" w="644" /><ent r="4" t="128" w="754" /><ent r="4" t="132" w="52" /><ent r="4" t="146" w="145" /><ent r="4" t="148" w="186" /><ent r="4" t="148" w="197" /><ent r="4" t="151" w="241" /><ent r="4" t="159" w="403" /><ent r="3" t="159" w="479" /><ent r="4" t="160" w="374" /><ent r="3" t="160" w="447" /><ent r="3" t="160" w="822" /><ent r="4" t="161" w="373" /><ent r="3" t="161" w="446" /><ent r="3" t="161" w="860" /><ent r="3" t="162" w="155" /><ent r="3" t="173" w="299" /><ent r="3" t="173" w="308" /><ent r="4" t="181" w="388" /><ent r="4" t="185" w="1623" /><ent r="4" t="188" w="1067" /><ent r="3" t="188" w="1722" /><ent r="4" t="195" w="73" /><ent r="4" t="195" w="105" /><ent r="3" t="202" w="60" /><ent r="3" t="207" w="48" /><ent r="4" t="211" w="505" /><ent r="3" t="211" w="581" /><ent r="3" t="213" w="42" /><ent r="3" t="213" w="61" /><ent r="3" t="225" w="164" /><ent r="3" t="226" w="110" /><ent r="3" t="236" w="258" /><ent r="3" t="237" w="38" /><ent r="3" t="238" w="41" /><ent r="6" t="238" w="65" /><ent r="6" t="238" w="71" /><ent r="3" t="239" w="38" /><ent r="3" t="240" w="26" /><ent r="6" t="240" w="50" /><ent r="6" t="240" w="56" /><ent r="5" t="241" w="730" /></phr><phr n="Available"><ent r="6" t="24" w="101" /><ent r="6" t="28" w="112" /><ent r="3" t="75" w="233" /><ent r="4" t="148" w="215" /><ent r="4" t="179" w="116" /><ent r="4" t="180" w="135" /><ent r="4" t="186" w="2490" /><ent r="7" t="205" w="485" /></phr></stem><stem n="associ"><phr n="associated"><ent r="3" t="1" w="193" /><ent r="3" t="4" w="84" /><ent r="3" t="14" w="62" /><ent r="4" t="20" w="126" /><ent r="4" t="25" w="210" /><ent r="4" t="25" w="231" /><ent r="4" t="27" w="576" /><ent r="3" t="33" w="21" /><ent r="3" t="47" w="115" /><ent r="4" t="55" w="83" /><ent r="3" t="78" w="204" /><ent r="3" t="133" w="33" /><ent r="3" t="160" w="754" /><ent r="3" t="161" w="22" /><ent r="3" t="169" w="96" /><ent r="3" t="192" w="84" /><ent r="5" t="197" w="196" /><ent r="3" t="202" w="219" /><ent r="3" t="202" w="251" /><ent r="3" t="207" w="66" /><ent r="3" t="209" w="21" /><ent r="5" t="228" w="613" /></phr><phr n="associate"><ent r="4" t="20" w="519" /><ent r="4" t="84" w="189" /><ent r="3" t="191" w="164" /><ent r="4" t="191" w="438" /><ent r="3" t="191" w="580" /></phr></stem><stem n="shortcut"><phr n="shortcut"><ent r="3" t="1" w="194" /><ent r="3" t="1" w="605" /><ent r="100" t="2" w="7" /><ent r="3" t="2" w="39" /><ent r="64" t="17" w="74" /><ent r="4" t="49" w="547" /><ent r="3" t="51" w="117" /><ent r="3" t="95" w="144" /><ent r="64" t="101" w="147" /><ent r="64" t="102" w="151" /><ent r="4" t="109" w="507" /><ent r="4" t="145" w="276" /><ent r="3" t="145" w="282" /><ent r="4" t="190" w="686" /><ent r="3" t="190" w="725" /><ent r="64" t="211" w="159" /><ent r="100" t="224" w="9" /><ent r="100" t="226" w="10" /><ent r="100" t="226" w="13" /><ent r="3" t="226" w="24" /><ent r="3" t="226" w="34" /><ent r="3" t="226" w="112" /><ent r="4" t="226" w="160" /></phr><phr n="Shortcut"><ent r="92" t="1" w="562" /><ent r="3" t="1" w="568" /><ent r="64" t="1" w="616" /><ent r="64" t="2" w="44" /><ent r="64" t="2" w="153" /><ent r="7" t="5" w="19" /><ent r="7" t="7" w="307" /><ent r="64" t="145" w="324" /><ent r="64" t="224" w="60" /><ent r="1000" t="226" w="2" /><ent r="102" t="226" w="6" /><ent r="4" t="226" w="141" /><ent r="6" t="237" w="58" /><ent r="6" t="238" w="61" /><ent r="6" t="239" w="58" /><ent r="6" t="240" w="46" /></phr><phr n="shortcuts"><ent r="3" t="1" w="577" /><ent r="3" t="1" w="608" /><ent r="100" t="2" w="5" /><ent r="3" t="2" w="18" /><ent r="4" t="2" w="52" /><ent r="3" t="2" w="111" /><ent r="3" t="2" w="116" /><ent r="3" t="2" w="134" /><ent r="3" t="49" w="507" /><ent r="4" t="82" w="87" /><ent r="4" t="82" w="96" /><ent r="100" t="224" w="6" /><ent r="100" t="224" w="15" /></phr><phr n="Shortcuts"><ent r="64" t="1" w="589" /><ent r="1000" t="2" w="2" /><ent r="102" t="2" w="11" /><ent r="5" t="2" w="94" /><ent r="64" t="2" w="139" /><ent r="92" t="49" w="501" /><ent r="5" t="49" w="531" /><ent r="5" t="49" w="537" /><ent r="65" t="82" w="81" /><ent r="64" t="95" w="163" /><ent r="1000" t="224" w="3" /><ent r="102" t="224" w="19" /><ent r="5" t="226" w="96" /><ent r="3" t="226" w="101" /><ent r="4" t="226" w="118" /></phr></stem><stem n="kei"><phr n="keys"><ent r="3" t="1" w="195" /><ent r="3" t="1" w="569" /><ent r="3" t="1" w="606" /><ent r="100" t="2" w="8" /><ent r="3" t="2" w="40" /><ent r="7" t="7" w="308" /><ent r="3" t="48" w="107" /><ent r="3" t="65" w="163" /><ent r="3" t="84" w="70" /><ent r="3" t="84" w="78" /><ent r="4" t="145" w="277" /><ent r="3" t="145" w="283" /><ent r="3" t="186" w="428" /><ent r="3" t="186" w="1578" /><ent r="4" t="190" w="687" /><ent r="100" t="224" w="10" /><ent r="100" t="226" w="11" /><ent r="100" t="226" w="14" /><ent r="3" t="226" w="113" /><ent r="4" t="226" w="153" /></phr><phr n="Keys"><ent r="92" t="1" w="563" /><ent r="64" t="1" w="617" /><ent r="64" t="2" w="45" /><ent r="64" t="2" w="154" /><ent r="7" t="5" w="20" /><ent r="64" t="145" w="325" /><ent r="4" t="181" w="333" /><ent r="64" t="224" w="61" /><ent r="1000" t="226" w="3" /><ent r="102" t="226" w="7" /><ent r="6" t="237" w="59" /><ent r="6" t="238" w="62" /><ent r="6" t="239" w="59" /><ent r="6" t="240" w="47" /></phr><phr n="key"><ent r="3" t="17" w="127" /><ent r="3" t="17" w="220" /><ent r="4" t="45" w="536" /><ent r="4" t="49" w="403" /><ent r="4" t="49" w="407" /><ent r="3" t="50" w="545" /><ent r="4" t="61" w="68" /><ent r="3" t="65" w="99" /><ent r="3" t="65" w="159" /><ent r="3" t="71" w="285" /><ent r="4" t="112" w="166" /><ent r="3" t="128" w="201" /><ent r="4" t="129" w="315" /><ent r="4" t="131" w="158" /><ent r="4" t="179" w="133" /><ent r="4" t="181" w="313" /><ent r="3" t="185" w="1500" /><ent r="3" t="185" w="1516" /><ent r="4" t="186" w="1292" /><ent r="4" t="186" w="1472" /><ent r="4" t="186" w="1504" /><ent r="3" t="186" w="1547" /><ent r="4" t="186" w="1651" /><ent r="4" t="186" w="2002" /><ent r="3" t="187" w="1423" /><ent r="3" t="187" w="1547" /><ent r="3" t="190" w="726" /><ent r="6" t="193" w="1219" /><ent r="3" t="194" w="1105" /><ent r="3" t="194" w="1551" /><ent r="3" t="194" w="1589" /><ent r="4" t="225" w="237" /><ent r="3" t="226" w="25" /><ent r="3" t="226" w="35" /><ent r="3" t="226" w="59" /><ent r="3" t="226" w="63" /><ent r="3" t="226" w="168" /><ent r="3" t="226" w="177" /></phr><phr n="Key"><ent r="4" t="47" w="163" /><ent r="4" t="47" w="180" /><ent r="5" t="110" w="264" /><ent r="5" t="110" w="277" /><ent r="5" t="224" w="68" /></phr></stem><stem n="appear"><phr n="appear"><ent r="3" t="1" w="202" /><ent r="6" t="14" w="221" /><ent r="4" t="66" w="98" /><ent r="4" t="68" w="109" /><ent r="4" t="131" w="144" /><ent r="3" t="148" w="250" /><ent r="3" t="159" w="523" /><ent r="3" t="160" w="491" /><ent r="3" t="161" w="490" /><ent r="3" t="166" w="320" /><ent r="4" t="185" w="2096" /><ent r="4" t="185" w="2241" /><ent r="4" t="185" w="2270" /><ent r="3" t="186" w="1814" /><ent r="3" t="186" w="2125" /><ent r="3" t="186" w="2377" /><ent r="3" t="186" w="2987" /><ent r="4" t="187" w="1374" /><ent r="3" t="192" w="614" /><ent r="4" t="192" w="915" /><ent r="4" t="192" w="1117" /><ent r="3" t="192" w="1164" /><ent r="3" t="192" w="1178" /><ent r="3" t="193" w="1440" /><ent r="3" t="194" w="1375" /><ent r="4" t="206" w="424" /><ent r="3" t="211" w="624" /></phr><phr n="appears"><ent r="4" t="1" w="398" /><ent r="4" t="48" w="71" /><ent r="5" t="91" w="647" /><ent r="3" t="103" w="210" /><ent r="3" t="105" w="60" /><ent r="4" t="123" w="113" /><ent r="3" t="185" w="704" /><ent r="4" t="185" w="2226" /><ent r="4" t="185" w="2313" /><ent r="4" t="187" w="1334" /><ent r="4" t="188" w="1008" /><ent r="3" t="193" w="253" /><ent r="3" t="193" w="1418" /><ent r="3" t="202" w="162" /><ent r="4" t="202" w="441" /><ent r="3" t="206" w="162" /><ent r="3" t="212" w="30" /><ent r="3" t="212" w="107" /><ent r="3" t="212" w="126" /><ent r="3" t="217" w="161" /></phr></stem><stem n="area"><phr n="Area"><ent r="92" t="1" w="208" /><ent r="3" t="1" w="410" /><ent r="100" t="1" w="485" /><ent r="92" t="1" w="489" /><ent r="3" t="1" w="494" /><ent r="3" t="1" w="520" /><ent r="5" t="27" w="384" /><ent r="100" t="59" w="13" /><ent r="3" t="59" w="18" /><ent r="4" t="78" w="192" /><ent r="4" t="78" w="244" /><ent r="4" t="78" w="293" /><ent r="92" t="157" w="261" /><ent r="3" t="157" w="266" /><ent r="4" t="157" w="277" /><ent r="4" t="157" w="372" /><ent r="3" t="170" w="428" /><ent r="3" t="187" w="54" /><ent r="92" t="187" w="667" /><ent r="4" t="188" w="94" /><ent r="4" t="188" w="1044" /></phr><phr n="area"><ent r="4" t="1" w="326" /><ent r="3" t="1" w="510" /><ent r="3" t="1" w="547" /><ent r="4" t="4" w="181" /><ent r="3" t="14" w="70" /><ent r="3" t="21" w="321" /><ent r="3" t="21" w="334" /><ent r="3" t="21" w="377" /><ent r="4" t="27" w="219" /><ent r="4" t="27" w="236" /><ent r="4" t="27" w="254" /><ent r="4" t="41" w="174" /><ent r="4" t="41" w="184" /><ent r="4" t="41" w="192" /><ent r="4" t="48" w="77" /><ent r="3" t="48" w="95" /><ent r="3" t="48" w="114" /><ent r="4" t="50" w="179" /><ent r="4" t="50" w="209" /><ent r="3" t="50" w="244" /><ent r="4" t="50" w="466" /><ent r="4" t="50" w="484" /><ent r="3" t="50" w="510" /><ent r="3" t="50" w="517" /><ent r="3" t="50" w="528" /><ent r="3" t="50" w="573" /><ent r="3" t="50" w="587" /><ent r="3" t="50" w="603" /><ent r="3" t="50" w="622" /><ent r="4" t="59" w="82" /><ent r="3" t="70" w="56" /><ent r="4" t="71" w="120" /><ent r="3" t="78" w="229" /><ent r="3" t="82" w="402" /><ent r="3" t="82" w="422" /><ent r="4" t="86" w="81" /><ent r="4" t="86" w="164" /><ent r="4" t="86" w="264" /><ent r="3" t="88" w="133" /><ent r="3" t="88" w="152" /><ent r="3" t="88" w="163" /><ent r="3" t="88" w="173" /><ent r="3" t="90" w="26" /><ent r="3" t="90" w="42" /><ent r="3" t="90" w="54" /><ent r="3" t="90" w="64" /><ent r="4" t="92" w="84" /><ent r="3" t="105" w="146" /><ent r="4" t="109" w="215" /><ent r="3" t="109" w="251" /><ent r="3" t="109" w="426" /><ent r="4" t="113" w="59" /><ent r="3" t="118" w="321" /><ent r="3" t="118" w="343" /><ent r="3" t="118" w="347" /><ent r="3" t="118" w="355" /><ent r="3" t="118" w="473" /><ent r="3" t="118" w="522" /><ent r="5" t="119" w="201" /><ent r="4" t="123" w="99" /><ent r="4" t="129" w="74" /><ent r="6" t="157" w="134" /><ent r="3" t="157" w="282" /><ent r="3" t="159" w="229" /><ent r="4" t="159" w="295" /><ent r="3" t="159" w="687" /><ent r="3" t="160" w="655" /><ent r="3" t="161" w="654" /><ent r="3" t="161" w="766" /><ent r="4" t="161" w="842" /><ent r="3" t="163" w="176" /><ent r="3" t="166" w="222" /><ent r="3" t="166" w="244" /><ent r="3" t="170" w="404" /><ent r="3" t="170" w="1030" /><ent r="4" t="170" w="1110" /><ent r="3" t="171" w="40" /><ent r="3" t="172" w="52" /><ent r="4" t="181" w="124" /><ent r="4" t="185" w="392" /><ent r="4" t="185" w="610" /><ent r="3" t="185" w="653" /><ent r="3" t="185" w="664" /><ent r="3" t="185" w="679" /><ent r="3" t="185" w="713" /><ent r="3" t="185" w="816" /><ent r="4" t="185" w="1049" /><ent r="4" t="185" w="2229" /><ent r="4" t="185" w="2239" /><ent r="4" t="186" w="541" /><ent r="4" t="186" w="811" /><ent r="4" t="186" w="851" /><ent r="4" t="186" w="1891" /><ent r="4" t="186" w="1962" /><ent r="4" t="186" w="2842" /><ent r="4" t="186" w="2886" /><ent r="3" t="186" w="2946" /><ent r="3" t="187" w="79" /><ent r="4" t="187" w="257" /><ent r="4" t="187" w="570" /><ent r="4" t="187" w="585" /><ent r="4" t="188" w="217" /><ent r="4" t="188" w="1209" /><ent r="4" t="188" w="1708" /><ent r="3" t="189" w="267" /><ent r="4" t="189" w="456" /><ent r="4" t="189" w="726" /><ent r="3" t="190" w="257" /><ent r="4" t="190" w="444" /><ent r="4" t="192" w="368" /><ent r="4" t="192" w="760" /><ent r="3" t="192" w="1045" /><ent r="4" t="193" w="468" /><ent r="3" t="193" w="484" /><ent r="4" t="193" w="511" /><ent r="3" t="193" w="528" /><ent r="4" t="193" w="610" /><ent r="3" t="193" w="677" /><ent r="4" t="193" w="695" /><ent r="4" t="193" w="760" /><ent r="4" t="194" w="277" /><ent r="4" t="194" w="565" /><ent r="4" t="194" w="601" /><ent r="4" t="194" w="651" /><ent r="3" t="211" w="793" /><ent r="4" t="213" w="151" /><ent r="4" t="213" w="168" /><ent r="4" t="213" w="186" /><ent r="4" t="214" w="82" /><ent r="4" t="214" w="99" /><ent r="4" t="214" w="117" /><ent r="4" t="215" w="41" /><ent r="4" t="215" w="58" /><ent r="4" t="215" w="76" /><ent r="4" t="216" w="80" /><ent r="4" t="216" w="97" /><ent r="4" t="216" w="115" /><ent r="7" t="240" w="130" /></phr><phr n="areas"><ent r="3" t="78" w="180" /><ent r="3" t="78" w="384" /><ent r="3" t="161" w="825" /><ent r="4" t="185" w="1753" /><ent r="4" t="185" w="2095" /><ent r="3" t="186" w="2289" /></phr></stem></index>