﻿<?xml version="1.0" encoding="utf-8"?><index><stem n="modifi"><phr n="modify"><ent r="3" t="1" w="246" /><ent r="3" t="4" w="44" /><ent r="4" t="20" w="487" /><ent r="3" t="74" w="613" /><ent r="3" t="88" w="40" /><ent r="3" t="114" w="52" /><ent r="7" t="116" w="687" /><ent r="4" t="135" w="582" /><ent r="4" t="172" w="920" /><ent r="3" t="174" w="214" /><ent r="3" t="175" w="27" /><ent r="3" t="191" w="621" /><ent r="4" t="199" w="250" /><ent r="3" t="203" w="189" /><ent r="3" t="206" w="1623" /></phr><phr n="Modify"><ent r="4" t="68" w="77" /><ent r="4" t="238" w="52" /><ent r="5" t="238" w="186" /><ent r="5" t="238" w="268" /><ent r="5" t="238" w="336" /></phr><phr n="modified"><ent r="4" t="78" w="160" /></phr></stem><stem n="object"><phr n="objects"><ent r="3" t="1" w="247" /><ent r="6" t="3" w="146" /><ent r="3" t="4" w="45" /><ent r="7" t="5" w="74" /><ent r="7" t="5" w="110" /><ent r="7" t="8" w="125" /><ent r="6" t="11" w="138" /><ent r="6" t="11" w="145" /><ent r="4" t="29" w="96" /><ent r="3" t="88" w="41" /><ent r="3" t="89" w="31" /><ent r="5" t="89" w="41" /><ent r="3" t="89" w="91" /><ent r="3" t="89" w="120" /><ent r="3" t="89" w="155" /><ent r="3" t="89" w="177" /><ent r="3" t="89" w="217" /><ent r="3" t="89" w="228" /><ent r="4" t="90" w="18" /><ent r="4" t="90" w="66" /><ent r="3" t="96" w="44" /><ent r="3" t="158" w="49" /><ent r="3" t="158" w="76" /><ent r="3" t="159" w="179" /><ent r="3" t="160" w="35" /><ent r="3" t="161" w="22" /><ent r="3" t="161" w="33" /><ent r="3" t="174" w="37" /><ent r="3" t="174" w="806" /><ent r="3" t="178" w="28" /><ent r="3" t="197" w="80" /><ent r="3" t="204" w="425" /><ent r="4" t="207" w="1016" /><ent r="3" t="207" w="1059" /><ent r="3" t="208" w="837" /><ent r="3" t="210" w="99" /><ent r="4" t="210" w="127" /><ent r="4" t="210" w="139" /><ent r="6" t="236" w="106" /></phr><phr n="object"><ent r="7" t="5" w="65" /><ent r="7" t="5" w="104" /><ent r="7" t="8" w="146" /><ent r="7" t="11" w="165" /><ent r="7" t="11" w="177" /><ent r="7" t="11" w="187" /><ent r="6" t="11" w="342" /><ent r="5" t="13" w="113" /><ent r="5" t="13" w="128" /><ent r="7" t="13" w="146" /><ent r="4" t="51" w="152" /><ent r="4" t="51" w="172" /><ent r="3" t="87" w="157" /><ent r="3" t="87" w="169" /><ent r="3" t="87" w="185" /><ent r="3" t="89" w="78" /><ent r="3" t="89" w="83" /><ent r="3" t="89" w="104" /><ent r="3" t="89" w="130" /><ent r="3" t="89" w="145" /><ent r="3" t="89" w="197" /><ent r="3" t="89" w="207" /><ent r="4" t="90" w="58" /><ent r="4" t="90" w="83" /><ent r="3" t="90" w="88" /><ent r="4" t="90" w="92" /><ent r="4" t="90" w="151" /><ent r="4" t="90" w="159" /><ent r="4" t="90" w="170" /><ent r="4" t="90" w="189" /><ent r="4" t="90" w="218" /><ent r="4" t="90" w="257" /><ent r="4" t="90" w="263" /><ent r="4" t="91" w="78" /><ent r="4" t="92" w="95" /><ent r="5" t="93" w="91" /><ent r="5" t="93" w="98" /><ent r="4" t="93" w="107" /><ent r="4" t="117" w="157" /><ent r="3" t="130" w="59" /><ent r="3" t="130" w="66" /><ent r="3" t="160" w="63" /><ent r="3" t="162" w="33" /><ent r="3" t="162" w="46" /><ent r="3" t="162" w="63" /><ent r="4" t="162" w="71" /><ent r="3" t="178" w="136" /><ent r="3" t="178" w="140" /><ent r="4" t="210" w="741" /><ent r="3" t="216" w="29" /><ent r="6" t="236" w="77" /><ent r="6" t="236" w="116" /><ent r="6" t="236" w="181" /><ent r="6" t="236" w="234" /><ent r="6" t="236" w="326" /><ent r="6" t="236" w="350" /><ent r="6" t="236" w="518" /><ent r="6" t="236" w="639" /><ent r="6" t="236" w="665" /></phr><phr n="Object"><ent r="7" t="8" w="74" /><ent r="7" t="13" w="55" /><ent r="3" t="90" w="37" /><ent r="4" t="90" w="49" /><ent r="4" t="92" w="81" /><ent r="3" t="94" w="125" /><ent r="3" t="94" w="140" /><ent r="5" t="97" w="78" /><ent r="4" t="204" w="2876" /><ent r="4" t="204" w="2959" /><ent r="4" t="205" w="978" /><ent r="3" t="210" w="582" /><ent r="3" t="210" w="1010" /><ent r="4" t="210" w="1143" /><ent r="3" t="216" w="20" /><ent r="6" t="236" w="404" /></phr><phr n="Objects"><ent r="64" t="11" w="78" /><ent r="68" t="11" w="190" /><ent r="68" t="11" w="197" /><ent r="68" t="11" w="291" /><ent r="68" t="11" w="305" /><ent r="68" t="11" w="319" /><ent r="64" t="88" w="96" /><ent r="1000" t="90" w="4" /><ent r="102" t="90" w="9" /><ent r="100" t="90" w="12" /><ent r="65" t="90" w="70" /><ent r="64" t="91" w="138" /><ent r="4" t="92" w="87" /><ent r="64" t="92" w="300" /><ent r="64" t="178" w="159" /><ent r="3" t="204" w="405" /><ent r="1000" t="216" w="2" /><ent r="100" t="216" w="5" /><ent r="102" t="216" w="8" /><ent r="64" t="216" w="39" /><ent r="1000" t="236" w="4" /><ent r="100" t="236" w="7" /><ent r="102" t="236" w="13" /><ent r="6" t="236" w="23" /></phr><phr n="Objective"><ent r="3" t="202" w="52" /><ent r="4" t="203" w="21" /><ent r="4" t="204" w="38" /><ent r="4" t="205" w="27" /><ent r="4" t="206" w="29" /><ent r="4" t="207" w="19" /><ent r="4" t="208" w="22" /><ent r="4" t="209" w="26" /><ent r="4" t="210" w="19" /><ent r="4" t="211" w="15" /><ent r="4" t="212" w="23" /></phr></stem><stem n="line"><phr n="lines"><ent r="3" t="1" w="248" /><ent r="3" t="4" w="46" /><ent r="3" t="88" w="42" /><ent r="3" t="176" w="124" /><ent r="3" t="176" w="132" /><ent r="3" t="176" w="161" /><ent r="3" t="207" w="245" /><ent r="3" t="208" w="235" /><ent r="3" t="208" w="831" /><ent r="3" t="211" w="269" /><ent r="3" t="211" w="297" /><ent r="7" t="220" w="103" /><ent r="7" t="220" w="107" /><ent r="3" t="220" w="706" /><ent r="6" t="250" w="408" /><ent r="5" t="250" w="427" /><ent r="6" t="250" w="446" /><ent r="6" t="250" w="464" /><ent r="6" t="250" w="483" /><ent r="6" t="250" w="501" /><ent r="6" t="250" w="520" /><ent r="6" t="250" w="538" /><ent r="6" t="250" w="557" /><ent r="5" t="250" w="576" /><ent r="5" t="250" w="594" /><ent r="5" t="250" w="612" /><ent r="5" t="250" w="631" /><ent r="6" t="250" w="649" /><ent r="6" t="250" w="667" /><ent r="6" t="250" w="685" /><ent r="6" t="250" w="700" /><ent r="6" t="250" w="724" /></phr><phr n="line"><ent r="7" t="11" w="285" /><ent r="7" t="11" w="299" /><ent r="3" t="18" w="51" /><ent r="4" t="51" w="156" /><ent r="4" t="55" w="173" /><ent r="7" t="84" w="136" /><ent r="7" t="84" w="144" /><ent r="7" t="84" w="149" /><ent r="7" t="84" w="173" /><ent r="7" t="84" w="200" /><ent r="7" t="84" w="211" /><ent r="3" t="90" w="184" /><ent r="4" t="90" w="199" /><ent r="4" t="90" w="207" /><ent r="3" t="90" w="213" /><ent r="3" t="106" w="224" /><ent r="3" t="129" w="37" /><ent r="3" t="156" w="86" /><ent r="3" t="156" w="106" /><ent r="4" t="156" w="138" /><ent r="4" t="156" w="151" /><ent r="3" t="176" w="142" /><ent r="3" t="204" w="2148" /><ent r="3" t="204" w="2173" /><ent r="4" t="204" w="2930" /><ent r="3" t="204" w="2945" /><ent r="3" t="206" w="1641" /><ent r="3" t="207" w="1080" /><ent r="3" t="207" w="1109" /><ent r="6" t="211" w="1201" /><ent r="3" t="212" w="1085" /><ent r="7" t="216" w="63" /><ent r="7" t="216" w="90" /><ent r="7" t="216" w="165" /><ent r="7" t="220" w="98" /><ent r="7" t="220" w="305" /><ent r="7" t="220" w="393" /><ent r="6" t="236" w="284" /><ent r="6" t="236" w="346" /><ent r="6" t="236" w="396" /><ent r="6" t="236" w="438" /><ent r="6" t="236" w="477" /><ent r="6" t="250" w="395" /><ent r="5" t="250" w="414" /><ent r="6" t="250" w="433" /><ent r="6" t="250" w="451" /><ent r="6" t="250" w="470" /><ent r="6" t="250" w="488" /><ent r="6" t="250" w="507" /><ent r="6" t="250" w="525" /><ent r="6" t="250" w="544" /><ent r="5" t="250" w="563" /><ent r="5" t="250" w="581" /><ent r="5" t="250" w="599" /><ent r="5" t="250" w="618" /><ent r="6" t="250" w="636" /><ent r="6" t="250" w="654" /><ent r="6" t="250" w="672" /><ent r="6" t="250" w="690" /><ent r="6" t="250" w="705" /></phr><phr n="Line"><ent r="92" t="18" w="42" /><ent r="5" t="55" w="165" /><ent r="4" t="90" w="228" /><ent r="4" t="174" w="858" /><ent r="4" t="204" w="2934" /><ent r="3" t="204" w="2950" /><ent r="5" t="207" w="896" /><ent r="6" t="236" w="145" /><ent r="6" t="236" w="338" /><ent r="6" t="236" w="367" /><ent r="6" t="236" w="386" /><ent r="6" t="236" w="388" /><ent r="6" t="236" w="422" /><ent r="6" t="236" w="424" /><ent r="6" t="236" w="448" /><ent r="6" t="236" w="463" /><ent r="6" t="236" w="465" /><ent r="6" t="236" w="483" /><ent r="6" t="236" w="502" /><ent r="6" t="236" w="529" /></phr></stem><stem n="text"><phr n="text"><ent r="3" t="1" w="250" /><ent r="3" t="4" w="48" /><ent r="7" t="8" w="239" /><ent r="7" t="11" w="208" /><ent r="7" t="11" w="222" /><ent r="7" t="11" w="234" /><ent r="7" t="11" w="245" /><ent r="7" t="11" w="256" /><ent r="7" t="11" w="270" /><ent r="7" t="14" w="353" /><ent r="7" t="14" w="373" /><ent r="7" t="14" w="410" /><ent r="7" t="14" w="480" /><ent r="4" t="22" w="768" /><ent r="3" t="25" w="80" /><ent r="3" t="25" w="87" /><ent r="4" t="34" w="242" /><ent r="4" t="36" w="77" /><ent r="3" t="42" w="95" /><ent r="4" t="51" w="189" /><ent r="4" t="55" w="188" /><ent r="3" t="88" w="44" /><ent r="3" t="90" w="146" /><ent r="100" t="92" w="7" /><ent r="3" t="92" w="25" /><ent r="4" t="92" w="94" /><ent r="4" t="92" w="107" /><ent r="4" t="92" w="113" /><ent r="4" t="92" w="120" /><ent r="3" t="92" w="130" /><ent r="4" t="92" w="135" /><ent r="4" t="92" w="143" /><ent r="4" t="92" w="154" /><ent r="4" t="92" w="176" /><ent r="4" t="92" w="223" /><ent r="3" t="92" w="260" /><ent r="4" t="92" w="269" /><ent r="100" t="93" w="17" /><ent r="3" t="93" w="39" /><ent r="3" t="106" w="190" /><ent r="3" t="127" w="41" /><ent r="4" t="172" w="647" /><ent r="4" t="173" w="636" /><ent r="4" t="174" w="634" /><ent r="3" t="174" w="805" /><ent r="4" t="174" w="852" /><ent r="4" t="174" w="867" /><ent r="3" t="176" w="183" /><ent r="3" t="191" w="632" /><ent r="3" t="203" w="1585" /><ent r="3" t="204" w="2978" /><ent r="3" t="204" w="2987" /><ent r="3" t="204" w="3001" /><ent r="3" t="204" w="3009" /><ent r="4" t="204" w="3022" /><ent r="4" t="204" w="3043" /><ent r="3" t="204" w="3186" /><ent r="3" t="207" w="1085" /><ent r="4" t="208" w="1086" /><ent r="3" t="210" w="612" /><ent r="3" t="210" w="652" /><ent r="3" t="210" w="1160" /><ent r="3" t="210" w="1176" /><ent r="3" t="214" w="28" /><ent r="7" t="216" w="180" /><ent r="5" t="216" w="261" /><ent r="3" t="220" w="27" /><ent r="7" t="220" w="480" /><ent r="3" t="225" w="260" /><ent r="6" t="236" w="261" /><ent r="6" t="236" w="560" /><ent r="6" t="236" w="593" /><ent r="6" t="236" w="596" /><ent r="3" t="244" w="260" /><ent r="3" t="244" w="267" /><ent r="4" t="244" w="570" /><ent r="3" t="244" w="654" /><ent r="3" t="245" w="35" /><ent r="6" t="250" w="41" /><ent r="5" t="250" w="54" /><ent r="6" t="250" w="67" /><ent r="6" t="250" w="79" /><ent r="6" t="250" w="92" /><ent r="6" t="250" w="104" /><ent r="6" t="250" w="117" /><ent r="6" t="250" w="129" /><ent r="6" t="250" w="142" /><ent r="5" t="250" w="155" /><ent r="5" t="250" w="167" /><ent r="5" t="250" w="179" /><ent r="5" t="250" w="192" /><ent r="6" t="250" w="204" /><ent r="6" t="250" w="216" /><ent r="6" t="250" w="239" /><ent r="6" t="250" w="248" /><ent r="6" t="250" w="396" /><ent r="5" t="250" w="415" /><ent r="6" t="250" w="434" /><ent r="6" t="250" w="452" /><ent r="6" t="250" w="471" /><ent r="6" t="250" w="489" /><ent r="6" t="250" w="508" /><ent r="6" t="250" w="526" /><ent r="6" t="250" w="545" /><ent r="5" t="250" w="564" /><ent r="5" t="250" w="582" /><ent r="5" t="250" w="600" /><ent r="5" t="250" w="619" /><ent r="6" t="250" w="637" /><ent r="6" t="250" w="655" /><ent r="6" t="250" w="673" /><ent r="6" t="250" w="679" /><ent r="6" t="250" w="691" /><ent r="6" t="250" w="706" /></phr><phr n="Text"><ent r="64" t="11" w="85" /><ent r="68" t="11" w="214" /><ent r="68" t="11" w="229" /><ent r="68" t="11" w="240" /><ent r="68" t="11" w="251" /><ent r="68" t="11" w="261" /><ent r="68" t="11" w="276" /><ent r="64" t="25" w="227" /><ent r="5" t="29" w="512" /><ent r="65" t="29" w="534" /><ent r="5" t="34" w="230" /><ent r="5" t="51" w="181" /><ent r="5" t="55" w="180" /><ent r="64" t="88" w="101" /><ent r="64" t="90" w="306" /><ent r="1000" t="92" w="4" /><ent r="102" t="92" w="14" /><ent r="100" t="92" w="18" /><ent r="64" t="92" w="61" /><ent r="3" t="92" w="68" /><ent r="4" t="92" w="235" /><ent r="1000" t="93" w="5" /><ent r="102" t="93" w="11" /><ent r="100" t="93" w="20" /><ent r="3" t="102" w="152" /><ent r="4" t="106" w="182" /><ent r="4" t="174" w="831" /><ent r="4" t="174" w="860" /><ent r="92" t="176" w="171" /><ent r="3" t="176" w="175" /><ent r="92" t="176" w="188" /><ent r="4" t="204" w="2963" /><ent r="4" t="204" w="3034" /><ent r="3" t="210" w="586" /><ent r="3" t="210" w="595" /><ent r="3" t="210" w="645" /><ent r="5" t="210" w="738" /><ent r="4" t="210" w="759" /><ent r="4" t="210" w="774" /><ent r="4" t="210" w="1147" /><ent r="68" t="216" w="187" /><ent r="6" t="236" w="151" /><ent r="6" t="236" w="201" /><ent r="6" t="236" w="243" /><ent r="6" t="236" w="271" /><ent r="6" t="236" w="274" /><ent r="6" t="236" w="305" /><ent r="6" t="236" w="373" /><ent r="6" t="236" w="415" /><ent r="6" t="236" w="454" /><ent r="6" t="236" w="489" /><ent r="6" t="236" w="535" /><ent r="6" t="236" w="552" /><ent r="6" t="236" w="574" /><ent r="6" t="236" w="583" /><ent r="6" t="236" w="585" /><ent r="6" t="236" w="599" /><ent r="6" t="236" w="602" /><ent r="1000" t="245" w="2" /><ent r="102" t="245" w="9" /><ent r="3" t="245" w="17" /><ent r="6" t="250" w="242" /><ent r="6" t="250" w="254" /><ent r="6" t="250" w="275" /><ent r="6" t="250" w="694" /><ent r="6" t="250" w="712" /></phr></stem><stem n="’s"><phr n="’s"><ent r="3" t="1" w="254" /><ent r="3" t="4" w="52" /><ent r="3" t="22" w="812" /><ent r="3" t="29" w="28" /><ent r="4" t="110" w="85" /><ent r="4" t="110" w="168" /><ent r="4" t="110" w="268" /><ent r="4" t="145" w="90" /><ent r="4" t="145" w="100" /><ent r="3" t="145" w="249" /><ent r="3" t="147" w="185" /><ent r="3" t="151" w="346" /><ent r="3" t="153" w="918" /><ent r="3" t="157" w="289" /><ent r="3" t="172" w="686" /><ent r="3" t="173" w="675" /><ent r="3" t="174" w="673" /><ent r="3" t="204" w="303" /><ent r="4" t="204" w="2531" /><ent r="3" t="207" w="156" /><ent r="3" t="207" w="1097" /><ent r="3" t="207" w="1101" /><ent r="3" t="208" w="146" /><ent r="7" t="220" w="472" /><ent r="6" t="236" w="86" /><ent r="6" t="236" w="117" /><ent r="6" t="236" w="327" /><ent r="3" t="242" w="372" /></phr></stem><stem n="s"><phr n="s"><ent r="3" t="1" w="254" /><ent r="3" t="4" w="52" /><ent r="4" t="17" w="107" /><ent r="3" t="22" w="812" /><ent r="4" t="26" w="79" /><ent r="3" t="27" w="21" /><ent r="3" t="29" w="28" /><ent r="3" t="62" w="111" /><ent r="3" t="73" w="428" /><ent r="3" t="73" w="436" /><ent r="4" t="95" w="114" /><ent r="4" t="110" w="85" /><ent r="4" t="110" w="168" /><ent r="4" t="110" w="268" /><ent r="3" t="122" w="291" /><ent r="4" t="125" w="76" /><ent r="4" t="130" w="177" /><ent r="4" t="130" w="225" /><ent r="4" t="135" w="465" /><ent r="7" t="144" w="80" /><ent r="7" t="144" w="119" /><ent r="7" t="144" w="153" /><ent r="5" t="144" w="229" /><ent r="4" t="145" w="90" /><ent r="4" t="145" w="100" /><ent r="3" t="145" w="249" /><ent r="3" t="147" w="185" /><ent r="3" t="150" w="193" /><ent r="3" t="151" w="346" /><ent r="3" t="153" w="555" /><ent r="3" t="153" w="918" /><ent r="4" t="154" w="278" /><ent r="3" t="157" w="289" /><ent r="3" t="172" w="686" /><ent r="3" t="173" w="675" /><ent r="3" t="173" w="1161" /><ent r="3" t="174" w="673" /><ent r="6" t="191" w="525" /><ent r="6" t="191" w="532" /><ent r="4" t="201" w="105" /><ent r="3" t="204" w="303" /><ent r="4" t="204" w="1625" /><ent r="4" t="204" w="2531" /><ent r="3" t="204" w="2765" /><ent r="4" t="204" w="3052" /><ent r="4" t="206" w="1086" /><ent r="3" t="207" w="156" /><ent r="3" t="207" w="751" /><ent r="3" t="207" w="1097" /><ent r="3" t="207" w="1101" /><ent r="3" t="208" w="146" /><ent r="5" t="208" w="715" /><ent r="3" t="209" w="369" /><ent r="3" t="211" w="1314" /><ent r="3" t="211" w="1335" /><ent r="3" t="212" w="1165" /><ent r="3" t="212" w="1186" /><ent r="5" t="220" w="58" /><ent r="7" t="220" w="472" /><ent r="5" t="234" w="69" /><ent r="6" t="236" w="86" /><ent r="6" t="236" w="117" /><ent r="6" t="236" w="327" /><ent r="3" t="237" w="8" /><ent r="3" t="242" w="372" /><ent r="7" t="247" w="70" /><ent r="7" t="247" w="109" /><ent r="7" t="247" w="144" /><ent r="5" t="249" w="120" /></phr><phr n="S"><ent r="5" t="39" w="27" /><ent r="4" t="127" w="163" /><ent r="4" t="148" w="46" /><ent r="4" t="171" w="211" /><ent r="5" t="234" w="185" /><ent r="7" t="248" w="157" /></phr></stem><stem n="layer"><phr n="layer"><ent r="3" t="1" w="256" /><ent r="3" t="4" w="54" /><ent r="3" t="4" w="79" /><ent r="3" t="4" w="95" /><ent r="7" t="5" w="86" /><ent r="7" t="5" w="122" /><ent r="7" t="5" w="150" /><ent r="7" t="5" w="159" /><ent r="7" t="5" w="179" /><ent r="7" t="5" w="225" /><ent r="5" t="6" w="157" /><ent r="5" t="6" w="171" /><ent r="7" t="6" w="186" /><ent r="5" t="7" w="265" /><ent r="3" t="8" w="26" /><ent r="3" t="8" w="31" /><ent r="7" t="8" w="132" /><ent r="7" t="8" w="141" /><ent r="6" t="9" w="52" /><ent r="4" t="10" w="22" /><ent r="4" t="10" w="44" /><ent r="7" t="10" w="121" /><ent r="4" t="11" w="25" /><ent r="4" t="11" w="30" /><ent r="6" t="11" w="117" /><ent r="6" t="11" w="124" /><ent r="7" t="12" w="58" /><ent r="6" t="12" w="80" /><ent r="4" t="29" w="100" /><ent r="4" t="29" w="397" /><ent r="4" t="29" w="419" /><ent r="4" t="30" w="293" /><ent r="4" t="30" w="303" /><ent r="100" t="35" w="4" /><ent r="100" t="35" w="8" /><ent r="3" t="35" w="22" /><ent r="4" t="35" w="35" /><ent r="4" t="35" w="67" /><ent r="4" t="35" w="96" /><ent r="4" t="39" w="42" /><ent r="4" t="48" w="119" /><ent r="3" t="48" w="127" /><ent r="4" t="48" w="141" /><ent r="3" t="48" w="149" /><ent r="100" t="52" w="10" /><ent r="100" t="52" w="15" /><ent r="4" t="52" w="72" /><ent r="3" t="52" w="183" /><ent r="3" t="52" w="207" /><ent r="3" t="52" w="222" /><ent r="4" t="52" w="245" /><ent r="4" t="53" w="85" /><ent r="100" t="54" w="13" /><ent r="3" t="54" w="34" /><ent r="4" t="54" w="80" /><ent r="100" t="56" w="10" /><ent r="3" t="56" w="29" /><ent r="4" t="56" w="71" /><ent r="100" t="57" w="10" /><ent r="3" t="57" w="26" /><ent r="4" t="57" w="68" /><ent r="5" t="57" w="684" /><ent r="5" t="57" w="1119" /><ent r="100" t="58" w="10" /><ent r="3" t="58" w="26" /><ent r="4" t="58" w="68" /><ent r="3" t="58" w="215" /><ent r="3" t="58" w="238" /><ent r="3" t="58" w="253" /><ent r="4" t="59" w="79" /><ent r="3" t="59" w="191" /><ent r="3" t="59" w="216" /><ent r="3" t="59" w="231" /><ent r="3" t="62" w="172" /><ent r="64" t="66" w="23" /><ent r="3" t="68" w="24" /><ent r="4" t="69" w="174" /><ent r="4" t="69" w="294" /><ent r="4" t="73" w="188" /><ent r="4" t="73" w="190" /><ent r="4" t="73" w="203" /><ent r="4" t="73" w="207" /><ent r="100" t="78" w="5" /><ent r="3" t="78" w="33" /><ent r="4" t="78" w="57" /><ent r="4" t="78" w="64" /><ent r="4" t="78" w="69" /><ent r="4" t="78" w="74" /><ent r="4" t="78" w="116" /><ent r="4" t="78" w="124" /><ent r="4" t="78" w="133" /><ent r="4" t="78" w="137" /><ent r="4" t="78" w="142" /><ent r="4" t="78" w="149" /><ent r="4" t="78" w="156" /><ent r="4" t="78" w="182" /><ent r="4" t="78" w="191" /><ent r="4" t="78" w="198" /><ent r="4" t="78" w="211" /><ent r="4" t="78" w="217" /><ent r="100" t="79" w="11" /><ent r="100" t="79" w="13" /><ent r="3" t="79" w="19" /><ent r="4" t="79" w="33" /><ent r="4" t="79" w="56" /><ent r="4" t="79" w="63" /><ent r="4" t="79" w="65" /><ent r="4" t="79" w="81" /><ent r="100" t="80" w="13" /><ent r="100" t="80" w="15" /><ent r="3" t="80" w="23" /><ent r="4" t="80" w="46" /><ent r="4" t="80" w="74" /><ent r="4" t="80" w="99" /><ent r="4" t="80" w="106" /><ent r="3" t="80" w="110" /><ent r="3" t="80" w="123" /><ent r="3" t="81" w="24" /><ent r="3" t="81" w="34" /><ent r="3" t="81" w="38" /><ent r="3" t="81" w="50" /><ent r="3" t="82" w="26" /><ent r="4" t="82" w="37" /><ent r="4" t="82" w="47" /><ent r="4" t="82" w="55" /><ent r="4" t="82" w="64" /><ent r="3" t="82" w="74" /><ent r="3" t="82" w="84" /><ent r="3" t="82" w="91" /><ent r="3" t="82" w="109" /><ent r="100" t="83" w="3" /><ent r="100" t="83" w="117" /><ent r="3" t="83" w="130" /><ent r="3" t="83" w="135" /><ent r="3" t="83" w="147" /><ent r="4" t="83" w="167" /><ent r="4" t="83" w="192" /><ent r="4" t="83" w="219" /><ent r="100" t="87" w="6" /><ent r="100" t="87" w="11" /><ent r="4" t="87" w="54" /><ent r="3" t="87" w="162" /><ent r="3" t="87" w="167" /><ent r="100" t="88" w="5" /><ent r="100" t="88" w="7" /><ent r="3" t="88" w="15" /><ent r="3" t="88" w="55" /><ent r="3" t="88" w="60" /><ent r="3" t="88" w="76" /><ent r="3" t="89" w="35" /><ent r="5" t="89" w="46" /><ent r="4" t="90" w="23" /><ent r="3" t="91" w="33" /><ent r="4" t="91" w="91" /><ent r="3" t="92" w="31" /><ent r="3" t="94" w="27" /><ent r="3" t="94" w="154" /><ent r="100" t="96" w="7" /><ent r="100" t="96" w="10" /><ent r="64" t="96" w="24" /><ent r="3" t="96" w="39" /><ent r="3" t="96" w="52" /><ent r="4" t="96" w="85" /><ent r="3" t="96" w="104" /><ent r="3" t="96" w="119" /><ent r="65" t="97" w="58" /><ent r="3" t="102" w="167" /><ent r="3" t="102" w="214" /><ent r="3" t="108" w="27" /><ent r="4" t="111" w="57" /><ent r="4" t="111" w="70" /><ent r="3" t="112" w="92" /><ent r="3" t="112" w="142" /><ent r="3" t="112" w="158" /><ent r="3" t="112" w="214" /><ent r="3" t="114" w="36" /><ent r="3" t="114" w="49" /><ent r="4" t="114" w="75" /><ent r="3" t="114" w="220" /><ent r="3" t="114" w="232" /><ent r="3" t="114" w="236" /><ent r="3" t="116" w="82" /><ent r="3" t="116" w="95" /><ent r="5" t="116" w="401" /><ent r="6" t="116" w="433" /><ent r="6" t="116" w="505" /><ent r="4" t="117" w="102" /><ent r="4" t="117" w="109" /><ent r="4" t="117" w="192" /><ent r="4" t="117" w="299" /><ent r="4" t="118" w="63" /><ent r="4" t="118" w="76" /><ent r="3" t="119" w="107" /><ent r="3" t="119" w="120" /><ent r="4" t="120" w="47" /><ent r="4" t="120" w="60" /><ent r="3" t="121" w="28" /><ent r="5" t="121" w="64" /><ent r="4" t="121" w="142" /><ent r="5" t="121" w="186" /><ent r="5" t="122" w="64" /><ent r="4" t="123" w="46" /><ent r="4" t="123" w="59" /><ent r="4" t="125" w="35" /><ent r="3" t="127" w="73" /><ent r="3" t="127" w="75" /><ent r="4" t="135" w="380" /><ent r="5" t="135" w="397" /><ent r="4" t="135" w="415" /><ent r="5" t="135" w="422" /><ent r="4" t="135" w="434" /><ent r="4" t="136" w="504" /><ent r="4" t="136" w="511" /><ent r="4" t="136" w="537" /><ent r="3" t="153" w="652" /><ent r="3" t="158" w="62" /><ent r="3" t="158" w="66" /><ent r="3" t="158" w="70" /><ent r="3" t="158" w="91" /><ent r="3" t="161" w="27" /><ent r="3" t="162" w="24" /><ent r="3" t="162" w="38" /><ent r="3" t="162" w="53" /><ent r="3" t="163" w="28" /><ent r="3" t="165" w="169" /><ent r="4" t="173" w="1064" /><ent r="5" t="173" w="1072" /><ent r="5" t="173" w="1133" /><ent r="3" t="174" w="65" /><ent r="3" t="174" w="69" /><ent r="3" t="174" w="887" /><ent r="3" t="174" w="900" /><ent r="100" t="177" w="6" /><ent r="100" t="177" w="11" /><ent r="3" t="177" w="33" /><ent r="4" t="177" w="87" /><ent r="3" t="177" w="158" /><ent r="100" t="178" w="6" /><ent r="100" t="178" w="11" /><ent r="3" t="178" w="32" /><ent r="4" t="178" w="76" /><ent r="100" t="179" w="14" /><ent r="3" t="179" w="38" /><ent r="4" t="179" w="68" /><ent r="4" t="179" w="82" /><ent r="3" t="179" w="256" /><ent r="4" t="180" w="84" /><ent r="3" t="181" w="19" /><ent r="3" t="181" w="49" /><ent r="5" t="181" w="717" /><ent r="100" t="182" w="10" /><ent r="100" t="182" w="15" /><ent r="4" t="182" w="35" /><ent r="3" t="192" w="246" /><ent r="3" t="193" w="92" /><ent r="3" t="193" w="106" /><ent r="3" t="197" w="75" /><ent r="3" t="197" w="84" /><ent r="4" t="198" w="93" /><ent r="5" t="201" w="95" /><ent r="4" t="201" w="103" /><ent r="3" t="201" w="159" /><ent r="3" t="203" w="1279" /><ent r="3" t="203" w="1284" /><ent r="3" t="203" w="1298" /><ent r="100" t="204" w="15" /><ent r="4" t="204" w="120" /><ent r="3" t="204" w="396" /><ent r="5" t="204" w="1038" /><ent r="4" t="204" w="1044" /><ent r="5" t="204" w="1808" /><ent r="5" t="204" w="1820" /><ent r="5" t="204" w="1895" /><ent r="4" t="204" w="2373" /><ent r="3" t="204" w="2744" /><ent r="3" t="204" w="2752" /><ent r="3" t="204" w="2760" /><ent r="3" t="204" w="2764" /><ent r="4" t="204" w="2842" /><ent r="4" t="204" w="3105" /><ent r="4" t="205" w="778" /><ent r="4" t="205" w="880" /><ent r="4" t="205" w="995" /><ent r="5" t="206" w="397" /><ent r="5" t="206" w="404" /><ent r="4" t="206" w="414" /><ent r="4" t="206" w="426" /><ent r="4" t="206" w="1224" /><ent r="4" t="206" w="1236" /><ent r="5" t="207" w="635" /><ent r="5" t="207" w="642" /><ent r="4" t="207" w="652" /><ent r="4" t="207" w="664" /><ent r="3" t="207" w="1006" /><ent r="5" t="208" w="624" /><ent r="5" t="208" w="631" /><ent r="4" t="208" w="641" /><ent r="4" t="208" w="653" /><ent r="4" t="208" w="936" /><ent r="4" t="208" w="946" /><ent r="3" t="208" w="1288" /><ent r="3" t="208" w="1299" /><ent r="3" t="208" w="1310" /><ent r="4" t="210" w="114" /><ent r="4" t="210" w="118" /><ent r="4" t="210" w="121" /><ent r="4" t="210" w="133" /><ent r="4" t="210" w="145" /></phr><phr n="Layer"><ent r="64" t="4" w="108" /><ent r="68" t="5" w="95" /><ent r="68" t="5" w="131" /><ent r="68" t="5" w="168" /><ent r="5" t="6" w="165" /><ent r="66" t="6" w="176" /><ent r="64" t="8" w="39" /><ent r="64" t="8" w="45" /><ent r="7" t="8" w="116" /><ent r="64" t="11" w="38" /><ent r="64" t="11" w="44" /><ent r="7" t="13" w="87" /><ent r="6" t="13" w="96" /><ent r="64" t="15" w="39" /><ent r="5" t="29" w="336" /><ent r="5" t="29" w="386" /><ent r="5" t="29" w="408" /><ent r="5" t="29" w="446" /><ent r="5" t="30" w="285" /><ent r="1000" t="35" w="1" /><ent r="102" t="35" w="10" /><ent r="5" t="35" w="26" /><ent r="5" t="35" w="58" /><ent r="64" t="50" w="26" /><ent r="64" t="50" w="30" /><ent r="64" t="50" w="34" /><ent r="64" t="50" w="39" /><ent r="64" t="50" w="43" /><ent r="64" t="50" w="47" /><ent r="64" t="50" w="51" /><ent r="64" t="50" w="55" /><ent r="64" t="50" w="60" /><ent r="1000" t="51" w="2" /><ent r="102" t="51" w="6" /><ent r="100" t="51" w="10" /><ent r="100" t="51" w="15" /><ent r="3" t="51" w="19" /><ent r="4" t="51" w="72" /><ent r="1000" t="52" w="2" /><ent r="102" t="52" w="6" /><ent r="3" t="52" w="19" /><ent r="1000" t="53" w="2" /><ent r="102" t="53" w="6" /><ent r="100" t="53" w="10" /><ent r="100" t="53" w="15" /><ent r="3" t="53" w="19" /><ent r="1000" t="54" w="3" /><ent r="102" t="54" w="8" /><ent r="3" t="54" w="19" /><ent r="1000" t="55" w="2" /><ent r="100" t="55" w="6" /><ent r="100" t="55" w="11" /><ent r="102" t="55" w="14" /><ent r="3" t="55" w="19" /><ent r="4" t="55" w="75" /><ent r="1000" t="56" w="2" /><ent r="102" t="56" w="6" /><ent r="3" t="56" w="15" /><ent r="1000" t="57" w="2" /><ent r="102" t="57" w="6" /><ent r="3" t="57" w="16" /><ent r="1000" t="58" w="2" /><ent r="102" t="58" w="6" /><ent r="3" t="58" w="16" /><ent r="1000" t="59" w="3" /><ent r="102" t="59" w="8" /><ent r="100" t="59" w="13" /><ent r="100" t="59" w="19" /><ent r="3" t="59" w="24" /><ent r="3" t="59" w="242" /><ent r="6" t="63" w="109" /><ent r="67" t="63" w="116" /><ent r="3" t="78" w="41" /><ent r="4" t="78" w="45" /><ent r="65" t="78" w="79" /><ent r="4" t="78" w="106" /><ent r="64" t="78" w="232" /><ent r="1000" t="79" w="3" /><ent r="102" t="79" w="7" /><ent r="4" t="79" w="43" /><ent r="64" t="79" w="99" /><ent r="1000" t="80" w="4" /><ent r="102" t="80" w="9" /><ent r="5" t="80" w="62" /><ent r="4" t="80" w="67" /><ent r="64" t="80" w="139" /><ent r="1000" t="81" w="1" /><ent r="102" t="81" w="5" /><ent r="3" t="81" w="10" /><ent r="3" t="81" w="44" /><ent r="64" t="83" w="140" /><ent r="5" t="83" w="178" /><ent r="64" t="83" w="305" /><ent r="64" t="83" w="309" /><ent r="64" t="84" w="47" /><ent r="1000" t="87" w="2" /><ent r="102" t="87" w="14" /><ent r="3" t="87" w="20" /><ent r="4" t="87" w="37" /><ent r="4" t="87" w="61" /><ent r="1000" t="88" w="2" /><ent r="102" t="88" w="11" /><ent r="64" t="88" w="65" /><ent r="64" t="88" w="86" /><ent r="64" t="88" w="109" /><ent r="64" t="88" w="113" /><ent r="66" t="89" w="53" /><ent r="3" t="89" w="222" /><ent r="3" t="89" w="243" /><ent r="64" t="89" w="248" /><ent r="65" t="90" w="30" /><ent r="64" t="91" w="141" /><ent r="64" t="92" w="38" /><ent r="64" t="94" w="163" /><ent r="1000" t="96" w="3" /><ent r="102" t="96" w="15" /><ent r="3" t="96" w="19" /><ent r="5" t="96" w="72" /><ent r="64" t="98" w="68" /><ent r="64" t="99" w="311" /><ent r="64" t="114" w="241" /><ent r="6" t="133" w="164" /><ent r="4" t="136" w="540" /><ent r="3" t="153" w="635" /><ent r="3" t="153" w="718" /><ent r="64" t="158" w="83" /><ent r="3" t="159" w="203" /><ent r="64" t="165" w="180" /><ent r="4" t="173" w="1083" /><ent r="4" t="174" w="55" /><ent r="4" t="174" w="58" /><ent r="92" t="174" w="790" /><ent r="3" t="174" w="794" /><ent r="4" t="174" w="812" /><ent r="92" t="174" w="874" /><ent r="3" t="174" w="878" /><ent r="64" t="174" w="904" /><ent r="3" t="174" w="912" /><ent r="64" t="174" w="922" /><ent r="1000" t="177" w="2" /><ent r="102" t="177" w="14" /><ent r="3" t="177" w="20" /><ent r="4" t="177" w="71" /><ent r="4" t="177" w="94" /><ent r="1000" t="178" w="2" /><ent r="102" t="178" w="14" /><ent r="3" t="178" w="19" /><ent r="3" t="178" w="41" /><ent r="3" t="178" w="53" /><ent r="4" t="178" w="60" /><ent r="4" t="178" w="83" /><ent r="1000" t="179" w="3" /><ent r="100" t="179" w="8" /><ent r="102" t="179" w="18" /><ent r="4" t="179" w="51" /><ent r="4" t="179" w="75" /><ent r="1000" t="180" w="3" /><ent r="100" t="180" w="8" /><ent r="100" t="180" w="14" /><ent r="102" t="180" w="18" /><ent r="3" t="180" w="25" /><ent r="4" t="180" w="67" /><ent r="4" t="180" w="91" /><ent r="1000" t="181" w="2" /><ent r="100" t="181" w="6" /><ent r="100" t="181" w="11" /><ent r="102" t="181" w="14" /><ent r="3" t="181" w="87" /><ent r="1000" t="182" w="2" /><ent r="102" t="182" w="6" /><ent r="3" t="182" w="21" /><ent r="64" t="202" w="332" /><ent r="102" t="204" w="28" /><ent r="5" t="204" w="2834" /><ent r="5" t="205" w="707" /><ent r="5" t="205" w="873" /><ent r="5" t="208" w="882" /><ent r="4" t="208" w="959" /><ent r="5" t="210" w="569" /><ent r="4" t="210" w="992" /></phr><phr n="layers"><ent r="6" t="11" w="133" /><ent r="4" t="38" w="222" /><ent r="5" t="45" w="225" /><ent r="4" t="47" w="80" /><ent r="4" t="48" w="85" /><ent r="100" t="50" w="7" /><ent r="3" t="50" w="23" /><ent r="4" t="51" w="119" /><ent r="4" t="52" w="119" /><ent r="3" t="52" w="201" /><ent r="4" t="53" w="133" /><ent r="4" t="54" w="130" /><ent r="4" t="55" w="121" /><ent r="4" t="56" w="121" /><ent r="4" t="57" w="115" /><ent r="4" t="58" w="118" /><ent r="3" t="58" w="232" /><ent r="4" t="59" w="126" /><ent r="3" t="59" w="210" /><ent r="4" t="69" w="404" /><ent r="3" t="73" w="70" /><ent r="100" t="78" w="12" /><ent r="3" t="78" w="24" /><ent r="4" t="78" w="89" /><ent r="4" t="78" w="102" /><ent r="4" t="78" w="169" /><ent r="4" t="80" w="87" /><ent r="100" t="82" w="10" /><ent r="100" t="82" w="13" /><ent r="100" t="82" w="15" /><ent r="100" t="82" w="18" /><ent r="3" t="102" w="141" /><ent r="3" t="102" w="203" /><ent r="3" t="112" w="123" /><ent r="4" t="115" w="82" /><ent r="3" t="115" w="92" /><ent r="3" t="119" w="56" /><ent r="4" t="132" w="170" /><ent r="4" t="133" w="101" /><ent r="4" t="134" w="125" /><ent r="4" t="135" w="126" /><ent r="3" t="135" w="300" /><ent r="3" t="135" w="302" /><ent r="3" t="135" w="305" /><ent r="3" t="135" w="716" /><ent r="3" t="153" w="645" /><ent r="3" t="165" w="153" /><ent r="3" t="174" w="52" /><ent r="3" t="191" w="90" /><ent r="100" t="197" w="4" /><ent r="100" t="197" w="8" /><ent r="3" t="197" w="27" /><ent r="3" t="197" w="30" /><ent r="3" t="197" w="44" /><ent r="3" t="197" w="53" /><ent r="3" t="197" w="77" /><ent r="3" t="197" w="97" /><ent r="3" t="197" w="112" /><ent r="4" t="197" w="123" /><ent r="4" t="197" w="137" /><ent r="64" t="198" w="29" /><ent r="3" t="203" w="1290" /><ent r="3" t="204" w="370" /><ent r="3" t="204" w="379" /><ent r="3" t="204" w="381" /><ent r="3" t="204" w="386" /><ent r="3" t="204" w="389" /><ent r="3" t="204" w="404" /><ent r="4" t="206" w="1136" /><ent r="4" t="210" w="111" /><ent r="4" t="210" w="210" /></phr><phr n="Layers"><ent r="66" t="45" w="212" /><ent r="1000" t="50" w="1" /><ent r="102" t="50" w="4" /><ent r="3" t="50" w="11" /><ent r="4" t="51" w="113" /><ent r="4" t="52" w="113" /><ent r="4" t="53" w="127" /><ent r="5" t="54" w="123" /><ent r="4" t="55" w="115" /><ent r="5" t="56" w="114" /><ent r="4" t="57" w="109" /><ent r="5" t="58" w="111" /><ent r="4" t="59" w="120" /><ent r="4" t="69" w="398" /><ent r="5" t="73" w="178" /><ent r="4" t="73" w="196" /><ent r="1000" t="78" w="3" /><ent r="102" t="78" w="10" /><ent r="5" t="78" w="83" /><ent r="64" t="78" w="236" /><ent r="64" t="79" w="94" /><ent r="64" t="79" w="103" /><ent r="64" t="80" w="135" /><ent r="1000" t="82" w="3" /><ent r="102" t="82" w="7" /><ent r="64" t="83" w="302" /><ent r="64" t="88" w="106" /><ent r="3" t="135" w="708" /><ent r="64" t="195" w="325" /><ent r="65" t="196" w="299" /><ent r="64" t="196" w="306" /><ent r="1000" t="197" w="2" /><ent r="102" t="197" w="11" /><ent r="4" t="197" w="117" /><ent r="4" t="206" w="1122" /><ent r="4" t="206" w="1125" /></phr></stem></index>