<?xml version="1.0" encoding="utf-8"?><index><stem n="import"><phr n="Imports"><ent r="7" t="5" w="28" /><ent r="4" t="29" w="325" /><ent r="3" t="30" w="72" /><ent r="3" t="137" w="215" /><ent r="3" t="208" w="315" /><ent r="3" t="209" w="305" /></phr><phr n="Import"><ent r="68" t="5" w="37" /><ent r="1000" t="17" w="1" /><ent r="102" t="17" w="10" /><ent r="100" t="17" w="13" /><ent r="100" t="17" w="19" /><ent r="3" t="17" w="22" /><ent r="5" t="17" w="45" /><ent r="4" t="17" w="60" /><ent r="3" t="17" w="77" /><ent r="4" t="17" w="96" /><ent r="4" t="17" w="111" /><ent r="3" t="17" w="138" /><ent r="64" t="17" w="177" /><ent r="64" t="17" w="238" /><ent r="3" t="18" w="136" /><ent r="64" t="18" w="163" /><ent r="3" t="18" w="174" /><ent r="3" t="18" w="214" /><ent r="1000" t="19" w="1" /><ent r="102" t="19" w="4" /><ent r="100" t="19" w="7" /><ent r="100" t="19" w="11" /><ent r="3" t="19" w="14" /><ent r="64" t="19" w="51" /><ent r="64" t="19" w="56" /><ent r="100" t="20" w="7" /><ent r="3" t="20" w="16" /><ent r="3" t="20" w="22" /><ent r="3" t="20" w="660" /><ent r="3" t="20" w="722" /><ent r="100" t="21" w="10" /><ent r="100" t="22" w="7" /><ent r="3" t="22" w="17" /><ent r="3" t="22" w="112" /><ent r="5" t="22" w="130" /><ent r="4" t="22" w="145" /><ent r="3" t="22" w="162" /><ent r="4" t="22" w="181" /><ent r="4" t="22" w="195" /><ent r="4" t="22" w="276" /><ent r="3" t="22" w="389" /><ent r="100" t="23" w="7" /><ent r="3" t="23" w="16" /><ent r="100" t="24" w="10" /><ent r="1000" t="25" w="3" /><ent r="100" t="25" w="11" /><ent r="100" t="25" w="14" /><ent r="102" t="25" w="21" /><ent r="3" t="25" w="29" /><ent r="3" t="25" w="46" /><ent r="3" t="25" w="94" /><ent r="100" t="26" w="10" /><ent r="3" t="26" w="32" /><ent r="3" t="26" w="43" /><ent r="5" t="26" w="87" /><ent r="100" t="27" w="10" /><ent r="3" t="27" w="32" /><ent r="100" t="28" w="6" /><ent r="100" t="28" w="12" /><ent r="4" t="28" w="67" /><ent r="4" t="28" w="87" /><ent r="64" t="29" w="35" /><ent r="4" t="29" w="56" /><ent r="4" t="29" w="203" /><ent r="4" t="29" w="233" /><ent r="65" t="29" w="256" /><ent r="4" t="29" w="392" /><ent r="4" t="29" w="414" /><ent r="4" t="29" w="434" /><ent r="65" t="29" w="496" /><ent r="64" t="29" w="559" /><ent r="1000" t="30" w="1" /><ent r="100" t="30" w="5" /><ent r="100" t="30" w="11" /><ent r="102" t="30" w="13" /><ent r="3" t="30" w="81" /><ent r="3" t="30" w="103" /><ent r="3" t="30" w="125" /><ent r="3" t="30" w="134" /><ent r="3" t="30" w="171" /><ent r="3" t="30" w="184" /><ent r="3" t="30" w="205" /><ent r="64" t="30" w="212" /><ent r="92" t="30" w="223" /><ent r="5" t="30" w="238" /><ent r="4" t="30" w="244" /><ent r="4" t="30" w="255" /><ent r="4" t="30" w="265" /><ent r="4" t="30" w="424" /><ent r="4" t="30" w="434" /><ent r="92" t="30" w="452" /><ent r="5" t="30" w="490" /><ent r="4" t="30" w="496" /><ent r="4" t="30" w="518" /><ent r="64" t="30" w="536" /><ent r="4" t="32" w="23" /><ent r="5" t="32" w="37" /><ent r="4" t="32" w="43" /><ent r="4" t="32" w="70" /><ent r="4" t="32" w="82" /><ent r="3" t="32" w="116" /><ent r="64" t="39" w="226" /><ent r="4" t="48" w="109" /><ent r="4" t="69" w="200" /><ent r="4" t="69" w="209" /><ent r="4" t="69" w="250" /><ent r="4" t="73" w="88" /><ent r="65" t="124" w="15" /><ent r="4" t="137" w="159" /><ent r="3" t="137" w="221" /><ent r="3" t="137" w="236" /><ent r="3" t="139" w="71" /><ent r="4" t="139" w="87" /><ent r="3" t="174" w="182" /><ent r="4" t="174" w="1125" /><ent r="3" t="185" w="389" /><ent r="64" t="185" w="399" /><ent r="1000" t="186" w="6" /><ent r="102" t="186" w="14" /><ent r="3" t="186" w="44" /><ent r="92" t="186" w="76" /><ent r="4" t="186" w="82" /><ent r="5" t="186" w="97" /><ent r="4" t="186" w="110" /><ent r="4" t="186" w="114" /><ent r="4" t="186" w="320" /><ent r="4" t="186" w="329" /><ent r="4" t="186" w="333" /><ent r="4" t="186" w="355" /><ent r="4" t="186" w="642" /><ent r="4" t="186" w="651" /><ent r="4" t="186" w="655" /><ent r="3" t="187" w="33" /><ent r="64" t="187" w="372" /><ent r="3" t="188" w="40" /><ent r="4" t="188" w="308" /><ent r="4" t="188" w="317" /><ent r="4" t="188" w="321" /><ent r="64" t="188" w="625" /><ent r="3" t="192" w="116" /><ent r="64" t="192" w="119" /><ent r="4" t="194" w="54" /><ent r="64" t="203" w="361" /><ent r="92" t="204" w="523" /><ent r="5" t="204" w="536" /><ent r="4" t="204" w="600" /><ent r="5" t="204" w="2385" /><ent r="3" t="204" w="2429" /><ent r="92" t="205" w="677" /><ent r="3" t="205" w="683" /><ent r="3" t="205" w="691" /><ent r="5" t="205" w="751" /><ent r="92" t="205" w="755" /><ent r="5" t="205" w="773" /><ent r="3" t="206" w="47" /><ent r="5" t="206" w="401" /><ent r="4" t="206" w="407" /><ent r="3" t="206" w="434" /><ent r="6" t="206" w="460" /><ent r="3" t="206" w="1569" /><ent r="5" t="207" w="391" /><ent r="4" t="207" w="464" /><ent r="1000" t="208" w="2" /><ent r="102" t="208" w="11" /><ent r="3" t="208" w="42" /><ent r="4" t="208" w="65" /><ent r="5" t="208" w="629" /><ent r="92" t="208" w="700" /><ent r="5" t="208" w="713" /><ent r="3" t="208" w="755" /><ent r="92" t="208" w="770" /><ent r="5" t="208" w="810" /><ent r="4" t="208" w="944" /><ent r="3" t="208" w="1165" /><ent r="5" t="209" w="618" /><ent r="5" t="209" w="702" /><ent r="3" t="210" w="43" /><ent r="4" t="210" w="70" /><ent r="4" t="210" w="110" /><ent r="3" t="210" w="128" /><ent r="5" t="210" w="245" /><ent r="4" t="210" w="251" /><ent r="4" t="210" w="463" /><ent r="4" t="210" w="502" /><ent r="4" t="210" w="509" /><ent r="4" t="210" w="575" /><ent r="3" t="210" w="588" /><ent r="5" t="211" w="511" /><ent r="5" t="211" w="838" /><ent r="5" t="212" w="455" /><ent r="3" t="212" w="972" /><ent r="3" t="212" w="1042" /><ent r="7" t="212" w="1116" /><ent r="3" t="212" w="1371" /><ent r="4" t="212" w="1847" /><ent r="7" t="213" w="951" /><ent r="7" t="213" w="1016" /><ent r="3" t="213" w="1249" /><ent r="3" t="226" w="196" /><ent r="3" t="226" w="244" /><ent r="5" t="236" w="161" /><ent r="3" t="248" w="165" /><ent r="3" t="248" w="274" /></phr><phr n="importer"><ent r="4" t="17" w="145" /><ent r="4" t="17" w="148" /><ent r="3" t="18" w="156" /><ent r="3" t="19" w="47" /><ent r="65" t="19" w="92" /><ent r="4" t="20" w="601" /><ent r="64" t="20" w="753" /><ent r="3" t="21" w="37" /><ent r="64" t="21" w="72" /><ent r="64" t="22" w="904" /><ent r="64" t="23" w="145" /><ent r="64" t="24" w="77" /><ent r="64" t="25" w="228" /><ent r="64" t="25" w="251" /><ent r="64" t="26" w="236" /><ent r="1000" t="27" w="1" /><ent r="102" t="27" w="4" /><ent r="100" t="27" w="7" /><ent r="100" t="27" w="12" /><ent r="3" t="27" w="16" /><ent r="3" t="27" w="27" /><ent r="3" t="27" w="38" /><ent r="3" t="27" w="61" /><ent r="3" t="27" w="69" /><ent r="3" t="27" w="74" /><ent r="3" t="28" w="120" /><ent r="3" t="28" w="139" /><ent r="3" t="29" w="27" /><ent r="5" t="29" w="51" /><ent r="4" t="29" w="63" /><ent r="4" t="29" w="76" /><ent r="4" t="29" w="83" /><ent r="4" t="29" w="89" /><ent r="5" t="29" w="92" /><ent r="5" t="29" w="103" /><ent r="5" t="29" w="115" /><ent r="65" t="29" w="145" /><ent r="5" t="29" w="150" /><ent r="4" t="29" w="155" /><ent r="4" t="29" w="159" /><ent r="4" t="29" w="163" /><ent r="4" t="29" w="170" /><ent r="65" t="29" w="193" /><ent r="5" t="29" w="198" /><ent r="5" t="29" w="224" /><ent r="5" t="29" w="228" /><ent r="4" t="29" w="246" /><ent r="5" t="29" w="285" /><ent r="4" t="29" w="324" /><ent r="5" t="29" w="337" /><ent r="5" t="29" w="341" /><ent r="5" t="29" w="345" /><ent r="4" t="29" w="382" /><ent r="5" t="29" w="387" /><ent r="5" t="29" w="409" /><ent r="5" t="29" w="429" /><ent r="4" t="29" w="444" /><ent r="5" t="29" w="447" /><ent r="5" t="29" w="451" /><ent r="5" t="29" w="454" /><ent r="65" t="29" w="467" /><ent r="5" t="29" w="471" /><ent r="5" t="29" w="476" /><ent r="4" t="29" w="481" /><ent r="5" t="29" w="503" /><ent r="5" t="29" w="513" /><ent r="65" t="29" w="535" /><ent r="3" t="30" w="57" /><ent r="1000" t="32" w="2" /><ent r="102" t="32" w="5" /><ent r="100" t="32" w="8" /><ent r="3" t="32" w="12" /><ent r="5" t="32" w="49" /><ent r="4" t="32" w="55" /><ent r="4" t="34" w="103" /><ent r="1000" t="42" w="2" /><ent r="102" t="42" w="7" /><ent r="3" t="42" w="11" /><ent r="3" t="42" w="118" /><ent r="4" t="42" w="177" /><ent r="4" t="42" w="183" /><ent r="4" t="42" w="198" /><ent r="1000" t="43" w="3" /><ent r="102" t="43" w="9" /><ent r="3" t="43" w="14" /><ent r="3" t="43" w="18" /><ent r="3" t="43" w="22" /><ent r="3" t="43" w="29" /><ent r="3" t="43" w="63" /><ent r="8" t="154" w="405" /><ent r="8" t="154" w="408" /><ent r="3" t="185" w="379" /><ent r="100" t="186" w="22" /><ent r="4" t="186" w="106" /><ent r="64" t="203" w="378" /><ent r="5" t="204" w="576" /><ent r="5" t="204" w="582" /><ent r="4" t="204" w="588" /><ent r="4" t="204" w="611" /><ent r="1000" t="210" w="8" /><ent r="100" t="210" w="14" /><ent r="102" t="210" w="23" /><ent r="4" t="210" w="256" /><ent r="5" t="210" w="263" /><ent r="4" t="211" w="530" /><ent r="5" t="211" w="536" /><ent r="5" t="211" w="542" /><ent r="4" t="211" w="857" /><ent r="5" t="211" w="863" /><ent r="5" t="211" w="869" /><ent r="3" t="226" w="188" /><ent r="1000" t="249" w="3" /><ent r="102" t="249" w="10" /><ent r="3" t="249" w="18" /><ent r="3" t="249" w="306" /></phr><phr n="importers"><ent r="4" t="17" w="156" /><ent r="65" t="17" w="159" /><ent r="4" t="20" w="477" /><ent r="1000" t="29" w="1" /><ent r="100" t="29" w="3" /><ent r="102" t="29" w="5" /><ent r="3" t="29" w="7" /><ent r="3" t="29" w="17" /><ent r="3" t="29" w="48" /><ent r="3" t="29" w="542" /><ent r="92" t="31" w="86" /><ent r="3" t="154" w="87" /><ent r="3" t="185" w="345" /><ent r="4" t="195" w="190" /><ent r="4" t="195" w="235" /></phr><phr n="imported"><ent r="3" t="17" w="192" /><ent r="3" t="17" w="211" /><ent r="3" t="17" w="234" /><ent r="3" t="25" w="74" /><ent r="3" t="25" w="83" /><ent r="3" t="25" w="153" /><ent r="4" t="26" w="80" /><ent r="3" t="30" w="92" /><ent r="4" t="30" w="300" /><ent r="3" t="30" w="448" /><ent r="3" t="142" w="104" /><ent r="3" t="186" w="37" /><ent r="4" t="188" w="69" /><ent r="3" t="204" w="1599" /><ent r="3" t="207" w="908" /><ent r="3" t="208" w="743" /><ent r="3" t="209" w="1308" /><ent r="4" t="210" w="117" /><ent r="3" t="221" w="91" /><ent r="3" t="248" w="254" /><ent r="3" t="248" w="263" /><ent r="3" t="248" w="333" /></phr><phr n="importing"><ent r="3" t="19" w="24" /><ent r="4" t="19" w="99" /><ent r="65" t="19" w="105" /><ent r="1000" t="28" w="2" /><ent r="102" t="28" w="15" /><ent r="4" t="32" w="75" /><ent r="4" t="48" w="87" /><ent r="3" t="69" w="194" /><ent r="3" t="128" w="27" /><ent r="3" t="136" w="286" /><ent r="3" t="204" w="34" /><ent r="4" t="206" w="548" /><ent r="3" t="208" w="31" /><ent r="4" t="210" w="64" /></phr><phr n="Important"><ent r="4" t="69" w="677" /><ent r="3" t="73" w="429" /><ent r="4" t="196" w="228" /></phr></stem><stem n="file"><phr n="file"><ent r="7" t="5" w="31" /><ent r="6" t="11" w="132" /><ent r="100" t="17" w="4" /><ent r="100" t="17" w="8" /><ent r="100" t="17" w="15" /><ent r="3" t="17" w="25" /><ent r="5" t="17" w="39" /><ent r="4" t="17" w="106" /><ent r="4" t="17" w="144" /><ent r="3" t="17" w="193" /><ent r="4" t="17" w="199" /><ent r="3" t="17" w="228" /><ent r="3" t="17" w="248" /><ent r="100" t="18" w="7" /><ent r="100" t="18" w="11" /><ent r="3" t="18" w="57" /><ent r="3" t="18" w="70" /><ent r="92" t="18" w="107" /><ent r="3" t="18" w="113" /><ent r="3" t="18" w="119" /><ent r="3" t="18" w="160" /><ent r="3" t="18" w="180" /><ent r="3" t="18" w="186" /><ent r="3" t="18" w="194" /><ent r="64" t="19" w="58" /><ent r="65" t="19" w="74" /><ent r="3" t="20" w="27" /><ent r="3" t="20" w="37" /><ent r="4" t="20" w="450" /><ent r="4" t="20" w="553" /><ent r="4" t="20" w="571" /><ent r="4" t="20" w="630" /><ent r="3" t="20" w="677" /><ent r="3" t="20" w="718" /><ent r="64" t="20" w="735" /><ent r="1000" t="21" w="1" /><ent r="102" t="21" w="4" /><ent r="100" t="21" w="7" /><ent r="100" t="21" w="12" /><ent r="3" t="21" w="16" /><ent r="3" t="21" w="20" /><ent r="3" t="22" w="67" /><ent r="3" t="22" w="100" /><ent r="5" t="22" w="124" /><ent r="4" t="22" w="191" /><ent r="5" t="22" w="704" /><ent r="5" t="22" w="749" /><ent r="64" t="22" w="889" /><ent r="3" t="23" w="30" /><ent r="4" t="23" w="62" /><ent r="3" t="23" w="112" /><ent r="3" t="23" w="118" /><ent r="64" t="23" w="130" /><ent r="64" t="24" w="62" /><ent r="3" t="25" w="172" /><ent r="3" t="25" w="183" /><ent r="64" t="25" w="229" /><ent r="64" t="25" w="236" /><ent r="3" t="26" w="167" /><ent r="3" t="26" w="182" /><ent r="64" t="26" w="221" /><ent r="64" t="27" w="85" /><ent r="3" t="28" w="34" /><ent r="3" t="29" w="23" /><ent r="64" t="29" w="38" /><ent r="4" t="29" w="69" /><ent r="4" t="29" w="128" /><ent r="4" t="29" w="281" /><ent r="6" t="29" w="296" /><ent r="4" t="29" w="373" /><ent r="5" t="29" w="475" /><ent r="4" t="29" w="480" /><ent r="65" t="29" w="498" /><ent r="4" t="29" w="521" /><ent r="65" t="29" w="536" /><ent r="64" t="29" w="561" /><ent r="1000" t="30" w="3" /><ent r="100" t="30" w="7" /><ent r="100" t="30" w="10" /><ent r="102" t="30" w="15" /><ent r="3" t="30" w="19" /><ent r="3" t="30" w="56" /><ent r="3" t="30" w="94" /><ent r="3" t="30" w="105" /><ent r="3" t="30" w="138" /><ent r="3" t="30" w="208" /><ent r="64" t="30" w="215" /><ent r="92" t="30" w="226" /><ent r="5" t="30" w="232" /><ent r="4" t="30" w="251" /><ent r="5" t="30" w="274" /><ent r="4" t="30" w="297" /><ent r="4" t="30" w="324" /><ent r="3" t="30" w="359" /><ent r="4" t="30" w="382" /><ent r="3" t="30" w="388" /><ent r="4" t="30" w="405" /><ent r="3" t="30" w="445" /><ent r="4" t="30" w="500" /><ent r="64" t="30" w="533" /><ent r="3" t="31" w="48" /><ent r="4" t="31" w="157" /><ent r="5" t="32" w="32" /><ent r="4" t="32" w="66" /><ent r="3" t="32" w="125" /><ent r="3" t="33" w="60" /><ent r="4" t="33" w="67" /><ent r="4" t="34" w="59" /><ent r="4" t="34" w="65" /><ent r="4" t="34" w="243" /><ent r="4" t="34" w="265" /><ent r="4" t="35" w="106" /><ent r="3" t="36" w="38" /><ent r="3" t="36" w="48" /><ent r="3" t="36" w="55" /><ent r="4" t="36" w="72" /><ent r="4" t="36" w="78" /><ent r="5" t="36" w="150" /><ent r="4" t="36" w="165" /><ent r="4" t="36" w="171" /><ent r="5" t="36" w="289" /><ent r="4" t="36" w="339" /><ent r="4" t="36" w="345" /><ent r="4" t="36" w="401" /><ent r="5" t="36" w="598" /><ent r="4" t="36" w="608" /><ent r="4" t="37" w="69" /><ent r="5" t="37" w="76" /><ent r="1000" t="39" w="3" /><ent r="100" t="39" w="6" /><ent r="100" t="39" w="11" /><ent r="102" t="39" w="15" /><ent r="3" t="39" w="21" /><ent r="4" t="39" w="64" /><ent r="4" t="39" w="79" /><ent r="65" t="39" w="107" /><ent r="4" t="39" w="123" /><ent r="4" t="39" w="168" /><ent r="4" t="39" w="183" /><ent r="65" t="39" w="211" /><ent r="64" t="39" w="228" /><ent r="5" t="40" w="34" /><ent r="3" t="40" w="54" /><ent r="4" t="40" w="61" /><ent r="3" t="41" w="27" /><ent r="5" t="41" w="41" /><ent r="4" t="41" w="73" /><ent r="3" t="42" w="23" /><ent r="3" t="42" w="46" /><ent r="3" t="42" w="51" /><ent r="3" t="42" w="60" /><ent r="3" t="42" w="69" /><ent r="3" t="42" w="72" /><ent r="3" t="42" w="81" /><ent r="3" t="42" w="114" /><ent r="5" t="42" w="130" /><ent r="3" t="42" w="151" /><ent r="4" t="42" w="170" /><ent r="4" t="42" w="185" /><ent r="4" t="42" w="203" /><ent r="4" t="42" w="214" /><ent r="4" t="42" w="218" /><ent r="4" t="42" w="224" /><ent r="3" t="43" w="86" /><ent r="3" t="43" w="100" /><ent r="3" t="44" w="19" /><ent r="3" t="44" w="26" /><ent r="5" t="45" w="210" /><ent r="5" t="45" w="213" /><ent r="4" t="45" w="327" /><ent r="3" t="47" w="746" /><ent r="3" t="47" w="783" /><ent r="3" t="74" w="56" /><ent r="3" t="74" w="91" /><ent r="6" t="74" w="373" /><ent r="5" t="74" w="423" /><ent r="5" t="74" w="429" /><ent r="4" t="74" w="449" /><ent r="4" t="74" w="458" /><ent r="4" t="74" w="635" /><ent r="4" t="74" w="646" /><ent r="4" t="74" w="651" /><ent r="5" t="76" w="53" /><ent r="4" t="76" w="92" /><ent r="4" t="77" w="35" /><ent r="5" t="77" w="51" /><ent r="3" t="77" w="72" /><ent r="3" t="93" w="117" /><ent r="3" t="93" w="128" /><ent r="3" t="93" w="136" /><ent r="4" t="100" w="38" /><ent r="5" t="103" w="82" /><ent r="4" t="103" w="95" /><ent r="4" t="103" w="107" /><ent r="4" t="103" w="112" /><ent r="5" t="104" w="53" /><ent r="5" t="105" w="94" /><ent r="5" t="105" w="170" /><ent r="4" t="105" w="206" /><ent r="6" t="116" w="441" /><ent r="3" t="121" w="36" /><ent r="4" t="121" w="118" /><ent r="4" t="121" w="127" /><ent r="4" t="121" w="238" /><ent r="4" t="121" w="249" /><ent r="4" t="127" w="185" /><ent r="3" t="136" w="447" /><ent r="3" t="136" w="462" /><ent r="4" t="137" w="170" /><ent r="4" t="139" w="54" /><ent r="3" t="141" w="19" /><ent r="92" t="142" w="448" /><ent r="3" t="142" w="460" /><ent r="3" t="143" w="22" /><ent r="4" t="144" w="176" /><ent r="5" t="147" w="68" /><ent r="5" t="149" w="29" /><ent r="4" t="149" w="97" /><ent r="3" t="160" w="67" /><ent r="3" t="160" w="71" /><ent r="5" t="160" w="122" /><ent r="3" t="160" w="177" /><ent r="3" t="161" w="28" /><ent r="3" t="161" w="50" /><ent r="4" t="162" w="60" /><ent r="4" t="162" w="67" /><ent r="5" t="173" w="583" /><ent r="5" t="173" w="628" /><ent r="3" t="174" w="25" /><ent r="3" t="174" w="41" /><ent r="4" t="174" w="91" /><ent r="3" t="174" w="115" /><ent r="3" t="174" w="187" /><ent r="92" t="174" w="242" /><ent r="3" t="174" w="246" /><ent r="3" t="174" w="250" /><ent r="5" t="174" w="572" /><ent r="5" t="174" w="617" /><ent r="3" t="174" w="807" /><ent r="3" t="174" w="836" /><ent r="3" t="174" w="850" /><ent r="4" t="174" w="1034" /><ent r="3" t="174" w="1043" /><ent r="3" t="174" w="1047" /><ent r="3" t="174" w="1057" /><ent r="5" t="175" w="570" /><ent r="5" t="175" w="615" /><ent r="5" t="186" w="92" /><ent r="4" t="186" w="103" /><ent r="6" t="189" w="310" /><ent r="5" t="189" w="325" /><ent r="5" t="189" w="332" /><ent r="3" t="189" w="369" /><ent r="3" t="189" w="555" /><ent r="4" t="189" w="883" /><ent r="4" t="189" w="890" /><ent r="3" t="189" w="968" /><ent r="3" t="189" w="988" /><ent r="3" t="189" w="999" /><ent r="4" t="192" w="367" /><ent r="4" t="192" w="384" /><ent r="6" t="192" w="491" /><ent r="6" t="192" w="499" /><ent r="3" t="192" w="546" /><ent r="3" t="192" w="568" /><ent r="3" t="192" w="575" /><ent r="3" t="192" w="608" /><ent r="3" t="192" w="628" /><ent r="3" t="194" w="52" /><ent r="4" t="204" w="58" /><ent r="4" t="204" w="94" /><ent r="5" t="204" w="533" /><ent r="4" t="204" w="544" /><ent r="4" t="204" w="558" /><ent r="3" t="204" w="1586" /><ent r="5" t="204" w="2152" /><ent r="4" t="204" w="2167" /><ent r="4" t="204" w="2177" /><ent r="5" t="204" w="2277" /><ent r="92" t="204" w="2346" /><ent r="5" t="204" w="2356" /><ent r="5" t="204" w="2384" /><ent r="4" t="204" w="2398" /><ent r="4" t="205" w="98" /><ent r="3" t="205" w="454" /><ent r="5" t="205" w="767" /><ent r="4" t="205" w="2485" /><ent r="4" t="205" w="3235" /><ent r="92" t="206" w="389" /><ent r="5" t="206" w="399" /><ent r="4" t="206" w="416" /><ent r="4" t="206" w="1099" /><ent r="4" t="206" w="1105" /><ent r="3" t="206" w="1127" /><ent r="4" t="206" w="1324" /><ent r="4" t="206" w="1338" /><ent r="4" t="206" w="1349" /><ent r="3" t="207" w="786" /><ent r="100" t="208" w="8" /><ent r="4" t="208" w="63" /><ent r="4" t="208" w="68" /><ent r="4" t="208" w="73" /><ent r="4" t="208" w="82" /><ent r="4" t="208" w="89" /><ent r="3" t="208" w="166" /><ent r="3" t="208" w="278" /><ent r="3" t="208" w="291" /><ent r="3" t="208" w="312" /><ent r="92" t="208" w="701" /><ent r="5" t="208" w="710" /><ent r="4" t="208" w="722" /><ent r="92" t="208" w="773" /><ent r="5" t="208" w="821" /><ent r="4" t="208" w="843" /><ent r="4" t="208" w="955" /><ent r="4" t="208" w="970" /><ent r="3" t="208" w="1150" /><ent r="3" t="208" w="1171" /><ent r="3" t="208" w="1180" /><ent r="100" t="209" w="7" /><ent r="100" t="209" w="12" /><ent r="4" t="209" w="54" /><ent r="4" t="209" w="66" /><ent r="4" t="209" w="70" /><ent r="4" t="209" w="79" /><ent r="3" t="209" w="156" /><ent r="3" t="209" w="268" /><ent r="3" t="209" w="281" /><ent r="3" t="209" w="302" /><ent r="92" t="209" w="690" /><ent r="5" t="209" w="699" /><ent r="4" t="209" w="719" /><ent r="4" t="209" w="736" /><ent r="3" t="209" w="856" /><ent r="92" t="209" w="1029" /><ent r="5" t="209" w="1070" /><ent r="4" t="209" w="1083" /><ent r="4" t="209" w="1091" /><ent r="4" t="209" w="1108" /><ent r="4" t="209" w="1121" /><ent r="92" t="209" w="1142" /><ent r="4" t="209" w="1151" /><ent r="4" t="209" w="1155" /><ent r="4" t="209" w="1169" /><ent r="3" t="209" w="1183" /><ent r="3" t="209" w="1251" /><ent r="3" t="209" w="1285" /><ent r="3" t="209" w="1304" /><ent r="4" t="210" w="103" /><ent r="3" t="210" w="139" /><ent r="92" t="210" w="233" /><ent r="5" t="210" w="242" /><ent r="4" t="210" w="272" /><ent r="4" t="210" w="291" /><ent r="3" t="210" w="421" /><ent r="4" t="210" w="448" /><ent r="4" t="211" w="181" /><ent r="5" t="211" w="510" /><ent r="4" t="211" w="519" /><ent r="4" t="211" w="703" /><ent r="5" t="211" w="837" /><ent r="4" t="211" w="846" /><ent r="5" t="211" w="1188" /><ent r="4" t="212" w="1664" /><ent r="5" t="212" w="1761" /><ent r="4" t="212" w="1768" /><ent r="4" t="212" w="1784" /><ent r="4" t="212" w="1797" /><ent r="4" t="212" w="1860" /><ent r="5" t="212" w="1869" /><ent r="5" t="213" w="440" /><ent r="5" t="213" w="553" /><ent r="3" t="213" w="712" /><ent r="7" t="213" w="998" /><ent r="3" t="213" w="1276" /><ent r="5" t="213" w="1302" /><ent r="4" t="213" w="1339" /><ent r="4" t="213" w="1346" /><ent r="4" t="213" w="1354" /><ent r="4" t="213" w="1363" /><ent r="3" t="213" w="1390" /><ent r="64" t="213" w="1404" /><ent r="5" t="213" w="1431" /><ent r="4" t="213" w="1608" /><ent r="3" t="222" w="19" /><ent r="3" t="222" w="22" /><ent r="3" t="222" w="33" /><ent r="7" t="222" w="121" /><ent r="7" t="222" w="139" /><ent r="7" t="222" w="157" /><ent r="7" t="222" w="161" /><ent r="7" t="222" w="169" /><ent r="7" t="222" w="485" /><ent r="92" t="222" w="680" /><ent r="3" t="222" w="716" /><ent r="3" t="223" w="20" /><ent r="3" t="223" w="30" /><ent r="3" t="223" w="36" /><ent r="3" t="223" w="108" /><ent r="3" t="223" w="113" /><ent r="5" t="223" w="221" /><ent r="4" t="223" w="271" /><ent r="4" t="223" w="277" /><ent r="4" t="223" w="314" /><ent r="4" t="223" w="323" /><ent r="4" t="223" w="332" /><ent r="5" t="224" w="152" /><ent r="4" t="224" w="202" /><ent r="4" t="224" w="208" /><ent r="3" t="224" w="254" /><ent r="3" t="224" w="291" /><ent r="5" t="225" w="111" /><ent r="4" t="225" w="161" /><ent r="4" t="225" w="167" /><ent r="3" t="226" w="179" /><ent r="3" t="226" w="262" /><ent r="5" t="227" w="150" /><ent r="4" t="227" w="200" /><ent r="4" t="227" w="206" /><ent r="3" t="227" w="250" /><ent r="1000" t="228" w="2" /><ent r="100" t="228" w="7" /><ent r="102" t="228" w="12" /><ent r="3" t="228" w="18" /><ent r="3" t="228" w="32" /><ent r="3" t="228" w="36" /><ent r="3" t="228" w="47" /><ent r="4" t="228" w="64" /><ent r="4" t="228" w="71" /><ent r="4" t="228" w="89" /><ent r="4" t="228" w="112" /><ent r="4" t="228" w="492" /><ent r="4" t="228" w="552" /><ent r="3" t="228" w="617" /><ent r="3" t="228" w="658" /><ent r="4" t="228" w="691" /><ent r="3" t="228" w="848" /><ent r="4" t="228" w="876" /><ent r="5" t="232" w="136" /><ent r="5" t="232" w="147" /><ent r="5" t="236" w="159" /><ent r="65" t="237" w="80" /><ent r="3" t="237" w="137" /><ent r="92" t="237" w="413" /><ent r="3" t="237" w="417" /><ent r="3" t="237" w="474" /><ent r="4" t="237" w="563" /><ent r="4" t="237" w="570" /><ent r="6" t="240" w="328" /><ent r="3" t="242" w="30" /><ent r="3" t="248" w="44" /><ent r="3" t="248" w="73" /><ent r="3" t="248" w="87" /><ent r="3" t="248" w="218" /><ent r="3" t="248" w="352" /><ent r="3" t="248" w="363" /><ent r="83" t="248" w="493" /><ent r="4" t="248" w="516" /><ent r="4" t="248" w="694" /><ent r="4" t="248" w="719" /><ent r="4" t="248" w="727" /><ent r="4" t="248" w="740" /><ent r="4" t="248" w="744" /><ent r="1000" t="249" w="4" /><ent r="102" t="249" w="11" /><ent r="3" t="249" w="28" /><ent r="3" t="249" w="36" /><ent r="3" t="249" w="237" /><ent r="3" t="249" w="277" /><ent r="1000" t="252" w="3" /><ent r="100" t="252" w="21" /><ent r="100" t="252" w="28" /><ent r="102" t="252" w="33" /><ent r="3" t="252" w="44" /><ent r="6" t="254" w="720" /></phr><phr n="files"><ent r="100" t="17" w="18" /><ent r="3" t="17" w="116" /><ent r="3" t="17" w="134" /><ent r="3" t="17" w="212" /><ent r="3" t="17" w="235" /><ent r="64" t="17" w="258" /><ent r="64" t="17" w="261" /><ent r="1000" t="18" w="2" /><ent r="102" t="18" w="14" /><ent r="3" t="18" w="23" /><ent r="3" t="18" w="35" /><ent r="3" t="18" w="61" /><ent r="92" t="18" w="104" /><ent r="3" t="18" w="138" /><ent r="3" t="18" w="148" /><ent r="3" t="18" w="199" /><ent r="3" t="28" w="60" /><ent r="3" t="28" w="80" /><ent r="4" t="29" w="301" /><ent r="4" t="29" w="315" /><ent r="4" t="29" w="321" /><ent r="4" t="29" w="436" /><ent r="4" t="29" w="485" /><ent r="64" t="29" w="567" /><ent r="3" t="30" w="24" /><ent r="3" t="30" w="61" /><ent r="3" t="30" w="75" /><ent r="3" t="30" w="83" /><ent r="3" t="30" w="189" /><ent r="64" t="30" w="539" /><ent r="1000" t="31" w="5" /><ent r="100" t="31" w="8" /><ent r="102" t="31" w="14" /><ent r="92" t="31" w="149" /><ent r="92" t="31" w="165" /><ent r="4" t="32" w="83" /><ent r="4" t="32" w="93" /><ent r="64" t="33" w="142" /><ent r="3" t="42" w="39" /><ent r="4" t="42" w="191" /><ent r="3" t="43" w="54" /><ent r="3" t="43" w="58" /><ent r="4" t="77" w="28" /><ent r="4" t="95" w="149" /><ent r="4" t="137" w="143" /><ent r="3" t="139" w="31" /><ent r="3" t="139" w="47" /><ent r="4" t="139" w="59" /><ent r="4" t="139" w="64" /><ent r="3" t="144" w="156" /><ent r="5" t="189" w="329" /><ent r="92" t="192" w="536" /><ent r="7" t="203" w="249" /><ent r="7" t="203" w="254" /><ent r="7" t="203" w="282" /><ent r="7" t="203" w="304" /><ent r="64" t="203" w="364" /><ent r="64" t="203" w="369" /><ent r="7" t="204" w="466" /><ent r="7" t="204" w="471" /><ent r="7" t="204" w="499" /><ent r="7" t="204" w="521" /><ent r="4" t="204" w="2418" /><ent r="7" t="205" w="615" /><ent r="7" t="205" w="620" /><ent r="7" t="205" w="648" /><ent r="7" t="205" w="670" /><ent r="4" t="205" w="3248" /><ent r="7" t="206" w="331" /><ent r="7" t="206" w="336" /><ent r="7" t="206" w="364" /><ent r="7" t="206" w="386" /><ent r="4" t="206" w="1555" /><ent r="4" t="207" w="87" /><ent r="7" t="207" w="291" /><ent r="7" t="207" w="296" /><ent r="7" t="207" w="324" /><ent r="7" t="207" w="346" /><ent r="4" t="207" w="472" /><ent r="4" t="207" w="1803" /><ent r="1000" t="208" w="5" /><ent r="102" t="208" w="14" /><ent r="3" t="208" w="35" /><ent r="3" t="208" w="46" /><ent r="3" t="208" w="55" /><ent r="3" t="208" w="95" /><ent r="3" t="208" w="146" /><ent r="3" t="208" w="178" /><ent r="3" t="208" w="318" /><ent r="3" t="208" w="329" /><ent r="3" t="208" w="336" /><ent r="3" t="208" w="351" /><ent r="3" t="208" w="363" /><ent r="7" t="208" w="529" /><ent r="7" t="208" w="534" /><ent r="7" t="208" w="562" /><ent r="7" t="208" w="584" /><ent r="3" t="208" w="1135" /><ent r="4" t="208" w="1154" /><ent r="1000" t="209" w="4" /><ent r="102" t="209" w="17" /><ent r="3" t="209" w="38" /><ent r="3" t="209" w="47" /><ent r="3" t="209" w="85" /><ent r="3" t="209" w="136" /><ent r="3" t="209" w="168" /><ent r="3" t="209" w="308" /><ent r="3" t="209" w="319" /><ent r="3" t="209" w="326" /><ent r="3" t="209" w="341" /><ent r="3" t="209" w="353" /><ent r="7" t="209" w="518" /><ent r="7" t="209" w="523" /><ent r="7" t="209" w="551" /><ent r="7" t="209" w="573" /><ent r="3" t="209" w="830" /><ent r="4" t="209" w="1290" /><ent r="7" t="210" w="175" /><ent r="7" t="210" w="180" /><ent r="7" t="210" w="208" /><ent r="7" t="210" w="230" /><ent r="7" t="211" w="442" /><ent r="7" t="211" w="447" /><ent r="7" t="211" w="475" /><ent r="7" t="211" w="497" /><ent r="7" t="212" w="361" /><ent r="7" t="212" w="366" /><ent r="7" t="212" w="394" /><ent r="7" t="212" w="416" /><ent r="4" t="212" w="1910" /><ent r="5" t="213" w="146" /><ent r="5" t="213" w="154" /><ent r="7" t="213" w="351" /><ent r="7" t="213" w="356" /><ent r="7" t="213" w="384" /><ent r="7" t="213" w="406" /><ent r="4" t="213" w="1528" /><ent r="3" t="222" w="43" /><ent r="3" t="222" w="47" /><ent r="7" t="222" w="149" /><ent r="7" t="222" w="558" /><ent r="3" t="226" w="140" /><ent r="3" t="226" w="165" /><ent r="3" t="226" w="169" /><ent r="3" t="226" w="200" /><ent r="3" t="226" w="226" /><ent r="3" t="233" w="23" /><ent r="3" t="237" w="143" /><ent r="4" t="237" w="168" /><ent r="3" t="237" w="177" /><ent r="3" t="237" w="426" /><ent r="3" t="237" w="520" /><ent r="4" t="248" w="518" /><ent r="3" t="249" w="289" /><ent r="3" t="249" w="292" /></phr></stem></index>