﻿<?xml version="1.0" encoding="utf-8"?><index><stem n="list"><phr n="list"><ent r="4" t="1" w="290" /><ent r="4" t="1" w="336" /><ent r="4" t="4" w="145" /><ent r="4" t="4" w="193" /><ent r="7" t="5" w="205" /><ent r="7" t="5" w="212" /><ent r="7" t="5" w="251" /><ent r="7" t="5" w="258" /><ent r="7" t="7" w="100" /><ent r="7" t="13" w="154" /><ent r="7" t="13" w="180" /><ent r="6" t="14" w="200" /><ent r="6" t="14" w="226" /><ent r="4" t="17" w="151" /><ent r="3" t="17" w="206" /><ent r="3" t="17" w="231" /><ent r="4" t="22" w="219" /><ent r="4" t="22" w="333" /><ent r="4" t="22" w="481" /><ent r="4" t="22" w="489" /><ent r="4" t="22" w="503" /><ent r="4" t="22" w="546" /><ent r="4" t="22" w="600" /><ent r="4" t="22" w="655" /><ent r="4" t="22" w="667" /><ent r="4" t="22" w="712" /><ent r="4" t="22" w="757" /><ent r="3" t="22" w="842" /><ent r="3" t="22" w="864" /><ent r="3" t="22" w="872" /><ent r="4" t="26" w="101" /><ent r="3" t="26" w="148" /><ent r="3" t="29" w="46" /><ent r="4" t="32" w="60" /><ent r="4" t="36" w="144" /><ent r="5" t="36" w="471" /><ent r="5" t="36" w="512" /><ent r="4" t="41" w="144" /><ent r="4" t="42" w="180" /><ent r="3" t="45" w="102" /><ent r="3" t="46" w="252" /><ent r="4" t="46" w="281" /><ent r="4" t="46" w="310" /><ent r="4" t="47" w="78" /><ent r="3" t="47" w="376" /><ent r="3" t="47" w="412" /><ent r="3" t="47" w="587" /><ent r="3" t="48" w="165" /><ent r="3" t="48" w="198" /><ent r="4" t="51" w="117" /><ent r="4" t="52" w="117" /><ent r="4" t="52" w="134" /><ent r="3" t="52" w="151" /><ent r="4" t="53" w="131" /><ent r="4" t="53" w="143" /><ent r="3" t="53" w="170" /><ent r="3" t="53" w="182" /><ent r="4" t="54" w="128" /><ent r="4" t="55" w="119" /><ent r="4" t="56" w="119" /><ent r="4" t="56" w="138" /><ent r="4" t="57" w="113" /><ent r="4" t="57" w="339" /><ent r="4" t="57" w="565" /><ent r="4" t="57" w="774" /><ent r="4" t="57" w="1000" /><ent r="4" t="58" w="116" /><ent r="3" t="58" w="166" /><ent r="3" t="58" w="183" /><ent r="4" t="59" w="124" /><ent r="4" t="59" w="147" /><ent r="3" t="59" w="159" /><ent r="4" t="69" w="133" /><ent r="4" t="69" w="184" /><ent r="4" t="69" w="239" /><ent r="4" t="69" w="328" /><ent r="4" t="69" w="402" /><ent r="3" t="69" w="648" /><ent r="4" t="73" w="165" /><ent r="4" t="73" w="345" /><ent r="4" t="73" w="526" /><ent r="4" t="73" w="539" /><ent r="3" t="74" w="99" /><ent r="4" t="74" w="223" /><ent r="3" t="84" w="69" /><ent r="4" t="85" w="75" /><ent r="4" t="85" w="139" /><ent r="4" t="90" w="52" /><ent r="4" t="90" w="203" /><ent r="4" t="90" w="234" /><ent r="4" t="90" w="279" /><ent r="4" t="91" w="115" /><ent r="4" t="92" w="190" /><ent r="4" t="92" w="208" /><ent r="4" t="95" w="54" /><ent r="4" t="95" w="236" /><ent r="4" t="95" w="250" /><ent r="3" t="99" w="283" /><ent r="3" t="100" w="12" /><ent r="3" t="102" w="362" /><ent r="4" t="120" w="114" /><ent r="4" t="120" w="116" /><ent r="3" t="125" w="103" /><ent r="3" t="130" w="49" /><ent r="3" t="130" w="63" /><ent r="3" t="130" w="110" /><ent r="3" t="130" w="165" /><ent r="4" t="132" w="168" /><ent r="4" t="133" w="99" /><ent r="4" t="134" w="123" /><ent r="4" t="134" w="466" /><ent r="4" t="135" w="124" /><ent r="3" t="136" w="350" /><ent r="4" t="136" w="373" /><ent r="4" t="136" w="381" /><ent r="3" t="136" w="428" /><ent r="4" t="136" w="548" /><ent r="3" t="147" w="155" /><ent r="3" t="149" w="40" /><ent r="3" t="149" w="45" /><ent r="4" t="150" w="216" /><ent r="3" t="154" w="116" /><ent r="3" t="157" w="347" /><ent r="3" t="157" w="413" /><ent r="4" t="157" w="449" /><ent r="4" t="164" w="69" /><ent r="4" t="172" w="245" /><ent r="4" t="172" w="264" /><ent r="4" t="172" w="359" /><ent r="4" t="172" w="367" /><ent r="4" t="172" w="381" /><ent r="4" t="172" w="424" /><ent r="4" t="172" w="478" /><ent r="4" t="172" w="534" /><ent r="4" t="172" w="546" /><ent r="4" t="172" w="591" /><ent r="4" t="172" w="636" /><ent r="3" t="172" w="716" /><ent r="3" t="172" w="738" /><ent r="3" t="172" w="746" /><ent r="3" t="173" w="29" /><ent r="4" t="173" w="351" /><ent r="4" t="173" w="359" /><ent r="4" t="173" w="373" /><ent r="4" t="173" w="413" /><ent r="4" t="173" w="467" /><ent r="4" t="173" w="523" /><ent r="4" t="173" w="535" /><ent r="4" t="173" w="580" /><ent r="4" t="173" w="625" /><ent r="3" t="173" w="705" /><ent r="3" t="173" w="727" /><ent r="3" t="173" w="735" /><ent r="4" t="173" w="936" /><ent r="3" t="173" w="1105" /><ent r="3" t="173" w="1118" /><ent r="4" t="174" w="349" /><ent r="4" t="174" w="357" /><ent r="4" t="174" w="371" /><ent r="4" t="174" w="411" /><ent r="4" t="174" w="465" /><ent r="4" t="174" w="521" /><ent r="4" t="174" w="533" /><ent r="4" t="174" w="578" /><ent r="4" t="174" w="623" /><ent r="3" t="174" w="703" /><ent r="3" t="174" w="725" /><ent r="3" t="174" w="733" /><ent r="3" t="177" w="51" /><ent r="3" t="177" w="207" /><ent r="3" t="178" w="143" /><ent r="4" t="179" w="167" /><ent r="3" t="179" w="195" /><ent r="3" t="179" w="210" /><ent r="3" t="180" w="121" /><ent r="4" t="181" w="417" /><ent r="4" t="181" w="604" /><ent r="3" t="182" w="80" /><ent r="4" t="183" w="66" /><ent r="3" t="183" w="82" /><ent r="3" t="183" w="140" /><ent r="4" t="188" w="394" /><ent r="4" t="188" w="568" /><ent r="4" t="188" w="605" /><ent r="4" t="188" w="609" /><ent r="4" t="189" w="283" /><ent r="4" t="189" w="297" /><ent r="4" t="189" w="330" /><ent r="4" t="189" w="344" /><ent r="4" t="190" w="106" /><ent r="3" t="192" w="124" /><ent r="4" t="195" w="177" /><ent r="4" t="195" w="187" /><ent r="4" t="196" w="148" /><ent r="4" t="196" w="182" /><ent r="4" t="196" w="235" /><ent r="4" t="197" w="120" /><ent r="4" t="203" w="356" /><ent r="4" t="203" w="404" /><ent r="4" t="204" w="505" /><ent r="4" t="204" w="553" /><ent r="4" t="204" w="1792" /><ent r="4" t="205" w="221" /><ent r="4" t="205" w="269" /><ent r="4" t="205" w="468" /><ent r="4" t="205" w="1267" /><ent r="4" t="206" w="181" /><ent r="4" t="206" w="229" /><ent r="4" t="206" w="632" /><ent r="4" t="206" w="649" /><ent r="4" t="206" w="1009" /><ent r="4" t="207" w="419" /><ent r="4" t="207" w="467" /><ent r="4" t="208" w="408" /><ent r="4" t="208" w="456" /><ent r="4" t="208" w="1110" /><ent r="4" t="210" w="332" /><ent r="4" t="210" w="380" /><ent r="4" t="210" w="1071" /><ent r="3" t="211" w="332" /><ent r="4" t="211" w="635" /><ent r="4" t="211" w="720" /><ent r="3" t="211" w="943" /><ent r="3" t="211" w="1738" /><ent r="4" t="212" w="241" /><ent r="4" t="212" w="289" /><ent r="4" t="212" w="520" /><ent r="3" t="212" w="883" /><ent r="4" t="213" w="69" /><ent r="4" t="213" w="117" /><ent r="4" t="213" w="120" /><ent r="4" t="226" w="101" /><ent r="4" t="226" w="116" /><ent r="3" t="226" w="128" /><ent r="3" t="226" w="165" /><ent r="4" t="226" w="243" /><ent r="4" t="226" w="295" /><ent r="3" t="233" w="105" /><ent r="4" t="233" w="119" /><ent r="4" t="233" w="134" /><ent r="4" t="235" w="137" /><ent r="4" t="235" w="213" /><ent r="6" t="236" w="431" /><ent r="4" t="238" w="139" /><ent r="4" t="238" w="290" /><ent r="3" t="242" w="211" /><ent r="3" t="242" w="238" /><ent r="3" t="242" w="252" /><ent r="3" t="242" w="267" /><ent r="5" t="250" w="265" /><ent r="6" t="250" w="290" /><ent r="6" t="250" w="298" /><ent r="5" t="250" w="306" /><ent r="6" t="250" w="314" /><ent r="6" t="250" w="322" /><ent r="5" t="250" w="330" /><ent r="6" t="250" w="338" /><ent r="6" t="250" w="347" /><ent r="5" t="250" w="355" /><ent r="5" t="250" w="363" /><ent r="5" t="250" w="371" /><ent r="6" t="250" w="379" /><ent r="5" t="250" w="387" /></phr><phr n="List"><ent r="7" t="8" w="190" /><ent r="4" t="80" w="91" /><ent r="3" t="99" w="288" /><ent r="3" t="99" w="292" /><ent r="64" t="145" w="278" /><ent r="4" t="147" w="169" /><ent r="1000" t="149" w="3" /><ent r="102" t="149" w="7" /><ent r="100" t="149" w="11" /><ent r="100" t="149" w="14" /><ent r="3" t="149" w="19" /><ent r="3" t="149" w="25" /><ent r="4" t="149" w="64" /><ent r="4" t="151" w="121" /><ent r="5" t="151" w="285" /><ent r="5" t="151" w="563" /><ent r="4" t="173" w="967" /><ent r="3" t="177" w="38" /><ent r="4" t="203" w="2298" /><ent r="4" t="204" w="907" /><ent r="3" t="204" w="2361" /><ent r="4" t="211" w="1749" /><ent r="5" t="211" w="1898" /><ent r="7" t="220" w="471" /><ent r="3" t="242" w="231" /></phr><phr n="lists"><ent r="3" t="21" w="27" /><ent r="3" t="23" w="91" /><ent r="3" t="24" w="18" /><ent r="3" t="36" w="318" /><ent r="4" t="54" w="141" /><ent r="5" t="74" w="402" /><ent r="100" t="100" w="5" /><ent r="3" t="100" w="24" /><ent r="3" t="102" w="194" /><ent r="4" t="102" w="296" /><ent r="3" t="102" w="341" /><ent r="3" t="102" w="382" /><ent r="3" t="106" w="208" /><ent r="3" t="143" w="291" /><ent r="3" t="153" w="642" /><ent r="3" t="173" w="257" /><ent r="3" t="173" w="752" /><ent r="3" t="183" w="94" /><ent r="3" t="192" w="113" /><ent r="4" t="194" w="165" /><ent r="4" t="213" w="104" /><ent r="3" t="221" w="250" /><ent r="3" t="222" w="181" /><ent r="3" t="223" w="140" /><ent r="3" t="225" w="179" /></phr><phr n="listed"><ent r="3" t="22" w="89" /><ent r="3" t="69" w="414" /><ent r="4" t="73" w="192" /><ent r="3" t="106" w="358" /><ent r="3" t="202" w="57" /></phr><phr n="listing"><ent r="4" t="36" w="79" /></phr><phr n="Lists"><ent r="1000" t="100" w="2" /><ent r="102" t="100" w="8" /><ent r="5" t="213" w="98" /><ent r="4" t="213" w="139" /><ent r="7" t="220" w="408" /><ent r="7" t="220" w="600" /><ent r="7" t="220" w="625" /><ent r="7" t="220" w="650" /></phr></stem><stem n="activ"><phr n="Active"><ent r="4" t="1" w="295" /><ent r="4" t="1" w="343" /><ent r="4" t="4" w="150" /><ent r="4" t="4" w="200" /><ent r="1000" t="76" w="3" /><ent r="102" t="76" w="12" /><ent r="64" t="164" w="91" /><ent r="4" t="203" w="361" /><ent r="4" t="203" w="411" /><ent r="4" t="204" w="510" /><ent r="4" t="204" w="560" /><ent r="4" t="205" w="226" /><ent r="4" t="205" w="276" /><ent r="4" t="206" w="186" /><ent r="4" t="206" w="236" /><ent r="4" t="207" w="424" /><ent r="4" t="207" w="474" /><ent r="4" t="208" w="413" /><ent r="4" t="208" w="463" /><ent r="4" t="210" w="337" /><ent r="4" t="210" w="387" /><ent r="3" t="211" w="337" /><ent r="4" t="212" w="246" /><ent r="4" t="212" w="296" /></phr><phr n="Activates"><ent r="6" t="3" w="117" /><ent r="6" t="13" w="208" /><ent r="4" t="78" w="62" /></phr><phr n="activate"><ent r="3" t="4" w="77" /><ent r="4" t="10" w="42" /><ent r="3" t="60" w="20" /><ent r="3" t="62" w="27" /><ent r="3" t="62" w="58" /><ent r="100" t="79" w="9" /><ent r="100" t="79" w="14" /><ent r="3" t="79" w="17" /><ent r="4" t="79" w="37" /><ent r="3" t="83" w="132" /><ent r="3" t="88" w="58" /><ent r="3" t="94" w="30" /><ent r="4" t="95" w="129" /><ent r="65" t="97" w="62" /><ent r="4" t="99" w="114" /><ent r="3" t="102" w="107" /><ent r="100" t="113" w="11" /><ent r="100" t="113" w="18" /><ent r="3" t="113" w="21" /><ent r="4" t="113" w="41" /><ent r="3" t="172" w="153" /><ent r="3" t="189" w="14" /><ent r="65" t="198" w="89" /><ent r="3" t="203" w="1295" /><ent r="4" t="204" w="844" /><ent r="4" t="204" w="1117" /><ent r="4" t="204" w="1929" /><ent r="4" t="204" w="2031" /><ent r="4" t="207" w="776" /><ent r="4" t="207" w="903" /><ent r="3" t="207" w="986" /><ent r="4" t="208" w="952" /></phr><phr n="active"><ent r="3" t="4" w="97" /><ent r="7" t="5" w="42" /><ent r="7" t="5" w="56" /><ent r="7" t="5" w="81" /><ent r="7" t="5" w="88" /><ent r="7" t="5" w="117" /><ent r="7" t="5" w="124" /><ent r="7" t="5" w="154" /><ent r="7" t="5" w="161" /><ent r="5" t="6" w="153" /><ent r="5" t="6" w="170" /><ent r="3" t="8" w="33" /><ent r="7" t="8" w="122" /><ent r="64" t="10" w="25" /><ent r="3" t="10" w="54" /><ent r="4" t="11" w="32" /><ent r="6" t="13" w="218" /><ent r="3" t="40" w="27" /><ent r="3" t="47" w="142" /><ent r="3" t="47" w="245" /><ent r="3" t="47" w="449" /><ent r="3" t="47" w="613" /><ent r="4" t="74" w="121" /><ent r="3" t="75" w="77" /><ent r="100" t="76" w="7" /><ent r="3" t="76" w="27" /><ent r="3" t="76" w="33" /><ent r="3" t="76" w="46" /><ent r="4" t="78" w="73" /><ent r="4" t="79" w="62" /><ent r="4" t="79" w="80" /><ent r="3" t="80" w="122" /><ent r="3" t="81" w="23" /><ent r="3" t="81" w="33" /><ent r="5" t="89" w="48" /><ent r="4" t="90" w="25" /><ent r="3" t="92" w="33" /><ent r="3" t="96" w="37" /><ent r="3" t="102" w="165" /><ent r="3" t="109" w="23" /><ent r="4" t="109" w="73" /><ent r="4" t="111" w="69" /><ent r="3" t="112" w="180" /><ent r="4" t="113" w="69" /><ent r="3" t="113" w="88" /><ent r="3" t="116" w="94" /><ent r="4" t="117" w="204" /><ent r="4" t="117" w="311" /><ent r="4" t="118" w="75" /><ent r="3" t="119" w="119" /><ent r="4" t="120" w="59" /><ent r="4" t="121" w="140" /><ent r="4" t="123" w="58" /><ent r="3" t="126" w="39" /><ent r="3" t="126" w="45" /><ent r="3" t="126" w="72" /><ent r="3" t="134" w="335" /><ent r="3" t="158" w="87" /><ent r="3" t="160" w="41" /><ent r="3" t="160" w="67" /><ent r="3" t="160" w="78" /><ent r="4" t="165" w="43" /><ent r="3" t="165" w="73" /><ent r="3" t="188" w="233" /><ent r="4" t="203" w="899" /><ent r="3" t="203" w="1283" /><ent r="4" t="205" w="689" /><ent r="4" t="210" w="136" /><ent r="4" t="210" w="201" /><ent r="3" t="221" w="57" /><ent r="3" t="221" w="67" /><ent r="4" t="227" w="49" /><ent r="4" t="231" w="54" /></phr><phr n="Activate"><ent r="64" t="4" w="106" /><ent r="64" t="8" w="43" /><ent r="64" t="11" w="42" /><ent r="5" t="78" w="60" /><ent r="65" t="78" w="77" /><ent r="1000" t="79" w="1" /><ent r="102" t="79" w="5" /><ent r="5" t="79" w="47" /><ent r="64" t="80" w="137" /><ent r="64" t="83" w="138" /><ent r="64" t="88" w="63" /><ent r="66" t="89" w="51" /><ent r="65" t="90" w="28" /><ent r="64" t="92" w="36" /><ent r="1000" t="113" w="1" /><ent r="102" t="113" w="6" /><ent r="4" t="113" w="55" /><ent r="4" t="203" w="948" /><ent r="4" t="207" w="1010" /></phr><phr n="activated"><ent r="3" t="20" w="142" /><ent r="4" t="46" w="275" /><ent r="4" t="52" w="247" /><ent r="3" t="62" w="99" /><ent r="4" t="79" w="87" /><ent r="4" t="83" w="244" /><ent r="3" t="94" w="83" /><ent r="3" t="159" w="205" /><ent r="3" t="189" w="87" /><ent r="3" t="189" w="108" /><ent r="4" t="205" w="730" /><ent r="4" t="206" w="1238" /></phr><phr n="activates"><ent r="4" t="95" w="196" /><ent r="3" t="165" w="77" /><ent r="4" t="185" w="369" /><ent r="4" t="187" w="342" /><ent r="4" t="204" w="2846" /><ent r="4" t="205" w="712" /><ent r="4" t="244" w="568" /></phr><phr n="activity"><ent r="3" t="101" w="15" /></phr><phr n="activation"><ent r="5" t="135" w="425" /></phr></stem><stem n="checkmark"><phr n="checkmark"><ent r="4" t="1" w="299" /><ent r="4" t="1" w="347" /><ent r="4" t="1" w="397" /><ent r="4" t="4" w="154" /><ent r="4" t="4" w="204" /><ent r="3" t="128" w="209" /><ent r="3" t="170" w="87" /><ent r="4" t="203" w="365" /><ent r="4" t="203" w="415" /><ent r="4" t="204" w="514" /><ent r="4" t="204" w="564" /><ent r="3" t="204" w="2588" /><ent r="4" t="205" w="230" /><ent r="4" t="205" w="280" /><ent r="4" t="206" w="190" /><ent r="4" t="206" w="240" /><ent r="4" t="207" w="428" /><ent r="4" t="207" w="478" /><ent r="4" t="208" w="417" /><ent r="4" t="208" w="467" /><ent r="4" t="210" w="341" /><ent r="4" t="210" w="391" /><ent r="3" t="211" w="341" /><ent r="4" t="212" w="250" /><ent r="4" t="212" w="300" /></phr></stem><stem n="front"><phr n="front"><ent r="4" t="1" w="301" /><ent r="4" t="1" w="349" /><ent r="4" t="1" w="383" /><ent r="4" t="4" w="156" /><ent r="4" t="4" w="206" /><ent r="3" t="45" w="89" /><ent r="3" t="47" w="574" /><ent r="4" t="82" w="44" /><ent r="3" t="82" w="103" /><ent r="4" t="135" w="440" /><ent r="3" t="151" w="361" /><ent r="3" t="170" w="91" /><ent r="4" t="203" w="367" /><ent r="4" t="203" w="417" /><ent r="4" t="203" w="453" /><ent r="4" t="204" w="516" /><ent r="4" t="204" w="566" /><ent r="4" t="204" w="602" /><ent r="4" t="204" w="1510" /><ent r="4" t="205" w="232" /><ent r="4" t="205" w="282" /><ent r="4" t="205" w="318" /><ent r="4" t="206" w="192" /><ent r="4" t="206" w="242" /><ent r="4" t="206" w="278" /><ent r="4" t="207" w="430" /><ent r="4" t="207" w="480" /><ent r="4" t="207" w="516" /><ent r="4" t="208" w="419" /><ent r="4" t="208" w="469" /><ent r="4" t="208" w="505" /><ent r="4" t="210" w="343" /><ent r="4" t="210" w="393" /><ent r="4" t="210" w="429" /><ent r="3" t="211" w="343" /><ent r="4" t="212" w="252" /><ent r="4" t="212" w="302" /><ent r="4" t="212" w="338" /></phr><phr n="Front"><ent r="3" t="89" w="133" /></phr></stem><stem n="them"><phr n="them"><ent r="4" t="1" w="303" /><ent r="4" t="1" w="351" /><ent r="3" t="1" w="413" /><ent r="4" t="4" w="158" /><ent r="4" t="4" w="208" /><ent r="4" t="29" w="526" /><ent r="3" t="69" w="696" /><ent r="3" t="95" w="36" /><ent r="3" t="117" w="47" /><ent r="3" t="139" w="34" /><ent r="3" t="139" w="41" /><ent r="3" t="146" w="26" /><ent r="3" t="153" w="173" /><ent r="3" t="153" w="179" /><ent r="3" t="153" w="210" /><ent r="3" t="153" w="584" /><ent r="3" t="171" w="358" /><ent r="3" t="171" w="651" /><ent r="3" t="185" w="152" /><ent r="4" t="188" w="894" /><ent r="3" t="191" w="47" /><ent r="3" t="191" w="224" /><ent r="3" t="191" w="604" /><ent r="4" t="203" w="369" /><ent r="4" t="203" w="419" /><ent r="4" t="204" w="518" /><ent r="4" t="204" w="568" /><ent r="4" t="205" w="234" /><ent r="4" t="205" w="284" /><ent r="4" t="205" w="1497" /><ent r="4" t="206" w="194" /><ent r="4" t="206" w="244" /><ent r="3" t="207" w="375" /><ent r="4" t="207" w="432" /><ent r="4" t="207" w="482" /><ent r="3" t="208" w="365" /><ent r="4" t="208" w="421" /><ent r="4" t="208" w="471" /><ent r="3" t="209" w="165" /><ent r="4" t="210" w="345" /><ent r="4" t="210" w="395" /><ent r="3" t="211" w="287" /><ent r="3" t="211" w="345" /><ent r="3" t="211" w="1575" /><ent r="4" t="212" w="254" /><ent r="4" t="212" w="304" /><ent r="4" t="212" w="612" /><ent r="3" t="213" w="19" /><ent r="3" t="227" w="177" /><ent r="3" t="231" w="182" /></phr></stem><stem n="name"><phr n="name"><ent r="4" t="1" w="307" /><ent r="4" t="1" w="355" /><ent r="4" t="1" w="386" /><ent r="4" t="4" w="162" /><ent r="4" t="4" w="212" /><ent r="3" t="18" w="83" /><ent r="3" t="18" w="120" /><ent r="3" t="20" w="28" /><ent r="4" t="22" w="707" /><ent r="4" t="22" w="752" /><ent r="3" t="27" w="46" /><ent r="5" t="30" w="286" /><ent r="4" t="30" w="290" /><ent r="4" t="32" w="63" /><ent r="4" t="33" w="42" /><ent r="3" t="33" w="61" /><ent r="4" t="36" w="104" /><ent r="5" t="36" w="151" /><ent r="4" t="36" w="172" /><ent r="5" t="37" w="34" /><ent r="4" t="37" w="70" /><ent r="4" t="39" w="83" /><ent r="3" t="40" w="55" /><ent r="4" t="42" w="228" /><ent r="4" t="69" w="123" /><ent r="4" t="69" w="167" /><ent r="4" t="69" w="287" /><ent r="4" t="69" w="586" /><ent r="3" t="69" w="606" /><ent r="4" t="74" w="647" /><ent r="4" t="75" w="151" /><ent r="4" t="75" w="206" /><ent r="4" t="78" w="199" /><ent r="4" t="79" w="30" /><ent r="4" t="79" w="66" /><ent r="4" t="80" w="37" /><ent r="4" t="80" w="54" /><ent r="4" t="80" w="100" /><ent r="3" t="80" w="119" /><ent r="4" t="82" w="38" /><ent r="4" t="82" w="48" /><ent r="3" t="82" w="75" /><ent r="3" t="82" w="113" /><ent r="4" t="83" w="157" /><ent r="4" t="83" w="198" /><ent r="4" t="85" w="147" /><ent r="4" t="87" w="55" /><ent r="3" t="87" w="174" /><ent r="5" t="93" w="75" /><ent r="5" t="93" w="81" /><ent r="4" t="93" w="85" /><ent r="5" t="93" w="92" /><ent r="5" t="93" w="99" /><ent r="4" t="93" w="103" /><ent r="3" t="93" w="170" /><ent r="3" t="102" w="98" /><ent r="3" t="102" w="265" /><ent r="4" t="103" w="113" /><ent r="4" t="105" w="82" /><ent r="4" t="105" w="111" /><ent r="4" t="105" w="115" /><ent r="4" t="105" w="118" /><ent r="4" t="105" w="124" /><ent r="4" t="105" w="158" /><ent r="4" t="105" w="207" /><ent r="4" t="110" w="109" /><ent r="4" t="110" w="192" /><ent r="4" t="113" w="46" /><ent r="3" t="113" w="75" /><ent r="5" t="116" w="641" /><ent r="4" t="121" w="250" /><ent r="3" t="122" w="292" /><ent r="5" t="125" w="59" /><ent r="4" t="125" w="64" /><ent r="4" t="125" w="85" /><ent r="4" t="127" w="180" /><ent r="3" t="129" w="43" /><ent r="3" t="130" w="77" /><ent r="4" t="136" w="533" /><ent r="3" t="143" w="479" /><ent r="4" t="145" w="85" /><ent r="4" t="145" w="95" /><ent r="4" t="145" w="114" /><ent r="4" t="148" w="80" /><ent r="4" t="148" w="111" /><ent r="3" t="148" w="130" /><ent r="3" t="151" w="256" /><ent r="3" t="151" w="314" /><ent r="3" t="151" w="365" /><ent r="3" t="151" w="397" /><ent r="3" t="151" w="446" /><ent r="3" t="151" w="483" /><ent r="3" t="151" w="502" /><ent r="3" t="151" w="534" /><ent r="3" t="151" w="590" /><ent r="100" t="153" w="13" /><ent r="100" t="153" w="98" /><ent r="3" t="153" w="109" /><ent r="3" t="153" w="230" /><ent r="3" t="153" w="238" /><ent r="3" t="153" w="301" /><ent r="3" t="153" w="552" /><ent r="4" t="154" w="92" /><ent r="3" t="154" w="195" /><ent r="4" t="161" w="68" /><ent r="4" t="163" w="66" /><ent r="3" t="165" w="70" /><ent r="3" t="166" w="53" /><ent r="3" t="166" w="107" /><ent r="4" t="167" w="36" /><ent r="6" t="171" w="215" /><ent r="4" t="171" w="254" /><ent r="3" t="171" w="396" /><ent r="3" t="171" w="514" /><ent r="3" t="171" w="614" /><ent r="3" t="171" w="688" /><ent r="3" t="172" w="151" /><ent r="4" t="172" w="586" /><ent r="4" t="172" w="631" /><ent r="4" t="173" w="92" /><ent r="4" t="173" w="95" /><ent r="3" t="173" w="188" /><ent r="4" t="173" w="575" /><ent r="4" t="173" w="620" /><ent r="3" t="174" w="122" /><ent r="4" t="174" w="573" /><ent r="4" t="174" w="618" /><ent r="3" t="177" w="47" /><ent r="4" t="177" w="88" /><ent r="4" t="178" w="77" /><ent r="4" t="179" w="69" /><ent r="4" t="180" w="85" /><ent r="4" t="181" w="101" /><ent r="3" t="181" w="351" /><ent r="4" t="182" w="36" /><ent r="4" t="183" w="148" /><ent r="4" t="188" w="884" /><ent r="3" t="188" w="969" /><ent r="3" t="188" w="991" /><ent r="3" t="188" w="1002" /><ent r="4" t="189" w="247" /><ent r="4" t="189" w="290" /><ent r="4" t="189" w="337" /><ent r="5" t="201" w="96" /><ent r="4" t="201" w="100" /><ent r="4" t="203" w="373" /><ent r="4" t="203" w="423" /><ent r="4" t="203" w="2168" /><ent r="4" t="204" w="522" /><ent r="4" t="204" w="572" /><ent r="4" t="204" w="2533" /><ent r="4" t="204" w="2811" /><ent r="3" t="204" w="2995" /><ent r="4" t="205" w="238" /><ent r="4" t="205" w="288" /><ent r="4" t="205" w="814" /><ent r="5" t="205" w="935" /><ent r="4" t="205" w="958" /><ent r="4" t="205" w="1328" /><ent r="4" t="206" w="198" /><ent r="4" t="206" w="248" /><ent r="4" t="207" w="436" /><ent r="4" t="207" w="486" /><ent r="4" t="208" w="425" /><ent r="4" t="208" w="475" /><ent r="4" t="208" w="875" /><ent r="4" t="208" w="947" /><ent r="4" t="208" w="1091" /><ent r="3" t="208" w="1278" /><ent r="4" t="210" w="349" /><ent r="4" t="210" w="399" /><ent r="3" t="211" w="349" /><ent r="3" t="211" w="850" /><ent r="3" t="211" w="1395" /><ent r="3" t="211" w="1414" /><ent r="3" t="211" w="1432" /><ent r="3" t="211" w="1469" /><ent r="3" t="211" w="1482" /><ent r="3" t="211" w="1501" /><ent r="3" t="211" w="1513" /><ent r="3" t="211" w="1532" /><ent r="3" t="211" w="1553" /><ent r="3" t="211" w="1561" /><ent r="4" t="212" w="258" /><ent r="4" t="212" w="308" /><ent r="7" t="220" w="416" /><ent r="3" t="224" w="223" /><ent r="3" t="224" w="263" /><ent r="4" t="226" w="203" /><ent r="4" t="226" w="282" /><ent r="3" t="235" w="50" /><ent r="3" t="235" w="63" /><ent r="3" t="235" w="175" /><ent r="6" t="236" w="329" /><ent r="4" t="238" w="129" /><ent r="7" t="248" w="169" /></phr><phr n="names"><ent r="3" t="18" w="58" /><ent r="3" t="18" w="122" /><ent r="3" t="45" w="93" /><ent r="3" t="47" w="578" /><ent r="3" t="69" w="596" /><ent r="3" t="87" w="186" /><ent r="3" t="102" w="395" /><ent r="4" t="137" w="171" /><ent r="3" t="153" w="295" /><ent r="4" t="205" w="762" /><ent r="7" t="220" w="584" /><ent r="7" t="220" w="590" /><ent r="3" t="220" w="781" /><ent r="4" t="226" w="213" /><ent r="6" t="250" w="721" /></phr><phr n="Name"><ent r="3" t="20" w="88" /><ent r="4" t="68" w="117" /><ent r="5" t="78" w="194" /><ent r="5" t="85" w="127" /><ent r="5" t="116" w="636" /><ent r="4" t="136" w="541" /><ent r="5" t="145" w="79" /><ent r="82" t="153" w="221" /><ent r="5" t="154" w="100" /><ent r="4" t="173" w="1084" /><ent r="4" t="174" w="823" /><ent r="7" t="204" w="1691" /><ent r="4" t="204" w="3236" /><ent r="4" t="208" w="1085" /><ent r="3" t="208" w="1274" /><ent r="5" t="211" w="623" /><ent r="5" t="211" w="708" /><ent r="3" t="212" w="690" /><ent r="3" t="212" w="703" /><ent r="3" t="212" w="729" /><ent r="4" t="212" w="1344" /><ent r="5" t="226" w="207" /><ent r="5" t="226" w="291" /><ent r="5" t="238" w="123" /></phr><phr n="NAME"><ent r="7" t="211" w="1110" /><ent r="7" t="211" w="1114" /><ent r="7" t="212" w="940" /><ent r="7" t="212" w="944" /></phr></stem><stem n="mous"><phr n="mouse"><ent r="4" t="1" w="319" /><ent r="4" t="1" w="334" /><ent r="4" t="1" w="447" /><ent r="4" t="1" w="457" /><ent r="4" t="1" w="470" /><ent r="3" t="1" w="571" /><ent r="3" t="1" w="576" /><ent r="3" t="2" w="28" /><ent r="100" t="3" w="4" /><ent r="6" t="3" w="28" /><ent r="6" t="3" w="32" /><ent r="5" t="3" w="53" /><ent r="4" t="4" w="174" /><ent r="4" t="4" w="191" /><ent r="5" t="6" w="154" /><ent r="6" t="7" w="36" /><ent r="6" t="7" w="51" /><ent r="6" t="7" w="231" /><ent r="6" t="13" w="210" /><ent r="3" t="18" w="203" /><ent r="4" t="61" w="73" /><ent r="100" t="62" w="5" /><ent r="100" t="62" w="11" /><ent r="3" t="62" w="25" /><ent r="3" t="62" w="29" /><ent r="3" t="62" w="60" /><ent r="4" t="62" w="70" /><ent r="4" t="62" w="74" /><ent r="4" t="62" w="87" /><ent r="3" t="62" w="101" /><ent r="3" t="62" w="110" /><ent r="3" t="62" w="120" /><ent r="3" t="62" w="135" /><ent r="3" t="62" w="141" /><ent r="3" t="62" w="150" /><ent r="100" t="63" w="7" /><ent r="3" t="63" w="20" /><ent r="3" t="63" w="44" /><ent r="3" t="63" w="51" /><ent r="6" t="63" w="69" /><ent r="6" t="63" w="79" /><ent r="3" t="63" w="133" /><ent r="7" t="64" w="176" /><ent r="4" t="65" w="138" /><ent r="64" t="66" w="18" /><ent r="3" t="72" w="102" /><ent r="4" t="74" w="170" /><ent r="3" t="74" w="241" /><ent r="4" t="74" w="469" /><ent r="3" t="74" w="552" /><ent r="3" t="74" w="564" /><ent r="4" t="83" w="173" /><ent r="3" t="83" w="281" /><ent r="7" t="84" w="114" /><ent r="7" t="84" w="131" /><ent r="7" t="84" w="177" /><ent r="7" t="84" w="194" /><ent r="3" t="89" w="86" /><ent r="3" t="89" w="107" /><ent r="4" t="90" w="75" /><ent r="4" t="90" w="113" /><ent r="4" t="90" w="127" /><ent r="4" t="90" w="140" /><ent r="4" t="90" w="156" /><ent r="4" t="90" w="165" /><ent r="4" t="90" w="178" /><ent r="4" t="92" w="140" /><ent r="4" t="92" w="149" /><ent r="4" t="92" w="163" /><ent r="3" t="99" w="22" /><ent r="3" t="106" w="547" /><ent r="4" t="106" w="552" /><ent r="3" t="106" w="561" /><ent r="3" t="106" w="572" /><ent r="4" t="106" w="587" /><ent r="3" t="106" w="597" /><ent r="3" t="106" w="605" /><ent r="4" t="109" w="78" /><ent r="4" t="109" w="97" /><ent r="4" t="110" w="77" /><ent r="4" t="110" w="114" /><ent r="4" t="110" w="160" /><ent r="4" t="110" w="197" /><ent r="4" t="110" w="260" /><ent r="3" t="111" w="85" /><ent r="3" t="112" w="176" /><ent r="4" t="114" w="87" /><ent r="3" t="116" w="45" /><ent r="7" t="116" w="221" /><ent r="100" t="117" w="6" /><ent r="100" t="117" w="18" /><ent r="3" t="117" w="30" /><ent r="3" t="117" w="58" /><ent r="4" t="117" w="94" /><ent r="4" t="117" w="117" /><ent r="3" t="117" w="222" /><ent r="3" t="117" w="261" /><ent r="3" t="118" w="92" /><ent r="4" t="119" w="65" /><ent r="3" t="120" w="88" /><ent r="4" t="126" w="83" /><ent r="4" t="127" w="85" /><ent r="3" t="135" w="179" /><ent r="3" t="135" w="334" /><ent r="3" t="136" w="109" /><ent r="3" t="136" w="209" /><ent r="3" t="136" w="227" /><ent r="3" t="136" w="578" /><ent r="3" t="153" w="558" /><ent r="4" t="156" w="63" /><ent r="4" t="156" w="68" /><ent r="4" t="156" w="81" /><ent r="3" t="156" w="112" /><ent r="4" t="188" w="1097" /><ent r="4" t="188" w="1101" /><ent r="4" t="198" w="66" /><ent r="4" t="203" w="385" /><ent r="4" t="203" w="402" /><ent r="3" t="203" w="665" /><ent r="3" t="203" w="688" /><ent r="3" t="203" w="905" /><ent r="4" t="203" w="946" /><ent r="4" t="203" w="954" /><ent r="4" t="203" w="967" /><ent r="3" t="203" w="999" /><ent r="4" t="203" w="1046" /><ent r="4" t="203" w="1055" /><ent r="4" t="203" w="1431" /><ent r="4" t="203" w="1631" /><ent r="4" t="203" w="1639" /><ent r="3" t="203" w="1702" /><ent r="3" t="203" w="1708" /><ent r="3" t="203" w="1717" /><ent r="4" t="203" w="1758" /><ent r="4" t="203" w="1762" /><ent r="4" t="203" w="2228" /><ent r="4" t="203" w="2237" /><ent r="4" t="203" w="2253" /><ent r="4" t="204" w="534" /><ent r="4" t="204" w="551" /><ent r="3" t="204" w="1105" /><ent r="3" t="204" w="2967" /><ent r="3" t="204" w="2984" /><ent r="4" t="205" w="250" /><ent r="4" t="205" w="267" /><ent r="4" t="205" w="578" /><ent r="4" t="205" w="1364" /><ent r="4" t="206" w="210" /><ent r="4" t="206" w="227" /><ent r="4" t="207" w="448" /><ent r="4" t="207" w="465" /><ent r="4" t="208" w="437" /><ent r="4" t="208" w="454" /><ent r="4" t="208" w="972" /><ent r="4" t="208" w="982" /><ent r="4" t="208" w="993" /><ent r="4" t="210" w="361" /><ent r="4" t="210" w="378" /><ent r="3" t="210" w="1056" /><ent r="3" t="211" w="841" /><ent r="3" t="211" w="930" /><ent r="3" t="211" w="1059" /><ent r="3" t="211" w="1064" /><ent r="3" t="211" w="1070" /><ent r="4" t="212" w="270" /><ent r="4" t="212" w="287" /><ent r="3" t="212" w="870" /><ent r="3" t="212" w="912" /><ent r="3" t="212" w="917" /><ent r="7" t="216" w="94" /><ent r="7" t="216" w="111" /><ent r="7" t="216" w="130" /><ent r="7" t="216" w="147" /><ent r="3" t="242" w="100" /><ent r="3" t="242" w="136" /><ent r="3" t="242" w="281" /></phr><phr n="Mouse"><ent r="92" t="1" w="565" /><ent r="64" t="1" w="593" /><ent r="1000" t="3" w="1" /><ent r="102" t="3" w="7" /><ent r="6" t="3" w="10" /><ent r="5" t="3" w="73" /><ent r="5" t="3" w="101" /><ent r="64" t="11" w="62" /><ent r="64" t="60" w="61" /><ent r="64" t="61" w="96" /><ent r="1000" t="62" w="1" /><ent r="102" t="62" w="13" /><ent r="64" t="62" w="189" /><ent r="1000" t="63" w="1" /><ent r="102" t="63" w="4" /><ent r="3" t="63" w="10" /><ent r="64" t="83" w="291" /><ent r="4" t="106" w="537" /><ent r="7" t="116" w="209" /><ent r="68" t="116" w="225" /><ent r="5" t="116" w="237" /><ent r="66" t="116" w="251" /><ent r="1000" t="117" w="3" /><ent r="102" t="117" w="13" /><ent r="3" t="117" w="50" /><ent r="5" t="117" w="213" /><ent r="4" t="117" w="240" /><ent r="3" t="117" w="248" /><ent r="4" t="117" w="272" /><ent r="5" t="117" w="321" /><ent r="3" t="117" w="326" /><ent r="4" t="135" w="326" /><ent r="4" t="203" w="925" /><ent r="4" t="203" w="932" /><ent r="5" t="203" w="1614" /><ent r="4" t="203" w="1674" /><ent r="5" t="203" w="1733" /><ent r="3" t="203" w="1807" /><ent r="4" t="208" w="909" /></phr></stem></index>