﻿<?xml version="1.0" encoding="utf-8"?><index><stem n="set"><phr n="sets"><ent r="3" t="0" w="32" /><ent r="3" t="0" w="41" /><ent r="5" t="6" w="132" /><ent r="7" t="14" w="88" /><ent r="4" t="19" w="95" /><ent r="4" t="25" w="189" /><ent r="3" t="49" w="29" /><ent r="3" t="49" w="80" /><ent r="4" t="49" w="91" /><ent r="4" t="49" w="169" /><ent r="4" t="49" w="349" /><ent r="3" t="76" w="16" /><ent r="3" t="82" w="399" /><ent r="5" t="91" w="409" /><ent r="3" t="111" w="284" /><ent r="3" t="112" w="83" /><ent r="4" t="112" w="125" /><ent r="4" t="112" w="155" /><ent r="3" t="112" w="218" /><ent r="4" t="148" w="211" /><ent r="3" t="157" w="267" /><ent r="3" t="160" w="826" /><ent r="3" t="176" w="121" /><ent r="4" t="176" w="146" /><ent r="4" t="176" w="188" /><ent r="4" t="177" w="54" /><ent r="3" t="177" w="248" /><ent r="3" t="178" w="18" /><ent r="3" t="186" w="689" /><ent r="4" t="188" w="407" /><ent r="4" t="188" w="547" /><ent r="3" t="188" w="845" /><ent r="3" t="188" w="882" /><ent r="3" t="188" w="1337" /><ent r="3" t="190" w="707" /><ent r="3" t="190" w="713" /><ent r="3" t="206" w="28" /><ent r="3" t="215" w="47" /><ent r="3" t="215" w="63" /><ent r="3" t="215" w="83" /><ent r="3" t="216" w="19" /><ent r="3" t="221" w="52" /><ent r="3" t="234" w="217" /><ent r="3" t="236" w="64" /><ent r="3" t="236" w="477" /></phr><phr n="set"><ent r="3" t="1" w="157" /><ent r="7" t="5" w="199" /><ent r="7" t="5" w="245" /><ent r="7" t="6" w="122" /><ent r="3" t="13" w="28" /><ent r="3" t="13" w="31" /><ent r="5" t="13" w="77" /><ent r="6" t="14" w="217" /><ent r="6" t="14" w="284" /><ent r="5" t="14" w="300" /><ent r="3" t="19" w="20" /><ent r="3" t="19" w="27" /><ent r="4" t="20" w="59" /><ent r="4" t="20" w="187" /><ent r="4" t="20" w="236" /><ent r="4" t="20" w="359" /><ent r="4" t="20" w="493" /><ent r="4" t="20" w="530" /><ent r="3" t="21" w="69" /><ent r="100" t="24" w="7" /><ent r="100" t="24" w="10" /><ent r="3" t="24" w="21" /><ent r="3" t="24" w="90" /><ent r="100" t="25" w="11" /><ent r="100" t="25" w="14" /><ent r="64" t="25" w="28" /><ent r="4" t="25" w="53" /><ent r="4" t="25" w="58" /><ent r="4" t="25" w="88" /><ent r="4" t="25" w="126" /><ent r="4" t="25" w="152" /><ent r="4" t="25" w="212" /><ent r="64" t="27" w="27" /><ent r="4" t="27" w="525" /><ent r="4" t="27" w="551" /><ent r="4" t="27" w="569" /><ent r="3" t="31" w="71" /><ent r="4" t="32" w="95" /><ent r="3" t="34" w="46" /><ent r="3" t="41" w="236" /><ent r="3" t="48" w="26" /><ent r="100" t="49" w="5" /><ent r="4" t="49" w="162" /><ent r="3" t="49" w="280" /><ent r="4" t="49" w="342" /><ent r="3" t="50" w="86" /><ent r="3" t="51" w="90" /><ent r="3" t="51" w="101" /><ent r="3" t="53" w="94" /><ent r="4" t="54" w="93" /><ent r="3" t="59" w="31" /><ent r="4" t="69" w="188" /><ent r="3" t="71" w="24" /><ent r="3" t="74" w="14" /><ent r="3" t="74" w="80" /><ent r="3" t="74" w="97" /><ent r="3" t="82" w="16" /><ent r="3" t="82" w="131" /><ent r="3" t="82" w="489" /><ent r="3" t="82" w="630" /><ent r="6" t="91" w="351" /><ent r="5" t="91" w="371" /><ent r="7" t="91" w="458" /><ent r="3" t="93" w="27" /><ent r="4" t="93" w="170" /><ent r="4" t="93" w="184" /><ent r="3" t="94" w="22" /><ent r="3" t="99" w="13" /><ent r="65" t="99" w="18" /><ent r="3" t="103" w="42" /><ent r="4" t="106" w="64" /><ent r="4" t="106" w="80" /><ent r="3" t="107" w="105" /><ent r="3" t="109" w="24" /><ent r="3" t="109" w="176" /><ent r="3" t="109" w="253" /><ent r="4" t="109" w="302" /><ent r="3" t="109" w="346" /><ent r="3" t="109" w="428" /><ent r="3" t="110" w="24" /><ent r="4" t="110" w="501" /><ent r="4" t="110" w="545" /><ent r="3" t="111" w="76" /><ent r="3" t="111" w="115" /><ent r="3" t="111" w="215" /><ent r="3" t="111" w="275" /><ent r="3" t="111" w="306" /><ent r="3" t="111" w="365" /><ent r="4" t="111" w="400" /><ent r="4" t="111" w="525" /><ent r="4" t="111" w="556" /><ent r="3" t="114" w="29" /><ent r="3" t="116" w="19" /><ent r="3" t="116" w="35" /><ent r="3" t="117" w="16" /><ent r="3" t="118" w="535" /><ent r="4" t="120" w="141" /><ent r="3" t="120" w="253" /><ent r="4" t="123" w="94" /><ent r="3" t="125" w="129" /><ent r="3" t="125" w="155" /><ent r="3" t="128" w="853" /><ent r="3" t="128" w="874" /><ent r="3" t="132" w="119" /><ent r="3" t="132" w="145" /><ent r="3" t="132" w="169" /><ent r="3" t="132" w="306" /><ent r="3" t="132" w="317" /><ent r="3" t="133" w="38" /><ent r="3" t="140" w="25" /><ent r="4" t="140" w="40" /><ent r="3" t="140" w="75" /><ent r="3" t="140" w="88" /><ent r="3" t="140" w="106" /><ent r="3" t="140" w="125" /><ent r="4" t="145" w="70" /><ent r="4" t="145" w="171" /><ent r="4" t="145" w="272" /><ent r="3" t="145" w="330" /><ent r="3" t="145" w="352" /><ent r="3" t="146" w="12" /><ent r="5" t="146" w="160" /><ent r="5" t="146" w="202" /><ent r="5" t="146" w="210" /><ent r="5" t="146" w="218" /><ent r="5" t="146" w="253" /><ent r="5" t="146" w="267" /><ent r="3" t="147" w="146" /><ent r="3" t="147" w="249" /><ent r="3" t="147" w="362" /><ent r="3" t="147" w="388" /><ent r="3" t="147" w="453" /><ent r="3" t="147" w="617" /><ent r="3" t="148" w="25" /><ent r="4" t="148" w="76" /><ent r="4" t="148" w="90" /><ent r="3" t="149" w="16" /><ent r="3" t="150" w="24" /><ent r="4" t="150" w="228" /><ent r="3" t="151" w="24" /><ent r="3" t="152" w="24" /><ent r="3" t="153" w="24" /><ent r="3" t="154" w="24" /><ent r="3" t="155" w="21" /><ent r="3" t="156" w="19" /><ent r="5" t="156" w="443" /><ent r="5" t="156" w="460" /><ent r="5" t="156" w="878" /><ent r="5" t="156" w="895" /><ent r="3" t="157" w="19" /><ent r="4" t="157" w="421" /><ent r="4" t="157" w="438" /><ent r="3" t="157" w="544" /><ent r="3" t="158" w="29" /><ent r="3" t="159" w="12" /><ent r="3" t="159" w="28" /><ent r="3" t="159" w="222" /><ent r="4" t="159" w="247" /><ent r="4" t="159" w="771" /><ent r="3" t="160" w="815" /><ent r="3" t="160" w="893" /><ent r="3" t="160" w="898" /><ent r="3" t="160" w="932" /><ent r="3" t="160" w="958" /><ent r="3" t="161" w="27" /><ent r="3" t="161" w="753" /><ent r="4" t="161" w="869" /><ent r="3" t="162" w="168" /><ent r="3" t="164" w="56" /><ent r="3" t="164" w="62" /><ent r="3" t="166" w="44" /><ent r="3" t="166" w="272" /><ent r="3" t="166" w="313" /><ent r="5" t="168" w="480" /><ent r="5" t="168" w="497" /><ent r="5" t="170" w="319" /><ent r="4" t="170" w="1112" /><ent r="3" t="175" w="24" /><ent r="4" t="175" w="57" /><ent r="4" t="176" w="135" /><ent r="4" t="176" w="230" /><ent r="3" t="177" w="41" /><ent r="3" t="177" w="46" /><ent r="4" t="177" w="72" /><ent r="4" t="177" w="77" /><ent r="4" t="177" w="94" /><ent r="4" t="177" w="108" /><ent r="4" t="177" w="117" /><ent r="4" t="177" w="171" /><ent r="4" t="177" w="181" /><ent r="4" t="180" w="111" /><ent r="3" t="185" w="249" /><ent r="3" t="185" w="1362" /><ent r="3" t="186" w="162" /><ent r="3" t="186" w="400" /><ent r="4" t="186" w="792" /><ent r="4" t="186" w="802" /><ent r="3" t="186" w="937" /><ent r="4" t="186" w="1198" /><ent r="4" t="186" w="1228" /><ent r="3" t="186" w="1342" /><ent r="4" t="186" w="1835" /><ent r="4" t="186" w="1851" /><ent r="4" t="186" w="2524" /><ent r="3" t="186" w="2578" /><ent r="3" t="186" w="2582" /><ent r="3" t="186" w="2587" /><ent r="4" t="186" w="2614" /><ent r="4" t="186" w="2657" /><ent r="3" t="187" w="741" /><ent r="4" t="187" w="1283" /><ent r="4" t="188" w="487" /><ent r="4" t="188" w="565" /><ent r="4" t="188" w="582" /><ent r="3" t="188" w="601" /><ent r="3" t="188" w="606" /><ent r="3" t="188" w="615" /><ent r="3" t="188" w="627" /><ent r="3" t="188" w="637" /><ent r="3" t="188" w="646" /><ent r="3" t="188" w="662" /><ent r="3" t="189" w="144" /><ent r="3" t="189" w="243" /><ent r="3" t="189" w="680" /><ent r="3" t="189" w="688" /><ent r="4" t="189" w="915" /><ent r="3" t="189" w="1064" /><ent r="3" t="190" w="134" /><ent r="3" t="190" w="233" /><ent r="3" t="190" w="1257" /><ent r="4" t="191" w="512" /><ent r="4" t="191" w="573" /><ent r="3" t="191" w="602" /><ent r="3" t="192" w="89" /><ent r="4" t="200" w="163" /><ent r="3" t="202" w="42" /><ent r="7" t="202" w="459" /><ent r="3" t="203" w="25" /><ent r="64" t="203" w="49" /><ent r="3" t="203" w="53" /><ent r="3" t="203" w="104" /><ent r="4" t="203" w="310" /><ent r="3" t="204" w="41" /><ent r="3" t="204" w="234" /><ent r="3" t="205" w="193" /><ent r="3" t="207" w="40" /><ent r="3" t="209" w="149" /><ent r="3" t="209" w="169" /><ent r="3" t="209" w="195" /><ent r="3" t="213" w="154" /><ent r="3" t="213" w="174" /><ent r="3" t="213" w="200" /><ent r="100" t="215" w="8" /><ent r="100" t="215" w="11" /><ent r="3" t="215" w="38" /><ent r="3" t="215" w="112" /><ent r="3" t="215" w="131" /><ent r="3" t="216" w="26" /><ent r="3" t="216" w="392" /><ent r="3" t="216" w="399" /><ent r="3" t="219" w="25" /><ent r="3" t="221" w="39" /><ent r="3" t="221" w="71" /><ent r="3" t="221" w="150" /><ent r="3" t="222" w="16" /><ent r="6" t="227" w="294" /><ent r="4" t="233" w="79" /><ent r="4" t="233" w="96" /><ent r="3" t="234" w="106" /><ent r="3" t="234" w="163" /><ent r="3" t="234" w="482" /><ent r="3" t="235" w="168" /><ent r="3" t="236" w="53" /><ent r="3" t="236" w="256" /><ent r="3" t="236" w="335" /><ent r="83" t="236" w="404" /><ent r="4" t="236" w="429" /><ent r="3" t="236" w="470" /><ent r="3" t="236" w="474" /><ent r="3" t="236" w="632" /><ent r="3" t="236" w="772" /></phr><phr n="Setting"><ent r="92" t="18" w="140" /><ent r="92" t="125" w="184" /><ent r="92" t="132" w="292" /><ent r="92" t="145" w="65" /><ent r="92" t="171" w="262" /><ent r="92" t="171" w="309" /></phr><phr n="Sets"><ent r="65" t="19" w="101" /><ent r="4" t="109" w="188" /><ent r="4" t="109" w="219" /><ent r="4" t="109" w="439" /><ent r="4" t="110" w="673" /><ent r="5" t="156" w="681" /><ent r="5" t="156" w="1116" /><ent r="5" t="168" w="713" /><ent r="1000" t="215" w="4" /><ent r="102" t="215" w="17" /><ent r="92" t="215" w="22" /><ent r="92" t="215" w="93" /></phr><phr n="Set"><ent r="1000" t="24" w="3" /><ent r="102" t="24" w="15" /><ent r="64" t="24" w="85" /><ent r="1000" t="25" w="2" /><ent r="102" t="25" w="6" /><ent r="5" t="45" w="225" /><ent r="4" t="48" w="241" /><ent r="4" t="48" w="306" /><ent r="5" t="91" w="344" /><ent r="67" t="91" w="362" /><ent r="4" t="93" w="156" /><ent r="1000" t="94" w="1" /><ent r="100" t="94" w="5" /><ent r="102" t="94" w="12" /><ent r="3" t="94" w="16" /><ent r="5" t="94" w="79" /><ent r="4" t="94" w="128" /><ent r="4" t="170" w="1055" /><ent r="4" t="176" w="142" /><ent r="4" t="177" w="176" /><ent r="4" t="177" w="186" /><ent r="4" t="181" w="159" /><ent r="4" t="181" w="215" /><ent r="4" t="186" w="2471" /><ent r="4" t="186" w="2509" /><ent r="4" t="186" w="2526" /><ent r="4" t="186" w="2619" /><ent r="4" t="186" w="2677" /><ent r="4" t="186" w="2691" /><ent r="4" t="187" w="481" /><ent r="4" t="188" w="570" /><ent r="4" t="188" w="587" /><ent r="3" t="188" w="1356" /><ent r="4" t="188" w="1465" /><ent r="4" t="188" w="1504" /><ent r="4" t="188" w="1524" /><ent r="5" t="193" w="457" /><ent r="3" t="193" w="968" /><ent r="3" t="193" w="974" /><ent r="3" t="193" w="1044" /><ent r="7" t="193" w="1118" /><ent r="7" t="193" w="1121" /><ent r="3" t="193" w="1373" /><ent r="7" t="194" w="953" /><ent r="7" t="194" w="1018" /><ent r="7" t="194" w="1021" /><ent r="3" t="194" w="1251" /><ent r="4" t="217" w="155" /><ent r="5" t="224" w="264" /><ent r="5" t="224" w="274" /><ent r="5" t="224" w="284" /><ent r="5" t="224" w="294" /><ent r="5" t="224" w="304" /><ent r="5" t="224" w="314" /><ent r="93" t="234" w="144" /></phr><phr n="setting"><ent r="4" t="51" w="182" /><ent r="3" t="82" w="247" /><ent r="4" t="109" w="451" /><ent r="3" t="111" w="291" /><ent r="3" t="171" w="268" /><ent r="4" t="171" w="294" /><ent r="3" t="171" w="315" /><ent r="4" t="171" w="341" /><ent r="4" t="181" w="193" /><ent r="4" t="185" w="1654" /><ent r="4" t="212" w="35" /></phr><phr n="settings"><ent r="3" t="145" w="561" /><ent r="3" t="169" w="31" /><ent r="3" t="171" w="185" /><ent r="3" t="171" w="232" /><ent r="4" t="171" w="250" /><ent r="4" t="171" w="286" /><ent r="4" t="171" w="333" /><ent r="3" t="172" w="161" /><ent r="4" t="185" w="2317" /><ent r="4" t="189" w="919" /></phr><phr n="Settings"><ent r="92" t="171" w="227" /><ent r="5" t="177" w="286" /><ent r="3" t="188" w="774" /><ent r="4" t="188" w="803" /><ent r="5" t="204" w="272" /></phr></stem><stem n="specif"><phr n="specific"><ent r="3" t="0" w="35" /><ent r="3" t="22" w="30" /><ent r="4" t="23" w="98" /><ent r="3" t="49" w="474" /><ent r="3" t="50" w="275" /><ent r="3" t="70" w="88" /><ent r="4" t="76" w="46" /><ent r="3" t="88" w="24" /><ent r="3" t="104" w="29" /><ent r="3" t="132" w="266" /><ent r="3" t="160" w="891" /><ent r="3" t="184" w="55" /><ent r="3" t="187" w="74" /><ent r="7" t="202" w="166" /><ent r="7" t="202" w="313" /><ent r="7" t="202" w="534" /><ent r="7" t="202" w="589" /><ent r="3" t="236" w="129" /></phr><phr n="Specifications"><ent r="65" t="20" w="538" /><ent r="64" t="221" w="226" /><ent r="1000" t="237" w="6" /><ent r="102" t="237" w="13" /></phr><phr n="Specific"><ent r="92" t="22" w="162" /></phr><phr n="specification"><ent r="3" t="69" w="57" /><ent r="3" t="69" w="59" /><ent r="3" t="69" w="151" /><ent r="3" t="69" w="153" /></phr></stem><stem n="technic"><phr n="technical"><ent r="3" t="0" w="36" /></phr></stem><stem n="sensor"><phr n="sensors"><ent r="3" t="0" w="37" /><ent r="3" t="176" w="45" /><ent r="3" t="188" w="124" /></phr><phr n="Sensor"><ent r="66" t="7" w="268" /><ent r="1000" t="44" w="1" /><ent r="102" t="44" w="4" /><ent r="100" t="44" w="7" /><ent r="3" t="44" w="10" /><ent r="3" t="44" w="182" /><ent r="3" t="44" w="204" /></phr><phr n="sensor"><ent r="3" t="185" w="266" /><ent r="3" t="185" w="275" /><ent r="3" t="191" w="368" /><ent r="7" t="202" w="308" /><ent r="3" t="202" w="728" /><ent r="3" t="235" w="86" /><ent r="3" t="235" w="94" /></phr></stem><stem n="present"><phr n="presents"><ent r="3" t="0" w="39" /></phr><phr n="present"><ent r="3" t="61" w="114" /><ent r="7" t="202" w="136" /></phr></stem><stem n="us"><phr n="using"><ent r="3" t="0" w="47" /><ent r="3" t="0" w="95" /><ent r="3" t="1" w="98" /><ent r="3" t="2" w="19" /><ent r="3" t="2" w="147" /><ent r="3" t="11" w="70" /><ent r="6" t="14" w="227" /><ent r="6" t="14" w="287" /><ent r="4" t="30" w="80" /><ent r="4" t="32" w="32" /><ent r="3" t="33" w="93" /><ent r="3" t="33" w="115" /><ent r="3" t="39" w="18" /><ent r="3" t="49" w="394" /><ent r="3" t="51" w="87" /><ent r="4" t="51" w="110" /><ent r="3" t="65" w="156" /><ent r="3" t="65" w="229" /><ent r="3" t="69" w="55" /><ent r="4" t="71" w="179" /><ent r="3" t="74" w="64" /><ent r="3" t="74" w="106" /><ent r="3" t="75" w="19" /><ent r="4" t="76" w="56" /><ent r="3" t="77" w="19" /><ent r="3" t="78" w="217" /><ent r="3" t="78" w="284" /><ent r="4" t="81" w="78" /><ent r="4" t="81" w="108" /><ent r="4" t="81" w="154" /><ent r="3" t="82" w="467" /><ent r="3" t="90" w="233" /><ent r="3" t="109" w="381" /><ent r="3" t="111" w="107" /><ent r="4" t="111" w="311" /><ent r="3" t="112" w="34" /><ent r="3" t="112" w="259" /><ent r="6" t="114" w="8" /><ent r="100" t="118" w="6" /><ent r="100" t="118" w="33" /><ent r="3" t="129" w="35" /><ent r="4" t="131" w="60" /><ent r="3" t="134" w="57" /><ent r="3" t="140" w="151" /><ent r="4" t="145" w="73" /><ent r="4" t="145" w="174" /><ent r="4" t="145" w="275" /><ent r="4" t="145" w="434" /><ent r="4" t="145" w="445" /><ent r="3" t="147" w="187" /><ent r="3" t="147" w="290" /><ent r="3" t="147" w="494" /><ent r="3" t="147" w="658" /><ent r="3" t="171" w="89" /><ent r="3" t="172" w="24" /><ent r="3" t="174" w="24" /><ent r="3" t="174" w="172" /><ent r="4" t="176" w="160" /><ent r="3" t="177" w="28" /><ent r="3" t="180" w="47" /><ent r="4" t="180" w="194" /><ent r="4" t="182" w="38" /><ent r="4" t="182" w="75" /><ent r="4" t="182" w="105" /><ent r="4" t="182" w="141" /><ent r="3" t="184" w="115" /><ent r="3" t="184" w="145" /><ent r="7" t="184" w="273" /><ent r="64" t="184" w="344" /><ent r="7" t="185" w="490" /><ent r="3" t="185" w="2435" /><ent r="3" t="186" w="59" /><ent r="3" t="186" w="91" /><ent r="3" t="186" w="408" /><ent r="7" t="186" w="639" /><ent r="3" t="186" w="1528" /><ent r="3" t="186" w="1616" /><ent r="4" t="186" w="2907" /><ent r="3" t="186" w="2923" /><ent r="4" t="186" w="3006" /><ent r="3" t="186" w="3063" /><ent r="3" t="186" w="3262" /><ent r="3" t="187" w="83" /><ent r="4" t="187" w="104" /><ent r="7" t="187" w="355" /><ent r="4" t="187" w="647" /><ent r="4" t="187" w="974" /><ent r="3" t="187" w="1138" /><ent r="3" t="187" w="1147" /><ent r="3" t="187" w="1210" /><ent r="4" t="187" w="1325" /><ent r="3" t="187" w="1578" /><ent r="3" t="188" w="56" /><ent r="7" t="188" w="315" /><ent r="3" t="188" w="1111" /><ent r="3" t="188" w="1626" /><ent r="7" t="189" w="553" /><ent r="7" t="190" w="542" /><ent r="4" t="190" w="929" /><ent r="4" t="190" w="1145" /><ent r="3" t="190" w="1204" /><ent r="3" t="190" w="1298" /><ent r="3" t="191" w="38" /><ent r="7" t="191" w="199" /><ent r="3" t="191" w="592" /><ent r="7" t="192" w="466" /><ent r="3" t="192" w="955" /><ent r="3" t="193" w="27" /><ent r="3" t="193" w="129" /><ent r="7" t="193" w="385" /><ent r="3" t="193" w="1402" /><ent r="3" t="193" w="1924" /><ent r="3" t="194" w="125" /><ent r="5" t="194" w="179" /><ent r="7" t="194" w="375" /><ent r="3" t="194" w="1627" /><ent r="3" t="200" w="179" /><ent r="3" t="209" w="172" /><ent r="3" t="213" w="177" /><ent r="4" t="217" w="391" /><ent r="4" t="217" w="500" /><ent r="3" t="217" w="661" /><ent r="3" t="224" w="54" /><ent r="6" t="227" w="119" /><ent r="6" t="227" w="127" /><ent r="7" t="231" w="49" /><ent r="7" t="231" w="59" /><ent r="7" t="231" w="72" /><ent r="7" t="231" w="83" /><ent r="7" t="231" w="91" /><ent r="4" t="232" w="37" /><ent r="4" t="232" w="83" /></phr><phr n="uses"><ent r="3" t="0" w="54" /><ent r="4" t="20" w="86" /><ent r="3" t="21" w="95" /><ent r="3" t="59" w="36" /><ent r="3" t="69" w="154" /><ent r="3" t="69" w="167" /><ent r="3" t="109" w="328" /><ent r="3" t="174" w="15" /><ent r="3" t="184" w="81" /><ent r="3" t="184" w="160" /><ent r="3" t="185" w="282" /><ent r="3" t="186" w="275" /><ent r="4" t="217" w="454" /><ent r="3" t="235" w="112" /></phr><phr n="Using"><ent r="4" t="1" w="317" /><ent r="4" t="4" w="172" /><ent r="4" t="27" w="380" /><ent r="3" t="64" w="30" /><ent r="1000" t="118" w="1" /><ent r="102" t="118" w="35" /><ent r="64" t="120" w="53" /><ent r="64" t="120" w="259" /><ent r="64" t="121" w="136" /><ent r="64" t="122" w="192" /><ent r="64" t="123" w="147" /><ent r="64" t="125" w="230" /><ent r="64" t="171" w="197" /><ent r="1000" t="172" w="2" /><ent r="102" t="172" w="9" /><ent r="4" t="180" w="95" /><ent r="64" t="184" w="372" /><ent r="4" t="185" w="383" /><ent r="3" t="185" w="662" /><ent r="3" t="185" w="1836" /><ent r="4" t="186" w="532" /><ent r="3" t="186" w="2057" /><ent r="102" t="187" w="16" /><ent r="4" t="187" w="248" /><ent r="4" t="188" w="208" /><ent r="4" t="189" w="446" /><ent r="4" t="190" w="435" /><ent r="4" t="190" w="685" /><ent r="4" t="190" w="840" /><ent r="4" t="190" w="908" /><ent r="1000" t="191" w="2" /><ent r="102" t="191" w="17" /><ent r="4" t="192" w="359" /><ent r="4" t="194" w="268" /><ent r="3" t="223" w="162" /><ent r="92" t="236" w="154" /></phr><phr n="useful"><ent r="6" t="11" w="129" /><ent r="3" t="38" w="37" /><ent r="4" t="156" w="261" /><ent r="5" t="168" w="196" /><ent r="3" t="170" w="47" /><ent r="3" t="170" w="526" /><ent r="3" t="173" w="28" /></phr><phr n="used"><ent r="7" t="13" w="185" /><ent r="3" t="20" w="9" /><ent r="3" t="21" w="25" /><ent r="3" t="21" w="42" /><ent r="3" t="21" w="118" /><ent r="4" t="25" w="146" /><ent r="3" t="33" w="63" /><ent r="3" t="45" w="491" /><ent r="3" t="47" w="138" /><ent r="3" t="68" w="47" /><ent r="3" t="82" w="354" /><ent r="3" t="82" w="616" /><ent r="6" t="91" w="357" /><ent r="3" t="94" w="28" /><ent r="4" t="97" w="130" /><ent r="3" t="97" w="157" /><ent r="3" t="97" w="173" /><ent r="4" t="110" w="204" /><ent r="3" t="111" w="41" /><ent r="3" t="111" w="64" /><ent r="3" t="111" w="360" /><ent r="3" t="112" w="297" /><ent r="3" t="118" w="244" /><ent r="3" t="120" w="220" /><ent r="3" t="128" w="655" /><ent r="3" t="148" w="303" /><ent r="3" t="148" w="336" /><ent r="3" t="148" w="344" /><ent r="3" t="148" w="349" /><ent r="3" t="152" w="77" /><ent r="3" t="159" w="342" /><ent r="3" t="159" w="517" /><ent r="3" t="160" w="333" /><ent r="3" t="160" w="505" /><ent r="3" t="160" w="884" /><ent r="3" t="161" w="332" /><ent r="3" t="161" w="504" /><ent r="5" t="170" w="187" /><ent r="3" t="170" w="249" /><ent r="5" t="170" w="342" /><ent r="3" t="170" w="982" /><ent r="6" t="171" w="214" /><ent r="3" t="173" w="576" /><ent r="3" t="176" w="108" /><ent r="4" t="176" w="305" /><ent r="3" t="178" w="65" /><ent r="3" t="179" w="31" /><ent r="3" t="184" w="90" /><ent r="82" t="184" w="213" /><ent r="3" t="185" w="313" /><ent r="3" t="186" w="179" /><ent r="3" t="186" w="189" /><ent r="3" t="186" w="288" /><ent r="3" t="186" w="457" /><ent r="3" t="187" w="182" /><ent r="3" t="187" w="1111" /><ent r="3" t="188" w="118" /><ent r="3" t="188" w="139" /><ent r="3" t="189" w="98" /><ent r="3" t="189" w="112" /><ent r="3" t="189" w="249" /><ent r="3" t="189" w="263" /><ent r="3" t="189" w="380" /><ent r="3" t="190" w="88" /><ent r="3" t="190" w="102" /><ent r="3" t="190" w="239" /><ent r="3" t="190" w="253" /><ent r="3" t="190" w="370" /><ent r="3" t="192" w="294" /><ent r="3" t="193" w="300" /><ent r="4" t="194" w="207" /><ent r="3" t="196" w="22" /><ent r="5" t="198" w="276" /><ent r="3" t="201" w="29" /><ent r="7" t="202" w="576" /><ent r="7" t="202" w="618" /><ent r="7" t="202" w="644" /><ent r="3" t="216" w="464" /><ent r="3" t="216" w="638" /><ent r="3" t="223" w="49" /><ent r="6" t="227" w="177" /><ent r="6" t="227" w="230" /><ent r="3" t="230" w="27" /><ent r="3" t="234" w="516" /><ent r="3" t="236" w="122" /></phr><phr n="Used"><ent r="4" t="82" w="379" /></phr></stem><stem n="imag"><phr n="images"><ent r="3" t="0" w="48" /><ent r="5" t="7" w="240" /><ent r="3" t="23" w="129" /><ent r="4" t="49" w="252" /><ent r="3" t="71" w="29" /><ent r="3" t="72" w="33" /><ent r="3" t="78" w="196" /><ent r="4" t="106" w="69" /><ent r="4" t="106" w="86" /><ent r="6" t="107" w="56" /><ent r="3" t="109" w="29" /><ent r="6" t="109" w="52" /><ent r="3" t="110" w="30" /><ent r="6" t="110" w="53" /><ent r="4" t="112" w="196" /><ent r="6" t="146" w="63" /><ent r="6" t="150" w="50" /><ent r="6" t="151" w="50" /><ent r="6" t="152" w="50" /><ent r="6" t="153" w="57" /><ent r="6" t="154" w="53" /><ent r="6" t="155" w="49" /><ent r="6" t="156" w="46" /><ent r="6" t="157" w="46" /><ent r="6" t="158" w="56" /><ent r="4" t="168" w="767" /><ent r="3" t="178" w="44" /><ent r="4" t="180" w="352" /><ent r="4" t="181" w="308" /><ent r="3" t="185" w="756" /><ent r="3" t="186" w="70" /><ent r="3" t="186" w="2380" /><ent r="4" t="186" w="2389" /><ent r="4" t="186" w="2430" /><ent r="3" t="188" w="866" /><ent r="3" t="188" w="901" /><ent r="4" t="188" w="935" /><ent r="4" t="188" w="1281" /><ent r="4" t="188" w="1539" /><ent r="3" t="188" w="1577" /><ent r="3" t="192" w="945" /><ent r="4" t="193" w="1881" /><ent r="6" t="225" w="50" /></phr><phr n="image"><ent r="3" t="1" w="253" /><ent r="5" t="3" w="41" /><ent r="3" t="4" w="51" /><ent r="3" t="4" w="75" /><ent r="6" t="7" w="42" /><ent r="6" t="7" w="57" /><ent r="6" t="7" w="77" /><ent r="6" t="7" w="129" /><ent r="5" t="7" w="255" /><ent r="6" t="7" w="320" /><ent r="3" t="8" w="22" /><ent r="3" t="10" w="55" /><ent r="4" t="11" w="21" /><ent r="7" t="12" w="29" /><ent r="7" t="12" w="42" /><ent r="3" t="14" w="58" /><ent r="4" t="20" w="404" /><ent r="4" t="20" w="426" /><ent r="3" t="22" w="41" /><ent r="3" t="22" w="78" /><ent r="3" t="22" w="96" /><ent r="3" t="22" w="125" /><ent r="3" t="23" w="131" /><ent r="4" t="29" w="62" /><ent r="4" t="29" w="85" /><ent r="4" t="29" w="108" /><ent r="4" t="29" w="127" /><ent r="4" t="29" w="152" /><ent r="4" t="29" w="182" /><ent r="4" t="29" w="275" /><ent r="4" t="29" w="304" /><ent r="3" t="32" w="51" /><ent r="3" t="33" w="67" /><ent r="3" t="36" w="13" /><ent r="3" t="38" w="55" /><ent r="4" t="38" w="77" /><ent r="4" t="38" w="79" /><ent r="4" t="41" w="151" /><ent r="4" t="41" w="177" /><ent r="3" t="43" w="24" /><ent r="3" t="43" w="31" /><ent r="4" t="43" w="39" /><ent r="4" t="43" w="54" /><ent r="3" t="44" w="14" /><ent r="4" t="44" w="55" /><ent r="3" t="44" w="132" /><ent r="3" t="45" w="18" /><ent r="3" t="45" w="53" /><ent r="4" t="45" w="118" /><ent r="4" t="45" w="122" /><ent r="4" t="45" w="166" /><ent r="4" t="45" w="286" /><ent r="3" t="45" w="343" /><ent r="100" t="47" w="10" /><ent r="3" t="47" w="18" /><ent r="3" t="47" w="50" /><ent r="3" t="47" w="95" /><ent r="3" t="48" w="127" /><ent r="100" t="50" w="7" /><ent r="3" t="50" w="32" /><ent r="3" t="50" w="38" /><ent r="3" t="50" w="48" /><ent r="3" t="50" w="76" /><ent r="3" t="51" w="34" /><ent r="3" t="51" w="52" /><ent r="3" t="51" w="69" /><ent r="3" t="51" w="79" /><ent r="3" t="51" w="103" /><ent r="4" t="51" w="150" /><ent r="3" t="51" w="169" /><ent r="4" t="51" w="205" /><ent r="3" t="51" w="278" /><ent r="3" t="53" w="18" /><ent r="3" t="53" w="88" /><ent r="3" t="54" w="28" /><ent r="3" t="56" w="26" /><ent r="4" t="56" w="40" /><ent r="4" t="56" w="53" /><ent r="4" t="59" w="160" /><ent r="4" t="59" w="258" /><ent r="3" t="59" w="288" /><ent r="3" t="64" w="18" /><ent r="3" t="64" w="47" /><ent r="3" t="64" w="70" /><ent r="3" t="67" w="46" /><ent r="3" t="67" w="55" /><ent r="100" t="70" w="6" /><ent r="3" t="70" w="15" /><ent r="3" t="70" w="22" /><ent r="3" t="70" w="106" /><ent r="3" t="70" w="109" /><ent r="3" t="70" w="121" /><ent r="3" t="70" w="136" /><ent r="100" t="71" w="12" /><ent r="3" t="72" w="28" /><ent r="3" t="73" w="24" /><ent r="3" t="73" w="33" /><ent r="4" t="73" w="86" /><ent r="3" t="73" w="146" /><ent r="3" t="78" w="140" /><ent r="3" t="78" w="207" /><ent r="3" t="80" w="116" /><ent r="3" t="82" w="569" /><ent r="3" t="88" w="19" /><ent r="5" t="90" w="168" /><ent r="5" t="90" w="199" /><ent r="3" t="95" w="167" /><ent r="3" t="97" w="30" /><ent r="4" t="97" w="230" /><ent r="4" t="100" w="31" /><ent r="4" t="106" w="25" /><ent r="4" t="106" w="56" /><ent r="3" t="107" w="20" /><ent r="3" t="107" w="83" /><ent r="3" t="108" w="33" /><ent r="3" t="108" w="55" /><ent r="3" t="109" w="380" /><ent r="3" t="109" w="397" /><ent r="4" t="109" w="445" /><ent r="4" t="109" w="530" /><ent r="4" t="109" w="546" /><ent r="3" t="110" w="249" /><ent r="3" t="110" w="339" /><ent r="4" t="110" w="462" /><ent r="3" t="110" w="719" /><ent r="3" t="113" w="112" /><ent r="6" t="114" w="16" /><ent r="3" t="133" w="18" /><ent r="3" t="133" w="23" /><ent r="3" t="141" w="52" /><ent r="3" t="141" w="106" /><ent r="4" t="142" w="35" /><ent r="6" t="145" w="218" /><ent r="4" t="145" w="257" /><ent r="3" t="146" w="13" /><ent r="3" t="147" w="159" /><ent r="3" t="147" w="184" /><ent r="3" t="147" w="204" /><ent r="3" t="147" w="262" /><ent r="3" t="147" w="287" /><ent r="3" t="147" w="307" /><ent r="3" t="147" w="466" /><ent r="3" t="147" w="491" /><ent r="3" t="147" w="511" /><ent r="3" t="147" w="630" /><ent r="3" t="147" w="655" /><ent r="3" t="147" w="675" /><ent r="3" t="153" w="37" /><ent r="4" t="156" w="138" /><ent r="4" t="156" w="211" /><ent r="5" t="156" w="641" /><ent r="5" t="156" w="676" /><ent r="5" t="156" w="1076" /><ent r="5" t="156" w="1111" /><ent r="3" t="156" w="1160" /><ent r="4" t="157" w="509" /><ent r="3" t="159" w="13" /><ent r="3" t="159" w="227" /><ent r="4" t="159" w="253" /><ent r="4" t="159" w="271" /><ent r="3" t="168" w="22" /><ent r="3" t="168" w="36" /><ent r="4" t="168" w="100" /><ent r="3" t="168" w="248" /><ent r="3" t="168" w="311" /><ent r="5" t="168" w="675" /><ent r="5" t="168" w="703" /><ent r="4" t="168" w="789" /><ent r="3" t="170" w="407" /><ent r="3" t="170" w="452" /><ent r="3" t="170" w="493" /><ent r="3" t="170" w="843" /><ent r="3" t="170" w="965" /><ent r="3" t="170" w="973" /><ent r="3" t="170" w="1023" /><ent r="3" t="171" w="188" /><ent r="6" t="171" w="209" /><ent r="6" t="171" w="223" /><ent r="3" t="173" w="18" /><ent r="3" t="173" w="35" /><ent r="3" t="173" w="399" /><ent r="4" t="173" w="431" /><ent r="4" t="173" w="451" /><ent r="4" t="173" w="471" /><ent r="4" t="178" w="101" /><ent r="4" t="178" w="108" /><ent r="4" t="180" w="80" /><ent r="4" t="180" w="211" /><ent r="3" t="181" w="22" /><ent r="3" t="181" w="65" /><ent r="4" t="181" w="279" /><ent r="4" t="181" w="284" /><ent r="4" t="181" w="375" /><ent r="4" t="182" w="73" /><ent r="4" t="182" w="83" /><ent r="4" t="182" w="103" /><ent r="4" t="182" w="113" /><ent r="100" t="185" w="7" /><ent r="3" t="185" w="36" /><ent r="3" t="185" w="113" /><ent r="3" t="185" w="150" /><ent r="3" t="185" w="302" /><ent r="3" t="185" w="310" /><ent r="4" t="185" w="622" /><ent r="3" t="185" w="751" /><ent r="3" t="185" w="765" /><ent r="4" t="185" w="900" /><ent r="3" t="185" w="1006" /><ent r="4" t="185" w="1107" /><ent r="4" t="185" w="2016" /><ent r="4" t="185" w="2133" /><ent r="4" t="185" w="2232" /><ent r="4" t="185" w="2408" /><ent r="3" t="185" w="2434" /><ent r="3" t="186" w="73" /><ent r="4" t="186" w="102" /><ent r="3" t="186" w="353" /><ent r="3" t="186" w="958" /><ent r="3" t="186" w="1429" /><ent r="4" t="186" w="1818" /><ent r="4" t="186" w="1899" /><ent r="3" t="186" w="2311" /><ent r="4" t="186" w="2316" /><ent r="4" t="186" w="2669" /><ent r="4" t="186" w="2845" /><ent r="4" t="186" w="2866" /><ent r="3" t="186" w="2949" /><ent r="3" t="186" w="2990" /><ent r="3" t="186" w="3047" /><ent r="4" t="186" w="3104" /><ent r="4" t="186" w="3111" /><ent r="4" t="186" w="3133" /><ent r="3" t="186" w="3250" /><ent r="3" t="186" w="3253" /><ent r="3" t="187" w="45" /><ent r="4" t="187" w="546" /><ent r="4" t="187" w="573" /><ent r="4" t="187" w="599" /><ent r="4" t="187" w="610" /><ent r="4" t="187" w="616" /><ent r="4" t="187" w="642" /><ent r="4" t="187" w="646" /><ent r="4" t="187" w="665" /><ent r="4" t="187" w="759" /><ent r="3" t="187" w="853" /><ent r="4" t="187" w="898" /><ent r="4" t="187" w="973" /><ent r="3" t="187" w="1452" /><ent r="3" t="187" w="1464" /><ent r="4" t="188" w="430" /><ent r="4" t="188" w="453" /><ent r="4" t="188" w="1132" /><ent r="4" t="188" w="1160" /><ent r="4" t="188" w="1197" /><ent r="3" t="188" w="1406" /><ent r="3" t="188" w="1602" /><ent r="3" t="188" w="1608" /><ent r="3" t="188" w="1616" /><ent r="4" t="188" w="1674" /><ent r="4" t="188" w="1692" /><ent r="4" t="189" w="976" /><ent r="3" t="189" w="1054" /><ent r="3" t="190" w="747" /><ent r="4" t="190" w="813" /><ent r="4" t="190" w="852" /><ent r="4" t="192" w="816" /><ent r="4" t="192" w="903" /><ent r="3" t="192" w="1038" /><ent r="4" t="192" w="1115" /><ent r="4" t="192" w="1132" /><ent r="7" t="198" w="219" /><ent r="5" t="198" w="232" /><ent r="5" t="198" w="247" /><ent r="5" t="198" w="271" /><ent r="7" t="202" w="85" /><ent r="7" t="202" w="97" /><ent r="7" t="202" w="109" /><ent r="7" t="202" w="120" /><ent r="7" t="202" w="396" /><ent r="7" t="202" w="403" /><ent r="7" t="202" w="579" /><ent r="7" t="202" w="596" /><ent r="7" t="202" w="610" /><ent r="7" t="202" w="636" /><ent r="7" t="202" w="661" /><ent r="3" t="205" w="212" /><ent r="3" t="205" w="217" /><ent r="3" t="205" w="269" /><ent r="3" t="205" w="284" /><ent r="4" t="210" w="25" /><ent r="4" t="210" w="44" /><ent r="3" t="211" w="27" /><ent r="3" t="211" w="47" /><ent r="4" t="211" w="61" /><ent r="4" t="212" w="24" /><ent r="4" t="212" w="50" /><ent r="4" t="212" w="73" /><ent r="4" t="214" w="26" /><ent r="4" t="214" w="32" /><ent r="4" t="214" w="46" /><ent r="3" t="217" w="183" /><ent r="3" t="217" w="307" /><ent r="4" t="217" w="515" /><ent r="4" t="217" w="612" /><ent r="3" t="217" w="697" /><ent r="5" t="224" w="232" /><ent r="6" t="227" w="39" /><ent r="6" t="227" w="51" /><ent r="6" t="227" w="60" /><ent r="6" t="227" w="325" /></phr><phr n="Image"><ent r="100" t="1" w="483" /><ent r="92" t="1" w="487" /><ent r="3" t="1" w="492" /><ent r="3" t="1" w="501" /><ent r="3" t="1" w="518" /><ent r="7" t="6" w="108" /><ent r="68" t="6" w="112" /><ent r="67" t="7" w="327" /><ent r="6" t="20" w="295" /><ent r="4" t="44" w="193" /><ent r="4" t="44" w="198" /><ent r="92" t="45" w="109" /><ent r="92" t="45" w="333" /><ent r="1000" t="47" w="3" /><ent r="102" t="47" w="7" /><ent r="3" t="47" w="61" /><ent r="4" t="47" w="85" /><ent r="92" t="48" w="120" /><ent r="1000" t="50" w="1" /><ent r="100" t="50" w="9" /><ent r="102" t="50" w="13" /><ent r="3" t="50" w="18" /><ent r="3" t="50" w="59" /><ent r="3" t="50" w="109" /><ent r="5" t="50" w="139" /><ent r="3" t="50" w="154" /><ent r="3" t="50" w="161" /><ent r="5" t="50" w="298" /><ent r="4" t="56" w="57" /><ent r="1000" t="70" w="2" /><ent r="102" t="70" w="10" /><ent r="3" t="70" w="33" /><ent r="4" t="70" w="45" /><ent r="4" t="70" w="61" /><ent r="3" t="70" w="92" /><ent r="3" t="70" w="98" /><ent r="64" t="70" w="170" /><ent r="1000" t="71" w="2" /><ent r="102" t="71" w="7" /><ent r="3" t="71" w="18" /><ent r="5" t="71" w="68" /><ent r="5" t="71" w="200" /><ent r="5" t="71" w="244" /><ent r="64" t="71" w="298" /><ent r="64" t="110" w="323" /><ent r="92" t="156" w="169" /><ent r="4" t="168" w="107" /><ent r="64" t="184" w="319" /><ent r="1000" t="185" w="2" /><ent r="103" t="185" w="13" /><ent r="4" t="185" w="60" /><ent r="100" t="185" w="84" /><ent r="4" t="185" w="88" /><ent r="4" t="185" w="293" /><ent r="95" t="185" w="630" /><ent r="92" t="185" w="2186" /><ent r="5" t="185" w="2199" /><ent r="3" t="185" w="2207" /><ent r="4" t="185" w="2219" /><ent r="4" t="185" w="2263" /><ent r="92" t="185" w="2375" /><ent r="92" t="187" w="840" /><ent r="3" t="192" w="1061" /><ent r="4" t="211" w="51" /><ent r="4" t="212" w="58" /><ent r="6" t="227" w="64" /><ent r="6" t="227" w="66" /><ent r="6" t="227" w="144" /><ent r="6" t="227" w="196" /><ent r="6" t="227" w="238" /><ent r="6" t="227" w="300" /><ent r="6" t="227" w="319" /><ent r="6" t="227" w="334" /><ent r="6" t="227" w="336" /><ent r="6" t="227" w="366" /><ent r="6" t="227" w="410" /><ent r="6" t="227" w="447" /><ent r="6" t="227" w="482" /><ent r="6" t="227" w="528" /></phr><phr n="Images"><ent r="6" t="20" w="136" /><ent r="6" t="25" w="45" /><ent r="3" t="33" w="28" /></phr></stem></index>