<?xml version="1.0" encoding="utf-8"?><index><stem n="list"><phr n="list"><ent r="4" t="1" w="290" /><ent r="4" t="1" w="336" /><ent r="4" t="4" w="145" /><ent r="4" t="4" w="193" /><ent r="7" t="5" w="208" /><ent r="7" t="5" w="215" /><ent r="7" t="5" w="257" /><ent r="7" t="5" w="264" /><ent r="7" t="7" w="100" /><ent r="7" t="13" w="154" /><ent r="7" t="13" w="180" /><ent r="6" t="14" w="202" /><ent r="6" t="14" w="228" /><ent r="4" t="18" w="150" /><ent r="3" t="18" w="206" /><ent r="3" t="18" w="231" /><ent r="3" t="20" w="46" /><ent r="4" t="23" w="60" /><ent r="4" t="27" w="145" /><ent r="5" t="27" w="472" /><ent r="5" t="27" w="513" /><ent r="4" t="32" w="144" /><ent r="4" t="34" w="156" /><ent r="4" t="46" w="133" /><ent r="4" t="46" w="184" /><ent r="4" t="46" w="239" /><ent r="4" t="46" w="314" /><ent r="4" t="46" w="388" /><ent r="3" t="46" w="634" /><ent r="4" t="50" w="126" /><ent r="4" t="50" w="278" /><ent r="3" t="51" w="99" /><ent r="4" t="51" w="223" /><ent r="3" t="61" w="53" /><ent r="4" t="62" w="75" /><ent r="4" t="62" w="139" /><ent r="4" t="67" w="52" /><ent r="4" t="67" w="202" /><ent r="4" t="68" w="115" /><ent r="4" t="69" w="190" /><ent r="4" t="69" w="208" /><ent r="4" t="72" w="54" /><ent r="4" t="72" w="236" /><ent r="4" t="72" w="250" /><ent r="3" t="76" w="283" /><ent r="3" t="77" w="12" /><ent r="3" t="79" w="360" /><ent r="4" t="94" w="133" /><ent r="4" t="96" w="115" /><ent r="3" t="101" w="103" /><ent r="3" t="106" w="49" /><ent r="3" t="106" w="63" /><ent r="3" t="106" w="110" /><ent r="3" t="106" w="165" /><ent r="4" t="108" w="168" /><ent r="4" t="109" w="110" /><ent r="4" t="110" w="123" /><ent r="4" t="110" w="466" /><ent r="4" t="111" w="124" /><ent r="3" t="112" w="316" /><ent r="4" t="112" w="343" /><ent r="4" t="112" w="351" /><ent r="4" t="112" w="481" /><ent r="3" t="123" w="155" /><ent r="3" t="125" w="40" /><ent r="3" t="125" w="45" /><ent r="4" t="126" w="216" /><ent r="3" t="130" w="116" /><ent r="3" t="133" w="347" /><ent r="3" t="133" w="413" /><ent r="4" t="133" w="449" /><ent r="4" t="140" w="69" /><ent r="3" t="147" w="102" /><ent r="4" t="148" w="78" /><ent r="3" t="148" w="376" /><ent r="3" t="148" w="412" /><ent r="3" t="148" w="587" /><ent r="3" t="149" w="144" /><ent r="3" t="149" w="163" /><ent r="3" t="149" w="181" /><ent r="3" t="149" w="195" /><ent r="3" t="149" w="220" /><ent r="3" t="149" w="232" /><ent r="4" t="151" w="117" /><ent r="4" t="152" w="117" /><ent r="4" t="152" w="129" /><ent r="3" t="152" w="146" /><ent r="4" t="153" w="131" /><ent r="4" t="153" w="143" /><ent r="3" t="153" w="170" /><ent r="3" t="153" w="182" /><ent r="4" t="154" w="128" /><ent r="4" t="155" w="119" /><ent r="4" t="156" w="119" /><ent r="4" t="156" w="138" /><ent r="4" t="157" w="113" /><ent r="4" t="157" w="339" /><ent r="4" t="157" w="565" /><ent r="4" t="157" w="774" /><ent r="4" t="157" w="1000" /><ent r="4" t="158" w="116" /><ent r="3" t="158" w="168" /><ent r="3" t="158" w="185" /><ent r="4" t="159" w="124" /><ent r="4" t="159" w="147" /><ent r="3" t="159" w="159" /><ent r="4" t="160" w="242" /><ent r="4" t="160" w="261" /><ent r="4" t="160" w="376" /><ent r="4" t="160" w="384" /><ent r="4" t="160" w="398" /><ent r="4" t="160" w="441" /><ent r="4" t="160" w="495" /><ent r="4" t="160" w="551" /><ent r="4" t="160" w="563" /><ent r="4" t="160" w="608" /><ent r="4" t="160" w="653" /><ent r="3" t="160" w="733" /><ent r="3" t="160" w="755" /><ent r="3" t="160" w="763" /><ent r="3" t="161" w="29" /><ent r="4" t="161" w="352" /><ent r="4" t="161" w="360" /><ent r="4" t="161" w="374" /><ent r="4" t="161" w="414" /><ent r="4" t="161" w="468" /><ent r="4" t="161" w="524" /><ent r="4" t="161" w="536" /><ent r="4" t="161" w="581" /><ent r="4" t="161" w="626" /><ent r="3" t="161" w="706" /><ent r="3" t="161" w="728" /><ent r="3" t="161" w="736" /><ent r="4" t="162" w="349" /><ent r="4" t="162" w="357" /><ent r="4" t="162" w="371" /><ent r="4" t="162" w="411" /><ent r="4" t="162" w="465" /><ent r="4" t="162" w="521" /><ent r="4" t="162" w="533" /><ent r="4" t="162" w="578" /><ent r="4" t="162" w="623" /><ent r="3" t="162" w="703" /><ent r="3" t="162" w="725" /><ent r="3" t="162" w="733" /><ent r="3" t="165" w="51" /><ent r="3" t="165" w="208" /><ent r="3" t="166" w="144" /><ent r="4" t="167" w="168" /><ent r="3" t="167" w="196" /><ent r="3" t="167" w="211" /><ent r="3" t="168" w="122" /><ent r="4" t="169" w="417" /><ent r="4" t="169" w="604" /><ent r="4" t="170" w="67" /><ent r="3" t="170" w="83" /><ent r="3" t="170" w="139" /><ent r="4" t="171" w="394" /><ent r="4" t="171" w="568" /><ent r="4" t="171" w="605" /><ent r="4" t="171" w="609" /><ent r="4" t="172" w="283" /><ent r="4" t="172" w="297" /><ent r="4" t="172" w="330" /><ent r="4" t="172" w="344" /><ent r="4" t="173" w="106" /><ent r="3" t="175" w="124" /><ent r="4" t="178" w="177" /><ent r="4" t="178" w="187" /><ent r="4" t="179" w="148" /><ent r="4" t="179" w="182" /><ent r="4" t="179" w="235" /><ent r="4" t="180" w="120" /><ent r="4" t="186" w="356" /><ent r="4" t="186" w="404" /><ent r="4" t="187" w="507" /><ent r="4" t="187" w="555" /><ent r="4" t="187" w="1756" /><ent r="4" t="188" w="218" /><ent r="4" t="188" w="266" /><ent r="4" t="188" w="466" /><ent r="4" t="188" w="1265" /><ent r="4" t="189" w="181" /><ent r="4" t="189" w="229" /><ent r="4" t="189" w="545" /><ent r="4" t="189" w="562" /><ent r="4" t="189" w="926" /><ent r="4" t="190" w="456" /><ent r="4" t="190" w="504" /><ent r="4" t="191" w="458" /><ent r="4" t="191" w="506" /><ent r="3" t="191" w="1091" /><ent r="4" t="193" w="332" /><ent r="4" t="193" w="380" /><ent r="4" t="193" w="1072" /><ent r="3" t="194" w="332" /><ent r="4" t="194" w="647" /><ent r="4" t="194" w="736" /><ent r="3" t="194" w="959" /><ent r="3" t="194" w="1708" /><ent r="4" t="195" w="241" /><ent r="4" t="195" w="289" /><ent r="4" t="195" w="521" /><ent r="3" t="195" w="848" /><ent r="3" t="205" w="157" /><ent r="3" t="205" w="187" /><ent r="4" t="205" w="322" /><ent r="6" t="207" w="101" /><ent r="4" t="220" w="214" /><ent r="4" t="220" w="329" /><ent r="4" t="220" w="477" /><ent r="4" t="220" w="485" /><ent r="4" t="220" w="499" /><ent r="4" t="220" w="542" /><ent r="4" t="220" w="596" /><ent r="4" t="220" w="651" /><ent r="4" t="220" w="663" /><ent r="4" t="220" w="708" /><ent r="4" t="220" w="753" /><ent r="3" t="220" w="838" /><ent r="3" t="220" w="860" /><ent r="3" t="220" w="868" /><ent r="4" t="226" w="101" /><ent r="4" t="226" w="116" /><ent r="3" t="226" w="128" /><ent r="3" t="226" w="165" /><ent r="4" t="226" w="243" /><ent r="4" t="226" w="295" /><ent r="3" t="234" w="196" /><ent r="4" t="234" w="225" /><ent r="4" t="234" w="254" /><ent r="3" t="235" w="105" /><ent r="4" t="235" w="119" /><ent r="4" t="235" w="134" /><ent r="6" t="237" w="431" /><ent r="4" t="238" w="139" /><ent r="4" t="238" w="290" /><ent r="4" t="239" w="137" /><ent r="4" t="239" w="213" /><ent r="3" t="245" w="211" /><ent r="3" t="245" w="238" /><ent r="3" t="245" w="252" /><ent r="3" t="245" w="267" /><ent r="5" t="250" w="252" /><ent r="6" t="250" w="277" /><ent r="6" t="250" w="285" /><ent r="5" t="250" w="293" /><ent r="6" t="250" w="301" /><ent r="6" t="250" w="309" /><ent r="5" t="250" w="317" /><ent r="6" t="250" w="325" /><ent r="6" t="250" w="334" /><ent r="5" t="250" w="342" /><ent r="5" t="250" w="350" /><ent r="5" t="250" w="358" /><ent r="6" t="250" w="366" /></phr><phr n="List"><ent r="7" t="8" w="190" /><ent r="4" t="57" w="92" /><ent r="3" t="76" w="288" /><ent r="3" t="76" w="292" /><ent r="64" t="121" w="278" /><ent r="4" t="123" w="169" /><ent r="1000" t="125" w="3" /><ent r="102" t="125" w="7" /><ent r="100" t="125" w="11" /><ent r="100" t="125" w="14" /><ent r="3" t="125" w="19" /><ent r="3" t="125" w="25" /><ent r="4" t="125" w="64" /><ent r="4" t="127" w="121" /><ent r="5" t="127" w="285" /><ent r="5" t="127" w="563" /><ent r="3" t="165" w="38" /><ent r="4" t="186" w="2237" /><ent r="4" t="187" w="910" /><ent r="3" t="187" w="2289" /><ent r="4" t="194" w="1719" /><ent r="5" t="194" w="1852" /><ent r="7" t="206" w="487" /><ent r="3" t="245" w="231" /></phr><phr n="listing"><ent r="4" t="27" w="79" /></phr><phr n="lists"><ent r="3" t="27" w="319" /><ent r="5" t="51" w="402" /><ent r="100" t="77" w="5" /><ent r="3" t="77" w="24" /><ent r="3" t="79" w="193" /><ent r="4" t="79" w="294" /><ent r="3" t="79" w="339" /><ent r="3" t="79" w="380" /><ent r="3" t="83" w="208" /><ent r="3" t="119" w="291" /><ent r="3" t="129" w="637" /><ent r="4" t="154" w="141" /><ent r="3" t="161" w="258" /><ent r="3" t="161" w="753" /><ent r="3" t="170" w="93" /><ent r="3" t="175" w="113" /><ent r="4" t="177" w="165" /><ent r="3" t="217" w="22" /><ent r="3" t="218" w="13" /><ent r="3" t="219" w="92" /><ent r="3" t="222" w="250" /><ent r="3" t="223" w="181" /><ent r="3" t="224" w="140" /><ent r="3" t="225" w="179" /></phr><phr n="listed"><ent r="3" t="46" w="400" /><ent r="4" t="50" w="153" /><ent r="3" t="83" w="358" /><ent r="3" t="185" w="57" /><ent r="3" t="220" w="84" /></phr><phr n="Lists"><ent r="1000" t="77" w="2" /><ent r="102" t="77" w="8" /><ent r="7" t="206" w="420" /><ent r="7" t="206" w="616" /><ent r="7" t="206" w="641" /><ent r="7" t="206" w="666" /></phr></stem><stem n="activ"><phr n="Active"><ent r="4" t="1" w="295" /><ent r="4" t="1" w="343" /><ent r="4" t="4" w="150" /><ent r="4" t="4" w="200" /><ent r="1000" t="53" w="3" /><ent r="102" t="53" w="12" /><ent r="64" t="140" w="91" /><ent r="4" t="186" w="361" /><ent r="4" t="186" w="411" /><ent r="4" t="187" w="512" /><ent r="4" t="187" w="562" /><ent r="4" t="188" w="223" /><ent r="4" t="188" w="273" /><ent r="4" t="189" w="186" /><ent r="4" t="189" w="236" /><ent r="4" t="190" w="461" /><ent r="4" t="190" w="511" /><ent r="4" t="191" w="463" /><ent r="4" t="191" w="513" /><ent r="4" t="193" w="337" /><ent r="4" t="193" w="387" /><ent r="3" t="194" w="337" /><ent r="4" t="195" w="246" /><ent r="4" t="195" w="296" /></phr><phr n="Activates"><ent r="6" t="3" w="117" /><ent r="6" t="13" w="208" /><ent r="4" t="55" w="63" /></phr><phr n="activate"><ent r="3" t="4" w="77" /><ent r="4" t="10" w="42" /><ent r="3" t="37" w="20" /><ent r="3" t="39" w="27" /><ent r="3" t="39" w="58" /><ent r="100" t="56" w="9" /><ent r="100" t="56" w="14" /><ent r="3" t="56" w="17" /><ent r="4" t="56" w="38" /><ent r="3" t="60" w="132" /><ent r="3" t="65" w="58" /><ent r="3" t="71" w="30" /><ent r="4" t="72" w="129" /><ent r="65" t="74" w="42" /><ent r="4" t="76" w="114" /><ent r="3" t="79" w="106" /><ent r="100" t="90" w="11" /><ent r="100" t="90" w="18" /><ent r="3" t="90" w="21" /><ent r="4" t="90" w="42" /><ent r="3" t="160" w="154" /><ent r="3" t="172" w="14" /><ent r="65" t="181" w="90" /><ent r="3" t="186" w="1273" /><ent r="4" t="187" w="1105" /><ent r="4" t="187" w="1860" /><ent r="4" t="187" w="1959" /><ent r="4" t="190" w="680" /><ent r="4" t="190" w="762" /><ent r="4" t="190" w="855" /><ent r="3" t="190" w="938" /><ent r="4" t="191" w="930" /></phr><phr n="active"><ent r="3" t="4" w="97" /><ent r="7" t="5" w="42" /><ent r="7" t="5" w="56" /><ent r="7" t="5" w="81" /><ent r="7" t="5" w="88" /><ent r="7" t="5" w="117" /><ent r="7" t="5" w="124" /><ent r="7" t="5" w="154" /><ent r="7" t="5" w="161" /><ent r="5" t="6" w="137" /><ent r="5" t="6" w="154" /><ent r="3" t="8" w="33" /><ent r="7" t="8" w="122" /><ent r="64" t="10" w="25" /><ent r="3" t="10" w="54" /><ent r="4" t="11" w="32" /><ent r="6" t="13" w="218" /><ent r="3" t="31" w="27" /><ent r="4" t="51" w="121" /><ent r="3" t="52" w="77" /><ent r="100" t="53" w="7" /><ent r="3" t="53" w="27" /><ent r="3" t="53" w="33" /><ent r="3" t="53" w="46" /><ent r="4" t="55" w="74" /><ent r="4" t="56" w="63" /><ent r="4" t="56" w="81" /><ent r="3" t="57" w="124" /><ent r="3" t="58" w="23" /><ent r="3" t="58" w="33" /><ent r="5" t="66" w="48" /><ent r="4" t="67" w="25" /><ent r="3" t="69" w="33" /><ent r="3" t="73" w="37" /><ent r="3" t="79" w="164" /><ent r="3" t="86" w="23" /><ent r="4" t="86" w="73" /><ent r="4" t="88" w="70" /><ent r="3" t="89" w="180" /><ent r="4" t="90" w="70" /><ent r="3" t="90" w="89" /><ent r="3" t="92" w="94" /><ent r="4" t="93" w="204" /><ent r="4" t="93" w="311" /><ent r="4" t="94" w="76" /><ent r="3" t="95" w="120" /><ent r="4" t="96" w="60" /><ent r="4" t="97" w="141" /><ent r="4" t="99" w="59" /><ent r="3" t="102" w="39" /><ent r="3" t="102" w="45" /><ent r="3" t="102" w="73" /><ent r="3" t="110" w="335" /><ent r="3" t="134" w="87" /><ent r="3" t="136" w="41" /><ent r="3" t="136" w="67" /><ent r="3" t="136" w="78" /><ent r="4" t="141" w="43" /><ent r="3" t="141" w="75" /><ent r="3" t="148" w="142" /><ent r="3" t="148" w="245" /><ent r="3" t="148" w="449" /><ent r="3" t="148" w="613" /><ent r="3" t="171" w="233" /><ent r="4" t="186" w="881" /><ent r="3" t="186" w="1261" /><ent r="4" t="188" w="687" /><ent r="4" t="193" w="136" /><ent r="4" t="193" w="201" /><ent r="3" t="222" w="57" /><ent r="3" t="222" w="67" /><ent r="3" t="227" w="44" /><ent r="3" t="229" w="49" /></phr><phr n="Activate"><ent r="64" t="4" w="106" /><ent r="64" t="8" w="43" /><ent r="64" t="11" w="42" /><ent r="5" t="55" w="61" /><ent r="65" t="55" w="78" /><ent r="1000" t="56" w="1" /><ent r="102" t="56" w="5" /><ent r="5" t="56" w="48" /><ent r="64" t="57" w="139" /><ent r="64" t="60" w="138" /><ent r="64" t="65" w="63" /><ent r="66" t="66" w="51" /><ent r="65" t="67" w="28" /><ent r="64" t="69" w="36" /><ent r="1000" t="90" w="1" /><ent r="102" t="90" w="6" /><ent r="4" t="90" w="56" /><ent r="5" t="111" w="421" /><ent r="4" t="186" w="930" /><ent r="4" t="187" w="847" /><ent r="4" t="190" w="959" /></phr><phr n="activated"><ent r="3" t="39" w="99" /><ent r="4" t="56" w="88" /><ent r="4" t="60" w="245" /><ent r="3" t="71" w="83" /><ent r="3" t="135" w="205" /><ent r="3" t="172" w="87" /><ent r="3" t="172" w="108" /><ent r="4" t="188" w="728" /><ent r="3" t="215" w="143" /><ent r="4" t="234" w="219" /></phr><phr n="activates"><ent r="4" t="72" w="196" /><ent r="3" t="141" w="79" /><ent r="4" t="187" w="2738" /><ent r="4" t="188" w="710" /><ent r="4" t="202" w="566" /></phr><phr n="activity"><ent r="3" t="78" w="15" /></phr></stem><stem n="checkmark"><phr n="checkmark"><ent r="4" t="1" w="299" /><ent r="4" t="1" w="347" /><ent r="4" t="4" w="154" /><ent r="4" t="4" w="204" /><ent r="3" t="145" w="85" /><ent r="4" t="186" w="365" /><ent r="4" t="186" w="415" /><ent r="4" t="187" w="516" /><ent r="4" t="187" w="566" /><ent r="3" t="187" w="2498" /><ent r="4" t="188" w="227" /><ent r="4" t="188" w="277" /><ent r="4" t="189" w="190" /><ent r="4" t="189" w="240" /><ent r="4" t="190" w="465" /><ent r="4" t="190" w="515" /><ent r="4" t="191" w="467" /><ent r="4" t="191" w="517" /><ent r="4" t="193" w="341" /><ent r="4" t="193" w="391" /><ent r="3" t="194" w="341" /><ent r="4" t="195" w="250" /><ent r="4" t="195" w="300" /></phr></stem><stem n="front"><phr n="front"><ent r="4" t="1" w="301" /><ent r="4" t="1" w="349" /><ent r="4" t="4" w="156" /><ent r="4" t="4" w="206" /><ent r="4" t="59" w="45" /><ent r="3" t="59" w="104" /><ent r="4" t="111" w="440" /><ent r="3" t="127" w="361" /><ent r="3" t="145" w="89" /><ent r="3" t="147" w="89" /><ent r="3" t="148" w="574" /><ent r="4" t="186" w="367" /><ent r="4" t="186" w="417" /><ent r="4" t="186" w="453" /><ent r="4" t="187" w="518" /><ent r="4" t="187" w="568" /><ent r="4" t="187" w="604" /><ent r="4" t="188" w="229" /><ent r="4" t="188" w="279" /><ent r="4" t="188" w="315" /><ent r="4" t="189" w="192" /><ent r="4" t="189" w="242" /><ent r="4" t="189" w="278" /><ent r="4" t="190" w="467" /><ent r="4" t="190" w="517" /><ent r="4" t="190" w="553" /><ent r="4" t="191" w="469" /><ent r="4" t="191" w="519" /><ent r="4" t="191" w="555" /><ent r="4" t="193" w="343" /><ent r="4" t="193" w="393" /><ent r="4" t="193" w="429" /><ent r="3" t="194" w="343" /><ent r="4" t="195" w="252" /><ent r="4" t="195" w="302" /><ent r="4" t="195" w="338" /></phr><phr n="Front"><ent r="3" t="66" w="133" /></phr></stem><stem n="them"><phr n="them"><ent r="4" t="1" w="303" /><ent r="4" t="1" w="351" /><ent r="3" t="1" w="373" /><ent r="4" t="4" w="158" /><ent r="4" t="4" w="208" /><ent r="4" t="20" w="560" /><ent r="3" t="46" w="682" /><ent r="3" t="72" w="36" /><ent r="3" t="93" w="47" /><ent r="3" t="115" w="34" /><ent r="3" t="115" w="41" /><ent r="3" t="122" w="26" /><ent r="3" t="129" w="173" /><ent r="3" t="129" w="179" /><ent r="3" t="129" w="210" /><ent r="3" t="129" w="579" /><ent r="3" t="146" w="358" /><ent r="3" t="146" w="651" /><ent r="4" t="171" w="893" /><ent r="3" t="174" w="47" /><ent r="3" t="174" w="224" /><ent r="3" t="174" w="600" /><ent r="4" t="186" w="369" /><ent r="4" t="186" w="419" /><ent r="4" t="187" w="520" /><ent r="4" t="187" w="570" /><ent r="4" t="188" w="231" /><ent r="4" t="188" w="281" /><ent r="4" t="188" w="1537" /><ent r="4" t="189" w="194" /><ent r="4" t="189" w="244" /><ent r="3" t="190" w="412" /><ent r="4" t="190" w="469" /><ent r="4" t="190" w="519" /><ent r="3" t="191" w="415" /><ent r="4" t="191" w="471" /><ent r="4" t="191" w="521" /><ent r="3" t="192" w="165" /><ent r="4" t="193" w="345" /><ent r="4" t="193" w="395" /><ent r="3" t="194" w="287" /><ent r="3" t="194" w="345" /><ent r="3" t="194" w="1573" /><ent r="4" t="195" w="254" /><ent r="4" t="195" w="304" /><ent r="4" t="195" w="613" /><ent r="3" t="227" w="140" /><ent r="3" t="229" w="145" /></phr></stem><stem n="name"><phr n="name"><ent r="4" t="1" w="307" /><ent r="4" t="1" w="355" /><ent r="4" t="4" w="162" /><ent r="4" t="4" w="212" /><ent r="3" t="19" w="83" /><ent r="3" t="19" w="117" /><ent r="5" t="21" w="294" /><ent r="4" t="21" w="298" /><ent r="4" t="23" w="63" /><ent r="4" t="24" w="43" /><ent r="3" t="24" w="62" /><ent r="4" t="27" w="105" /><ent r="5" t="27" w="152" /><ent r="4" t="27" w="173" /><ent r="5" t="28" w="35" /><ent r="4" t="28" w="71" /><ent r="4" t="30" w="84" /><ent r="3" t="31" w="55" /><ent r="4" t="46" w="123" /><ent r="4" t="46" w="167" /><ent r="4" t="46" w="572" /><ent r="3" t="46" w="592" /><ent r="4" t="51" w="647" /><ent r="4" t="52" w="152" /><ent r="4" t="52" w="206" /><ent r="4" t="56" w="31" /><ent r="4" t="56" w="67" /><ent r="4" t="57" w="38" /><ent r="4" t="57" w="55" /><ent r="4" t="57" w="101" /><ent r="3" t="57" w="121" /><ent r="4" t="59" w="39" /><ent r="4" t="59" w="49" /><ent r="3" t="59" w="76" /><ent r="3" t="59" w="114" /><ent r="4" t="60" w="158" /><ent r="4" t="60" w="199" /><ent r="4" t="62" w="147" /><ent r="4" t="64" w="56" /><ent r="3" t="64" w="169" /><ent r="5" t="70" w="75" /><ent r="5" t="70" w="81" /><ent r="4" t="70" w="85" /><ent r="5" t="70" w="92" /><ent r="5" t="70" w="99" /><ent r="4" t="70" w="103" /><ent r="3" t="70" w="170" /><ent r="3" t="79" w="96" /><ent r="3" t="79" w="263" /><ent r="4" t="80" w="115" /><ent r="4" t="82" w="82" /><ent r="4" t="82" w="111" /><ent r="4" t="82" w="115" /><ent r="4" t="82" w="118" /><ent r="4" t="82" w="124" /><ent r="4" t="82" w="158" /><ent r="4" t="82" w="207" /><ent r="4" t="87" w="111" /><ent r="4" t="87" w="195" /><ent r="4" t="90" w="47" /><ent r="3" t="90" w="76" /><ent r="5" t="92" w="641" /><ent r="4" t="97" w="252" /><ent r="3" t="98" w="293" /><ent r="5" t="101" w="59" /><ent r="4" t="101" w="64" /><ent r="4" t="101" w="85" /><ent r="4" t="103" w="179" /><ent r="3" t="105" w="43" /><ent r="3" t="106" w="77" /><ent r="4" t="112" w="466" /><ent r="3" t="119" w="479" /><ent r="4" t="121" w="85" /><ent r="4" t="121" w="95" /><ent r="4" t="121" w="114" /><ent r="4" t="124" w="80" /><ent r="4" t="124" w="111" /><ent r="3" t="124" w="130" /><ent r="3" t="127" w="256" /><ent r="3" t="127" w="314" /><ent r="3" t="127" w="365" /><ent r="3" t="127" w="397" /><ent r="3" t="127" w="446" /><ent r="3" t="127" w="483" /><ent r="3" t="127" w="502" /><ent r="3" t="127" w="534" /><ent r="3" t="127" w="590" /><ent r="100" t="129" w="13" /><ent r="100" t="129" w="98" /><ent r="3" t="129" w="109" /><ent r="3" t="129" w="230" /><ent r="3" t="129" w="238" /><ent r="3" t="129" w="301" /><ent r="3" t="129" w="547" /><ent r="4" t="130" w="92" /><ent r="3" t="130" w="195" /><ent r="4" t="137" w="68" /><ent r="4" t="139" w="66" /><ent r="3" t="141" w="72" /><ent r="3" t="142" w="54" /><ent r="3" t="142" w="109" /><ent r="4" t="143" w="37" /><ent r="6" t="146" w="215" /><ent r="4" t="146" w="254" /><ent r="3" t="146" w="396" /><ent r="3" t="146" w="514" /><ent r="3" t="146" w="614" /><ent r="3" t="146" w="688" /><ent r="3" t="160" w="152" /><ent r="4" t="160" w="603" /><ent r="4" t="160" w="648" /><ent r="4" t="161" w="97" /><ent r="4" t="161" w="100" /><ent r="3" t="161" w="189" /><ent r="4" t="161" w="576" /><ent r="4" t="161" w="621" /><ent r="3" t="162" w="123" /><ent r="4" t="162" w="573" /><ent r="4" t="162" w="618" /><ent r="3" t="165" w="47" /><ent r="4" t="165" w="89" /><ent r="4" t="166" w="78" /><ent r="4" t="167" w="70" /><ent r="4" t="168" w="86" /><ent r="4" t="169" w="102" /><ent r="3" t="169" w="351" /><ent r="4" t="170" w="147" /><ent r="4" t="171" w="883" /><ent r="3" t="171" w="968" /><ent r="3" t="171" w="990" /><ent r="3" t="171" w="1001" /><ent r="4" t="172" w="247" /><ent r="4" t="172" w="290" /><ent r="4" t="172" w="337" /><ent r="5" t="184" w="96" /><ent r="4" t="184" w="100" /><ent r="4" t="186" w="373" /><ent r="4" t="186" w="423" /><ent r="4" t="186" w="2098" /><ent r="4" t="187" w="524" /><ent r="4" t="187" w="574" /><ent r="4" t="187" w="2447" /><ent r="4" t="187" w="2703" /><ent r="3" t="187" w="2890" /><ent r="4" t="188" w="235" /><ent r="4" t="188" w="285" /><ent r="4" t="188" w="812" /><ent r="5" t="188" w="933" /><ent r="4" t="188" w="956" /><ent r="4" t="188" w="1447" /><ent r="4" t="189" w="198" /><ent r="4" t="189" w="248" /><ent r="4" t="189" w="1145" /><ent r="4" t="190" w="473" /><ent r="4" t="190" w="523" /><ent r="4" t="191" w="475" /><ent r="4" t="191" w="525" /><ent r="4" t="191" w="853" /><ent r="4" t="191" w="925" /><ent r="4" t="191" w="1071" /><ent r="3" t="191" w="1243" /><ent r="4" t="193" w="349" /><ent r="4" t="193" w="399" /><ent r="3" t="194" w="349" /><ent r="3" t="194" w="866" /><ent r="3" t="194" w="1393" /><ent r="3" t="194" w="1412" /><ent r="3" t="194" w="1430" /><ent r="3" t="194" w="1467" /><ent r="3" t="194" w="1480" /><ent r="3" t="194" w="1499" /><ent r="3" t="194" w="1511" /><ent r="3" t="194" w="1530" /><ent r="3" t="194" w="1551" /><ent r="3" t="194" w="1559" /><ent r="4" t="195" w="258" /><ent r="4" t="195" w="308" /><ent r="7" t="206" w="428" /><ent r="3" t="215" w="29" /><ent r="4" t="220" w="703" /><ent r="4" t="220" w="748" /><ent r="4" t="226" w="203" /><ent r="4" t="226" w="282" /><ent r="6" t="237" w="329" /><ent r="4" t="238" w="129" /><ent r="3" t="239" w="50" /><ent r="3" t="239" w="63" /><ent r="3" t="239" w="175" /><ent r="7" t="247" w="169" /></phr><phr n="names"><ent r="3" t="19" w="58" /><ent r="3" t="19" w="119" /><ent r="3" t="46" w="582" /><ent r="3" t="64" w="181" /><ent r="3" t="79" w="393" /><ent r="4" t="113" w="171" /><ent r="3" t="129" w="295" /><ent r="3" t="147" w="93" /><ent r="3" t="148" w="578" /><ent r="4" t="188" w="760" /><ent r="7" t="206" w="600" /><ent r="7" t="206" w="606" /><ent r="3" t="206" w="797" /><ent r="4" t="226" w="213" /><ent r="6" t="250" w="681" /></phr><phr n="Name"><ent r="4" t="45" w="117" /><ent r="5" t="62" w="127" /><ent r="5" t="92" w="636" /><ent r="4" t="112" w="474" /><ent r="5" t="121" w="79" /><ent r="82" t="129" w="221" /><ent r="5" t="130" w="100" /><ent r="4" t="162" w="797" /><ent r="7" t="187" w="1654" /><ent r="4" t="187" w="3130" /><ent r="4" t="191" w="1065" /><ent r="3" t="191" w="1239" /><ent r="5" t="194" w="635" /><ent r="5" t="194" w="724" /><ent r="3" t="195" w="666" /><ent r="3" t="195" w="679" /><ent r="3" t="195" w="705" /><ent r="4" t="195" w="1309" /><ent r="3" t="215" w="89" /><ent r="5" t="226" w="207" /><ent r="5" t="226" w="291" /><ent r="5" t="238" w="123" /></phr><phr n="NAME"><ent r="7" t="194" w="1126" /><ent r="7" t="194" w="1130" /><ent r="7" t="195" w="905" /><ent r="7" t="195" w="909" /></phr></stem><stem n="mous"><phr n="mouse"><ent r="4" t="1" w="319" /><ent r="4" t="1" w="334" /><ent r="4" t="1" w="407" /><ent r="4" t="1" w="417" /><ent r="4" t="1" w="430" /><ent r="3" t="1" w="531" /><ent r="3" t="1" w="536" /><ent r="3" t="2" w="28" /><ent r="100" t="3" w="4" /><ent r="6" t="3" w="28" /><ent r="6" t="3" w="32" /><ent r="5" t="3" w="53" /><ent r="4" t="4" w="174" /><ent r="4" t="4" w="191" /><ent r="5" t="6" w="138" /><ent r="6" t="7" w="36" /><ent r="6" t="7" w="51" /><ent r="6" t="7" w="231" /><ent r="6" t="13" w="210" /><ent r="4" t="38" w="73" /><ent r="100" t="39" w="5" /><ent r="100" t="39" w="11" /><ent r="3" t="39" w="25" /><ent r="3" t="39" w="29" /><ent r="3" t="39" w="60" /><ent r="4" t="39" w="70" /><ent r="4" t="39" w="74" /><ent r="4" t="39" w="87" /><ent r="3" t="39" w="101" /><ent r="3" t="39" w="110" /><ent r="3" t="39" w="120" /><ent r="3" t="39" w="135" /><ent r="3" t="39" w="141" /><ent r="3" t="39" w="150" /><ent r="100" t="40" w="7" /><ent r="3" t="40" w="20" /><ent r="3" t="40" w="44" /><ent r="3" t="40" w="51" /><ent r="6" t="40" w="69" /><ent r="6" t="40" w="79" /><ent r="3" t="40" w="133" /><ent r="7" t="41" w="176" /><ent r="4" t="42" w="138" /><ent r="64" t="43" w="18" /><ent r="3" t="49" w="102" /><ent r="4" t="51" w="170" /><ent r="3" t="51" w="241" /><ent r="4" t="51" w="469" /><ent r="3" t="51" w="552" /><ent r="3" t="51" w="564" /><ent r="4" t="60" w="174" /><ent r="3" t="60" w="282" /><ent r="7" t="61" w="98" /><ent r="7" t="61" w="115" /><ent r="7" t="61" w="161" /><ent r="7" t="61" w="178" /><ent r="3" t="66" w="86" /><ent r="3" t="66" w="107" /><ent r="4" t="67" w="75" /><ent r="4" t="67" w="113" /><ent r="4" t="67" w="127" /><ent r="4" t="67" w="140" /><ent r="4" t="67" w="156" /><ent r="4" t="67" w="165" /><ent r="4" t="67" w="178" /><ent r="4" t="69" w="140" /><ent r="4" t="69" w="149" /><ent r="4" t="69" w="163" /><ent r="3" t="76" w="22" /><ent r="3" t="83" w="547" /><ent r="4" t="83" w="552" /><ent r="3" t="83" w="561" /><ent r="3" t="83" w="572" /><ent r="4" t="83" w="587" /><ent r="3" t="83" w="597" /><ent r="3" t="83" w="605" /><ent r="4" t="86" w="78" /><ent r="4" t="86" w="97" /><ent r="4" t="87" w="78" /><ent r="4" t="87" w="116" /><ent r="4" t="87" w="162" /><ent r="4" t="87" w="200" /><ent r="4" t="87" w="264" /><ent r="3" t="88" w="86" /><ent r="3" t="89" w="176" /><ent r="4" t="91" w="115" /><ent r="3" t="92" w="45" /><ent r="7" t="92" w="221" /><ent r="100" t="93" w="6" /><ent r="100" t="93" w="18" /><ent r="3" t="93" w="30" /><ent r="3" t="93" w="58" /><ent r="4" t="93" w="94" /><ent r="4" t="93" w="117" /><ent r="3" t="93" w="222" /><ent r="3" t="93" w="261" /><ent r="3" t="94" w="93" /><ent r="4" t="95" w="65" /><ent r="3" t="96" w="89" /><ent r="4" t="102" w="84" /><ent r="4" t="103" w="85" /><ent r="3" t="111" w="179" /><ent r="3" t="111" w="334" /><ent r="3" t="112" w="109" /><ent r="3" t="112" w="209" /><ent r="3" t="112" w="227" /><ent r="3" t="112" w="499" /><ent r="3" t="129" w="553" /><ent r="4" t="132" w="63" /><ent r="4" t="132" w="68" /><ent r="4" t="132" w="81" /><ent r="3" t="132" w="112" /><ent r="4" t="171" w="1102" /><ent r="4" t="171" w="1106" /><ent r="4" t="181" w="66" /><ent r="4" t="186" w="385" /><ent r="4" t="186" w="402" /><ent r="3" t="186" w="647" /><ent r="3" t="186" w="670" /><ent r="3" t="186" w="887" /><ent r="4" t="186" w="928" /><ent r="4" t="186" w="936" /><ent r="4" t="186" w="949" /><ent r="3" t="186" w="981" /><ent r="4" t="186" w="1028" /><ent r="4" t="186" w="1037" /><ent r="4" t="186" w="1409" /><ent r="4" t="186" w="1561" /><ent r="4" t="186" w="1569" /><ent r="3" t="186" w="1632" /><ent r="3" t="186" w="1638" /><ent r="3" t="186" w="1647" /><ent r="4" t="186" w="1688" /><ent r="4" t="186" w="1692" /><ent r="4" t="186" w="2167" /><ent r="4" t="186" w="2176" /><ent r="4" t="186" w="2193" /><ent r="4" t="187" w="536" /><ent r="4" t="187" w="553" /><ent r="3" t="187" w="1093" /><ent r="3" t="187" w="2862" /><ent r="3" t="187" w="2879" /><ent r="4" t="188" w="247" /><ent r="4" t="188" w="264" /><ent r="4" t="188" w="578" /><ent r="4" t="188" w="1377" /><ent r="4" t="189" w="210" /><ent r="4" t="189" w="227" /><ent r="4" t="190" w="485" /><ent r="4" t="190" w="502" /><ent r="4" t="191" w="487" /><ent r="4" t="191" w="504" /><ent r="4" t="191" w="950" /><ent r="4" t="191" w="960" /><ent r="4" t="191" w="971" /><ent r="4" t="193" w="361" /><ent r="4" t="193" w="378" /><ent r="3" t="193" w="1057" /><ent r="3" t="194" w="857" /><ent r="3" t="194" w="946" /><ent r="3" t="194" w="1075" /><ent r="3" t="194" w="1080" /><ent r="3" t="194" w="1086" /><ent r="4" t="195" w="270" /><ent r="4" t="195" w="287" /><ent r="3" t="195" w="835" /><ent r="3" t="195" w="877" /><ent r="3" t="195" w="882" /><ent r="7" t="197" w="94" /><ent r="7" t="197" w="111" /><ent r="7" t="197" w="130" /><ent r="7" t="197" w="147" /><ent r="3" t="245" w="100" /><ent r="3" t="245" w="136" /><ent r="3" t="245" w="281" /></phr><phr n="Mouse"><ent r="92" t="1" w="525" /><ent r="64" t="1" w="553" /><ent r="1000" t="3" w="1" /><ent r="102" t="3" w="7" /><ent r="6" t="3" w="10" /><ent r="5" t="3" w="73" /><ent r="5" t="3" w="101" /><ent r="64" t="11" w="62" /><ent r="64" t="37" w="61" /><ent r="64" t="38" w="96" /><ent r="1000" t="39" w="1" /><ent r="102" t="39" w="13" /><ent r="64" t="39" w="189" /><ent r="1000" t="40" w="1" /><ent r="102" t="40" w="4" /><ent r="3" t="40" w="10" /><ent r="64" t="60" w="292" /><ent r="4" t="83" w="537" /><ent r="7" t="92" w="209" /><ent r="68" t="92" w="225" /><ent r="5" t="92" w="237" /><ent r="66" t="92" w="251" /><ent r="1000" t="93" w="3" /><ent r="102" t="93" w="13" /><ent r="3" t="93" w="50" /><ent r="5" t="93" w="213" /><ent r="4" t="93" w="240" /><ent r="3" t="93" w="248" /><ent r="4" t="93" w="272" /><ent r="5" t="93" w="321" /><ent r="3" t="93" w="326" /><ent r="4" t="111" w="326" /><ent r="4" t="186" w="907" /><ent r="4" t="186" w="914" /><ent r="5" t="186" w="1544" /><ent r="4" t="186" w="1604" /><ent r="5" t="186" w="1663" /><ent r="3" t="186" w="1737" /><ent r="4" t="191" w="887" /></phr></stem></index>