<?xml version="1.0" encoding="utf-8"?><index><stem n="order"><phr n="order"><ent r="4" t="20" w="410" /><ent r="3" t="119" w="538" /><ent r="7" t="120" w="237" /><ent r="7" t="120" w="254" /><ent r="7" t="120" w="271" /><ent r="7" t="120" w="288" /><ent r="100" t="129" w="90" /><ent r="3" t="129" w="125" /><ent r="3" t="129" w="131" /><ent r="3" t="129" w="140" /><ent r="3" t="129" w="907" /><ent r="3" t="149" w="171" /><ent r="3" t="171" w="65" /><ent r="3" t="187" w="376" /><ent r="3" t="188" w="161" /><ent r="3" t="189" w="708" /><ent r="3" t="194" w="160" /><ent r="3" t="194" w="273" /><ent r="3" t="194" w="284" /><ent r="3" t="194" w="820" /><ent r="4" t="194" w="1106" /><ent r="3" t="195" w="785" /><ent r="4" t="195" w="1157" /><ent r="4" t="195" w="1206" /><ent r="100" t="199" w="7" /><ent r="4" t="201" w="55" /><ent r="4" t="201" w="147" /><ent r="3" t="201" w="234" /><ent r="7" t="206" w="336" /><ent r="7" t="206" w="340" /><ent r="7" t="206" w="358" /><ent r="7" t="206" w="374" /><ent r="7" t="206" w="426" /><ent r="3" t="206" w="750" /><ent r="3" t="245" w="35" /><ent r="100" t="248" w="7" /><ent r="100" t="248" w="13" /><ent r="7" t="248" w="139" /><ent r="7" t="248" w="156" /><ent r="7" t="248" w="177" /><ent r="7" t="248" w="194" /></phr><phr n="Order"><ent r="92" t="66" w="122" /><ent r="64" t="112" w="534" /><ent r="82" t="129" w="899" /><ent r="1000" t="199" w="3" /><ent r="102" t="199" w="11" /><ent r="7" t="248" w="130" /><ent r="7" t="248" w="172" /></phr><phr n="ordering"><ent r="3" t="113" w="39" /><ent r="3" t="113" w="72" /></phr><phr n="ordered"><ent r="3" t="113" w="67" /></phr></stem><stem n="pseudocolor"><phr n="Pseudocolor"><ent r="5" t="20" w="425" /><ent r="5" t="26" w="25" /><ent r="5" t="26" w="113" /><ent r="64" t="150" w="46" /><ent r="1000" t="156" w="1" /><ent r="102" t="156" w="5" /><ent r="3" t="156" w="14" /><ent r="4" t="156" w="70" /><ent r="5" t="156" w="124" /></phr><phr n="pseudocolor"><ent r="4" t="20" w="436" /><ent r="4" t="26" w="34" /><ent r="4" t="55" w="143" /><ent r="3" t="111" w="304" /><ent r="100" t="156" w="9" /><ent r="3" t="156" w="28" /><ent r="3" t="176" w="91" /></phr></stem><stem n="threshold"><phr n="Threshold"><ent r="5" t="20" w="447" /><ent r="5" t="26" w="57" /><ent r="5" t="26" w="117" /><ent r="5" t="27" w="390" /><ent r="6" t="27" w="476" /><ent r="6" t="27" w="517" /><ent r="4" t="49" w="309" /><ent r="5" t="93" w="91" /><ent r="4" t="93" w="106" /><ent r="4" t="108" w="246" /><ent r="64" t="150" w="54" /><ent r="1000" t="158" w="1" /><ent r="102" t="158" w="5" /><ent r="3" t="158" w="15" /><ent r="4" t="158" w="67" /><ent r="5" t="158" w="121" /><ent r="3" t="184" w="18" /><ent r="1000" t="204" w="2" /><ent r="102" t="204" w="7" /></phr><phr n="threshold"><ent r="4" t="20" w="458" /><ent r="4" t="26" w="66" /><ent r="4" t="27" w="90" /><ent r="4" t="27" w="395" /><ent r="5" t="27" w="419" /><ent r="5" t="27" w="436" /><ent r="5" t="27" w="453" /><ent r="5" t="27" w="459" /><ent r="5" t="27" w="494" /><ent r="5" t="27" w="500" /><ent r="3" t="49" w="153" /><ent r="3" t="49" w="289" /><ent r="5" t="49" w="302" /><ent r="4" t="49" w="324" /><ent r="3" t="49" w="329" /><ent r="4" t="55" w="141" /><ent r="3" t="89" w="122" /><ent r="3" t="89" w="146" /><ent r="3" t="91" w="39" /><ent r="3" t="91" w="61" /><ent r="4" t="93" w="108" /><ent r="4" t="93" w="129" /><ent r="3" t="103" w="74" /><ent r="4" t="107" w="36" /><ent r="3" t="108" w="33" /><ent r="3" t="108" w="111" /><ent r="3" t="111" w="301" /><ent r="100" t="158" w="9" /><ent r="3" t="158" w="25" /><ent r="3" t="158" w="272" /><ent r="3" t="158" w="286" /><ent r="4" t="158" w="395" /><ent r="3" t="204" w="32" /><ent r="4" t="204" w="118" /></phr><phr n="thresholds"><ent r="3" t="158" w="546" /><ent r="3" t="186" w="197" /></phr></stem><stem n="jpeg2000"><phr n="Jpeg2000"><ent r="5" t="20" w="468" /><ent r="4" t="20" w="475" /></phr></stem><stem n="jp2"><phr n="jp2"><ent r="4" t="20" w="477" /></phr></stem><stem n="(*.jp2,"><phr n="(*.jp2,"><ent r="4" t="20" w="478" /></phr></stem><stem n="j2k"><phr n="j2k"><ent r="4" t="20" w="478" /></phr></stem><stem n="*.j2k)."><phr n="*.j2k)."><ent r="4" t="20" w="479" /></phr></stem><stem n="model"><phr n="Model"><ent r="5" t="20" w="484" /><ent r="5" t="207" w="24" /></phr></stem><stem n="nitf"><phr n="NITF"><ent r="5" t="20" w="487" /><ent r="4" t="20" w="496" /><ent r="65" t="20" w="500" /><ent r="4" t="22" w="113" /><ent r="4" t="22" w="137" /><ent r="1000" t="23" w="1" /><ent r="102" t="23" w="4" /><ent r="100" t="23" w="7" /><ent r="3" t="23" w="11" /><ent r="3" t="23" w="19" /><ent r="4" t="23" w="26" /><ent r="4" t="23" w="54" /><ent r="4" t="23" w="76" /><ent r="4" t="23" w="92" /><ent r="4" t="23" w="97" /><ent r="3" t="23" w="124" /><ent r="67" t="24" w="118" /><ent r="5" t="25" w="166" /><ent r="4" t="25" w="177" /><ent r="65" t="25" w="187" /><ent r="1000" t="32" w="1" /><ent r="102" t="32" w="5" /><ent r="100" t="32" w="9" /><ent r="3" t="32" w="14" /><ent r="3" t="32" w="21" /><ent r="4" t="32" w="34" /><ent r="5" t="32" w="83" /><ent r="5" t="32" w="124" /><ent r="4" t="32" w="171" /><ent r="3" t="70" w="116" /><ent r="3" t="70" w="127" /><ent r="3" t="70" w="135" /><ent r="3" t="112" w="46" /><ent r="3" t="161" w="936" /><ent r="3" t="177" w="92" /><ent r="1000" t="225" w="1" /><ent r="102" t="225" w="5" /><ent r="100" t="225" w="9" /><ent r="3" t="225" w="14" /><ent r="3" t="225" w="226" /></phr></stem><stem n="esri"><phr n="ESRI"><ent r="4" t="20" w="517" /><ent r="3" t="21" w="59" /><ent r="3" t="190" w="155" /><ent r="3" t="190" w="159" /><ent r="3" t="191" w="145" /><ent r="3" t="191" w="149" /></phr></stem><stem n="wavelength"><phr n="Wavelength"><ent r="5" t="20" w="535" /><ent r="5" t="20" w="545" /><ent r="65" t="20" w="567" /><ent r="5" t="25" w="192" /><ent r="5" t="25" w="216" /><ent r="64" t="185" w="377" /><ent r="1000" t="192" w="7" /><ent r="100" t="192" w="10" /><ent r="100" t="192" w="13" /><ent r="102" t="192" w="22" /><ent r="4" t="192" w="460" /><ent r="92" t="192" w="514" /><ent r="5" t="192" w="547" /><ent r="3" t="200" w="104" /><ent r="64" t="200" w="109" /><ent r="1000" t="201" w="1" /><ent r="102" t="201" w="8" /><ent r="3" t="201" w="16" /><ent r="3" t="201" w="300" /><ent r="3" t="201" w="304" /><ent r="4" t="202" w="515" /><ent r="3" t="206" w="780" /><ent r="64" t="216" w="222" /></phr><phr n="wavelength"><ent r="4" t="20" w="550" /><ent r="3" t="46" w="429" /><ent r="3" t="46" w="431" /><ent r="3" t="161" w="876" /><ent r="3" t="161" w="905" /><ent r="3" t="192" w="44" /><ent r="4" t="192" w="71" /><ent r="3" t="192" w="129" /><ent r="3" t="192" w="138" /><ent r="3" t="192" w="161" /><ent r="3" t="192" w="297" /><ent r="3" t="192" w="304" /><ent r="3" t="192" w="504" /><ent r="3" t="200" w="12" /><ent r="3" t="200" w="33" /><ent r="3" t="200" w="196" /><ent r="3" t="200" w="200" /><ent r="3" t="200" w="210" /><ent r="3" t="200" w="214" /><ent r="3" t="200" w="222" /><ent r="3" t="200" w="226" /><ent r="3" t="201" w="24" /><ent r="4" t="201" w="101" /><ent r="4" t="201" w="117" /><ent r="4" t="201" w="126" /><ent r="4" t="201" w="136" /><ent r="4" t="201" w="192" /><ent r="4" t="201" w="201" /><ent r="4" t="201" w="211" /><ent r="3" t="201" w="259" /><ent r="3" t="201" w="265" /><ent r="3" t="201" w="272" /><ent r="3" t="201" w="288" /><ent r="3" t="201" w="291" /><ent r="3" t="202" w="110" /><ent r="3" t="202" w="137" /><ent r="3" t="202" w="215" /><ent r="3" t="202" w="278" /><ent r="3" t="202" w="385" /><ent r="83" t="202" w="490" /><ent r="4" t="202" w="513" /><ent r="4" t="202" w="553" /><ent r="4" t="202" w="583" /><ent r="3" t="202" w="674" /><ent r="4" t="202" w="691" /><ent r="4" t="202" w="718" /><ent r="4" t="202" w="743" /><ent r="4" t="202" w="757" /><ent r="3" t="202" w="767" /><ent r="7" t="206" w="614" /><ent r="7" t="206" w="619" /><ent r="7" t="206" w="662" /><ent r="3" t="206" w="842" /><ent r="3" t="216" w="96" /><ent r="3" t="216" w="203" /></phr><phr n="wavelengths"><ent r="4" t="20" w="554" /><ent r="4" t="25" w="200" /><ent r="4" t="25" w="224" /><ent r="3" t="46" w="57" /><ent r="3" t="46" w="464" /><ent r="3" t="46" w="484" /><ent r="3" t="161" w="805" /><ent r="3" t="161" w="812" /><ent r="3" t="161" w="836" /><ent r="3" t="161" w="840" /><ent r="3" t="161" w="855" /><ent r="3" t="161" w="890" /><ent r="3" t="161" w="912" /><ent r="3" t="192" w="52" /><ent r="4" t="192" w="83" /><ent r="4" t="192" w="88" /><ent r="4" t="192" w="100" /><ent r="4" t="192" w="114" /><ent r="3" t="192" w="149" /><ent r="3" t="192" w="154" /><ent r="4" t="192" w="316" /><ent r="3" t="192" w="341" /><ent r="3" t="192" w="384" /><ent r="4" t="192" w="475" /><ent r="4" t="192" w="555" /><ent r="3" t="192" w="581" /><ent r="3" t="200" w="122" /><ent r="3" t="200" w="156" /><ent r="4" t="201" w="49" /><ent r="3" t="201" w="244" /><ent r="3" t="202" w="39" /><ent r="3" t="202" w="46" /><ent r="3" t="202" w="70" /><ent r="3" t="202" w="74" /><ent r="3" t="202" w="89" /><ent r="3" t="202" w="124" /><ent r="3" t="202" w="144" /><ent r="3" t="202" w="228" /><ent r="3" t="202" w="245" /><ent r="3" t="202" w="312" /><ent r="3" t="202" w="327" /><ent r="3" t="202" w="347" /><ent r="3" t="202" w="358" /><ent r="3" t="202" w="377" /><ent r="83" t="202" w="397" /><ent r="3" t="202" w="464" /><ent r="83" t="202" w="487" /><ent r="4" t="202" w="525" /><ent r="4" t="202" w="531" /><ent r="3" t="202" w="542" /><ent r="3" t="202" w="629" /><ent r="4" t="202" w="687" /><ent r="3" t="215" w="176" /><ent r="3" t="216" w="36" /><ent r="3" t="216" w="63" /><ent r="3" t="216" w="130" /><ent r="3" t="216" w="145" /><ent r="3" t="216" w="165" /><ent r="3" t="216" w="176" /><ent r="3" t="216" w="195" /></phr><phr n="Wavelengths"><ent r="65" t="33" w="91" /><ent r="92" t="161" w="792" /><ent r="3" t="161" w="796" /><ent r="3" t="161" w="820" /><ent r="3" t="161" w="863" /><ent r="3" t="161" w="881" /><ent r="3" t="161" w="914" /><ent r="64" t="161" w="925" /><ent r="64" t="185" w="374" /><ent r="1000" t="192" w="4" /><ent r="102" t="192" w="19" /><ent r="3" t="192" w="40" /><ent r="4" t="192" w="75" /><ent r="3" t="192" w="123" /><ent r="5" t="192" w="290" /><ent r="64" t="192" w="375" /><ent r="4" t="192" w="419" /><ent r="3" t="192" w="577" /><ent r="1000" t="200" w="1" /><ent r="102" t="200" w="6" /><ent r="3" t="200" w="74" /><ent r="1000" t="202" w="1" /><ent r="100" t="202" w="6" /><ent r="100" t="202" w="9" /><ent r="100" t="202" w="15" /><ent r="102" t="202" w="18" /><ent r="3" t="202" w="24" /><ent r="3" t="202" w="54" /><ent r="3" t="202" w="97" /><ent r="3" t="202" w="115" /><ent r="3" t="202" w="146" /><ent r="92" t="202" w="154" /><ent r="3" t="202" w="158" /><ent r="3" t="202" w="188" /><ent r="82" t="202" w="237" /><ent r="3" t="202" w="241" /><ent r="4" t="202" w="437" /><ent r="4" t="202" w="495" /><ent r="3" t="202" w="621" /><ent r="64" t="202" w="786" /><ent r="64" t="215" w="748" /><ent r="1000" t="216" w="1" /><ent r="100" t="216" w="6" /><ent r="100" t="216" w="9" /><ent r="100" t="216" w="17" /><ent r="102" t="216" w="20" /><ent r="3" t="216" w="26" /><ent r="3" t="216" w="45" /><ent r="82" t="216" w="55" /><ent r="3" t="216" w="59" /><ent r="64" t="216" w="219" /><ent r="64" t="217" w="53" /><ent r="64" t="218" w="66" /><ent r="64" t="219" w="140" /><ent r="64" t="220" w="894" /></phr></stem><stem n="wmd"><phr n="wmd"><ent r="4" t="20" w="539" /><ent r="4" t="202" w="523" /><ent r="4" t="202" w="752" /></phr></stem><stem n="(*.wmd)"><phr n="(*.wmd)"><ent r="4" t="20" w="540" /></phr></stem><stem n="xml"><phr n="XML"><ent r="4" t="20" w="540" /><ent r="4" t="25" w="227" /><ent r="3" t="32" w="26" /><ent r="4" t="32" w="72" /><ent r="3" t="139" w="20" /><ent r="3" t="176" w="51" /></phr><phr n="xml"><ent r="4" t="22" w="173" /></phr></stem><stem n="wav"><phr n="wav"><ent r="4" t="20" w="556" /><ent r="4" t="202" w="520" /><ent r="4" t="202" w="749" /></phr></stem><stem n="(*.wav,"><phr n="(*.wav,"><ent r="4" t="20" w="557" /></phr></stem><stem n="wave"><phr n="wave"><ent r="4" t="20" w="557" /><ent r="3" t="161" w="850" /><ent r="3" t="200" w="30" /><ent r="3" t="202" w="84" /><ent r="4" t="202" w="521" /><ent r="4" t="202" w="750" /></phr><phr n="waves"><ent r="3" t="200" w="56" /></phr></stem><stem n="*.wave)"><phr n="*.wave)"><ent r="4" t="20" w="558" /></phr></stem><stem n="might"><phr n="might"><ent r="3" t="20" w="577" /><ent r="3" t="22" w="59" /><ent r="3" t="45" w="85" /><ent r="3" t="189" w="873" /></phr></stem><stem n="depend"><phr n="depending"><ent r="3" t="20" w="581" /><ent r="3" t="215" w="252" /><ent r="3" t="245" w="485" /></phr><phr n="depends"><ent r="3" t="42" w="231" /><ent r="3" t="48" w="106" /><ent r="3" t="83" w="455" /><ent r="4" t="111" w="572" /><ent r="4" t="112" w="352" /><ent r="3" t="161" w="953" /><ent r="4" t="169" w="297" /><ent r="3" t="190" w="1089" /><ent r="3" t="245" w="464" /></phr><phr n="depend"><ent r="4" t="126" w="53" /><ent r="4" t="129" w="766" /><ent r="4" t="133" w="69" /></phr><phr n="dependent"><ent r="4" t="157" w="327" /><ent r="4" t="157" w="762" /></phr><phr n="Depending"><ent r="3" t="215" w="32" /></phr></stem><stem n="group"><phr n="group"><ent r="3" t="21" w="22" /><ent r="3" t="60" w="24" /><ent r="3" t="129" w="82" /><ent r="3" t="174" w="240" /><ent r="3" t="174" w="257" /><ent r="4" t="187" w="2805" /><ent r="3" t="188" w="119" /><ent r="3" t="190" w="93" /><ent r="3" t="190" w="231" /><ent r="3" t="191" w="83" /><ent r="3" t="191" w="220" /><ent r="3" t="191" w="1289" /><ent r="4" t="204" w="109" /><ent r="3" t="204" w="174" /><ent r="3" t="204" w="196" /></phr><phr n="Group"><ent r="6" t="29" w="164" /><ent r="92" t="66" w="110" /><ent r="3" t="66" w="115" /></phr><phr n="groups"><ent r="4" t="151" w="137" /><ent r="4" t="155" w="139" /><ent r="4" t="157" w="133" /><ent r="3" t="174" w="167" /><ent r="3" t="174" w="227" /></phr></stem><stem n="exchang"><phr n="exchange"><ent r="3" t="21" w="27" /><ent r="3" t="190" w="100" /><ent r="3" t="190" w="148" /><ent r="3" t="191" w="90" /><ent r="3" t="191" w="138" /></phr></stem><stem n="gi"><phr n="GIS"><ent r="5" t="21" w="29" /><ent r="3" t="21" w="38" /><ent r="3" t="190" w="104" /><ent r="3" t="190" w="108" /><ent r="3" t="190" w="124" /><ent r="3" t="190" w="149" /><ent r="3" t="190" w="180" /><ent r="3" t="190" w="281" /><ent r="3" t="190" w="1066" /><ent r="3" t="191" w="94" /><ent r="3" t="191" w="98" /><ent r="3" t="191" w="114" /><ent r="3" t="191" w="139" /><ent r="3" t="191" w="170" /><ent r="3" t="191" w="270" /></phr></stem><stem n="commonli"><phr n="commonly"><ent r="3" t="21" w="41" /><ent r="3" t="119" w="58" /><ent r="3" t="190" w="111" /><ent r="3" t="191" w="101" /></phr></stem><stem n="repres"><phr n="represent"><ent r="3" t="21" w="44" /><ent r="3" t="129" w="491" /><ent r="3" t="129" w="516" /><ent r="4" t="177" w="201" /><ent r="3" t="190" w="114" /><ent r="3" t="190" w="224" /><ent r="3" t="190" w="251" /><ent r="3" t="190" w="265" /><ent r="3" t="191" w="104" /><ent r="3" t="191" w="213" /><ent r="3" t="191" w="240" /><ent r="3" t="191" w="254" /><ent r="3" t="194" w="843" /></phr><phr n="represents"><ent r="4" t="111" w="470" /><ent r="3" t="113" w="58" /><ent r="5" t="171" w="338" /><ent r="4" t="186" w="1115" /><ent r="4" t="186" w="1128" /><ent r="3" t="186" w="1254" /><ent r="3" t="186" w="1289" /><ent r="3" t="189" w="836" /><ent r="3" t="194" w="818" /><ent r="3" t="195" w="783" /></phr><phr n="represented"><ent r="7" t="120" w="70" /><ent r="5" t="157" w="426" /><ent r="5" t="157" w="451" /><ent r="5" t="157" w="484" /><ent r="5" t="157" w="504" /><ent r="5" t="157" w="515" /><ent r="5" t="157" w="861" /><ent r="5" t="157" w="886" /><ent r="5" t="157" w="919" /><ent r="5" t="157" w="939" /><ent r="5" t="157" w="950" /><ent r="4" t="158" w="404" /><ent r="4" t="158" w="429" /><ent r="4" t="158" w="462" /><ent r="4" t="158" w="482" /><ent r="4" t="158" w="492" /><ent r="5" t="169" w="464" /><ent r="5" t="169" w="489" /><ent r="5" t="169" w="522" /><ent r="5" t="169" w="542" /><ent r="5" t="169" w="553" /><ent r="3" t="190" w="201" /><ent r="3" t="191" w="190" /><ent r="3" t="194" w="919" /><ent r="3" t="195" w="807" /><ent r="4" t="243" w="62" /><ent r="4" t="243" w="87" /><ent r="4" t="243" w="120" /><ent r="4" t="243" w="140" /><ent r="4" t="243" w="151" /><ent r="7" t="247" w="183" /></phr><phr n="representing"><ent r="3" t="169" w="26" /></phr></stem><stem n="road"><phr n="roads"><ent r="3" t="21" w="45" /><ent r="3" t="190" w="115" /><ent r="3" t="190" w="254" /><ent r="3" t="190" w="295" /><ent r="3" t="191" w="105" /><ent r="3" t="191" w="243" /><ent r="3" t="191" w="284" /><ent r="5" t="191" w="1082" /></phr><phr n="road"><ent r="3" t="84" w="25" /><ent r="4" t="191" w="957" /><ent r="4" t="191" w="963" /><ent r="3" t="191" w="1246" /></phr><phr n="Roads"><ent r="4" t="191" w="927" /><ent r="92" t="191" w="989" /><ent r="7" t="191" w="1015" /><ent r="4" t="191" w="1160" /></phr></stem><stem n="citi"><phr n="cities"><ent r="3" t="21" w="46" /><ent r="3" t="190" w="116" /><ent r="3" t="191" w="106" /></phr><phr n="city"><ent r="3" t="190" w="273" /><ent r="3" t="190" w="294" /><ent r="3" t="191" w="262" /><ent r="3" t="191" w="283" /></phr></stem><stem n="river"><phr n="rivers"><ent r="3" t="21" w="47" /><ent r="3" t="190" w="117" /><ent r="3" t="190" w="256" /><ent r="3" t="191" w="107" /><ent r="3" t="191" w="245" /></phr></stem><stem n="lake"><phr n="lakes"><ent r="3" t="21" w="48" /><ent r="3" t="190" w="118" /><ent r="3" t="191" w="108" /></phr><phr n="lake"><ent r="3" t="190" w="271" /><ent r="3" t="191" w="260" /></phr></stem><stem n="wgs84"><phr n="WGS84"><ent r="3" t="21" w="87" /><ent r="3" t="21" w="112" /><ent r="3" t="21" w="123" /><ent r="3" t="190" w="344" /><ent r="3" t="190" w="392" /><ent r="3" t="191" w="331" /><ent r="3" t="191" w="395" /></phr></stem><stem n="attempt"><phr n="attempt"><ent r="3" t="21" w="101" /></phr></stem><stem n="treat"><phr n="treat"><ent r="3" t="21" w="108" /></phr><phr n="treated"><ent r="6" t="250" w="244" /><ent r="6" t="250" w="675" /></phr></stem><stem n="unless"><phr n="unless"><ent r="3" t="21" w="114" /><ent r="3" t="133" w="312" /><ent r="3" t="185" w="139" /></phr></stem><stem n="veri"><phr n="very"><ent r="3" t="21" w="120" /><ent r="3" t="186" w="1436" /><ent r="3" t="187" w="3084" /><ent r="3" t="190" w="1069" /></phr></stem><stem n="result"><phr n="results"><ent r="3" t="21" w="126" /><ent r="100" t="27" w="4" /><ent r="100" t="27" w="8" /><ent r="3" t="27" w="14" /><ent r="3" t="27" w="18" /><ent r="3" t="27" w="30" /><ent r="3" t="27" w="37" /><ent r="3" t="27" w="47" /><ent r="4" t="27" w="60" /><ent r="4" t="27" w="66" /><ent r="4" t="27" w="71" /><ent r="4" t="27" w="83" /><ent r="3" t="27" w="94" /><ent r="4" t="27" w="108" /><ent r="3" t="27" w="207" /><ent r="3" t="27" w="375" /><ent r="5" t="27" w="414" /><ent r="5" t="27" w="431" /><ent r="5" t="27" w="447" /><ent r="5" t="27" w="488" /><ent r="4" t="27" w="580" /><ent r="4" t="27" w="593" /><ent r="3" t="105" w="74" /><ent r="4" t="112" w="469" /><ent r="4" t="158" w="296" /><ent r="4" t="158" w="316" /><ent r="4" t="158" w="335" /><ent r="4" t="158" w="355" /><ent r="3" t="164" w="151" /><ent r="3" t="167" w="37" /><ent r="3" t="169" w="54" /><ent r="3" t="174" w="123" /><ent r="3" t="175" w="239" /><ent r="3" t="175" w="242" /><ent r="3" t="175" w="255" /><ent r="4" t="184" w="86" /><ent r="4" t="184" w="116" /><ent r="3" t="184" w="142" /><ent r="3" t="186" w="289" /><ent r="3" t="187" w="403" /><ent r="3" t="187" w="2195" /><ent r="4" t="187" w="2708" /><ent r="4" t="187" w="2720" /><ent r="4" t="188" w="1361" /><ent r="4" t="188" w="1409" /><ent r="3" t="192" w="512" /><ent r="4" t="195" w="204" /><ent r="7" t="206" w="178" /><ent r="3" t="240" w="46" /><ent r="3" t="240" w="77" /><ent r="3" t="240" w="105" /><ent r="3" t="244" w="120" /></phr><phr n="Results"><ent r="64" t="24" w="133" /><ent r="1000" t="27" w="2" /><ent r="102" t="27" w="11" /><ent r="5" t="27" w="138" /><ent r="92" t="27" w="362" /><ent r="3" t="27" w="368" /><ent r="4" t="112" w="473" /><ent r="4" t="129" w="793" /><ent r="4" t="129" w="799" /><ent r="4" t="167" w="68" /><ent r="4" t="175" w="226" /><ent r="4" t="187" w="2547" /><ent r="4" t="187" w="2592" /><ent r="4" t="187" w="2606" /><ent r="4" t="187" w="2747" /><ent r="7" t="195" w="954" /></phr><phr n="result"><ent r="3" t="104" w="114" /><ent r="3" t="174" w="159" /><ent r="3" t="175" w="30" /><ent r="3" t="184" w="158" /><ent r="4" t="188" w="1354" /><ent r="4" t="188" w="1511" /><ent r="3" t="191" w="1274" /><ent r="3" t="204" w="73" /><ent r="3" t="215" w="687" /><ent r="3" t="245" w="362" /></phr><phr n="Result"><ent r="5" t="184" w="94" /><ent r="5" t="184" w="110" /><ent r="7" t="195" w="973" /><ent r="3" t="206" w="703" /></phr><phr n="resulting"><ent r="3" t="187" w="2213" /><ent r="3" t="199" w="44" /><ent r="3" t="245" w="404" /></phr></stem><stem n="probabl"><phr n="probably"><ent r="3" t="21" w="128" /><ent r="4" t="130" w="279" /><ent r="4" t="184" w="89" /></phr></stem><stem n="unsatisfactori"><phr n="unsatisfactory"><ent r="3" t="21" w="130" /></phr></stem><stem n="multipoint"><phr n="Multipoint"><ent r="4" t="21" w="148" /><ent r="4" t="21" w="150" /><ent r="3" t="191" w="1192" /></phr><phr n="multipoint"><ent r="3" t="21" w="187" /></phr></stem><stem n="polylin"><phr n="Polyline"><ent r="4" t="21" w="155" /><ent r="4" t="21" w="157" /><ent r="92" t="191" w="796" /><ent r="92" t="191" w="991" /><ent r="4" t="191" w="1094" /><ent r="6" t="237" w="147" /><ent r="6" t="237" w="369" /><ent r="6" t="237" w="450" /><ent r="6" t="237" w="485" /><ent r="6" t="237" w="531" /></phr><phr n="polyline"><ent r="7" t="61" w="137" /><ent r="4" t="191" w="60" /><ent r="4" t="191" w="64" /><ent r="3" t="191" w="830" /><ent r="3" t="191" w="838" /><ent r="4" t="191" w="876" /><ent r="4" t="191" w="981" /><ent r="7" t="197" w="70" /></phr><phr n="polylines"><ent r="3" t="190" w="194" /><ent r="3" t="190" w="301" /><ent r="3" t="191" w="184" /><ent r="3" t="191" w="288" /></phr><phr n="Polylines"><ent r="3" t="190" w="239" /><ent r="3" t="191" w="228" /></phr></stem><stem n="polygon"><phr n="Polygon"><ent r="4" t="21" w="162" /><ent r="4" t="21" w="164" /><ent r="6" t="237" w="146" /><ent r="6" t="237" w="197" /><ent r="6" t="237" w="239" /><ent r="6" t="237" w="301" /><ent r="6" t="237" w="368" /><ent r="6" t="237" w="411" /><ent r="6" t="237" w="449" /><ent r="6" t="237" w="484" /><ent r="6" t="237" w="530" /></phr><phr n="polygon"><ent r="7" t="61" w="84" /><ent r="7" t="61" w="94" /><ent r="7" t="197" w="116" /><ent r="7" t="197" w="126" /></phr><phr n="polygons"><ent r="3" t="190" w="196" /><ent r="3" t="190" w="302" /><ent r="3" t="191" w="186" /><ent r="3" t="191" w="813" /></phr><phr n="Polygons"><ent r="3" t="190" w="261" /><ent r="3" t="191" w="250" /><ent r="3" t="191" w="289" /></phr></stem><stem n="ignor"><phr n="ignored"><ent r="3" t="21" w="180" /><ent r="3" t="152" w="219" /><ent r="3" t="158" w="257" /><ent r="4" t="158" w="307" /><ent r="4" t="158" w="327" /><ent r="3" t="159" w="233" /><ent r="4" t="222" w="342" /></phr><phr n="ignores"><ent r="3" t="73" w="41" /></phr><phr n="Ignore"><ent r="5" t="238" w="193" /><ent r="5" t="238" w="275" /><ent r="5" t="238" w="343" /></phr></stem><stem n="drawn"><phr n="drawn"><ent r="3" t="21" w="193" /><ent r="3" t="39" w="93" /></phr></stem><stem n="empti"><phr n="empty"><ent r="3" t="21" w="196" /><ent r="3" t="83" w="170" /><ent r="3" t="119" w="121" /><ent r="7" t="120" w="26" /><ent r="3" t="135" w="82" /><ent r="7" t="247" w="78" /></phr></stem><stem n="triangl"><phr n="triangles"><ent r="3" t="21" w="197" /><ent r="4" t="151" w="234" /></phr><phr n="triangle"><ent r="3" t="129" w="536" /><ent r="4" t="151" w="223" /><ent r="7" t="197" w="59" /><ent r="6" t="237" w="76" /><ent r="6" t="237" w="85" /></phr><phr n="Triangle"><ent r="5" t="151" w="219" /><ent r="6" t="237" w="97" /><ent r="6" t="237" w="153" /><ent r="6" t="237" w="203" /><ent r="6" t="237" w="245" /><ent r="6" t="237" w="307" /><ent r="6" t="237" w="375" /><ent r="6" t="237" w="417" /><ent r="6" t="237" w="456" /><ent r="6" t="237" w="491" /><ent r="6" t="237" w="537" /></phr></stem><stem n="befor"><phr n="Before"><ent r="92" t="21" w="199" /><ent r="3" t="21" w="203" /><ent r="4" t="45" w="194" /><ent r="6" t="115" w="7" /></phr><phr n="before"><ent r="3" t="76" w="339" /><ent r="3" t="113" w="85" /><ent r="3" t="128" w="64" /><ent r="4" t="133" w="171" /><ent r="3" t="146" w="649" /><ent r="3" t="161" w="869" /><ent r="3" t="164" w="130" /><ent r="4" t="169" w="791" /><ent r="3" t="185" w="92" /><ent r="4" t="186" w="2053" /><ent r="3" t="187" w="180" /><ent r="3" t="187" w="189" /><ent r="4" t="187" w="3024" /><ent r="4" t="188" w="547" /><ent r="3" t="189" w="1332" /><ent r="4" t="193" w="137" /><ent r="3" t="194" w="1310" /><ent r="3" t="195" w="1128" /><ent r="3" t="202" w="103" /><ent r="4" t="239" w="177" /><ent r="3" t="245" w="201" /></phr></stem><stem n="begin"><phr n="Begin"><ent r="92" t="21" w="201" /><ent r="4" t="192" w="63" /></phr><phr n="beginning"><ent r="4" t="60" w="200" /><ent r="6" t="198" w="66" /><ent r="6" t="198" w="81" /></phr><phr n="begin"><ent r="3" t="65" w="50" /><ent r="3" t="113" w="87" /><ent r="4" t="171" w="767" /><ent r="4" t="175" w="274" /><ent r="4" t="201" w="75" /><ent r="4" t="201" w="95" /><ent r="4" t="201" w="167" /><ent r="4" t="201" w="187" /></phr><phr n="begins"><ent r="3" t="189" w="1335" /></phr></stem><stem n="tab"><phr n="tab"><ent r="4" t="21" w="286" /><ent r="4" t="21" w="290" /><ent r="4" t="21" w="327" /><ent r="4" t="21" w="404" /><ent r="3" t="21" w="407" /><ent r="4" t="21" w="504" /><ent r="3" t="23" w="122" /><ent r="4" t="27" w="113" /><ent r="3" t="27" w="199" /><ent r="3" t="27" w="370" /><ent r="4" t="30" w="37" /><ent r="4" t="32" w="128" /><ent r="3" t="33" w="70" /><ent r="4" t="45" w="73" /><ent r="4" t="46" w="153" /><ent r="4" t="46" w="218" /><ent r="4" t="46" w="271" /><ent r="4" t="52" w="143" /><ent r="4" t="52" w="197" /><ent r="3" t="79" w="95" /><ent r="3" t="79" w="108" /><ent r="3" t="79" w="320" /><ent r="3" t="89" w="113" /><ent r="3" t="91" w="16" /><ent r="4" t="91" w="100" /><ent r="7" t="92" w="465" /><ent r="3" t="96" w="77" /><ent r="3" t="96" w="158" /><ent r="4" t="101" w="74" /><ent r="3" t="101" w="145" /><ent r="3" t="102" w="50" /><ent r="3" t="118" w="12" /><ent r="3" t="129" w="67" /><ent r="4" t="130" w="58" /><ent r="4" t="130" w="285" /><ent r="4" t="130" w="295" /><ent r="3" t="142" w="48" /><ent r="3" t="142" w="103" /><ent r="5" t="143" w="32" /><ent r="4" t="145" w="60" /><ent r="3" t="160" w="151" /><ent r="3" t="160" w="156" /><ent r="3" t="160" w="216" /><ent r="4" t="160" w="391" /><ent r="4" t="160" w="408" /><ent r="3" t="160" w="509" /><ent r="3" t="160" w="688" /><ent r="3" t="160" w="738" /><ent r="3" t="160" w="784" /><ent r="4" t="161" w="92" /><ent r="3" t="161" w="238" /><ent r="3" t="161" w="269" /><ent r="4" t="161" w="367" /><ent r="4" t="161" w="384" /><ent r="3" t="161" w="482" /><ent r="3" t="161" w="661" /><ent r="3" t="161" w="711" /><ent r="3" t="161" w="947" /><ent r="3" t="161" w="986" /><ent r="3" t="161" w="999" /><ent r="4" t="162" w="364" /><ent r="4" t="162" w="381" /><ent r="3" t="162" w="479" /><ent r="3" t="162" w="658" /><ent r="3" t="162" w="708" /><ent r="3" t="162" w="749" /><ent r="3" t="163" w="104" /><ent r="3" t="163" w="109" /><ent r="4" t="163" w="115" /><ent r="3" t="163" w="140" /><ent r="4" t="170" w="59" /><ent r="4" t="170" w="64" /><ent r="4" t="186" w="442" /><ent r="3" t="186" w="1246" /><ent r="3" t="186" w="1266" /><ent r="3" t="186" w="1280" /><ent r="4" t="187" w="593" /><ent r="4" t="187" w="2683" /><ent r="4" t="188" w="304" /><ent r="6" t="188" w="455" /><ent r="4" t="188" w="685" /><ent r="4" t="189" w="267" /><ent r="4" t="190" w="542" /><ent r="4" t="190" w="839" /><ent r="4" t="191" w="544" /><ent r="6" t="191" w="1006" /><ent r="4" t="192" w="549" /><ent r="3" t="192" w="578" /><ent r="4" t="193" w="418" /><ent r="4" t="195" w="327" /><ent r="4" t="202" w="417" /><ent r="4" t="202" w="496" /><ent r="3" t="205" w="85" /><ent r="3" t="205" w="92" /><ent r="3" t="205" w="127" /><ent r="4" t="205" w="250" /><ent r="100" t="215" w="11" /><ent r="100" t="215" w="14" /><ent r="3" t="215" w="20" /><ent r="3" t="215" w="82" /><ent r="4" t="215" w="550" /><ent r="4" t="215" w="555" /><ent r="3" t="215" w="669" /><ent r="3" t="215" w="679" /><ent r="100" t="217" w="8" /><ent r="3" t="217" w="33" /><ent r="100" t="218" w="8" /><ent r="100" t="219" w="11" /><ent r="100" t="219" w="14" /><ent r="4" t="220" w="291" /><ent r="4" t="220" w="299" /><ent r="4" t="220" w="317" /><ent r="4" t="220" w="492" /><ent r="4" t="220" w="509" /><ent r="3" t="220" w="609" /><ent r="3" t="220" w="843" /><ent r="3" t="225" w="229" /><ent r="4" t="238" w="42" /><ent r="4" t="238" w="49" /><ent r="4" t="238" w="177" /><ent r="4" t="238" w="259" /><ent r="4" t="238" w="327" /><ent r="3" t="239" w="33" /></phr><phr n="Tab"><ent r="64" t="23" w="141" /><ent r="92" t="27" w="194" /><ent r="92" t="27" w="364" /><ent r="65" t="33" w="77" /><ent r="65" t="33" w="80" /><ent r="65" t="33" w="83" /><ent r="65" t="33" w="86" /><ent r="65" t="33" w="89" /><ent r="65" t="33" w="92" /><ent r="5" t="45" w="50" /><ent r="92" t="79" w="171" /><ent r="3" t="79" w="175" /><ent r="92" t="79" w="309" /><ent r="92" t="79" w="334" /><ent r="3" t="79" w="338" /><ent r="92" t="79" w="352" /><ent r="3" t="79" w="357" /><ent r="64" t="115" w="144" /><ent r="64" t="115" w="147" /><ent r="64" t="115" w="150" /><ent r="1000" t="116" w="2" /><ent r="102" t="116" w="5" /><ent r="100" t="116" w="8" /><ent r="3" t="116" w="12" /><ent r="1000" t="117" w="2" /><ent r="102" t="117" w="5" /><ent r="100" t="117" w="8" /><ent r="3" t="117" w="12" /><ent r="1000" t="118" w="2" /><ent r="102" t="118" w="5" /><ent r="100" t="118" w="8" /><ent r="4" t="146" w="177" /><ent r="4" t="146" w="209" /><ent r="3" t="146" w="387" /><ent r="3" t="146" w="506" /><ent r="3" t="146" w="606" /><ent r="3" t="146" w="680" /><ent r="92" t="160" w="209" /><ent r="92" t="160" w="295" /><ent r="3" t="160" w="300" /><ent r="3" t="160" w="316" /><ent r="83" t="160" w="331" /><ent r="3" t="160" w="338" /><ent r="83" t="160" w="506" /><ent r="92" t="160" w="777" /><ent r="92" t="161" w="176" /><ent r="3" t="161" w="180" /><ent r="92" t="161" w="244" /><ent r="3" t="161" w="248" /><ent r="92" t="161" w="275" /><ent r="3" t="161" w="280" /><ent r="3" t="161" w="292" /><ent r="83" t="161" w="307" /><ent r="3" t="161" w="314" /><ent r="83" t="161" w="479" /><ent r="92" t="161" w="748" /><ent r="3" t="161" w="752" /><ent r="92" t="161" w="793" /><ent r="3" t="161" w="797" /><ent r="3" t="161" w="821" /><ent r="3" t="161" w="864" /><ent r="3" t="161" w="882" /><ent r="3" t="161" w="915" /><ent r="64" t="161" w="926" /><ent r="82" t="162" w="210" /><ent r="82" t="162" w="272" /><ent r="3" t="162" w="277" /><ent r="3" t="162" w="288" /><ent r="83" t="162" w="303" /><ent r="3" t="162" w="310" /><ent r="83" t="162" w="476" /><ent r="82" t="162" w="746" /><ent r="64" t="185" w="375" /><ent r="1000" t="192" w="5" /><ent r="100" t="192" w="11" /><ent r="102" t="192" w="20" /><ent r="3" t="192" w="41" /><ent r="4" t="192" w="76" /><ent r="3" t="192" w="124" /><ent r="4" t="192" w="292" /><ent r="64" t="192" w="376" /><ent r="5" t="192" w="527" /><ent r="1000" t="200" w="2" /><ent r="102" t="200" w="7" /><ent r="64" t="200" w="110" /><ent r="1000" t="202" w="2" /><ent r="100" t="202" w="7" /><ent r="100" t="202" w="10" /><ent r="100" t="202" w="16" /><ent r="102" t="202" w="19" /><ent r="3" t="202" w="25" /><ent r="3" t="202" w="55" /><ent r="3" t="202" w="98" /><ent r="3" t="202" w="116" /><ent r="3" t="202" w="147" /><ent r="92" t="202" w="155" /><ent r="3" t="202" w="159" /><ent r="3" t="202" w="189" /><ent r="4" t="202" w="438" /><ent r="64" t="202" w="787" /><ent r="1000" t="215" w="2" /><ent r="102" t="215" w="5" /><ent r="64" t="215" w="737" /><ent r="64" t="215" w="740" /><ent r="64" t="215" w="743" /><ent r="64" t="215" w="746" /><ent r="64" t="215" w="749" /><ent r="1000" t="216" w="2" /><ent r="100" t="216" w="7" /><ent r="100" t="216" w="10" /><ent r="100" t="216" w="18" /><ent r="102" t="216" w="21" /><ent r="3" t="216" w="27" /><ent r="3" t="216" w="46" /><ent r="64" t="216" w="220" /><ent r="64" t="216" w="230" /><ent r="64" t="216" w="233" /><ent r="64" t="216" w="236" /><ent r="64" t="216" w="239" /><ent r="64" t="216" w="242" /><ent r="1000" t="217" w="2" /><ent r="102" t="217" w="5" /><ent r="3" t="217" w="12" /><ent r="64" t="217" w="42" /><ent r="64" t="217" w="45" /><ent r="64" t="217" w="48" /><ent r="64" t="217" w="51" /><ent r="64" t="217" w="54" /><ent r="1000" t="218" w="2" /><ent r="102" t="218" w="5" /><ent r="3" t="218" w="12" /><ent r="64" t="218" w="55" /><ent r="64" t="218" w="58" /><ent r="64" t="218" w="61" /><ent r="64" t="218" w="64" /><ent r="64" t="218" w="67" /><ent r="1000" t="219" w="2" /><ent r="102" t="219" w="5" /><ent r="3" t="219" w="20" /><ent r="64" t="219" w="129" /><ent r="64" t="219" w="132" /><ent r="64" t="219" w="135" /><ent r="64" t="219" w="138" /><ent r="64" t="219" w="141" /><ent r="1000" t="220" w="2" /><ent r="100" t="220" w="5" /><ent r="102" t="220" w="8" /><ent r="4" t="220" w="202" /><ent r="100" t="220" w="225" /><ent r="65" t="220" w="230" /><ent r="65" t="220" w="240" /><ent r="100" t="220" w="340" /><ent r="65" t="220" w="345" /><ent r="65" t="220" w="355" /><ent r="92" t="220" w="432" /><ent r="3" t="220" w="439" /><ent r="92" t="220" w="606" /><ent r="3" t="220" w="793" /><ent r="64" t="220" w="883" /><ent r="64" t="220" w="886" /><ent r="64" t="220" w="889" /><ent r="64" t="220" w="892" /><ent r="64" t="220" w="895" /><ent r="3" t="222" w="79" /><ent r="3" t="222" w="93" /><ent r="92" t="222" w="129" /><ent r="3" t="222" w="134" /><ent r="92" t="222" w="295" /><ent r="3" t="223" w="23" /><ent r="3" t="223" w="37" /><ent r="92" t="223" w="60" /><ent r="3" t="223" w="65" /><ent r="92" t="223" w="226" /><ent r="3" t="223" w="232" /><ent r="92" t="224" w="34" /><ent r="92" t="224" w="185" /><ent r="3" t="224" w="191" /><ent r="3" t="225" w="23" /><ent r="3" t="225" w="36" /><ent r="92" t="225" w="58" /><ent r="3" t="225" w="63" /><ent r="92" t="225" w="223" /></phr><phr n="tabs"><ent r="3" t="79" w="85" /><ent r="3" t="83" w="236" /><ent r="3" t="115" w="141" /><ent r="3" t="129" w="77" /><ent r="3" t="160" w="142" /><ent r="3" t="160" w="320" /><ent r="3" t="161" w="117" /><ent r="3" t="161" w="296" /><ent r="3" t="161" w="977" /><ent r="3" t="162" w="144" /><ent r="3" t="162" w="292" /><ent r="3" t="163" w="100" /><ent r="3" t="186" w="1271" /><ent r="3" t="186" w="1467" /><ent r="3" t="222" w="76" /><ent r="3" t="223" w="20" /><ent r="3" t="225" w="20" /></phr><phr n="Tabs"><ent r="82" t="205" w="76" /></phr></stem></index>