<?xml version="1.0" encoding="utf-8"?><index><stem n="slow"><phr n="Slow"><ent r="7" t="14" w="176" /><ent r="5" t="135" w="277" /><ent r="3" t="135" w="303" /></phr><phr n="Slows"><ent r="6" t="14" w="179" /></phr><phr n="slowing"><ent r="3" t="171" w="38" /></phr></stem><stem n="reflect"><phr n="reflected"><ent r="6" t="14" w="186" /><ent r="5" t="14" w="243" /><ent r="3" t="109" w="41" /></phr><phr n="reflect"><ent r="5" t="57" w="386" /><ent r="5" t="57" w="821" /><ent r="4" t="58" w="387" /><ent r="3" t="120" w="174" /><ent r="3" t="142" w="265" /><ent r="5" t="182" w="423" /><ent r="4" t="183" w="276" /><ent r="4" t="245" w="21" /></phr><phr n="reflectance"><ent r="5" t="57" w="402" /><ent r="5" t="57" w="837" /><ent r="5" t="182" w="439" /><ent r="3" t="205" w="305" /><ent r="3" t="205" w="312" /><ent r="3" t="222" w="765" /><ent r="4" t="245" w="37" /></phr><phr n="reflects"><ent r="3" t="112" w="135" /><ent r="3" t="114" w="28" /></phr></stem><stem n="field"><phr n="field"><ent r="6" t="14" w="191" /><ent r="5" t="14" w="248" /><ent r="3" t="20" w="70" /><ent r="3" t="20" w="89" /><ent r="3" t="20" w="100" /><ent r="3" t="20" w="107" /><ent r="3" t="20" w="118" /><ent r="4" t="22" w="764" /><ent r="4" t="30" w="313" /><ent r="3" t="30" w="349" /><ent r="4" t="32" w="51" /><ent r="5" t="36" w="477" /><ent r="5" t="36" w="518" /><ent r="3" t="39" w="60" /><ent r="3" t="39" w="164" /><ent r="4" t="41" w="80" /><ent r="4" t="41" w="139" /><ent r="3" t="46" w="203" /><ent r="4" t="57" w="360" /><ent r="4" t="57" w="795" /><ent r="4" t="74" w="187" /><ent r="3" t="93" w="54" /><ent r="6" t="116" w="488" /><ent r="4" t="118" w="138" /><ent r="4" t="118" w="181" /><ent r="4" t="118" w="333" /><ent r="4" t="125" w="61" /><ent r="3" t="125" w="94" /><ent r="4" t="136" w="542" /><ent r="3" t="137" w="50" /><ent r="4" t="146" w="81" /><ent r="4" t="151" w="210" /><ent r="4" t="152" w="245" /><ent r="4" t="152" w="386" /><ent r="4" t="152" w="525" /><ent r="4" t="155" w="102" /><ent r="4" t="155" w="145" /><ent r="4" t="155" w="213" /><ent r="4" t="158" w="374" /><ent r="4" t="158" w="440" /><ent r="4" t="173" w="643" /><ent r="3" t="174" w="226" /><ent r="4" t="174" w="632" /><ent r="3" t="174" w="979" /><ent r="3" t="174" w="1013" /><ent r="4" t="175" w="630" /><ent r="4" t="182" w="411" /><ent r="4" t="186" w="409" /><ent r="4" t="186" w="452" /><ent r="4" t="186" w="604" /><ent r="4" t="187" w="117" /><ent r="4" t="187" w="160" /><ent r="4" t="187" w="312" /><ent r="4" t="188" w="394" /><ent r="4" t="188" w="437" /><ent r="4" t="188" w="591" /><ent r="3" t="190" w="145" /><ent r="4" t="190" w="243" /><ent r="4" t="190" w="279" /><ent r="4" t="190" w="326" /><ent r="5" t="202" w="64" /><ent r="3" t="203" w="97" /><ent r="3" t="205" w="996" /><ent r="3" t="206" w="1406" /><ent r="4" t="209" w="1065" /><ent r="3" t="209" w="1220" /><ent r="3" t="209" w="1226" /><ent r="4" t="210" w="257" /><ent r="4" t="210" w="345" /><ent r="4" t="212" w="625" /><ent r="4" t="212" w="648" /><ent r="4" t="212" w="710" /><ent r="4" t="212" w="733" /><ent r="3" t="212" w="1406" /><ent r="3" t="213" w="764" /><ent r="3" t="221" w="36" /><ent r="4" t="224" w="336" /><ent r="92" t="228" w="634" /><ent r="3" t="228" w="646" /><ent r="3" t="228" w="667" /><ent r="3" t="228" w="686" /><ent r="5" t="228" w="704" /><ent r="3" t="228" w="709" /><ent r="4" t="228" w="717" /><ent r="4" t="228" w="724" /><ent r="4" t="228" w="727" /><ent r="4" t="228" w="749" /><ent r="4" t="228" w="765" /><ent r="4" t="228" w="771" /><ent r="3" t="228" w="834" /><ent r="3" t="228" w="838" /><ent r="92" t="228" w="866" /><ent r="3" t="228" w="871" /><ent r="5" t="228" w="889" /><ent r="3" t="228" w="894" /><ent r="4" t="228" w="901" /><ent r="5" t="228" w="910" /><ent r="3" t="229" w="185" /><ent r="4" t="231" w="91" /><ent r="3" t="233" w="190" /><ent r="3" t="237" w="170" /><ent r="3" t="237" w="216" /><ent r="3" t="237" w="496" /><ent r="3" t="237" w="543" /><ent r="4" t="242" w="125" /><ent r="3" t="248" w="540" /><ent r="3" t="248" w="655" /></phr><phr n="fields"><ent r="3" t="20" w="78" /><ent r="3" t="20" w="94" /><ent r="3" t="20" w="104" /><ent r="3" t="20" w="111" /><ent r="4" t="22" w="223" /><ent r="4" t="22" w="240" /><ent r="4" t="22" w="337" /><ent r="4" t="22" w="354" /><ent r="4" t="30" w="342" /><ent r="4" t="36" w="391" /><ent r="3" t="47" w="164" /><ent r="3" t="47" w="198" /><ent r="3" t="47" w="352" /><ent r="3" t="47" w="386" /><ent r="3" t="47" w="522" /><ent r="3" t="47" w="556" /><ent r="3" t="47" w="665" /><ent r="3" t="47" w="699" /><ent r="92" t="93" w="43" /><ent r="3" t="93" w="46" /><ent r="4" t="131" w="46" /><ent r="5" t="133" w="100" /><ent r="4" t="133" w="105" /><ent r="3" t="134" w="385" /><ent r="3" t="142" w="114" /><ent r="3" t="142" w="130" /><ent r="92" t="142" w="414" /><ent r="3" t="142" w="445" /><ent r="4" t="155" w="414" /><ent r="3" t="190" w="171" /><ent r="3" t="209" w="1209" /><ent r="3" t="227" w="258" /><ent r="3" t="228" w="636" /></phr></stem><stem n="increas"><phr n="Increases"><ent r="5" t="14" w="237" /><ent r="7" t="145" w="234" /><ent r="3" t="204" w="861" /><ent r="3" t="207" w="764" /><ent r="7" t="253" w="136" /></phr><phr n="increase"><ent r="4" t="74" w="481" /><ent r="3" t="204" w="1469" /><ent r="4" t="212" w="1253" /><ent r="4" t="212" w="1339" /><ent r="4" t="213" w="1209" /><ent r="100" t="253" w="6" /><ent r="7" t="253" w="129" /></phr></stem><stem n="revers"><phr n="Reverses"><ent r="5" t="14" w="253" /></phr><phr n="reversed"><ent r="3" t="172" w="63" /></phr></stem><stem n="playback"><phr n="playback"><ent r="5" t="14" w="258" /><ent r="5" t="14" w="305" /><ent r="3" t="166" w="162" /><ent r="3" t="172" w="17" /><ent r="92" t="229" w="132" /><ent r="92" t="233" w="137" /></phr></stem><stem n="cycl"><phr n="Cycle"><ent r="7" t="14" w="261" /><ent r="67" t="14" w="279" /><ent r="5" t="45" w="166" /><ent r="3" t="46" w="22" /><ent r="3" t="46" w="36" /><ent r="4" t="46" w="193" /><ent r="4" t="46" w="201" /><ent r="3" t="46" w="213" /><ent r="64" t="46" w="225" /><ent r="3" t="166" w="100" /><ent r="3" t="166" w="110" /><ent r="4" t="167" w="14" /><ent r="1000" t="216" w="2" /><ent r="102" t="216" w="5" /><ent r="100" t="216" w="8" /><ent r="3" t="216" w="12" /><ent r="6" t="216" w="30" /></phr><phr n="cycles"><ent r="3" t="46" w="221" /><ent r="3" t="166" w="17" /><ent r="3" t="212" w="916" /><ent r="3" t="213" w="856" /></phr></stem><stem n="determin"><phr n="Determines"><ent r="6" t="14" w="263" /><ent r="4" t="26" w="126" /><ent r="3" t="46" w="37" /><ent r="4" t="57" w="349" /><ent r="4" t="57" w="784" /><ent r="3" t="58" w="277" /><ent r="4" t="72" w="251" /><ent r="6" t="106" w="122" /><ent r="6" t="116" w="477" /><ent r="4" t="131" w="21" /><ent r="4" t="131" w="44" /><ent r="3" t="132" w="211" /><ent r="3" t="135" w="325" /><ent r="4" t="136" w="406" /><ent r="3" t="175" w="225" /><ent r="4" t="175" w="849" /><ent r="4" t="182" w="400" /><ent r="3" t="183" w="166" /><ent r="4" t="193" w="206" /><ent r="3" t="216" w="13" /><ent r="7" t="222" w="563" /><ent r="3" t="237" w="230" /><ent r="3" t="237" w="329" /><ent r="6" t="238" w="108" /><ent r="6" t="240" w="80" /></phr><phr n="determine"><ent r="3" t="29" w="19" /><ent r="4" t="51" w="148" /><ent r="4" t="51" w="186" /><ent r="4" t="51" w="202" /><ent r="4" t="55" w="150" /><ent r="4" t="55" w="170" /><ent r="4" t="55" w="185" /><ent r="3" t="58" w="373" /><ent r="3" t="61" w="16" /><ent r="3" t="132" w="16" /><ent r="3" t="135" w="166" /><ent r="4" t="135" w="202" /><ent r="3" t="183" w="262" /><ent r="3" t="225" w="207" /></phr><phr n="determined"><ent r="3" t="62" w="107" /><ent r="3" t="137" w="44" /><ent r="3" t="249" w="246" /></phr></stem><stem n="behavior"><phr n="behavior"><ent r="6" t="14" w="265" /><ent r="3" t="46" w="39" /><ent r="3" t="203" w="61" /><ent r="3" t="216" w="15" /></phr></stem><stem n="player"><phr n="player"><ent r="6" t="14" w="269" /><ent r="6" t="14" w="362" /><ent r="3" t="46" w="43" /><ent r="3" t="46" w="61" /><ent r="3" t="169" w="21" /><ent r="3" t="216" w="19" /></phr><phr n="players"><ent r="7" t="14" w="365" /><ent r="7" t="14" w="402" /><ent r="7" t="14" w="472" /><ent r="3" t="169" w="46" /><ent r="3" t="169" w="106" /></phr></stem><stem n="final"><phr n="final"><ent r="6" t="14" w="272" /><ent r="3" t="46" w="46" /><ent r="3" t="46" w="168" /><ent r="3" t="216" w="22" /></phr></stem><stem n="bumper"><phr n="Bumpers"><ent r="6" t="14" w="295" /><ent r="5" t="14" w="301" /><ent r="66" t="14" w="313" /><ent r="3" t="166" w="126" /><ent r="64" t="166" w="145" /><ent r="1000" t="172" w="2" /><ent r="100" t="172" w="5" /><ent r="102" t="172" w="8" /><ent r="3" t="172" w="11" /><ent r="92" t="172" w="67" /><ent r="4" t="172" w="72" /><ent r="4" t="172" w="110" /><ent r="4" t="172" w="154" /><ent r="4" t="172" w="173" /><ent r="4" t="172" w="274" /><ent r="4" t="172" w="291" /><ent r="4" t="172" w="293" /><ent r="4" t="172" w="297" /><ent r="4" t="172" w="300" /><ent r="4" t="172" w="317" /><ent r="3" t="172" w="332" /><ent r="3" t="172" w="335" /><ent r="3" t="172" w="341" /><ent r="92" t="172" w="348" /><ent r="3" t="172" w="354" /><ent r="4" t="172" w="372" /><ent r="5" t="172" w="379" /><ent r="4" t="172" w="404" /><ent r="92" t="172" w="461" /><ent r="3" t="172" w="465" /><ent r="3" t="172" w="468" /><ent r="4" t="172" w="498" /><ent r="4" t="172" w="519" /><ent r="3" t="172" w="523" /><ent r="92" t="172" w="538" /><ent r="3" t="172" w="542" /><ent r="3" t="172" w="549" /><ent r="3" t="172" w="557" /><ent r="3" t="172" w="577" /><ent r="4" t="172" w="598" /><ent r="4" t="172" w="619" /><ent r="3" t="172" w="623" /><ent r="92" t="172" w="633" /><ent r="3" t="172" w="637" /><ent r="3" t="172" w="643" /><ent r="4" t="172" w="672" /><ent r="4" t="172" w="693" /><ent r="3" t="172" w="697" /><ent r="3" t="172" w="705" /></phr><phr n="bumper"><ent r="3" t="172" w="36" /><ent r="3" t="172" w="44" /><ent r="4" t="172" w="93" /><ent r="5" t="172" w="118" /><ent r="4" t="172" w="139" /><ent r="5" t="172" w="164" /><ent r="3" t="172" w="198" /><ent r="5" t="172" w="227" /><ent r="4" t="172" w="248" /><ent r="5" t="172" w="265" /><ent r="4" t="172" w="304" /><ent r="4" t="172" w="311" /><ent r="3" t="172" w="409" /><ent r="3" t="172" w="491" /><ent r="3" t="172" w="591" /><ent r="3" t="172" w="665" /></phr></stem><stem n="limit"><phr n="limit"><ent r="5" t="14" w="303" /><ent r="3" t="31" w="39" /><ent r="3" t="31" w="76" /><ent r="3" t="65" w="252" /><ent r="3" t="135" w="308" /><ent r="5" t="135" w="666" /><ent r="3" t="135" w="675" /><ent r="3" t="135" w="685" /><ent r="3" t="135" w="698" /><ent r="4" t="135" w="729" /><ent r="4" t="135" w="744" /><ent r="3" t="172" w="15" /><ent r="5" t="173" w="781" /><ent r="4" t="173" w="785" /><ent r="5" t="186" w="206" /><ent r="5" t="186" w="226" /><ent r="5" t="188" w="194" /><ent r="5" t="188" w="214" /><ent r="3" t="189" w="402" /></phr><phr n="limits"><ent r="3" t="65" w="236" /><ent r="4" t="73" w="366" /><ent r="92" t="135" w="663" /><ent r="4" t="135" w="670" /><ent r="3" t="135" w="682" /><ent r="3" t="135" w="704" /><ent r="4" t="205" w="2661" /></phr><phr n="limitations"><ent r="3" t="169" w="211" /><ent r="3" t="208" w="325" /><ent r="3" t="209" w="315" /></phr><phr n="limited"><ent r="3" t="189" w="532" /><ent r="3" t="210" w="317" /></phr></stem><stem n="progress"><phr n="Progress"><ent r="7" t="14" w="316" /><ent r="6" t="14" w="321" /><ent r="3" t="130" w="42" /><ent r="3" t="130" w="58" /><ent r="3" t="130" w="71" /><ent r="3" t="130" w="87" /><ent r="3" t="130" w="218" /><ent r="4" t="237" w="296" /><ent r="3" t="237" w="309" /></phr></stem><stem n="channel"><phr n="channel"><ent r="6" t="14" w="341" /><ent r="4" t="115" w="33" /><ent r="5" t="115" w="56" /><ent r="4" t="115" w="64" /><ent r="3" t="166" w="165" /><ent r="3" t="174" w="910" /><ent r="3" t="247" w="73" /><ent r="3" t="247" w="138" /><ent r="3" t="247" w="155" /><ent r="3" t="247" w="209" /><ent r="3" t="247" w="221" /><ent r="3" t="248" w="145" /><ent r="3" t="248" w="622" /><ent r="3" t="248" w="630" /><ent r="3" t="248" w="675" /></phr><phr n="channels"><ent r="4" t="115" w="36" /><ent r="4" t="115" w="69" /><ent r="3" t="115" w="77" /><ent r="5" t="116" w="616" /><ent r="5" t="182" w="278" /><ent r="3" t="247" w="128" /></phr></stem><stem n="increment"><phr n="increment"><ent r="6" t="14" w="343" /></phr><phr n="incrementally"><ent r="4" t="204" w="892" /><ent r="3" t="204" w="1864" /></phr></stem><stem n="small"><phr n="small"><ent r="6" t="14" w="349" /><ent r="3" t="20" w="689" /><ent r="4" t="22" w="561" /><ent r="3" t="30" w="195" /><ent r="3" t="71" w="28" /><ent r="3" t="72" w="15" /><ent r="4" t="90" w="96" /><ent r="4" t="173" w="439" /><ent r="4" t="174" w="428" /><ent r="4" t="175" w="426" /><ent r="4" t="201" w="59" /><ent r="4" t="201" w="122" /><ent r="3" t="204" w="1467" /><ent r="3" t="205" w="3191" /><ent r="4" t="208" w="889" /><ent r="4" t="211" w="1196" /></phr></stem><stem n="movi"><phr n="movie"><ent r="6" t="14" w="361" /><ent r="5" t="45" w="192" /><ent r="3" t="46" w="42" /><ent r="3" t="47" w="26" /><ent r="4" t="47" w="90" /><ent r="92" t="47" w="438" /><ent r="3" t="47" w="449" /><ent r="3" t="169" w="127" /><ent r="6" t="169" w="147" /><ent r="6" t="169" w="161" /><ent r="6" t="169" w="177" /><ent r="3" t="216" w="18" /></phr></stem><stem n="/y"><phr n="/y"><ent r="6" t="14" w="380" /><ent r="3" t="200" w="60" /><ent r="3" t="207" w="1469" /></phr></stem><stem n="yyyi"><phr n="yyyy"><ent r="6" t="14" w="415" /><ent r="7" t="14" w="423" /><ent r="6" t="254" w="280" /></phr></stem><stem n="mm"><phr n="MM"><ent r="6" t="14" w="416" /><ent r="6" t="14" w="419" /><ent r="7" t="14" w="429" /><ent r="7" t="14" w="447" /><ent r="6" t="14" w="486" /><ent r="7" t="14" w="496" /><ent r="3" t="48" w="211" /><ent r="6" t="254" w="278" /><ent r="6" t="254" w="283" /></phr></stem><stem n="/mm/dd"><phr n="/MM/dd"><ent r="6" t="14" w="417" /></phr></stem><stem n="dd"><phr n="dd"><ent r="6" t="14" w="417" /><ent r="7" t="14" w="435" /><ent r="3" t="48" w="207" /><ent r="6" t="254" w="279" /></phr></stem><stem n="hh"><phr n="hh"><ent r="6" t="14" w="418" /><ent r="7" t="14" w="441" /><ent r="6" t="14" w="485" /><ent r="7" t="14" w="490" /><ent r="6" t="254" w="282" /></phr></stem><stem n="ss"><phr n="ss"><ent r="6" t="14" w="420" /><ent r="7" t="14" w="453" /><ent r="6" t="14" w="487" /><ent r="7" t="14" w="502" /><ent r="3" t="48" w="205" /><ent r="3" t="48" w="206" /><ent r="5" t="207" w="458" /><ent r="5" t="207" w="459" /><ent r="5" t="208" w="696" /><ent r="5" t="208" w="697" /><ent r="5" t="209" w="685" /><ent r="5" t="209" w="686" /><ent r="6" t="254" w="284" /></phr></stem><stem n=".mm.ss.zzzz"><phr n=".mm.ss.zzzZ"><ent r="6" t="14" w="421" /></phr></stem><stem n="zzzz"><phr n="zzzZ"><ent r="6" t="14" w="421" /></phr></stem><stem n="year"><phr n="year"><ent r="6" t="14" w="427" /><ent r="4" t="22" w="681" /><ent r="4" t="22" w="726" /><ent r="4" t="173" w="560" /><ent r="4" t="173" w="605" /><ent r="4" t="174" w="549" /><ent r="4" t="174" w="594" /><ent r="4" t="175" w="547" /><ent r="4" t="175" w="592" /></phr></stem><stem n="month"><phr n="month"><ent r="6" t="14" w="433" /><ent r="4" t="22" w="678" /><ent r="4" t="22" w="723" /><ent r="4" t="173" w="557" /><ent r="4" t="173" w="602" /><ent r="4" t="174" w="546" /><ent r="4" t="174" w="591" /><ent r="4" t="175" w="544" /><ent r="4" t="175" w="589" /><ent r="3" t="207" w="54" /></phr></stem><stem n="dai"><phr n="day"><ent r="6" t="14" w="439" /></phr></stem><stem n="hour"><phr n="hour"><ent r="6" t="14" w="445" /><ent r="6" t="14" w="494" /></phr></stem><stem n="minut"><phr n="minute"><ent r="6" t="14" w="451" /><ent r="6" t="14" w="500" /><ent r="3" t="205" w="1606" /></phr><phr n="minutes"><ent r="3" t="101" w="117" /><ent r="3" t="105" w="60" /><ent r="6" t="106" w="114" /><ent r="7" t="244" w="54" /><ent r="7" t="244" w="63" /><ent r="7" t="244" w="66" /><ent r="7" t="244" w="74" /></phr></stem><stem n="second"><phr n="second"><ent r="6" t="14" w="457" /><ent r="6" t="14" w="506" /><ent r="5" t="36" w="457" /><ent r="6" t="36" w="474" /><ent r="5" t="36" w="498" /><ent r="6" t="36" w="515" /><ent r="4" t="58" w="302" /><ent r="4" t="58" w="322" /><ent r="4" t="58" w="344" /><ent r="4" t="58" w="364" /><ent r="3" t="58" w="380" /><ent r="4" t="58" w="539" /><ent r="4" t="75" w="217" /><ent r="3" t="127" w="51" /><ent r="3" t="154" w="944" /><ent r="3" t="169" w="43" /><ent r="3" t="169" w="66" /><ent r="6" t="169" w="87" /><ent r="6" t="169" w="94" /><ent r="3" t="169" w="125" /><ent r="3" t="169" w="132" /><ent r="6" t="169" w="151" /><ent r="6" t="169" w="159" /><ent r="6" t="169" w="165" /><ent r="6" t="169" w="181" /><ent r="4" t="183" w="191" /><ent r="4" t="183" w="211" /><ent r="4" t="183" w="233" /><ent r="4" t="183" w="253" /><ent r="3" t="183" w="269" /><ent r="4" t="183" w="424" /><ent r="3" t="189" w="94" /><ent r="3" t="189" w="199" /><ent r="3" t="189" w="206" /><ent r="3" t="189" w="222" /><ent r="3" t="189" w="238" /><ent r="3" t="189" w="263" /><ent r="3" t="189" w="303" /><ent r="5" t="189" w="350" /><ent r="3" t="205" w="1608" /><ent r="4" t="207" w="1539" /><ent r="92" t="213" w="568" /><ent r="4" t="249" w="104" /><ent r="4" t="249" w="129" /><ent r="4" t="249" w="195" /></phr><phr n="seconds"><ent r="6" t="169" w="103" /><ent r="6" t="169" w="145" /><ent r="6" t="169" w="175" /><ent r="7" t="244" w="67" /><ent r="7" t="244" w="77" /></phr></stem><stem n="zzz"><phr n="zzz"><ent r="7" t="14" w="459" /><ent r="6" t="14" w="488" /><ent r="7" t="14" w="508" /></phr></stem><stem n="millisecond"><phr n="millisecond"><ent r="6" t="14" w="463" /><ent r="6" t="14" w="512" /></phr></stem><stem n="zulu"><phr n="Zulu"><ent r="6" t="14" w="468" /></phr></stem><stem n=".mm.ss.zzz"><phr n=".mm.ss.zzz"><ent r="6" t="14" w="488" /></phr></stem><stem n="band"><phr n="Band"><ent r="64" t="15" w="21" /><ent r="64" t="15" w="24" /><ent r="3" t="20" w="290" /><ent r="3" t="20" w="304" /><ent r="4" t="23" w="80" /><ent r="4" t="23" w="85" /><ent r="4" t="36" w="307" /><ent r="4" t="36" w="312" /><ent r="4" t="57" w="324" /><ent r="4" t="57" w="366" /><ent r="4" t="57" w="759" /><ent r="4" t="57" w="801" /><ent r="3" t="69" w="447" /><ent r="3" t="69" w="483" /><ent r="3" t="69" w="488" /><ent r="6" t="74" w="358" /><ent r="6" t="74" w="391" /><ent r="6" t="74" w="396" /><ent r="3" t="102" w="168" /><ent r="3" t="112" w="89" /><ent r="68" t="116" w="340" /><ent r="5" t="116" w="416" /><ent r="6" t="116" w="494" /><ent r="5" t="116" w="620" /><ent r="5" t="116" w="627" /><ent r="66" t="116" w="633" /><ent r="1000" t="118" w="1" /><ent r="100" t="118" w="8" /><ent r="102" t="118" w="12" /><ent r="3" t="118" w="16" /><ent r="3" t="118" w="31" /><ent r="1000" t="120" w="2" /><ent r="100" t="120" w="5" /><ent r="102" t="120" w="8" /><ent r="3" t="120" w="17" /><ent r="5" t="120" w="69" /><ent r="4" t="120" w="103" /><ent r="4" t="120" w="108" /><ent r="4" t="120" w="127" /><ent r="3" t="120" w="147" /><ent r="3" t="120" w="150" /><ent r="3" t="120" w="178" /><ent r="4" t="125" w="108" /><ent r="3" t="127" w="65" /><ent r="4" t="176" w="73" /><ent r="4" t="182" w="296" /><ent r="4" t="182" w="392" /><ent r="3" t="183" w="60" /><ent r="3" t="183" w="71" /><ent r="4" t="183" w="76" /><ent r="3" t="185" w="32" /><ent r="3" t="185" w="372" /><ent r="3" t="185" w="384" /><ent r="64" t="185" w="411" /><ent r="3" t="186" w="61" /><ent r="64" t="186" w="668" /><ent r="1000" t="187" w="3" /><ent r="102" t="187" w="9" /><ent r="100" t="187" w="19" /><ent r="3" t="187" w="31" /><ent r="3" t="188" w="51" /><ent r="64" t="188" w="56" /><ent r="3" t="188" w="128" /><ent r="3" t="189" w="122" /><ent r="3" t="191" w="93" /><ent r="5" t="191" w="140" /><ent r="4" t="191" w="145" /><ent r="1000" t="192" w="1" /><ent r="102" t="192" w="4" /><ent r="100" t="192" w="7" /><ent r="3" t="192" w="11" /><ent r="3" t="192" w="51" /><ent r="3" t="192" w="166" /><ent r="3" t="192" w="178" /><ent r="3" t="192" w="182" /><ent r="3" t="192" w="191" /><ent r="3" t="192" w="194" /><ent r="3" t="192" w="210" /><ent r="3" t="192" w="235" /><ent r="3" t="192" w="244" /><ent r="3" t="192" w="247" /><ent r="3" t="192" w="251" /><ent r="3" t="192" w="254" /><ent r="3" t="192" w="262" /><ent r="3" t="192" w="266" /><ent r="3" t="192" w="269" /><ent r="3" t="192" w="285" /><ent r="3" t="192" w="288" /><ent r="3" t="192" w="291" /><ent r="3" t="192" w="295" /><ent r="4" t="192" w="325" /><ent r="5" t="192" w="340" /><ent r="3" t="192" w="345" /><ent r="4" t="192" w="357" /><ent r="4" t="192" w="437" /><ent r="4" t="192" w="457" /><ent r="4" t="192" w="477" /><ent r="3" t="192" w="541" /><ent r="3" t="192" w="558" /><ent r="3" t="192" w="587" /><ent r="3" t="192" w="593" /><ent r="1000" t="193" w="1" /><ent r="100" t="193" w="4" /><ent r="102" t="193" w="7" /><ent r="3" t="193" w="11" /><ent r="3" t="193" w="22" /><ent r="3" t="193" w="59" /><ent r="5" t="193" w="73" /><ent r="3" t="193" w="78" /><ent r="3" t="193" w="109" /><ent r="3" t="193" w="163" /><ent r="3" t="193" w="178" /><ent r="3" t="193" w="235" /><ent r="3" t="193" w="265" /><ent r="4" t="195" w="130" /><ent r="64" t="203" w="328" /><ent r="4" t="204" w="1146" /><ent r="3" t="204" w="1216" /><ent r="3" t="204" w="1245" /><ent r="3" t="204" w="1265" /><ent r="3" t="204" w="1281" /><ent r="3" t="204" w="1346" /><ent r="3" t="204" w="1374" /><ent r="3" t="204" w="1385" /><ent r="3" t="204" w="1397" /><ent r="4" t="204" w="1661" /><ent r="3" t="204" w="1863" /><ent r="4" t="204" w="1985" /><ent r="4" t="204" w="2005" /><ent r="4" t="204" w="2033" /><ent r="4" t="204" w="2048" /><ent r="1000" t="205" w="5" /><ent r="100" t="205" w="8" /><ent r="102" t="205" w="24" /><ent r="3" t="205" w="65" /><ent r="4" t="205" w="110" /><ent r="4" t="205" w="227" /><ent r="3" t="205" w="251" /><ent r="3" t="205" w="257" /><ent r="92" t="205" w="2027" /><ent r="5" t="205" w="2064" /><ent r="3" t="205" w="2069" /><ent r="3" t="205" w="2087" /><ent r="4" t="205" w="2137" /><ent r="3" t="205" w="2154" /><ent r="4" t="205" w="2167" /><ent r="4" t="205" w="2201" /><ent r="4" t="205" w="2214" /><ent r="3" t="205" w="2313" /><ent r="3" t="205" w="2327" /><ent r="4" t="205" w="2635" /><ent r="4" t="205" w="2698" /><ent r="4" t="205" w="2712" /><ent r="4" t="205" w="2814" /><ent r="4" t="205" w="2826" /><ent r="4" t="205" w="2853" /><ent r="3" t="205" w="3266" /><ent r="5" t="206" w="485" /><ent r="5" t="206" w="489" /><ent r="3" t="206" w="1510" /><ent r="3" t="206" w="1519" /><ent r="3" t="206" w="1529" /><ent r="3" t="209" w="768" /><ent r="3" t="209" w="774" /><ent r="3" t="209" w="779" /><ent r="5" t="212" w="500" /><ent r="4" t="212" w="533" /><ent r="3" t="212" w="983" /><ent r="3" t="212" w="1010" /><ent r="3" t="212" w="1031" /><ent r="4" t="212" w="1094" /><ent r="7" t="212" w="1123" /><ent r="7" t="212" w="1159" /><ent r="5" t="212" w="1174" /><ent r="3" t="212" w="1384" /><ent r="7" t="213" w="962" /><ent r="7" t="213" w="975" /><ent r="7" t="213" w="985" /><ent r="7" t="213" w="1003" /><ent r="7" t="213" w="1006" /><ent r="7" t="213" w="1023" /><ent r="3" t="213" w="1032" /><ent r="3" t="213" w="1266" /><ent r="1000" t="218" w="1" /><ent r="100" t="218" w="5" /><ent r="102" t="218" w="9" /><ent r="7" t="222" w="101" /><ent r="7" t="222" w="112" /><ent r="7" t="222" w="293" /><ent r="7" t="222" w="296" /><ent r="7" t="222" w="302" /><ent r="7" t="222" w="462" /><ent r="7" t="222" w="583" /><ent r="7" t="222" w="593" /><ent r="7" t="222" w="607" /><ent r="7" t="222" w="633" /><ent r="7" t="222" w="653" /><ent r="7" t="222" w="658" /><ent r="3" t="222" w="780" /><ent r="3" t="222" w="784" /><ent r="3" t="222" w="790" /><ent r="3" t="222" w="796" /><ent r="3" t="222" w="802" /><ent r="3" t="222" w="808" /><ent r="3" t="222" w="814" /><ent r="3" t="222" w="820" /><ent r="4" t="223" w="239" /><ent r="4" t="223" w="244" /><ent r="4" t="224" w="170" /><ent r="4" t="224" w="175" /><ent r="4" t="225" w="129" /><ent r="4" t="225" w="134" /><ent r="4" t="227" w="168" /><ent r="4" t="227" w="173" /><ent r="5" t="236" w="242" /><ent r="5" t="236" w="251" /><ent r="5" t="236" w="260" /><ent r="5" t="236" w="269" /><ent r="5" t="236" w="287" /><ent r="5" t="236" w="305" /><ent r="3" t="247" w="136" /><ent r="3" t="247" w="187" /><ent r="3" t="247" w="193" /><ent r="3" t="247" w="197" /><ent r="3" t="247" w="206" /><ent r="3" t="247" w="211" /><ent r="3" t="247" w="218" /><ent r="3" t="247" w="223" /><ent r="4" t="249" w="54" /><ent r="4" t="249" w="66" /><ent r="4" t="249" w="73" /><ent r="4" t="249" w="85" /><ent r="4" t="249" w="93" /><ent r="4" t="249" w="146" /><ent r="4" t="249" w="158" /><ent r="4" t="249" w="165" /><ent r="4" t="249" w="177" /><ent r="4" t="249" w="185" /></phr><phr n="bands"><ent r="3" t="20" w="110" /><ent r="4" t="20" w="157" /><ent r="3" t="20" w="172" /><ent r="3" t="23" w="36" /><ent r="4" t="23" w="61" /><ent r="3" t="23" w="111" /><ent r="3" t="25" w="77" /><ent r="3" t="25" w="84" /><ent r="3" t="25" w="161" /><ent r="3" t="36" w="212" /><ent r="5" t="36" w="252" /><ent r="4" t="36" w="257" /><ent r="5" t="36" w="288" /><ent r="4" t="36" w="338" /><ent r="5" t="69" w="227" /><ent r="3" t="74" w="279" /><ent r="7" t="74" w="340" /><ent r="6" t="74" w="372" /><ent r="5" t="74" w="422" /><ent r="4" t="118" w="343" /><ent r="5" t="118" w="356" /><ent r="3" t="119" w="46" /><ent r="4" t="120" w="118" /><ent r="3" t="120" w="159" /><ent r="3" t="125" w="113" /><ent r="3" t="166" w="20" /><ent r="3" t="182" w="244" /><ent r="5" t="182" w="281" /><ent r="4" t="182" w="288" /><ent r="3" t="185" w="359" /><ent r="64" t="185" w="407" /><ent r="64" t="186" w="677" /><ent r="3" t="187" w="40" /><ent r="64" t="187" w="48" /><ent r="4" t="187" w="322" /><ent r="5" t="187" w="335" /><ent r="1000" t="188" w="6" /><ent r="102" t="188" w="13" /><ent r="100" t="188" w="19" /><ent r="100" t="188" w="26" /><ent r="3" t="188" w="37" /><ent r="3" t="188" w="96" /><ent r="3" t="188" w="111" /><ent r="3" t="188" w="133" /><ent r="3" t="189" w="22" /><ent r="3" t="189" w="33" /><ent r="3" t="189" w="89" /><ent r="3" t="189" w="538" /><ent r="3" t="191" w="82" /><ent r="4" t="191" w="147" /><ent r="3" t="192" w="24" /><ent r="3" t="192" w="44" /><ent r="3" t="192" w="201" /><ent r="3" t="192" w="217" /><ent r="4" t="192" w="423" /><ent r="4" t="192" w="443" /><ent r="4" t="192" w="463" /><ent r="3" t="193" w="137" /><ent r="4" t="193" w="151" /><ent r="3" t="204" w="212" /><ent r="4" t="204" w="2064" /><ent r="3" t="205" w="241" /><ent r="3" t="205" w="2079" /><ent r="3" t="205" w="2083" /><ent r="4" t="206" w="94" /><ent r="4" t="206" w="441" /><ent r="4" t="206" w="446" /><ent r="4" t="206" w="467" /><ent r="3" t="206" w="504" /><ent r="4" t="206" w="1183" /><ent r="3" t="206" w="1416" /><ent r="4" t="206" w="1474" /><ent r="4" t="206" w="1485" /><ent r="3" t="206" w="1567" /><ent r="7" t="222" w="114" /><ent r="7" t="222" w="118" /><ent r="7" t="222" w="456" /><ent r="7" t="222" w="470" /><ent r="7" t="222" w="666" /><ent r="7" t="222" w="671" /><ent r="3" t="222" w="709" /><ent r="5" t="223" w="184" /><ent r="4" t="223" w="189" /><ent r="5" t="223" w="220" /><ent r="4" t="223" w="270" /><ent r="5" t="224" w="115" /><ent r="4" t="224" w="120" /><ent r="5" t="224" w="151" /><ent r="4" t="224" w="201" /><ent r="5" t="225" w="74" /><ent r="4" t="225" w="79" /><ent r="5" t="225" w="110" /><ent r="4" t="225" w="160" /><ent r="3" t="226" w="175" /><ent r="5" t="227" w="113" /><ent r="4" t="227" w="118" /><ent r="5" t="227" w="149" /><ent r="4" t="227" w="199" /><ent r="3" t="248" w="257" /><ent r="3" t="248" w="264" /><ent r="3" t="248" w="341" /><ent r="3" t="248" w="484" /><ent r="4" t="249" w="52" /></phr></stem></index>