﻿<?xml version="1.0" encoding="utf-8"?><index><stem n="file"><phr n="file"><ent r="7" t="5" w="31" /><ent r="6" t="11" w="114" /><ent r="100" t="18" w="4" /><ent r="100" t="18" w="8" /><ent r="100" t="18" w="15" /><ent r="3" t="18" w="25" /><ent r="4" t="18" w="92" /><ent r="4" t="18" w="129" /><ent r="3" t="18" w="178" /><ent r="3" t="18" w="206" /><ent r="100" t="19" w="7" /><ent r="100" t="19" w="11" /><ent r="3" t="19" w="57" /><ent r="3" t="19" w="70" /><ent r="3" t="19" w="110" /><ent r="3" t="19" w="116" /><ent r="3" t="19" w="160" /><ent r="3" t="19" w="180" /><ent r="3" t="19" w="186" /><ent r="3" t="19" w="194" /><ent r="3" t="20" w="23" /><ent r="64" t="20" w="38" /><ent r="4" t="20" w="107" /><ent r="4" t="20" w="166" /><ent r="4" t="20" w="360" /><ent r="100" t="21" w="7" /><ent r="100" t="21" w="10" /><ent r="3" t="21" w="19" /><ent r="3" t="21" w="94" /><ent r="3" t="21" w="105" /><ent r="3" t="21" w="138" /><ent r="3" t="21" w="208" /><ent r="64" t="21" w="215" /><ent r="4" t="21" w="259" /><ent r="4" t="21" w="305" /><ent r="3" t="21" w="363" /><ent r="3" t="21" w="392" /><ent r="3" t="21" w="443" /><ent r="4" t="21" w="498" /><ent r="3" t="22" w="46" /><ent r="4" t="23" w="66" /><ent r="3" t="23" w="125" /><ent r="3" t="24" w="61" /><ent r="3" t="26" w="43" /><ent r="3" t="26" w="53" /><ent r="3" t="26" w="60" /><ent r="4" t="26" w="81" /><ent r="4" t="26" w="87" /><ent r="3" t="26" w="105" /><ent r="4" t="26" w="165" /><ent r="4" t="26" w="171" /><ent r="4" t="26" w="346" /><ent r="4" t="26" w="402" /><ent r="4" t="26" w="598" /><ent r="4" t="27" w="70" /><ent r="100" t="29" w="6" /><ent r="100" t="29" w="11" /><ent r="3" t="29" w="21" /><ent r="4" t="29" w="77" /><ent r="3" t="30" w="54" /><ent r="3" t="32" w="23" /><ent r="3" t="32" w="36" /><ent r="3" t="32" w="45" /><ent r="3" t="32" w="48" /><ent r="3" t="32" w="57" /><ent r="3" t="32" w="90" /><ent r="4" t="32" w="146" /><ent r="4" t="32" w="179" /><ent r="3" t="33" w="74" /><ent r="3" t="33" w="88" /><ent r="3" t="34" w="19" /><ent r="3" t="34" w="26" /><ent r="3" t="42" w="56" /><ent r="3" t="42" w="91" /><ent r="4" t="42" w="251" /><ent r="4" t="42" w="260" /><ent r="4" t="42" w="426" /><ent r="4" t="42" w="437" /><ent r="4" t="42" w="442" /><ent r="4" t="45" w="35" /><ent r="4" t="65" w="38" /><ent r="4" t="68" w="81" /><ent r="4" t="68" w="86" /><ent r="4" t="70" w="206" /><ent r="4" t="71" w="139" /><ent r="4" t="71" w="146" /><ent r="6" t="80" w="267" /><ent r="3" t="85" w="35" /><ent r="4" t="85" w="128" /><ent r="4" t="85" w="251" /><ent r="4" t="89" w="166" /><ent r="4" t="98" w="441" /><ent r="4" t="99" w="54" /><ent r="3" t="100" w="19" /><ent r="3" t="102" w="22" /><ent r="3" t="117" w="67" /><ent r="3" t="117" w="71" /><ent r="3" t="117" w="177" /><ent r="3" t="118" w="28" /><ent r="3" t="118" w="50" /><ent r="4" t="119" w="60" /><ent r="4" t="119" w="67" /><ent r="3" t="127" w="62" /><ent r="3" t="127" w="95" /><ent r="4" t="128" w="287" /><ent r="3" t="140" w="25" /><ent r="3" t="140" w="35" /><ent r="3" t="140" w="42" /><ent r="4" t="140" w="96" /><ent r="3" t="140" w="114" /><ent r="3" t="140" w="188" /><ent r="3" t="140" w="251" /><ent r="3" t="140" w="348" /><ent r="5" t="151" w="325" /><ent r="5" t="151" w="332" /><ent r="3" t="151" w="369" /><ent r="3" t="151" w="555" /><ent r="4" t="151" w="814" /><ent r="4" t="151" w="821" /><ent r="3" t="151" w="898" /><ent r="3" t="151" w="918" /><ent r="3" t="151" w="929" /><ent r="4" t="161" w="58" /><ent r="4" t="161" w="94" /><ent r="4" t="161" w="546" /><ent r="3" t="161" w="1501" /><ent r="4" t="161" w="2112" /><ent r="4" t="161" w="2122" /><ent r="5" t="161" w="2176" /><ent r="4" t="161" w="2258" /><ent r="4" t="161" w="2355" /><ent r="4" t="162" w="97" /><ent r="3" t="162" w="455" /><ent r="4" t="162" w="2231" /><ent r="4" t="163" w="415" /><ent r="5" t="163" w="1109" /><ent r="4" t="163" w="1417" /><ent r="4" t="163" w="1431" /><ent r="4" t="163" w="1442" /><ent r="3" t="164" w="600" /><ent r="100" t="165" w="8" /><ent r="4" t="165" w="63" /><ent r="4" t="165" w="68" /><ent r="4" t="165" w="73" /><ent r="4" t="165" w="82" /><ent r="4" t="165" w="89" /><ent r="3" t="165" w="166" /><ent r="3" t="165" w="278" /><ent r="3" t="165" w="291" /><ent r="3" t="165" w="313" /><ent r="3" t="165" w="353" /><ent r="3" t="165" w="365" /><ent r="4" t="165" w="647" /><ent r="5" t="165" w="807" /><ent r="4" t="165" w="821" /><ent r="4" t="165" w="908" /><ent r="6" t="165" w="931" /><ent r="6" t="165" w="947" /><ent r="5" t="165" w="962" /><ent r="3" t="165" w="1199" /><ent r="3" t="165" w="1221" /><ent r="3" t="165" w="1230" /><ent r="100" t="166" w="7" /><ent r="100" t="166" w="12" /><ent r="4" t="166" w="66" /><ent r="4" t="166" w="70" /><ent r="4" t="166" w="79" /><ent r="3" t="166" w="156" /><ent r="3" t="166" w="267" /><ent r="3" t="166" w="280" /><ent r="3" t="166" w="300" /><ent r="3" t="166" w="340" /><ent r="3" t="166" w="352" /><ent r="4" t="166" w="640" /><ent r="4" t="166" w="657" /><ent r="4" t="166" w="1058" /><ent r="4" t="166" w="1110" /><ent r="92" t="166" w="1148" /><ent r="4" t="166" w="1157" /><ent r="4" t="166" w="1161" /><ent r="4" t="166" w="1175" /><ent r="3" t="166" w="1190" /><ent r="3" t="166" w="1258" /><ent r="3" t="166" w="1292" /><ent r="3" t="166" w="1312" /><ent r="4" t="167" w="181" /><ent r="4" t="167" w="521" /><ent r="4" t="167" w="750" /><ent r="4" t="167" w="930" /><ent r="4" t="167" w="1161" /><ent r="4" t="168" w="1978" /><ent r="4" t="168" w="1991" /><ent r="4" t="168" w="2043" /><ent r="3" t="169" w="743" /><ent r="4" t="169" w="1466" /><ent r="4" t="169" w="1473" /><ent r="4" t="169" w="1481" /><ent r="4" t="169" w="1490" /><ent r="3" t="169" w="1517" /><ent r="4" t="169" w="1719" /><ent r="4" t="169" w="1741" /><ent r="3" t="176" w="105" /><ent r="3" t="176" w="170" /><ent r="3" t="176" w="182" /><ent r="3" t="176" w="191" /><ent r="3" t="176" w="204" /><ent r="3" t="177" w="19" /><ent r="3" t="177" w="22" /><ent r="3" t="177" w="33" /><ent r="7" t="177" w="121" /><ent r="7" t="177" w="139" /><ent r="7" t="177" w="157" /><ent r="7" t="177" w="161" /><ent r="7" t="177" w="169" /><ent r="7" t="177" w="501" /><ent r="3" t="177" w="732" /><ent r="100" t="178" w="14" /><ent r="4" t="178" w="109" /><ent r="3" t="178" w="125" /><ent r="3" t="186" w="27" /><ent r="3" t="186" w="37" /><ent r="3" t="186" w="174" /><ent r="4" t="186" w="415" /><ent r="4" t="186" w="536" /><ent r="4" t="186" w="595" /><ent r="3" t="186" w="683" /><ent r="3" t="187" w="15" /><ent r="3" t="189" w="30" /><ent r="3" t="189" w="118" /><ent r="3" t="190" w="26" /><ent r="3" t="191" w="20" /><ent r="3" t="191" w="103" /><ent r="3" t="191" w="108" /><ent r="4" t="191" w="272" /><ent r="4" t="191" w="309" /><ent r="4" t="191" w="313" /><ent r="4" t="191" w="322" /><ent r="4" t="192" w="208" /><ent r="4" t="193" w="161" /><ent r="4" t="194" w="206" /><ent r="3" t="194" w="250" /><ent r="3" t="195" w="27" /><ent r="5" t="200" w="135" /><ent r="5" t="200" w="146" /><ent r="4" t="200" w="226" /><ent r="6" t="206" w="328" /><ent r="3" t="207" w="30" /><ent r="6" t="217" w="516" /></phr><phr n="files"><ent r="100" t="18" w="18" /><ent r="3" t="18" w="101" /><ent r="3" t="18" w="119" /><ent r="3" t="18" w="197" /><ent r="3" t="19" w="23" /><ent r="3" t="19" w="35" /><ent r="3" t="19" w="61" /><ent r="3" t="19" w="136" /><ent r="3" t="19" w="146" /><ent r="5" t="20" w="58" /><ent r="5" t="20" w="70" /><ent r="4" t="20" w="309" /><ent r="4" t="20" w="320" /><ent r="4" t="20" w="410" /><ent r="3" t="21" w="24" /><ent r="3" t="21" w="61" /><ent r="3" t="21" w="75" /><ent r="3" t="21" w="83" /><ent r="3" t="21" w="189" /><ent r="100" t="22" w="8" /><ent r="4" t="23" w="83" /><ent r="4" t="23" w="93" /><ent r="4" t="45" w="28" /><ent r="4" t="60" w="149" /><ent r="3" t="71" w="134" /><ent r="3" t="99" w="31" /><ent r="3" t="99" w="47" /><ent r="4" t="99" w="59" /><ent r="4" t="99" w="64" /><ent r="3" t="103" w="156" /><ent r="5" t="151" w="329" /><ent r="7" t="160" w="274" /><ent r="7" t="160" w="303" /><ent r="7" t="161" w="491" /><ent r="7" t="161" w="520" /><ent r="4" t="161" w="2375" /><ent r="7" t="162" w="641" /><ent r="7" t="162" w="670" /><ent r="4" t="162" w="2941" /><ent r="7" t="163" w="353" /><ent r="7" t="163" w="382" /><ent r="4" t="163" w="1569" /><ent r="4" t="164" w="87" /><ent r="7" t="164" w="313" /><ent r="7" t="164" w="342" /><ent r="4" t="164" w="357" /><ent r="4" t="164" w="1566" /><ent r="3" t="165" w="35" /><ent r="3" t="165" w="46" /><ent r="3" t="165" w="55" /><ent r="3" t="165" w="95" /><ent r="3" t="165" w="146" /><ent r="3" t="165" w="178" /><ent r="3" t="165" w="319" /><ent r="3" t="165" w="330" /><ent r="3" t="165" w="337" /><ent r="3" t="165" w="388" /><ent r="3" t="165" w="400" /><ent r="7" t="165" w="591" /><ent r="7" t="165" w="620" /><ent r="4" t="165" w="925" /><ent r="4" t="165" w="983" /><ent r="3" t="165" w="1184" /><ent r="4" t="165" w="1204" /><ent r="3" t="166" w="38" /><ent r="3" t="166" w="47" /><ent r="3" t="166" w="85" /><ent r="3" t="166" w="136" /><ent r="3" t="166" w="168" /><ent r="3" t="166" w="306" /><ent r="3" t="166" w="317" /><ent r="3" t="166" w="324" /><ent r="3" t="166" w="374" /><ent r="3" t="166" w="386" /><ent r="7" t="166" w="576" /><ent r="7" t="166" w="605" /><ent r="3" t="166" w="788" /><ent r="4" t="166" w="1298" /><ent r="7" t="167" w="467" /><ent r="7" t="167" w="496" /><ent r="7" t="168" w="481" /><ent r="7" t="168" w="510" /><ent r="4" t="168" w="2093" /><ent r="5" t="169" w="148" /><ent r="5" t="169" w="156" /><ent r="7" t="169" w="378" /><ent r="7" t="169" w="407" /><ent r="3" t="176" w="166" /><ent r="3" t="177" w="43" /><ent r="3" t="177" w="47" /><ent r="7" t="177" w="149" /><ent r="7" t="177" w="574" /><ent r="3" t="178" w="31" /><ent r="3" t="178" w="43" /><ent r="3" t="190" w="52" /><ent r="3" t="190" w="72" /><ent r="3" t="198" w="18" /></phr><phr n="File"><ent r="5" t="18" w="39" /><ent r="4" t="18" w="184" /><ent r="92" t="19" w="104" /><ent r="66" t="20" w="85" /><ent r="6" t="20" w="306" /><ent r="5" t="20" w="400" /><ent r="4" t="20" w="405" /><ent r="65" t="20" w="423" /><ent r="64" t="20" w="446" /><ent r="1000" t="21" w="3" /><ent r="102" t="21" w="15" /><ent r="3" t="21" w="56" /><ent r="92" t="21" w="234" /><ent r="5" t="21" w="240" /><ent r="4" t="21" w="284" /><ent r="4" t="21" w="386" /><ent r="64" t="21" w="529" /><ent r="4" t="22" w="155" /><ent r="4" t="22" w="159" /><ent r="5" t="23" w="32" /><ent r="4" t="24" w="68" /><ent r="5" t="26" w="290" /><ent r="4" t="26" w="340" /><ent r="5" t="26" w="588" /><ent r="5" t="27" w="77" /><ent r="1000" t="29" w="3" /><ent r="102" t="29" w="15" /><ent r="4" t="29" w="62" /><ent r="65" t="29" w="105" /><ent r="64" t="29" w="123" /><ent r="5" t="30" w="34" /><ent r="4" t="30" w="61" /><ent r="64" t="31" w="59" /><ent r="65" t="31" w="75" /><ent r="5" t="32" w="106" /><ent r="3" t="32" w="127" /><ent r="4" t="32" w="161" /><ent r="5" t="44" w="53" /><ent r="4" t="44" w="92" /><ent r="5" t="45" w="51" /><ent r="3" t="45" w="72" /><ent r="5" t="68" w="54" /><ent r="4" t="68" w="69" /><ent r="5" t="69" w="53" /><ent r="5" t="70" w="94" /><ent r="5" t="70" w="170" /><ent r="4" t="71" w="73" /><ent r="92" t="71" w="121" /><ent r="3" t="71" w="125" /><ent r="4" t="85" w="119" /><ent r="4" t="85" w="240" /><ent r="4" t="103" w="176" /><ent r="5" t="106" w="68" /><ent r="5" t="108" w="29" /><ent r="4" t="108" w="97" /><ent r="5" t="117" w="122" /><ent r="5" t="127" w="494" /><ent r="5" t="127" w="539" /><ent r="3" t="140" w="119" /><ent r="92" t="140" w="243" /><ent r="3" t="140" w="247" /><ent r="6" t="151" w="310" /><ent r="5" t="161" w="535" /><ent r="5" t="161" w="2085" /><ent r="92" t="161" w="2305" /><ent r="5" t="161" w="2315" /><ent r="5" t="161" w="2343" /><ent r="92" t="162" w="676" /><ent r="5" t="162" w="686" /><ent r="4" t="162" w="2928" /><ent r="92" t="163" w="388" /><ent r="5" t="163" w="398" /><ent r="5" t="163" w="514" /><ent r="6" t="163" w="1081" /><ent r="6" t="163" w="1087" /><ent r="92" t="165" w="626" /><ent r="5" t="165" w="635" /><ent r="92" t="165" w="758" /><ent r="4" t="166" w="54" /><ent r="92" t="166" w="611" /><ent r="5" t="166" w="620" /><ent r="92" t="166" w="975" /><ent r="5" t="166" w="1020" /><ent r="4" t="166" w="1033" /><ent r="4" t="166" w="1041" /><ent r="4" t="166" w="1115" /><ent r="4" t="166" w="1120" /><ent r="5" t="167" w="512" /><ent r="5" t="167" w="915" /><ent r="5" t="167" w="1267" /><ent r="5" t="168" w="1971" /><ent r="5" t="168" w="2052" /><ent r="5" t="169" w="444" /><ent r="5" t="169" w="569" /><ent r="7" t="169" w="1126" /><ent r="3" t="169" w="1404" /><ent r="5" t="169" w="1430" /><ent r="5" t="169" w="1546" /><ent r="92" t="177" w="696" /><ent r="1000" t="178" w="3" /><ent r="102" t="178" w="7" /><ent r="5" t="178" w="70" /><ent r="4" t="186" w="518" /><ent r="3" t="186" w="642" /><ent r="64" t="186" w="700" /><ent r="1000" t="187" w="1" /><ent r="102" t="187" w="4" /><ent r="100" t="187" w="7" /><ent r="3" t="187" w="11" /><ent r="64" t="188" w="42" /><ent r="4" t="189" w="62" /><ent r="3" t="189" w="112" /><ent r="64" t="189" w="130" /><ent r="5" t="191" w="216" /><ent r="4" t="191" w="266" /><ent r="5" t="192" w="152" /><ent r="4" t="192" w="202" /><ent r="5" t="193" w="105" /><ent r="4" t="193" w="155" /><ent r="5" t="194" w="150" /><ent r="4" t="194" w="200" /><ent r="1000" t="195" w="2" /><ent r="102" t="195" w="7" /><ent r="3" t="195" w="13" /><ent r="4" t="195" w="40" /><ent r="4" t="195" w="83" /><ent r="3" t="195" w="128" /><ent r="3" t="195" w="164" /><ent r="4" t="195" w="176" /><ent r="4" t="195" w="256" /><ent r="5" t="202" w="147" /><ent r="1000" t="214" w="3" /><ent r="100" t="214" w="21" /><ent r="100" t="214" w="28" /><ent r="102" t="214" w="33" /><ent r="3" t="214" w="44" /></phr><phr n="Files"><ent r="64" t="18" w="226" /><ent r="64" t="18" w="229" /><ent r="1000" t="19" w="2" /><ent r="102" t="19" w="14" /><ent r="92" t="19" w="101" /><ent r="64" t="20" w="452" /><ent r="64" t="21" w="535" /><ent r="1000" t="22" w="5" /><ent r="102" t="22" w="14" /><ent r="92" t="22" w="143" /><ent r="92" t="22" w="167" /><ent r="64" t="24" w="140" /><ent r="4" t="32" w="167" /><ent r="7" t="160" w="249" /><ent r="7" t="160" w="254" /><ent r="64" t="160" w="366" /><ent r="64" t="160" w="371" /><ent r="7" t="161" w="466" /><ent r="7" t="161" w="471" /><ent r="7" t="162" w="616" /><ent r="7" t="162" w="621" /><ent r="7" t="163" w="328" /><ent r="7" t="163" w="333" /><ent r="7" t="164" w="288" /><ent r="7" t="164" w="293" /><ent r="1000" t="165" w="5" /><ent r="102" t="165" w="14" /><ent r="7" t="165" w="566" /><ent r="7" t="165" w="571" /><ent r="1000" t="166" w="4" /><ent r="102" t="166" w="17" /><ent r="7" t="166" w="551" /><ent r="7" t="166" w="556" /><ent r="7" t="167" w="442" /><ent r="7" t="167" w="447" /><ent r="7" t="168" w="456" /><ent r="7" t="168" w="461" /><ent r="7" t="169" w="353" /><ent r="7" t="169" w="358" /><ent r="4" t="169" w="1639" /><ent r="82" t="176" w="152" /></phr></stem><stem n="o"><phr n="O"><ent r="7" t="5" w="35" /><ent r="4" t="18" w="78" /><ent r="4" t="32" w="141" /><ent r="5" t="68" w="60" /><ent r="4" t="106" w="85" /><ent r="5" t="202" w="155" /><ent r="5" t="202" w="276" /><ent r="7" t="214" w="146" /></phr><phr n="o"><ent r="5" t="134" w="145" /><ent r="4" t="153" w="75" /></phr></stem><stem n="print"><phr n="print"><ent r="100" t="5" w="47" /><ent r="100" t="44" w="6" /><ent r="3" t="44" w="24" /><ent r="3" t="44" w="40" /><ent r="100" t="88" w="8" /><ent r="100" t="88" w="10" /><ent r="3" t="88" w="36" /><ent r="3" t="88" w="66" /><ent r="3" t="88" w="77" /><ent r="3" t="88" w="127" /><ent r="3" t="122" w="87" /><ent r="3" t="202" w="19" /><ent r="100" t="214" w="175" /></phr><phr n="Prints"><ent r="7" t="5" w="49" /><ent r="7" t="80" w="147" /><ent r="7" t="104" w="66" /><ent r="7" t="214" w="179" /></phr><phr n="Print"><ent r="1000" t="44" w="1" /><ent r="102" t="44" w="10" /><ent r="5" t="44" w="59" /><ent r="3" t="44" w="83" /><ent r="4" t="44" w="89" /><ent r="4" t="44" w="99" /><ent r="5" t="44" w="113" /><ent r="3" t="44" w="121" /><ent r="64" t="77" w="236" /><ent r="7" t="80" w="145" /><ent r="67" t="80" w="152" /><ent r="1000" t="88" w="1" /><ent r="102" t="88" w="14" /><ent r="5" t="88" w="98" /><ent r="4" t="88" w="135" /><ent r="4" t="88" w="147" /><ent r="5" t="88" w="161" /><ent r="64" t="122" w="90" /><ent r="5" t="202" w="157" /><ent r="5" t="202" w="184" /><ent r="7" t="214" w="173" /></phr><phr n="printing"><ent r="3" t="44" w="16" /><ent r="3" t="88" w="22" /><ent r="3" t="88" w="55" /><ent r="3" t="122" w="38" /></phr></stem><stem n="state"><phr n="state"><ent r="7" t="5" w="53" /><ent r="3" t="68" w="127" /><ent r="3" t="168" w="174" /></phr><phr n="stating"><ent r="4" t="161" w="2232" /><ent r="4" t="161" w="2291" /></phr><phr n="State"><ent r="6" t="206" w="389" /></phr></stem><stem n="cut"><phr n="Cuts"><ent r="7" t="5" w="61" /><ent r="7" t="104" w="76" /><ent r="7" t="213" w="66" /></phr><phr n="cut"><ent r="7" t="5" w="77" /><ent r="100" t="213" w="14" /></phr><phr n="Cut"><ent r="5" t="202" w="133" /><ent r="7" t="213" w="64" /></phr></stem><stem n="store"><phr n="stores"><ent r="7" t="5" w="67" /><ent r="7" t="104" w="82" /><ent r="7" t="213" w="72" /></phr><phr n="store"><ent r="4" t="25" w="145" /><ent r="3" t="126" w="554" /><ent r="4" t="126" w="662" /><ent r="3" t="165" w="179" /><ent r="3" t="166" w="169" /></phr><phr n="stored"><ent r="4" t="112" w="705" /><ent r="3" t="126" w="599" /></phr><phr n="Store"><ent r="4" t="126" w="305" /><ent r="4" t="126" w="571" /><ent r="4" t="126" w="592" /></phr><phr n="Storing"><ent r="92" t="126" w="515" /><ent r="3" t="126" w="519" /></phr></stem><stem n="clipboard"><phr n="Clipboard"><ent r="7" t="5" w="71" /><ent r="7" t="5" w="107" /><ent r="7" t="5" w="145" /><ent r="3" t="40" w="166" /><ent r="3" t="43" w="41" /><ent r="3" t="43" w="47" /><ent r="3" t="43" w="175" /><ent r="3" t="43" w="283" /><ent r="7" t="104" w="86" /><ent r="7" t="104" w="122" /><ent r="7" t="104" w="156" /><ent r="7" t="213" w="76" /><ent r="7" t="213" w="112" /><ent r="7" t="213" w="147" /></phr></stem><stem n="crtl"><phr n="Crtl"><ent r="7" t="5" w="90" /><ent r="7" t="5" w="126" /><ent r="7" t="5" w="163" /><ent r="7" t="5" w="183" /><ent r="7" t="5" w="198" /></phr></stem><stem n="x"><phr n="X"><ent r="7" t="5" w="92" /><ent r="3" t="63" w="58" /><ent r="4" t="73" w="152" /><ent r="4" t="73" w="167" /><ent r="4" t="87" w="87" /><ent r="4" t="97" w="217" /><ent r="4" t="161" w="747" /><ent r="4" t="162" w="1265" /><ent r="7" t="162" w="1537" /><ent r="7" t="175" w="78" /><ent r="7" t="175" w="86" /><ent r="7" t="175" w="92" /><ent r="7" t="177" w="533" /><ent r="7" t="177" w="551" /><ent r="7" t="177" w="564" /><ent r="3" t="190" w="116" /><ent r="5" t="202" w="138" /><ent r="5" t="202" w="266" /><ent r="7" t="213" w="101" /></phr><phr n="x"><ent r="6" t="14" w="382" /><ent r="7" t="14" w="385" /><ent r="3" t="77" w="45" /><ent r="3" t="103" w="353" /><ent r="3" t="159" w="59" /><ent r="3" t="159" w="260" /><ent r="4" t="159" w="270" /><ent r="3" t="161" w="163" /><ent r="4" t="161" w="1097" /><ent r="4" t="161" w="1124" /><ent r="3" t="164" w="1251" /><ent r="3" t="164" w="1411" /><ent r="3" t="164" w="1422" /><ent r="4" t="167" w="1276" /><ent r="7" t="175" w="96" /><ent r="7" t="177" w="391" /><ent r="7" t="177" w="432" /><ent r="7" t="177" w="444" /><ent r="3" t="212" w="411" /></phr></stem><stem n="c"><phr n="C"><ent r="7" t="5" w="128" /><ent r="3" t="19" w="87" /><ent r="4" t="43" w="127" /><ent r="4" t="169" w="1637" /><ent r="3" t="176" w="107" /><ent r="3" t="178" w="158" /><ent r="5" t="202" w="131" /><ent r="5" t="202" w="318" /><ent r="5" t="202" w="371" /><ent r="7" t="213" w="137" /></phr><phr n="c"><ent r="3" t="19" w="95" /></phr></stem><stem n="past"><phr n="Pastes"><ent r="7" t="5" w="136" /><ent r="7" t="104" w="151" /><ent r="7" t="213" w="141" /></phr><phr n="paste"><ent r="3" t="43" w="50" /><ent r="100" t="213" w="6" /></phr><phr n="pasting"><ent r="3" t="167" w="1045" /></phr><phr n="Paste"><ent r="5" t="202" w="140" /><ent r="7" t="213" w="139" /></phr></stem><stem n="item"><phr n="item"><ent r="7" t="5" w="142" /><ent r="4" t="41" w="158" /><ent r="3" t="49" w="99" /><ent r="3" t="92" w="106" /><ent r="4" t="92" w="176" /><ent r="4" t="92" w="224" /><ent r="3" t="103" w="287" /><ent r="3" t="103" w="369" /><ent r="3" t="103" w="378" /><ent r="3" t="103" w="439" /><ent r="3" t="103" w="554" /><ent r="7" t="104" w="79" /><ent r="7" t="104" w="105" /><ent r="7" t="104" w="110" /><ent r="7" t="104" w="118" /><ent r="7" t="104" w="141" /><ent r="7" t="104" w="146" /><ent r="7" t="104" w="152" /><ent r="7" t="104" w="179" /><ent r="7" t="104" w="184" /><ent r="7" t="104" w="216" /><ent r="5" t="104" w="228" /><ent r="7" t="104" w="243" /><ent r="7" t="104" w="246" /><ent r="7" t="104" w="260" /><ent r="7" t="104" w="277" /><ent r="7" t="104" w="280" /><ent r="7" t="104" w="294" /><ent r="3" t="111" w="258" /><ent r="3" t="111" w="318" /><ent r="3" t="111" w="321" /><ent r="3" t="111" w="401" /><ent r="3" t="111" w="450" /><ent r="3" t="111" w="453" /><ent r="3" t="111" w="538" /><ent r="3" t="111" w="596" /><ent r="3" t="111" w="599" /><ent r="100" t="112" w="7" /><ent r="100" t="112" w="11" /><ent r="100" t="112" w="15" /><ent r="3" t="112" w="25" /><ent r="3" t="112" w="106" /><ent r="3" t="112" w="147" /><ent r="3" t="112" w="228" /><ent r="3" t="112" w="242" /><ent r="3" t="112" w="251" /><ent r="3" t="112" w="272" /><ent r="3" t="112" w="331" /><ent r="3" t="112" w="348" /><ent r="3" t="112" w="458" /><ent r="3" t="112" w="471" /><ent r="3" t="112" w="497" /><ent r="3" t="112" w="510" /><ent r="3" t="112" w="522" /><ent r="3" t="112" w="535" /><ent r="3" t="112" w="807" /><ent r="3" t="112" w="816" /><ent r="3" t="112" w="828" /><ent r="3" t="112" w="835" /><ent r="3" t="112" w="838" /><ent r="3" t="112" w="844" /><ent r="100" t="113" w="12" /><ent r="100" t="113" w="18" /><ent r="4" t="113" w="92" /><ent r="4" t="113" w="103" /><ent r="4" t="113" w="123" /><ent r="4" t="113" w="137" /><ent r="3" t="113" w="150" /><ent r="4" t="113" w="155" /><ent r="4" t="113" w="185" /><ent r="3" t="114" w="28" /><ent r="3" t="114" w="35" /><ent r="3" t="114" w="187" /><ent r="3" t="114" w="195" /><ent r="100" t="115" w="26" /><ent r="3" t="115" w="202" /><ent r="3" t="115" w="275" /><ent r="3" t="115" w="304" /><ent r="3" t="115" w="325" /><ent r="3" t="115" w="334" /><ent r="4" t="115" w="353" /><ent r="3" t="115" w="394" /><ent r="3" t="115" w="400" /><ent r="4" t="115" w="419" /><ent r="3" t="139" w="105" /><ent r="4" t="141" w="332" /><ent r="4" t="162" w="2523" /><ent r="4" t="162" w="2540" /><ent r="4" t="162" w="2823" /><ent r="4" t="162" w="2894" /><ent r="3" t="168" w="264" /><ent r="4" t="168" w="578" /><ent r="3" t="168" w="588" /><ent r="4" t="168" w="657" /><ent r="4" t="168" w="684" /><ent r="4" t="168" w="696" /><ent r="3" t="168" w="738" /><ent r="3" t="168" w="828" /><ent r="3" t="168" w="855" /><ent r="3" t="168" w="867" /><ent r="4" t="168" w="934" /><ent r="4" t="168" w="946" /><ent r="3" t="168" w="964" /><ent r="3" t="168" w="1144" /><ent r="3" t="168" w="1162" /><ent r="4" t="168" w="1340" /><ent r="4" t="168" w="1353" /><ent r="4" t="168" w="1357" /><ent r="4" t="168" w="1493" /><ent r="3" t="168" w="1547" /><ent r="3" t="168" w="1574" /><ent r="3" t="168" w="1595" /><ent r="3" t="168" w="1881" /><ent r="4" t="169" w="572" /><ent r="4" t="169" w="626" /><ent r="4" t="169" w="670" /><ent r="4" t="169" w="699" /><ent r="4" t="169" w="712" /><ent r="3" t="169" w="903" /><ent r="3" t="169" w="1023" /><ent r="3" t="169" w="1032" /><ent r="3" t="169" w="1036" /><ent r="3" t="169" w="1266" /><ent r="3" t="169" w="1293" /><ent r="3" t="169" w="1314" /><ent r="4" t="169" w="1324" /><ent r="4" t="169" w="1334" /><ent r="4" t="169" w="1354" /><ent r="3" t="186" w="128" /><ent r="7" t="213" w="69" /><ent r="7" t="213" w="89" /><ent r="7" t="213" w="94" /><ent r="7" t="213" w="108" /><ent r="7" t="213" w="125" /><ent r="7" t="213" w="130" /><ent r="7" t="213" w="143" /><ent r="7" t="213" w="164" /><ent r="7" t="213" w="169" /><ent r="7" t="215" w="97" /><ent r="5" t="215" w="119" /><ent r="100" t="215" w="134" /><ent r="7" t="215" w="145" /><ent r="7" t="215" w="148" /><ent r="7" t="215" w="162" /><ent r="7" t="215" w="183" /><ent r="7" t="215" w="186" /><ent r="7" t="215" w="200" /><ent r="100" t="217" w="6" /></phr><phr n="items"><ent r="3" t="55" w="27" /><ent r="3" t="67" w="135" /><ent r="3" t="92" w="43" /><ent r="4" t="92" w="188" /><ent r="3" t="92" w="219" /><ent r="4" t="92" w="236" /><ent r="4" t="92" w="258" /><ent r="3" t="103" w="159" /><ent r="3" t="103" w="168" /><ent r="100" t="103" w="272" /><ent r="3" t="103" w="295" /><ent r="3" t="103" w="308" /><ent r="3" t="103" w="331" /><ent r="3" t="103" w="336" /><ent r="3" t="103" w="390" /><ent r="3" t="103" w="450" /><ent r="3" t="103" w="459" /><ent r="4" t="103" w="514" /><ent r="3" t="103" w="574" /><ent r="7" t="104" w="68" /><ent r="7" t="104" w="98" /><ent r="7" t="104" w="134" /><ent r="7" t="104" w="172" /><ent r="65" t="105" w="62" /><ent r="4" t="105" w="68" /><ent r="4" t="105" w="176" /><ent r="4" t="106" w="123" /><ent r="4" t="110" w="43" /><ent r="3" t="110" w="109" /><ent r="3" t="110" w="138" /><ent r="3" t="110" w="164" /><ent r="3" t="111" w="309" /><ent r="3" t="111" w="441" /><ent r="3" t="111" w="589" /><ent r="100" t="112" w="18" /><ent r="3" t="112" w="49" /><ent r="3" t="112" w="74" /><ent r="3" t="112" w="80" /><ent r="100" t="112" w="97" /><ent r="100" t="112" w="101" /><ent r="3" t="112" w="167" /><ent r="3" t="112" w="187" /><ent r="3" t="112" w="207" /><ent r="3" t="112" w="280" /><ent r="3" t="112" w="293" /><ent r="3" t="112" w="341" /><ent r="3" t="112" w="616" /><ent r="4" t="112" w="655" /><ent r="4" t="112" w="660" /><ent r="4" t="112" w="686" /><ent r="3" t="112" w="737" /><ent r="3" t="112" w="759" /><ent r="3" t="112" w="780" /><ent r="100" t="113" w="14" /><ent r="100" t="113" w="21" /><ent r="100" t="114" w="7" /><ent r="100" t="114" w="10" /><ent r="64" t="114" w="18" /><ent r="3" t="114" w="126" /><ent r="100" t="115" w="13" /><ent r="3" t="115" w="29" /><ent r="4" t="115" w="58" /><ent r="4" t="115" w="63" /><ent r="4" t="115" w="83" /><ent r="3" t="115" w="99" /><ent r="3" t="115" w="128" /><ent r="3" t="115" w="154" /><ent r="3" t="115" w="194" /><ent r="3" t="115" w="229" /><ent r="3" t="115" w="241" /><ent r="3" t="115" w="260" /><ent r="4" t="167" w="68" /><ent r="4" t="167" w="996" /><ent r="3" t="167" w="1034" /><ent r="3" t="168" w="185" /><ent r="3" t="168" w="198" /><ent r="4" t="168" w="201" /><ent r="4" t="168" w="220" /><ent r="4" t="168" w="234" /><ent r="3" t="168" w="276" /><ent r="4" t="168" w="1402" /><ent r="3" t="168" w="1527" /><ent r="3" t="168" w="1545" /><ent r="3" t="168" w="1562" /><ent r="3" t="168" w="1584" /><ent r="3" t="168" w="1623" /><ent r="4" t="169" w="85" /><ent r="4" t="169" w="647" /><ent r="3" t="169" w="665" /><ent r="4" t="169" w="798" /><ent r="3" t="169" w="964" /><ent r="3" t="169" w="982" /><ent r="3" t="169" w="989" /><ent r="3" t="169" w="1020" /><ent r="3" t="169" w="1245" /><ent r="3" t="169" w="1260" /><ent r="3" t="169" w="1281" /><ent r="3" t="169" w="1303" /><ent r="4" t="169" w="1364" /><ent r="3" t="213" w="36" /><ent r="7" t="213" w="82" /><ent r="7" t="213" w="118" /><ent r="7" t="213" w="157" /><ent r="3" t="214" w="39" /><ent r="7" t="214" w="181" /><ent r="100" t="215" w="10" /><ent r="100" t="215" w="16" /><ent r="3" t="215" w="36" /><ent r="7" t="215" w="75" /><ent r="3" t="216" w="14" /></phr><phr n="Item"><ent r="6" t="80" w="123" /><ent r="4" t="103" w="218" /><ent r="92" t="103" w="263" /><ent r="100" t="103" w="267" /><ent r="3" t="103" w="276" /><ent r="92" t="103" w="531" /><ent r="100" t="103" w="535" /><ent r="100" t="103" w="540" /><ent r="3" t="103" w="544" /><ent r="68" t="104" w="223" /><ent r="3" t="112" w="55" /><ent r="92" t="112" w="219" /><ent r="3" t="112" w="258" /><ent r="64" t="112" w="287" /><ent r="6" t="112" w="356" /><ent r="1000" t="113" w="5" /><ent r="102" t="113" w="28" /><ent r="3" t="113" w="34" /><ent r="4" t="113" w="48" /><ent r="4" t="113" w="59" /><ent r="3" t="113" w="80" /><ent r="65" t="113" w="117" /><ent r="4" t="113" w="172" /><ent r="4" t="113" w="179" /><ent r="3" t="114" w="175" /><ent r="5" t="115" w="363" /><ent r="5" t="115" w="429" /><ent r="4" t="168" w="57" /><ent r="4" t="168" w="60" /><ent r="4" t="168" w="62" /><ent r="4" t="168" w="71" /><ent r="92" t="168" w="540" /><ent r="4" t="168" w="551" /><ent r="4" t="168" w="557" /><ent r="4" t="168" w="567" /><ent r="92" t="168" w="606" /><ent r="4" t="168" w="618" /><ent r="5" t="168" w="712" /><ent r="92" t="168" w="762" /><ent r="4" t="168" w="773" /><ent r="4" t="168" w="779" /><ent r="4" t="168" w="879" /><ent r="4" t="168" w="885" /><ent r="4" t="168" w="1323" /><ent r="6" t="168" w="1469" /><ent r="92" t="168" w="1486" /><ent r="4" t="169" w="80" /><ent r="4" t="169" w="83" /><ent r="4" t="169" w="95" /><ent r="5" t="169" w="539" /><ent r="4" t="169" w="561" /><ent r="92" t="169" w="585" /><ent r="5" t="169" w="593" /><ent r="5" t="169" w="676" /><ent r="4" t="169" w="690" /><ent r="4" t="169" w="715" /><ent r="4" t="169" w="728" /><ent r="4" t="169" w="749" /><ent r="3" t="169" w="776" /><ent r="4" t="169" w="802" /><ent r="3" t="169" w="999" /><ent r="7" t="169" w="1142" /><ent r="4" t="169" w="1219" /><ent r="92" t="169" w="1240" /><ent r="65" t="207" w="129" /><ent r="6" t="213" w="52" /><ent r="6" t="214" w="55" /><ent r="1000" t="215" w="3" /><ent r="100" t="215" w="18" /><ent r="100" t="215" w="25" /><ent r="102" t="215" w="30" /><ent r="6" t="215" w="52" /><ent r="68" t="215" w="110" /><ent r="5" t="215" w="115" /><ent r="6" t="216" w="30" /><ent r="7" t="216" w="74" /><ent r="7" t="216" w="79" /><ent r="1000" t="217" w="2" /><ent r="102" t="217" w="10" /></phr><phr n="Items"><ent r="64" t="103" w="312" /><ent r="64" t="103" w="463" /><ent r="65" t="103" w="527" /><ent r="64" t="103" w="578" /><ent r="68" t="104" w="265" /><ent r="68" t="104" w="299" /><ent r="65" t="105" w="73" /><ent r="64" t="110" w="181" /><ent r="1000" t="112" w="2" /><ent r="102" t="112" w="21" /><ent r="92" t="112" w="160" /><ent r="3" t="112" w="708" /><ent r="3" t="112" w="719" /><ent r="64" t="112" w="799" /><ent r="64" t="112" w="855" /><ent r="64" t="113" w="198" /><ent r="1000" t="114" w="3" /><ent r="102" t="114" w="15" /><ent r="64" t="114" w="204" /><ent r="1000" t="115" w="5" /><ent r="102" t="115" w="21" /><ent r="3" t="115" w="198" /><ent r="92" t="115" w="298" /><ent r="64" t="115" w="455" /><ent r="64" t="115" w="459" /><ent r="92" t="167" w="1006" /><ent r="92" t="168" w="951" /><ent r="64" t="168" w="976" /><ent r="92" t="169" w="657" /><ent r="68" t="215" w="167" /><ent r="68" t="215" w="205" /><ent r="64" t="217" w="26" /></phr><phr n="ITEM"><ent r="7" t="168" w="1410" /><ent r="7" t="168" w="1414" /><ent r="7" t="169" w="1066" /><ent r="7" t="169" w="1070" /></phr></stem></index>