﻿<?xml version="1.0" encoding="utf-8"?><index><stem n="import"><phr n="Imports"><ent r="7" t="5" w="28" /></phr><phr n="Import"><ent r="68" t="5" w="37" /><ent r="1000" t="17" w="1" /><ent r="102" t="17" w="10" /><ent r="5" t="17" w="45" /><ent r="4" t="17" w="60" /><ent r="3" t="17" w="77" /><ent r="4" t="17" w="96" /><ent r="64" t="17" w="177" /><ent r="64" t="17" w="238" /><ent r="64" t="18" w="163" /><ent r="3" t="18" w="214" /><ent r="1000" t="19" w="1" /><ent r="102" t="19" w="4" /><ent r="100" t="19" w="7" /><ent r="3" t="19" w="14" /><ent r="64" t="19" w="51" /><ent r="64" t="19" w="56" /><ent r="65" t="20" w="256" /><ent r="65" t="20" w="496" /><ent r="64" t="20" w="559" /><ent r="1000" t="21" w="1" /><ent r="102" t="21" w="13" /><ent r="92" t="21" w="223" /><ent r="5" t="21" w="238" /><ent r="4" t="21" w="244" /><ent r="4" t="21" w="265" /><ent r="4" t="21" w="420" /><ent r="92" t="21" w="438" /><ent r="5" t="21" w="476" /><ent r="64" t="21" w="522" /><ent r="5" t="23" w="37" /><ent r="4" t="23" w="43" /><ent r="3" t="23" w="116" /><ent r="64" t="30" w="120" /><ent r="4" t="45" w="200" /><ent r="4" t="45" w="209" /><ent r="4" t="45" w="250" /><ent r="4" t="49" w="88" /><ent r="65" t="99" w="15" /><ent r="4" t="114" w="87" /><ent r="64" t="173" w="119" /><ent r="4" t="175" w="54" /><ent r="64" t="184" w="361" /><ent r="92" t="185" w="523" /><ent r="5" t="185" w="536" /><ent r="5" t="185" w="2385" /><ent r="92" t="186" w="755" /><ent r="5" t="186" w="773" /><ent r="5" t="187" w="401" /><ent r="4" t="187" w="407" /><ent r="3" t="187" w="434" /><ent r="6" t="187" w="460" /><ent r="4" t="188" w="403" /><ent r="1000" t="189" w="2" /><ent r="102" t="189" w="11" /><ent r="4" t="189" w="65" /><ent r="92" t="189" w="639" /><ent r="5" t="189" w="652" /><ent r="92" t="189" w="709" /><ent r="5" t="189" w="750" /><ent r="5" t="190" w="641" /><ent r="4" t="191" w="70" /><ent r="5" t="191" w="245" /><ent r="4" t="191" w="251" /><ent r="4" t="191" w="502" /><ent r="5" t="192" w="511" /><ent r="5" t="192" w="838" /><ent r="5" t="193" w="455" /><ent r="3" t="193" w="972" /><ent r="3" t="193" w="1042" /><ent r="7" t="193" w="1116" /><ent r="3" t="193" w="1371" /><ent r="7" t="194" w="951" /><ent r="7" t="194" w="1016" /><ent r="3" t="194" w="1249" /><ent r="100" t="215" w="6" /><ent r="4" t="215" w="67" /><ent r="4" t="215" w="87" /><ent r="100" t="216" w="7" /><ent r="5" t="216" w="130" /><ent r="4" t="216" w="145" /><ent r="3" t="216" w="162" /><ent r="4" t="216" w="181" /><ent r="100" t="217" w="7" /><ent r="3" t="217" w="16" /><ent r="100" t="218" w="10" /><ent r="100" t="219" w="10" /><ent r="100" t="220" w="7" /><ent r="3" t="220" w="16" /><ent r="1000" t="221" w="3" /><ent r="100" t="221" w="11" /><ent r="100" t="221" w="14" /><ent r="102" t="221" w="21" /><ent r="5" t="224" w="161" /><ent r="3" t="236" w="165" /></phr><phr n="import"><ent r="100" t="17" w="13" /><ent r="100" t="17" w="19" /><ent r="3" t="17" w="22" /><ent r="4" t="17" w="111" /><ent r="3" t="17" w="138" /><ent r="3" t="18" w="136" /><ent r="3" t="18" w="174" /><ent r="100" t="19" w="11" /><ent r="64" t="20" w="35" /><ent r="4" t="20" w="56" /><ent r="4" t="20" w="203" /><ent r="4" t="20" w="233" /><ent r="4" t="20" w="392" /><ent r="4" t="20" w="414" /><ent r="4" t="20" w="434" /><ent r="100" t="21" w="5" /><ent r="100" t="21" w="11" /><ent r="3" t="21" w="81" /><ent r="3" t="21" w="103" /><ent r="3" t="21" w="125" /><ent r="3" t="21" w="134" /><ent r="3" t="21" w="171" /><ent r="3" t="21" w="184" /><ent r="3" t="21" w="205" /><ent r="64" t="21" w="212" /><ent r="4" t="21" w="255" /><ent r="4" t="21" w="410" /><ent r="4" t="21" w="482" /><ent r="4" t="21" w="504" /><ent r="4" t="23" w="23" /><ent r="4" t="23" w="70" /><ent r="4" t="23" w="82" /><ent r="4" t="112" w="159" /><ent r="3" t="112" w="221" /><ent r="3" t="112" w="236" /><ent r="3" t="114" w="71" /><ent r="4" t="148" w="213" /><ent r="4" t="148" w="227" /><ent r="3" t="160" w="181" /><ent r="3" t="173" w="116" /><ent r="4" t="185" w="600" /><ent r="3" t="185" w="2429" /><ent r="92" t="186" w="677" /><ent r="3" t="186" w="683" /><ent r="3" t="186" w="691" /><ent r="5" t="186" w="751" /><ent r="3" t="187" w="47" /><ent r="3" t="187" w="1569" /><ent r="5" t="188" w="398" /><ent r="3" t="189" w="42" /><ent r="5" t="189" w="636" /><ent r="3" t="189" w="694" /><ent r="4" t="189" w="884" /><ent r="3" t="189" w="1105" /><ent r="5" t="190" w="625" /><ent r="3" t="191" w="43" /><ent r="4" t="191" w="110" /><ent r="3" t="191" w="128" /><ent r="4" t="191" w="463" /><ent r="4" t="191" w="509" /><ent r="4" t="191" w="575" /><ent r="3" t="191" w="588" /><ent r="4" t="193" w="1847" /><ent r="3" t="206" w="196" /><ent r="3" t="206" w="244" /><ent r="100" t="215" w="12" /><ent r="3" t="216" w="17" /><ent r="3" t="216" w="112" /><ent r="4" t="216" w="195" /><ent r="4" t="216" w="276" /><ent r="3" t="216" w="389" /><ent r="3" t="217" w="22" /><ent r="3" t="217" w="660" /><ent r="3" t="217" w="722" /><ent r="3" t="221" w="41" /><ent r="3" t="221" w="89" /><ent r="3" t="236" w="274" /></phr><phr n="importer"><ent r="4" t="17" w="145" /><ent r="3" t="19" w="47" /><ent r="3" t="20" w="27" /><ent r="4" t="20" w="63" /><ent r="4" t="20" w="76" /><ent r="4" t="20" w="83" /><ent r="4" t="20" w="159" /><ent r="4" t="20" w="163" /><ent r="4" t="20" w="382" /><ent r="4" t="20" w="444" /><ent r="3" t="34" w="18" /><ent r="3" t="34" w="22" /><ent r="8" t="128" w="408" /><ent r="4" t="148" w="240" /><ent r="3" t="206" w="188" /><ent r="3" t="215" w="120" /><ent r="3" t="215" w="139" /><ent r="4" t="217" w="601" /></phr><phr n="Importer"><ent r="4" t="17" w="148" /><ent r="3" t="18" w="156" /><ent r="5" t="20" w="51" /><ent r="4" t="20" w="89" /><ent r="5" t="20" w="92" /><ent r="5" t="20" w="103" /><ent r="5" t="20" w="115" /><ent r="65" t="20" w="145" /><ent r="5" t="20" w="150" /><ent r="4" t="20" w="155" /><ent r="4" t="20" w="170" /><ent r="65" t="20" w="193" /><ent r="5" t="20" w="198" /><ent r="5" t="20" w="224" /><ent r="5" t="20" w="228" /><ent r="4" t="20" w="246" /><ent r="5" t="20" w="285" /><ent r="4" t="20" w="324" /><ent r="5" t="20" w="337" /><ent r="5" t="20" w="341" /><ent r="5" t="20" w="345" /><ent r="5" t="20" w="387" /><ent r="5" t="20" w="409" /><ent r="5" t="20" w="429" /><ent r="5" t="20" w="447" /><ent r="5" t="20" w="451" /><ent r="5" t="20" w="454" /><ent r="65" t="20" w="467" /><ent r="5" t="20" w="471" /><ent r="5" t="20" w="476" /><ent r="4" t="20" w="481" /><ent r="5" t="20" w="503" /><ent r="5" t="20" w="513" /><ent r="65" t="20" w="535" /><ent r="3" t="21" w="57" /><ent r="1000" t="23" w="2" /><ent r="102" t="23" w="5" /><ent r="100" t="23" w="8" /><ent r="3" t="23" w="12" /><ent r="5" t="23" w="49" /><ent r="4" t="23" w="55" /><ent r="4" t="25" w="103" /><ent r="1000" t="33" w="2" /><ent r="102" t="33" w="7" /><ent r="3" t="33" w="11" /><ent r="3" t="33" w="118" /><ent r="4" t="33" w="177" /><ent r="4" t="33" w="183" /><ent r="4" t="33" w="198" /><ent r="1000" t="34" w="3" /><ent r="102" t="34" w="9" /><ent r="3" t="34" w="14" /><ent r="3" t="34" w="29" /><ent r="3" t="34" w="63" /><ent r="8" t="128" w="405" /><ent r="64" t="184" w="378" /><ent r="5" t="185" w="576" /><ent r="5" t="185" w="582" /><ent r="4" t="185" w="588" /><ent r="4" t="185" w="611" /><ent r="1000" t="191" w="8" /><ent r="100" t="191" w="14" /><ent r="102" t="191" w="23" /><ent r="4" t="191" w="256" /><ent r="5" t="191" w="263" /><ent r="4" t="192" w="530" /><ent r="5" t="192" w="536" /><ent r="5" t="192" w="542" /><ent r="4" t="192" w="857" /><ent r="5" t="192" w="863" /><ent r="5" t="192" w="869" /><ent r="64" t="221" w="223" /><ent r="1000" t="237" w="3" /><ent r="102" t="237" w="10" /><ent r="3" t="237" w="18" /><ent r="3" t="237" w="306" /></phr><phr n="importers"><ent r="4" t="17" w="156" /><ent r="3" t="20" w="48" /><ent r="3" t="20" w="542" /><ent r="3" t="128" w="87" /><ent r="4" t="176" w="190" /><ent r="4" t="176" w="235" /><ent r="4" t="217" w="477" /></phr><phr n="Importers"><ent r="65" t="17" w="159" /><ent r="1000" t="20" w="1" /><ent r="100" t="20" w="3" /><ent r="102" t="20" w="5" /><ent r="3" t="20" w="7" /><ent r="3" t="20" w="17" /><ent r="92" t="22" w="86" /></phr><phr n="imported"><ent r="3" t="17" w="192" /><ent r="3" t="17" w="211" /><ent r="3" t="17" w="234" /><ent r="3" t="21" w="92" /><ent r="4" t="21" w="296" /><ent r="3" t="21" w="434" /><ent r="3" t="185" w="1599" /><ent r="3" t="188" w="847" /><ent r="3" t="189" w="682" /><ent r="3" t="190" w="1295" /><ent r="4" t="191" w="117" /><ent r="3" t="221" w="69" /><ent r="3" t="221" w="78" /><ent r="3" t="221" w="148" /><ent r="3" t="236" w="254" /><ent r="3" t="236" w="263" /><ent r="3" t="236" w="333" /></phr><phr n="importing"><ent r="3" t="19" w="24" /><ent r="4" t="19" w="93" /><ent r="4" t="23" w="75" /><ent r="3" t="45" w="194" /><ent r="3" t="103" w="27" /><ent r="3" t="111" w="286" /><ent r="4" t="148" w="87" /><ent r="3" t="185" w="34" /><ent r="4" t="187" w="548" /><ent r="3" t="189" w="31" /><ent r="4" t="191" w="64" /></phr><phr n="Importing"><ent r="65" t="19" w="99" /><ent r="1000" t="215" w="2" /><ent r="102" t="215" w="15" /></phr><phr n="imports"><ent r="4" t="20" w="325" /><ent r="3" t="21" w="72" /><ent r="3" t="112" w="215" /><ent r="3" t="189" w="315" /><ent r="3" t="190" w="305" /></phr><phr n="Important"><ent r="4" t="45" w="677" /><ent r="4" t="177" w="228" /></phr><phr n="important"><ent r="3" t="49" w="429" /></phr></stem><stem n="file"><phr n="file"><ent r="7" t="5" w="31" /><ent r="6" t="11" w="132" /><ent r="100" t="17" w="4" /><ent r="100" t="17" w="8" /><ent r="100" t="17" w="15" /><ent r="3" t="17" w="25" /><ent r="4" t="17" w="106" /><ent r="4" t="17" w="144" /><ent r="3" t="17" w="193" /><ent r="3" t="17" w="228" /><ent r="3" t="17" w="248" /><ent r="100" t="18" w="7" /><ent r="100" t="18" w="11" /><ent r="3" t="18" w="57" /><ent r="3" t="18" w="70" /><ent r="3" t="18" w="113" /><ent r="3" t="18" w="119" /><ent r="3" t="18" w="160" /><ent r="3" t="18" w="180" /><ent r="3" t="18" w="186" /><ent r="3" t="18" w="194" /><ent r="3" t="20" w="23" /><ent r="64" t="20" w="38" /><ent r="4" t="20" w="69" /><ent r="4" t="20" w="128" /><ent r="4" t="20" w="373" /><ent r="4" t="20" w="521" /><ent r="100" t="21" w="7" /><ent r="100" t="21" w="10" /><ent r="3" t="21" w="19" /><ent r="3" t="21" w="94" /><ent r="3" t="21" w="105" /><ent r="3" t="21" w="138" /><ent r="3" t="21" w="208" /><ent r="64" t="21" w="215" /><ent r="4" t="21" w="251" /><ent r="4" t="21" w="293" /><ent r="3" t="21" w="351" /><ent r="3" t="21" w="380" /><ent r="3" t="21" w="431" /><ent r="4" t="21" w="486" /><ent r="3" t="22" w="48" /><ent r="4" t="23" w="66" /><ent r="3" t="23" w="125" /><ent r="3" t="24" w="60" /><ent r="4" t="25" w="59" /><ent r="4" t="25" w="65" /><ent r="4" t="25" w="243" /><ent r="4" t="25" w="265" /><ent r="4" t="26" w="106" /><ent r="3" t="27" w="38" /><ent r="3" t="27" w="48" /><ent r="3" t="27" w="55" /><ent r="4" t="27" w="72" /><ent r="4" t="27" w="78" /><ent r="4" t="27" w="165" /><ent r="4" t="27" w="171" /><ent r="4" t="27" w="345" /><ent r="4" t="27" w="401" /><ent r="4" t="27" w="608" /><ent r="4" t="28" w="69" /><ent r="100" t="30" w="6" /><ent r="100" t="30" w="11" /><ent r="3" t="30" w="21" /><ent r="4" t="30" w="76" /><ent r="3" t="31" w="54" /><ent r="3" t="32" w="27" /><ent r="4" t="32" w="73" /><ent r="3" t="33" w="23" /><ent r="3" t="33" w="46" /><ent r="3" t="33" w="51" /><ent r="3" t="33" w="60" /><ent r="3" t="33" w="69" /><ent r="3" t="33" w="72" /><ent r="3" t="33" w="81" /><ent r="3" t="33" w="114" /><ent r="4" t="33" w="170" /><ent r="4" t="33" w="203" /><ent r="4" t="33" w="214" /><ent r="4" t="33" w="218" /><ent r="4" t="33" w="224" /><ent r="3" t="34" w="86" /><ent r="3" t="34" w="100" /><ent r="3" t="35" w="19" /><ent r="3" t="35" w="26" /><ent r="3" t="50" w="56" /><ent r="3" t="50" w="91" /><ent r="5" t="50" w="429" /><ent r="4" t="50" w="449" /><ent r="4" t="50" w="458" /><ent r="4" t="50" w="635" /><ent r="4" t="50" w="646" /><ent r="4" t="50" w="651" /><ent r="4" t="53" w="35" /><ent r="4" t="76" w="38" /><ent r="4" t="79" w="109" /><ent r="4" t="79" w="114" /><ent r="4" t="81" w="206" /><ent r="3" t="82" w="185" /><ent r="4" t="82" w="274" /><ent r="4" t="82" w="281" /><ent r="6" t="91" w="441" /><ent r="3" t="96" w="36" /><ent r="4" t="96" w="127" /><ent r="4" t="96" w="249" /><ent r="4" t="102" w="185" /><ent r="3" t="111" w="444" /><ent r="3" t="111" w="457" /><ent r="4" t="111" w="501" /><ent r="4" t="112" w="170" /><ent r="4" t="114" w="54" /><ent r="3" t="115" w="19" /><ent r="3" t="117" w="22" /><ent r="3" t="134" w="67" /><ent r="3" t="134" w="71" /><ent r="3" t="134" w="177" /><ent r="3" t="135" w="28" /><ent r="3" t="135" w="50" /><ent r="4" t="136" w="60" /><ent r="4" t="136" w="67" /><ent r="4" t="146" w="303" /><ent r="3" t="160" w="25" /><ent r="3" t="160" w="41" /><ent r="4" t="160" w="91" /><ent r="3" t="160" w="186" /><ent r="3" t="160" w="249" /><ent r="3" t="160" w="806" /><ent r="3" t="160" w="835" /><ent r="3" t="160" w="849" /><ent r="5" t="170" w="325" /><ent r="5" t="170" w="332" /><ent r="3" t="170" w="369" /><ent r="3" t="170" w="555" /><ent r="4" t="170" w="883" /><ent r="4" t="170" w="890" /><ent r="3" t="170" w="968" /><ent r="3" t="170" w="988" /><ent r="3" t="170" w="999" /><ent r="4" t="173" w="363" /><ent r="4" t="173" w="380" /><ent r="6" t="173" w="487" /><ent r="6" t="173" w="495" /><ent r="3" t="173" w="542" /><ent r="3" t="173" w="564" /><ent r="3" t="173" w="571" /><ent r="3" t="173" w="604" /><ent r="3" t="173" w="624" /><ent r="3" t="175" w="52" /><ent r="4" t="185" w="58" /><ent r="4" t="185" w="94" /><ent r="4" t="185" w="544" /><ent r="4" t="185" w="558" /><ent r="3" t="185" w="1586" /><ent r="4" t="185" w="2167" /><ent r="4" t="185" w="2177" /><ent r="5" t="185" w="2277" /><ent r="4" t="185" w="2398" /><ent r="4" t="186" w="98" /><ent r="3" t="186" w="454" /><ent r="4" t="186" w="2466" /><ent r="4" t="187" w="416" /><ent r="3" t="187" w="1127" /><ent r="4" t="187" w="1324" /><ent r="4" t="187" w="1338" /><ent r="4" t="187" w="1349" /><ent r="3" t="188" w="725" /><ent r="100" t="189" w="8" /><ent r="4" t="189" w="63" /><ent r="4" t="189" w="68" /><ent r="4" t="189" w="73" /><ent r="4" t="189" w="82" /><ent r="4" t="189" w="89" /><ent r="3" t="189" w="166" /><ent r="3" t="189" w="278" /><ent r="3" t="189" w="291" /><ent r="3" t="189" w="312" /><ent r="4" t="189" w="661" /><ent r="5" t="189" w="761" /><ent r="4" t="189" w="783" /><ent r="4" t="189" w="895" /><ent r="4" t="189" w="910" /><ent r="3" t="189" w="1090" /><ent r="3" t="189" w="1111" /><ent r="3" t="189" w="1120" /><ent r="100" t="190" w="7" /><ent r="100" t="190" w="12" /><ent r="4" t="190" w="66" /><ent r="4" t="190" w="70" /><ent r="4" t="190" w="79" /><ent r="3" t="190" w="156" /><ent r="3" t="190" w="268" /><ent r="3" t="190" w="281" /><ent r="3" t="190" w="302" /><ent r="4" t="190" w="658" /><ent r="4" t="190" w="676" /><ent r="3" t="190" w="792" /><ent r="4" t="190" w="1036" /><ent r="4" t="190" w="1102" /><ent r="92" t="190" w="1129" /><ent r="4" t="190" w="1138" /><ent r="4" t="190" w="1142" /><ent r="4" t="190" w="1156" /><ent r="3" t="190" w="1170" /><ent r="3" t="190" w="1238" /><ent r="3" t="190" w="1272" /><ent r="3" t="190" w="1291" /><ent r="4" t="191" w="103" /><ent r="3" t="191" w="139" /><ent r="4" t="191" w="272" /><ent r="4" t="191" w="291" /><ent r="3" t="191" w="421" /><ent r="4" t="191" w="448" /><ent r="4" t="192" w="181" /><ent r="4" t="192" w="519" /><ent r="4" t="192" w="703" /><ent r="4" t="192" w="846" /><ent r="4" t="193" w="1768" /><ent r="4" t="193" w="1797" /><ent r="4" t="193" w="1860" /><ent r="3" t="194" w="712" /><ent r="4" t="194" w="1339" /><ent r="4" t="194" w="1346" /><ent r="4" t="194" w="1354" /><ent r="4" t="194" w="1363" /><ent r="3" t="194" w="1390" /><ent r="4" t="194" w="1608" /><ent r="3" t="202" w="19" /><ent r="3" t="202" w="22" /><ent r="3" t="202" w="33" /><ent r="7" t="202" w="121" /><ent r="7" t="202" w="139" /><ent r="7" t="202" w="157" /><ent r="7" t="202" w="161" /><ent r="7" t="202" w="169" /><ent r="7" t="202" w="485" /><ent r="3" t="202" w="716" /><ent r="3" t="203" w="20" /><ent r="3" t="203" w="30" /><ent r="3" t="203" w="36" /><ent r="3" t="203" w="108" /><ent r="3" t="203" w="113" /><ent r="4" t="203" w="277" /><ent r="4" t="203" w="314" /><ent r="4" t="203" w="323" /><ent r="4" t="203" w="332" /><ent r="4" t="204" w="208" /><ent r="4" t="205" w="167" /><ent r="3" t="206" w="179" /><ent r="3" t="206" w="262" /><ent r="4" t="207" w="206" /><ent r="3" t="207" w="250" /><ent r="3" t="208" w="32" /><ent r="5" t="212" w="136" /><ent r="5" t="212" w="147" /><ent r="3" t="215" w="34" /><ent r="3" t="216" w="67" /><ent r="3" t="216" w="100" /><ent r="4" t="216" w="191" /><ent r="3" t="217" w="27" /><ent r="3" t="217" w="37" /><ent r="4" t="217" w="450" /><ent r="4" t="217" w="571" /><ent r="4" t="217" w="630" /><ent r="3" t="217" w="718" /><ent r="3" t="218" w="20" /><ent r="3" t="220" w="30" /><ent r="3" t="220" w="118" /><ent r="3" t="221" w="167" /><ent r="3" t="221" w="178" /><ent r="6" t="227" w="328" /><ent r="3" t="229" w="30" /><ent r="3" t="236" w="44" /><ent r="3" t="236" w="73" /><ent r="3" t="236" w="87" /><ent r="3" t="236" w="218" /><ent r="3" t="236" w="352" /><ent r="3" t="236" w="363" /><ent r="83" t="236" w="493" /><ent r="4" t="236" w="516" /><ent r="4" t="236" w="694" /><ent r="4" t="236" w="719" /><ent r="4" t="236" w="727" /><ent r="4" t="236" w="740" /><ent r="4" t="236" w="744" /><ent r="3" t="237" w="28" /><ent r="3" t="237" w="36" /><ent r="3" t="237" w="237" /><ent r="3" t="237" w="277" /><ent r="6" t="242" w="720" /></phr><phr n="files"><ent r="100" t="17" w="18" /><ent r="3" t="17" w="116" /><ent r="3" t="17" w="134" /><ent r="3" t="17" w="212" /><ent r="3" t="17" w="235" /><ent r="3" t="18" w="23" /><ent r="3" t="18" w="35" /><ent r="3" t="18" w="61" /><ent r="3" t="18" w="138" /><ent r="3" t="18" w="148" /><ent r="3" t="18" w="199" /><ent r="4" t="20" w="301" /><ent r="4" t="20" w="315" /><ent r="4" t="20" w="321" /><ent r="4" t="20" w="436" /><ent r="4" t="20" w="485" /><ent r="3" t="21" w="24" /><ent r="3" t="21" w="61" /><ent r="3" t="21" w="75" /><ent r="3" t="21" w="83" /><ent r="3" t="21" w="189" /><ent r="100" t="22" w="8" /><ent r="4" t="23" w="83" /><ent r="4" t="23" w="93" /><ent r="3" t="33" w="39" /><ent r="3" t="34" w="54" /><ent r="3" t="34" w="58" /><ent r="4" t="53" w="28" /><ent r="4" t="71" w="149" /><ent r="3" t="82" w="137" /><ent r="3" t="82" w="231" /><ent r="3" t="82" w="356" /><ent r="3" t="82" w="390" /><ent r="4" t="112" w="143" /><ent r="3" t="114" w="31" /><ent r="3" t="114" w="47" /><ent r="4" t="114" w="59" /><ent r="4" t="114" w="64" /><ent r="3" t="118" w="156" /><ent r="5" t="170" w="329" /><ent r="7" t="184" w="282" /><ent r="7" t="184" w="304" /><ent r="7" t="185" w="499" /><ent r="7" t="185" w="521" /><ent r="4" t="185" w="2418" /><ent r="7" t="186" w="648" /><ent r="7" t="186" w="670" /><ent r="4" t="186" w="3223" /><ent r="7" t="187" w="364" /><ent r="7" t="187" w="386" /><ent r="4" t="187" w="1555" /><ent r="4" t="188" w="87" /><ent r="7" t="188" w="324" /><ent r="7" t="188" w="346" /><ent r="4" t="188" w="411" /><ent r="4" t="188" w="1735" /><ent r="3" t="189" w="35" /><ent r="3" t="189" w="46" /><ent r="3" t="189" w="55" /><ent r="3" t="189" w="95" /><ent r="3" t="189" w="146" /><ent r="3" t="189" w="178" /><ent r="3" t="189" w="318" /><ent r="3" t="189" w="329" /><ent r="3" t="189" w="336" /><ent r="3" t="189" w="351" /><ent r="3" t="189" w="363" /><ent r="7" t="189" w="562" /><ent r="7" t="189" w="584" /><ent r="3" t="189" w="1075" /><ent r="4" t="189" w="1094" /><ent r="3" t="190" w="38" /><ent r="3" t="190" w="47" /><ent r="3" t="190" w="85" /><ent r="3" t="190" w="136" /><ent r="3" t="190" w="168" /><ent r="3" t="190" w="308" /><ent r="3" t="190" w="319" /><ent r="3" t="190" w="326" /><ent r="3" t="190" w="341" /><ent r="3" t="190" w="353" /><ent r="7" t="190" w="551" /><ent r="7" t="190" w="573" /><ent r="3" t="190" w="766" /><ent r="4" t="190" w="1277" /><ent r="7" t="191" w="208" /><ent r="7" t="191" w="230" /><ent r="7" t="192" w="475" /><ent r="7" t="192" w="497" /><ent r="7" t="193" w="394" /><ent r="7" t="193" w="416" /><ent r="4" t="193" w="1910" /><ent r="5" t="194" w="146" /><ent r="5" t="194" w="154" /><ent r="7" t="194" w="384" /><ent r="7" t="194" w="406" /><ent r="3" t="202" w="43" /><ent r="3" t="202" w="47" /><ent r="7" t="202" w="149" /><ent r="7" t="202" w="558" /><ent r="3" t="206" w="140" /><ent r="3" t="206" w="165" /><ent r="3" t="206" w="169" /><ent r="3" t="206" w="200" /><ent r="3" t="206" w="226" /><ent r="3" t="213" w="23" /><ent r="3" t="215" w="60" /><ent r="3" t="215" w="80" /><ent r="4" t="236" w="518" /><ent r="3" t="237" w="289" /><ent r="3" t="237" w="292" /></phr><phr n="File"><ent r="5" t="17" w="39" /><ent r="4" t="17" w="199" /><ent r="92" t="18" w="107" /><ent r="64" t="19" w="58" /><ent r="65" t="19" w="74" /><ent r="4" t="20" w="281" /><ent r="6" t="20" w="296" /><ent r="5" t="20" w="475" /><ent r="4" t="20" w="480" /><ent r="65" t="20" w="498" /><ent r="65" t="20" w="536" /><ent r="64" t="20" w="561" /><ent r="1000" t="21" w="3" /><ent r="102" t="21" w="15" /><ent r="3" t="21" w="56" /><ent r="92" t="21" w="226" /><ent r="5" t="21" w="232" /><ent r="4" t="21" w="273" /><ent r="4" t="21" w="374" /><ent r="64" t="21" w="519" /><ent r="4" t="22" w="157" /><ent r="5" t="23" w="32" /><ent r="4" t="24" w="67" /><ent r="5" t="27" w="150" /><ent r="5" t="27" w="289" /><ent r="4" t="27" w="339" /><ent r="5" t="27" w="598" /><ent r="5" t="28" w="76" /><ent r="1000" t="30" w="3" /><ent r="102" t="30" w="15" /><ent r="4" t="30" w="61" /><ent r="65" t="30" w="104" /><ent r="64" t="30" w="122" /><ent r="5" t="31" w="34" /><ent r="4" t="31" w="61" /><ent r="5" t="32" w="41" /><ent r="5" t="33" w="130" /><ent r="3" t="33" w="151" /><ent r="4" t="33" w="185" /><ent r="6" t="50" w="373" /><ent r="5" t="50" w="423" /><ent r="5" t="52" w="53" /><ent r="4" t="52" w="92" /><ent r="5" t="53" w="51" /><ent r="3" t="53" w="72" /><ent r="3" t="69" w="117" /><ent r="3" t="69" w="128" /><ent r="3" t="69" w="136" /><ent r="5" t="79" w="82" /><ent r="4" t="79" w="97" /><ent r="5" t="80" w="53" /><ent r="5" t="81" w="94" /><ent r="5" t="81" w="170" /><ent r="65" t="82" w="73" /><ent r="92" t="82" w="124" /><ent r="3" t="82" w="128" /><ent r="3" t="82" w="350" /><ent r="4" t="96" w="118" /><ent r="4" t="96" w="238" /><ent r="4" t="118" w="176" /><ent r="5" t="121" w="68" /><ent r="5" t="123" w="29" /><ent r="4" t="123" w="97" /><ent r="5" t="134" w="122" /><ent r="5" t="159" w="583" /><ent r="5" t="159" w="628" /><ent r="3" t="160" w="115" /><ent r="92" t="160" w="241" /><ent r="3" t="160" w="245" /><ent r="5" t="160" w="571" /><ent r="5" t="160" w="616" /><ent r="5" t="161" w="570" /><ent r="5" t="161" w="615" /><ent r="6" t="170" w="310" /><ent r="5" t="185" w="533" /><ent r="5" t="185" w="2152" /><ent r="92" t="185" w="2346" /><ent r="5" t="185" w="2356" /><ent r="5" t="185" w="2384" /><ent r="5" t="186" w="767" /><ent r="4" t="186" w="3210" /><ent r="92" t="187" w="389" /><ent r="5" t="187" w="399" /><ent r="4" t="187" w="1099" /><ent r="4" t="187" w="1105" /><ent r="92" t="189" w="640" /><ent r="5" t="189" w="649" /><ent r="92" t="189" w="712" /><ent r="4" t="190" w="54" /><ent r="92" t="190" w="629" /><ent r="5" t="190" w="638" /><ent r="92" t="190" w="954" /><ent r="5" t="190" w="998" /><ent r="4" t="190" w="1011" /><ent r="4" t="190" w="1019" /><ent r="4" t="190" w="1107" /><ent r="92" t="191" w="233" /><ent r="5" t="191" w="242" /><ent r="5" t="192" w="510" /><ent r="5" t="192" w="837" /><ent r="5" t="192" w="1188" /><ent r="4" t="193" w="1664" /><ent r="5" t="193" w="1761" /><ent r="4" t="193" w="1784" /><ent r="5" t="193" w="1869" /><ent r="5" t="194" w="440" /><ent r="5" t="194" w="553" /><ent r="7" t="194" w="998" /><ent r="3" t="194" w="1276" /><ent r="5" t="194" w="1302" /><ent r="64" t="194" w="1404" /><ent r="5" t="194" w="1431" /><ent r="92" t="202" w="680" /><ent r="5" t="203" w="221" /><ent r="4" t="203" w="271" /><ent r="5" t="204" w="152" /><ent r="4" t="204" w="202" /><ent r="5" t="205" w="111" /><ent r="4" t="205" w="161" /><ent r="5" t="207" w="150" /><ent r="4" t="207" w="200" /><ent r="1000" t="208" w="2" /><ent r="100" t="208" w="7" /><ent r="102" t="208" w="12" /><ent r="3" t="208" w="18" /><ent r="4" t="208" w="45" /><ent r="4" t="208" w="88" /><ent r="3" t="208" w="133" /><ent r="3" t="208" w="169" /><ent r="4" t="208" w="181" /><ent r="4" t="208" w="261" /><ent r="5" t="216" w="124" /><ent r="5" t="216" w="704" /><ent r="5" t="216" w="749" /><ent r="64" t="216" w="889" /><ent r="4" t="217" w="553" /><ent r="3" t="217" w="677" /><ent r="64" t="217" w="735" /><ent r="1000" t="218" w="1" /><ent r="102" t="218" w="4" /><ent r="100" t="218" w="7" /><ent r="100" t="218" w="12" /><ent r="3" t="218" w="16" /><ent r="64" t="219" w="62" /><ent r="4" t="220" w="62" /><ent r="3" t="220" w="112" /><ent r="64" t="220" w="130" /><ent r="64" t="221" w="224" /><ent r="64" t="221" w="231" /><ent r="5" t="224" w="159" /><ent r="1000" t="237" w="4" /><ent r="102" t="237" w="11" /><ent r="1000" t="240" w="3" /><ent r="100" t="240" w="21" /><ent r="100" t="240" w="28" /><ent r="102" t="240" w="33" /><ent r="3" t="240" w="44" /></phr><phr n="Files"><ent r="64" t="17" w="258" /><ent r="64" t="17" w="261" /><ent r="1000" t="18" w="2" /><ent r="102" t="18" w="14" /><ent r="92" t="18" w="104" /><ent r="64" t="20" w="567" /><ent r="64" t="21" w="525" /><ent r="1000" t="22" w="5" /><ent r="102" t="22" w="14" /><ent r="92" t="22" w="149" /><ent r="92" t="22" w="165" /><ent r="64" t="24" w="142" /><ent r="4" t="33" w="191" /><ent r="4" t="82" w="381" /><ent r="92" t="173" w="532" /><ent r="7" t="184" w="249" /><ent r="7" t="184" w="254" /><ent r="64" t="184" w="364" /><ent r="64" t="184" w="369" /><ent r="7" t="185" w="466" /><ent r="7" t="185" w="471" /><ent r="7" t="186" w="615" /><ent r="7" t="186" w="620" /><ent r="7" t="187" w="331" /><ent r="7" t="187" w="336" /><ent r="7" t="188" w="291" /><ent r="7" t="188" w="296" /><ent r="1000" t="189" w="5" /><ent r="102" t="189" w="14" /><ent r="7" t="189" w="529" /><ent r="7" t="189" w="534" /><ent r="1000" t="190" w="4" /><ent r="102" t="190" w="17" /><ent r="7" t="190" w="518" /><ent r="7" t="190" w="523" /><ent r="7" t="191" w="175" /><ent r="7" t="191" w="180" /><ent r="7" t="192" w="442" /><ent r="7" t="192" w="447" /><ent r="7" t="193" w="361" /><ent r="7" t="193" w="366" /><ent r="7" t="194" w="351" /><ent r="7" t="194" w="356" /><ent r="4" t="194" w="1528" /></phr></stem></index>