<?xml version="1.0" encoding="utf-8"?><index><stem n="(a"><phr n="(as"><ent r="3" t="1" w="538" /><ent r="4" t="20" w="177" /><ent r="3" t="34" w="36" /><ent r="3" t="79" w="129" /></phr><phr n="(a"><ent r="4" t="186" w="2887" /></phr></stem><stem n="well"><phr n="well"><ent r="3" t="1" w="539" /><ent r="4" t="20" w="317" /><ent r="3" t="77" w="46" /><ent r="3" t="81" w="31" /><ent r="3" t="87" w="145" /><ent r="4" t="93" w="192" /><ent r="4" t="150" w="212" /><ent r="3" t="153" w="169" /><ent r="4" t="162" w="124" /><ent r="3" t="184" w="196" /><ent r="4" t="185" w="1941" /><ent r="4" t="186" w="1161" /><ent r="3" t="189" w="1061" /><ent r="3" t="189" w="1074" /><ent r="3" t="194" w="890" /><ent r="3" t="236" w="416" /></phr><phr n="wells"><ent r="3" t="189" w="233" /><ent r="3" t="190" w="223" /></phr></stem><stem n=")"><phr n=")"><ent r="3" t="1" w="542" /><ent r="7" t="5" w="24" /><ent r="5" t="13" w="61" /><ent r="6" t="13" w="207" /><ent r="7" t="14" w="101" /><ent r="3" t="18" w="123" /><ent r="4" t="20" w="183" /><ent r="3" t="34" w="42" /><ent r="4" t="54" w="103" /><ent r="4" t="66" w="98" /><ent r="3" t="79" w="138" /><ent r="4" t="84" w="161" /><ent r="3" t="85" w="37" /><ent r="3" t="95" w="82" /><ent r="3" t="97" w="169" /><ent r="3" t="102" w="71" /><ent r="3" t="103" w="61" /><ent r="3" t="103" w="118" /><ent r="3" t="110" w="306" /><ent r="3" t="111" w="110" /><ent r="4" t="134" w="135" /><ent r="4" t="134" w="164" /><ent r="3" t="153" w="167" /><ent r="5" t="156" w="609" /><ent r="5" t="156" w="1044" /><ent r="3" t="160" w="979" /><ent r="5" t="168" w="641" /><ent r="3" t="170" w="288" /><ent r="4" t="172" w="117" /><ent r="4" t="176" w="165" /><ent r="4" t="177" w="192" /><ent r="4" t="177" w="262" /><ent r="4" t="178" w="223" /><ent r="3" t="179" w="35" /><ent r="4" t="180" w="151" /><ent r="4" t="180" w="191" /><ent r="4" t="180" w="249" /><ent r="4" t="181" w="187" /><ent r="3" t="183" w="143" /><ent r="3" t="185" w="1318" /><ent r="3" t="185" w="1322" /><ent r="4" t="185" w="1637" /><ent r="3" t="186" w="2286" /><ent r="3" t="186" w="2588" /><ent r="4" t="186" w="3006" /><ent r="4" t="186" w="3095" /><ent r="4" t="187" w="902" /><ent r="4" t="188" w="667" /><ent r="3" t="188" w="737" /><ent r="3" t="192" w="1035" /><ent r="3" t="193" w="1275" /><ent r="7" t="194" w="969" /><ent r="3" t="194" w="1054" /><ent r="3" t="194" w="1126" /><ent r="3" t="200" w="201" /><ent r="3" t="200" w="203" /><ent r="4" t="201" w="98" /><ent r="4" t="201" w="126" /><ent r="4" t="201" w="136" /><ent r="4" t="201" w="201" /><ent r="4" t="201" w="211" /><ent r="3" t="204" w="24" /><ent r="3" t="204" w="33" /><ent r="3" t="204" w="38" /><ent r="6" t="205" w="254" /><ent r="6" t="205" w="281" /><ent r="7" t="205" w="296" /><ent r="7" t="205" w="372" /><ent r="7" t="205" w="591" /><ent r="5" t="206" w="441" /><ent r="4" t="206" w="597" /><ent r="4" t="206" w="623" /><ent r="3" t="206" w="679" /><ent r="6" t="228" w="24" /><ent r="4" t="229" w="98" /><ent r="6" t="238" w="66" /><ent r="6" t="238" w="72" /><ent r="6" t="239" w="63" /><ent r="6" t="239" w="69" /><ent r="6" t="240" w="51" /><ent r="6" t="240" w="57" /></phr></stem><stem n="although"><phr n="although"><ent r="3" t="1" w="548" /><ent r="4" t="56" w="101" /><ent r="3" t="189" w="1066" /><ent r="5" t="222" w="157" /></phr><phr n="Although"><ent r="3" t="173" w="94" /><ent r="3" t="190" w="1224" /></phr></stem><stem n="comput"><phr n="computer"><ent r="3" t="1" w="558" /><ent r="3" t="2" w="21" /><ent r="3" t="47" w="112" /><ent r="3" t="47" w="128" /><ent r="3" t="82" w="464" /><ent r="4" t="180" w="255" /><ent r="4" t="180" w="279" /><ent r="4" t="180" w="297" /><ent r="4" t="206" w="400" /></phr><phr n="computing"><ent r="6" t="91" w="359" /><ent r="3" t="94" w="30" /><ent r="3" t="204" w="52" /></phr><phr n="computes"><ent r="3" t="166" w="260" /><ent r="3" t="187" w="1134" /></phr><phr n="computed"><ent r="3" t="166" w="289" /><ent r="3" t="202" w="683" /><ent r="3" t="204" w="178" /></phr><phr n="compute"><ent r="3" t="174" w="19" /><ent r="3" t="186" w="233" /><ent r="3" t="202" w="625" /></phr></stem><stem n="screen"><phr n="screen"><ent r="3" t="1" w="559" /><ent r="3" t="38" w="96" /><ent r="4" t="109" w="310" /><ent r="4" t="110" w="195" /><ent r="3" t="118" w="352" /><ent r="3" t="164" w="188" /><ent r="3" t="168" w="81" /><ent r="3" t="181" w="146" /><ent r="4" t="185" w="1031" /><ent r="4" t="186" w="3117" /><ent r="4" t="186" w="3136" /><ent r="3" t="188" w="1450" /><ent r="6" t="228" w="120" /></phr></stem><stem n="action"><phr n="Actions"><ent r="92" t="1" w="566" /><ent r="64" t="1" w="594" /><ent r="1000" t="3" w="2" /><ent r="102" t="3" w="8" /><ent r="3" t="103" w="48" /></phr><phr n="actions"><ent r="3" t="1" w="572" /><ent r="100" t="3" w="5" /><ent r="3" t="82" w="414" /><ent r="7" t="91" w="214" /><ent r="3" t="103" w="20" /><ent r="3" t="103" w="25" /><ent r="3" t="118" w="54" /><ent r="3" t="174" w="303" /><ent r="3" t="181" w="97" /></phr><phr n="Action"><ent r="6" t="3" w="11" /><ent r="5" t="224" w="66" /></phr><phr n="action"><ent r="3" t="174" w="291" /></phr></stem><stem n="keyboard"><phr n="keyboard"><ent r="3" t="1" w="574" /><ent r="100" t="2" w="4" /><ent r="3" t="2" w="22" /><ent r="3" t="2" w="31" /><ent r="4" t="2" w="51" /><ent r="3" t="2" w="133" /><ent r="3" t="17" w="69" /><ent r="64" t="17" w="73" /><ent r="3" t="17" w="130" /><ent r="3" t="17" w="223" /><ent r="3" t="33" w="134" /><ent r="4" t="45" w="539" /><ent r="3" t="49" w="506" /><ent r="3" t="51" w="116" /><ent r="3" t="65" w="166" /><ent r="3" t="71" w="94" /><ent r="3" t="71" w="279" /><ent r="3" t="75" w="21" /><ent r="4" t="82" w="95" /><ent r="3" t="84" w="81" /><ent r="3" t="95" w="139" /><ent r="3" t="95" w="143" /><ent r="3" t="101" w="142" /><ent r="64" t="101" w="146" /><ent r="3" t="102" w="146" /><ent r="64" t="102" w="150" /><ent r="4" t="109" w="506" /><ent r="3" t="128" w="204" /><ent r="4" t="129" w="318" /><ent r="4" t="131" w="161" /><ent r="4" t="186" w="1475" /><ent r="4" t="186" w="1507" /><ent r="3" t="186" w="1584" /><ent r="4" t="186" w="2005" /><ent r="3" t="187" w="1426" /><ent r="3" t="194" w="1108" /><ent r="3" t="194" w="1554" /><ent r="3" t="194" w="1592" /><ent r="3" t="211" w="154" /><ent r="64" t="211" w="158" /><ent r="100" t="224" w="5" /><ent r="100" t="224" w="14" /><ent r="4" t="225" w="240" /><ent r="4" t="226" w="150" /><ent r="3" t="236" w="277" /></phr><phr n="Keyboard"><ent r="64" t="1" w="588" /><ent r="1000" t="2" w="1" /><ent r="102" t="2" w="10" /><ent r="5" t="2" w="93" /><ent r="64" t="2" w="138" /><ent r="92" t="49" w="500" /><ent r="5" t="49" w="530" /><ent r="65" t="82" w="80" /><ent r="64" t="95" w="162" /><ent r="1000" t="224" w="2" /><ent r="102" t="224" w="18" /><ent r="5" t="226" w="95" /></phr></stem><stem n="throughout"><phr n="throughout"><ent r="3" t="1" w="582" /></phr><phr n="Throughout"><ent r="3" t="196" w="13" /></phr></stem><stem n="assign"><phr n="assign"><ent r="3" t="1" w="602" /><ent r="3" t="97" w="195" /><ent r="3" t="111" w="13" /><ent r="3" t="111" w="302" /><ent r="3" t="160" w="809" /><ent r="3" t="173" w="197" /><ent r="3" t="186" w="139" /><ent r="3" t="202" w="47" /><ent r="83" t="202" w="398" /><ent r="3" t="202" w="464" /><ent r="3" t="207" w="34" /></phr><phr n="assigned"><ent r="4" t="2" w="54" /><ent r="3" t="2" w="115" /><ent r="4" t="81" w="121" /><ent r="3" t="193" w="271" /><ent r="3" t="193" w="286" /><ent r="4" t="194" w="1238" /></phr><phr n="assigns"><ent r="4" t="56" w="97" /></phr></stem><stem n="own"><phr n="own"><ent r="3" t="1" w="604" /><ent r="3" t="2" w="38" /><ent r="3" t="23" w="134" /><ent r="3" t="39" w="43" /><ent r="3" t="63" w="166" /><ent r="4" t="82" w="94" /></phr></stem><stem n="support"><phr n="supports"><ent r="3" t="1" w="624" /><ent r="4" t="156" w="225" /><ent r="3" t="189" w="280" /><ent r="3" t="189" w="350" /><ent r="3" t="190" w="270" /><ent r="3" t="190" w="339" /><ent r="3" t="193" w="1013" /><ent r="3" t="194" w="120" /><ent r="3" t="230" w="84" /></phr><phr n="supported"><ent r="3" t="69" w="175" /><ent r="3" t="176" w="99" /><ent r="6" t="205" w="247" /><ent r="6" t="205" w="274" /><ent r="7" t="205" w="289" /><ent r="6" t="205" w="463" /></phr><phr n="support"><ent r="3" t="128" w="570" /><ent r="3" t="132" w="262" /><ent r="4" t="168" w="779" /><ent r="3" t="189" w="171" /><ent r="3" t="189" w="334" /><ent r="3" t="190" w="161" /><ent r="3" t="190" w="323" /><ent r="3" t="193" w="897" /><ent r="3" t="194" w="836" /><ent r="4" t="206" w="478" /></phr></stem><stem n="varieti"><phr n="variety"><ent r="3" t="1" w="626" /><ent r="3" t="91" w="23" /><ent r="3" t="186" w="2075" /></phr></stem><stem n="add"><phr n="add"><ent r="3" t="1" w="635" /><ent r="3" t="39" w="41" /><ent r="4" t="56" w="44" /><ent r="4" t="59" w="164" /><ent r="3" t="63" w="148" /><ent r="4" t="71" w="73" /><ent r="3" t="75" w="129" /><ent r="3" t="84" w="32" /><ent r="3" t="84" w="254" /><ent r="4" t="92" w="154" /><ent r="3" t="114" w="33" /><ent r="3" t="114" w="115" /><ent r="3" t="114" w="120" /><ent r="3" t="126" w="27" /><ent r="3" t="126" w="39" /><ent r="3" t="126" w="151" /><ent r="3" t="126" w="170" /><ent r="4" t="126" w="322" /><ent r="3" t="126" w="337" /><ent r="3" t="126" w="454" /><ent r="3" t="126" w="490" /><ent r="3" t="128" w="166" /><ent r="3" t="128" w="185" /><ent r="100" t="129" w="7" /><ent r="3" t="129" w="31" /><ent r="4" t="129" w="67" /><ent r="3" t="129" w="162" /><ent r="4" t="129" w="227" /><ent r="3" t="129" w="261" /><ent r="4" t="129" w="304" /><ent r="65" t="130" w="31" /><ent r="3" t="133" w="74" /><ent r="3" t="148" w="229" /><ent r="4" t="156" w="706" /><ent r="4" t="156" w="1141" /><ent r="4" t="159" w="435" /><ent r="4" t="160" w="403" /><ent r="4" t="161" w="402" /><ent r="4" t="168" w="741" /><ent r="4" t="176" w="183" /><ent r="4" t="186" w="1392" /><ent r="3" t="186" w="2303" /><ent r="4" t="188" w="1670" /><ent r="3" t="190" w="795" /><ent r="3" t="190" w="1211" /><ent r="4" t="192" w="125" /><ent r="4" t="192" w="233" /><ent r="3" t="192" w="950" /><ent r="3" t="192" w="971" /><ent r="4" t="192" w="982" /><ent r="3" t="192" w="1085" /><ent r="4" t="193" w="1808" /><ent r="4" t="194" w="76" /><ent r="4" t="194" w="779" /><ent r="4" t="196" w="127" /><ent r="4" t="211" w="537" /><ent r="3" t="217" w="38" /><ent r="4" t="217" w="70" /><ent r="3" t="217" w="155" /><ent r="3" t="217" w="174" /><ent r="3" t="225" w="203" /><ent r="3" t="229" w="21" /></phr><phr n="Add"><ent r="4" t="44" w="101" /><ent r="4" t="44" w="107" /><ent r="5" t="45" w="556" /><ent r="4" t="66" w="47" /><ent r="5" t="71" w="87" /><ent r="5" t="73" w="76" /><ent r="5" t="84" w="262" /><ent r="7" t="91" w="525" /><ent r="68" t="119" w="219" /><ent r="4" t="120" w="59" /><ent r="64" t="128" w="283" /><ent r="1000" t="129" w="1" /><ent r="102" t="129" w="24" /><ent r="4" t="148" w="224" /><ent r="5" t="159" w="453" /><ent r="4" t="159" w="715" /><ent r="5" t="160" w="421" /><ent r="4" t="160" w="683" /><ent r="5" t="161" w="420" /><ent r="4" t="161" w="682" /><ent r="4" t="186" w="2932" /><ent r="5" t="190" w="1075" /><ent r="4" t="190" w="1082" /><ent r="5" t="190" w="1148" /><ent r="3" t="190" w="1195" /><ent r="3" t="190" w="1206" /><ent r="4" t="192" w="67" /><ent r="3" t="192" w="580" /><ent r="92" t="192" w="922" /><ent r="3" t="192" w="1008" /><ent r="4" t="192" w="1141" /><ent r="4" t="193" w="53" /><ent r="4" t="193" w="67" /><ent r="92" t="193" w="440" /><ent r="92" t="193" w="486" /><ent r="92" t="193" w="590" /><ent r="92" t="193" w="1387" /><ent r="4" t="193" w="1883" /><ent r="92" t="194" w="567" /><ent r="92" t="194" w="614" /><ent r="5" t="196" w="138" /><ent r="7" t="203" w="13" /><ent r="5" t="211" w="555" /><ent r="4" t="211" w="821" /><ent r="92" t="217" w="34" /><ent r="5" t="217" w="51" /><ent r="3" t="217" w="57" /><ent r="92" t="217" w="144" /><ent r="5" t="217" w="187" /><ent r="3" t="217" w="193" /><ent r="5" t="225" w="212" /><ent r="92" t="229" w="35" /><ent r="5" t="229" w="88" /><ent r="5" t="229" w="101" /><ent r="3" t="229" w="112" /><ent r="68" t="239" w="106" /></phr><phr n="adds"><ent r="4" t="84" w="267" /><ent r="4" t="186" w="2813" /></phr><phr n="Adds"><ent r="6" t="173" w="497" /><ent r="5" t="197" w="221" /><ent r="5" t="197" w="236" /></phr></stem><stem n="combin"><phr n="combination"><ent r="3" t="2" w="25" /><ent r="4" t="61" w="83" /><ent r="3" t="61" w="89" /><ent r="3" t="75" w="25" /><ent r="3" t="170" w="118" /><ent r="3" t="187" w="1548" /><ent r="3" t="226" w="43" /><ent r="3" t="236" w="285" /></phr><phr n="combine"><ent r="7" t="8" w="182" /></phr><phr n="combining"><ent r="3" t="173" w="23" /><ent r="3" t="173" w="46" /></phr><phr n="combinations"><ent r="4" t="187" w="1479" /><ent r="3" t="206" w="169" /></phr></stem><stem n="current"><phr n="currently"><ent r="4" t="2" w="53" /><ent r="3" t="2" w="114" /><ent r="6" t="3" w="143" /><ent r="7" t="13" w="165" /><ent r="7" t="13" w="194" /><ent r="3" t="48" w="23" /><ent r="4" t="48" w="78" /><ent r="4" t="50" w="120" /><ent r="3" t="69" w="174" /><ent r="3" t="72" w="36" /><ent r="3" t="78" w="149" /><ent r="3" t="78" w="197" /><ent r="3" t="78" w="345" /><ent r="3" t="78" w="368" /><ent r="5" t="91" w="629" /><ent r="3" t="93" w="26" /><ent r="3" t="109" w="334" /><ent r="3" t="118" w="389" /><ent r="3" t="147" w="141" /><ent r="3" t="147" w="244" /><ent r="3" t="147" w="448" /><ent r="3" t="147" w="612" /><ent r="3" t="185" w="1244" /><ent r="3" t="189" w="323" /><ent r="3" t="190" w="312" /><ent r="4" t="192" w="200" /><ent r="3" t="192" w="965" /><ent r="3" t="192" w="976" /><ent r="3" t="211" w="88" /><ent r="3" t="218" w="43" /><ent r="3" t="220" w="48" /><ent r="3" t="232" w="36" /><ent r="3" t="233" w="33" /><ent r="4" t="235" w="62" /></phr><phr n="current"><ent r="6" t="3" w="159" /><ent r="7" t="5" w="51" /><ent r="7" t="5" w="148" /><ent r="3" t="8" w="21" /><ent r="7" t="8" w="130" /><ent r="4" t="11" w="20" /><ent r="7" t="14" w="90" /><ent r="7" t="14" w="117" /><ent r="7" t="14" w="141" /><ent r="6" t="14" w="345" /><ent r="6" t="14" w="356" /><ent r="6" t="14" w="386" /><ent r="3" t="18" w="75" /><ent r="4" t="20" w="403" /><ent r="4" t="20" w="425" /><ent r="4" t="20" w="485" /><ent r="3" t="21" w="67" /><ent r="4" t="25" w="51" /><ent r="4" t="41" w="199" /><ent r="3" t="50" w="31" /><ent r="3" t="50" w="515" /><ent r="3" t="51" w="33" /><ent r="3" t="52" w="42" /><ent r="3" t="65" w="220" /><ent r="4" t="72" w="93" /><ent r="3" t="77" w="113" /><ent r="3" t="80" w="29" /><ent r="4" t="80" w="89" /><ent r="3" t="80" w="108" /><ent r="3" t="81" w="21" /><ent r="3" t="81" w="56" /><ent r="4" t="81" w="76" /><ent r="4" t="81" w="110" /><ent r="4" t="81" w="152" /><ent r="4" t="82" w="666" /><ent r="4" t="82" w="684" /><ent r="3" t="87" w="155" /><ent r="3" t="88" w="137" /><ent r="3" t="88" w="145" /><ent r="3" t="90" w="30" /><ent r="6" t="91" w="431" /><ent r="7" t="91" w="464" /><ent r="3" t="96" w="26" /><ent r="3" t="104" w="46" /><ent r="4" t="110" w="224" /><ent r="3" t="111" w="363" /><ent r="4" t="111" w="398" /><ent r="7" t="119" w="30" /><ent r="7" t="119" w="63" /><ent r="5" t="119" w="208" /><ent r="3" t="124" w="79" /><ent r="3" t="128" w="614" /><ent r="3" t="139" w="34" /><ent r="5" t="145" w="120" /><ent r="5" t="145" w="166" /><ent r="3" t="145" w="545" /><ent r="3" t="145" w="628" /><ent r="3" t="147" w="217" /><ent r="3" t="147" w="320" /><ent r="3" t="147" w="524" /><ent r="3" t="147" w="688" /><ent r="3" t="159" w="727" /><ent r="3" t="160" w="695" /><ent r="3" t="160" w="856" /><ent r="3" t="161" w="694" /><ent r="3" t="166" w="42" /><ent r="3" t="185" w="826" /><ent r="3" t="185" w="1562" /><ent r="3" t="189" w="142" /><ent r="3" t="190" w="132" /><ent r="3" t="191" w="296" /><ent r="3" t="193" w="918" /><ent r="3" t="193" w="939" /><ent r="3" t="194" w="858" /><ent r="3" t="194" w="879" /><ent r="5" t="197" w="203" /><ent r="6" t="198" w="69" /><ent r="3" t="200" w="135" /><ent r="3" t="202" w="94" /><ent r="4" t="202" w="717" /><ent r="4" t="202" w="726" /><ent r="3" t="211" w="73" /><ent r="3" t="211" w="833" /><ent r="7" t="238" w="82" /><ent r="7" t="238" w="152" /><ent r="7" t="238" w="164" /><ent r="7" t="240" w="101" /><ent r="7" t="240" w="116" /><ent r="7" t="240" w="137" /></phr><phr n="Current"><ent r="7" t="8" w="114" /><ent r="5" t="49" w="536" /><ent r="5" t="145" w="229" /><ent r="5" t="145" w="267" /><ent r="4" t="145" w="306" /><ent r="4" t="145" w="313" /><ent r="3" t="226" w="100" /><ent r="4" t="226" w="117" /></phr><phr n="Currently"><ent r="3" t="44" w="26" /><ent r="4" t="54" w="163" /><ent r="4" t="109" w="479" /></phr></stem><stem n="version"><phr n="version"><ent r="4" t="2" w="57" /><ent r="4" t="78" w="304" /><ent r="3" t="78" w="372" /><ent r="3" t="79" w="35" /><ent r="3" t="79" w="46" /><ent r="3" t="115" w="45" /><ent r="3" t="127" w="61" /><ent r="3" t="162" w="158" /><ent r="3" t="180" w="43" /><ent r="3" t="188" w="1107" /><ent r="3" t="224" w="24" /></phr><phr n="Version"><ent r="3" t="127" w="65" /><ent r="5" t="205" w="62" /></phr></stem><stem n="option"><phr n="Options"><ent r="5" t="2" w="78" /><ent r="6" t="3" w="69" /><ent r="66" t="3" w="81" /><ent r="6" t="3" w="97" /><ent r="66" t="3" w="109" /><ent r="67" t="14" w="231" /><ent r="67" t="14" w="291" /><ent r="3" t="17" w="166" /><ent r="64" t="17" w="178" /><ent r="64" t="17" w="239" /><ent r="64" t="18" w="164" /><ent r="3" t="18" w="215" /><ent r="1000" t="19" w="2" /><ent r="102" t="19" w="5" /><ent r="100" t="19" w="8" /><ent r="3" t="19" w="15" /><ent r="3" t="19" w="36" /><ent r="65" t="20" w="257" /><ent r="5" t="20" w="264" /><ent r="4" t="21" w="261" /><ent r="4" t="23" w="110" /><ent r="3" t="23" w="117" /><ent r="4" t="24" w="97" /><ent r="6" t="24" w="103" /><ent r="67" t="24" w="107" /><ent r="67" t="24" w="111" /><ent r="67" t="24" w="115" /><ent r="67" t="24" w="119" /><ent r="65" t="25" w="76" /><ent r="65" t="25" w="114" /><ent r="65" t="25" w="163" /><ent r="65" t="25" w="189" /><ent r="65" t="26" w="53" /><ent r="65" t="26" w="85" /><ent r="5" t="27" w="182" /><ent r="4" t="27" w="187" /><ent r="4" t="28" w="108" /><ent r="6" t="28" w="114" /><ent r="67" t="28" w="118" /><ent r="67" t="28" w="123" /><ent r="67" t="28" w="128" /><ent r="67" t="28" w="133" /><ent r="67" t="28" w="138" /><ent r="67" t="28" w="143" /><ent r="65" t="29" w="46" /><ent r="65" t="29" w="94" /><ent r="65" t="29" w="136" /><ent r="65" t="29" w="195" /><ent r="65" t="29" w="248" /><ent r="65" t="29" w="300" /><ent r="4" t="30" w="94" /><ent r="65" t="30" w="106" /><ent r="4" t="31" w="83" /><ent r="5" t="32" w="112" /><ent r="4" t="32" w="119" /><ent r="64" t="36" w="67" /><ent r="64" t="41" w="256" /><ent r="5" t="45" w="204" /><ent r="4" t="45" w="210" /><ent r="5" t="45" w="376" /><ent r="4" t="45" w="389" /><ent r="3" t="45" w="420" /><ent r="64" t="47" w="146" /><ent r="64" t="48" w="346" /><ent r="3" t="49" w="283" /><ent r="64" t="49" w="295" /><ent r="5" t="49" w="518" /><ent r="6" t="50" w="360" /><ent r="64" t="51" w="95" /><ent r="64" t="53" w="111" /><ent r="64" t="59" w="306" /><ent r="64" t="60" w="48" /><ent r="64" t="64" w="110" /><ent r="64" t="70" w="172" /><ent r="1000" t="71" w="4" /><ent r="102" t="71" w="9" /><ent r="3" t="71" w="20" /><ent r="5" t="71" w="44" /><ent r="4" t="71" w="48" /><ent r="5" t="71" w="226" /><ent r="4" t="71" w="230" /><ent r="1000" t="82" w="2" /><ent r="102" t="82" w="5" /><ent r="3" t="82" w="12" /><ent r="3" t="82" w="28" /><ent r="5" t="82" w="44" /><ent r="4" t="82" w="48" /><ent r="1000" t="106" w="2" /><ent r="102" t="106" w="5" /><ent r="1000" t="107" w="3" /><ent r="102" t="107" w="7" /><ent r="3" t="107" w="15" /><ent r="6" t="107" w="38" /><ent r="6" t="107" w="62" /><ent r="5" t="107" w="140" /><ent r="4" t="107" w="153" /><ent r="1000" t="108" w="4" /><ent r="102" t="108" w="9" /><ent r="3" t="108" w="20" /><ent r="5" t="108" w="82" /><ent r="4" t="108" w="95" /><ent r="1000" t="109" w="3" /><ent r="102" t="109" w="8" /><ent r="6" t="109" w="34" /><ent r="6" t="109" w="58" /><ent r="5" t="109" w="95" /><ent r="4" t="109" w="108" /><ent r="1000" t="110" w="3" /><ent r="102" t="110" w="8" /><ent r="6" t="110" w="35" /><ent r="6" t="110" w="59" /><ent r="5" t="110" w="96" /><ent r="4" t="110" w="109" /><ent r="92" t="110" w="350" /><ent r="64" t="111" w="298" /><ent r="65" t="111" w="548" /><ent r="65" t="123" w="103" /><ent r="64" t="130" w="69" /><ent r="3" t="134" w="38" /><ent r="5" t="134" w="107" /><ent r="4" t="134" w="112" /><ent r="3" t="135" w="31" /><ent r="64" t="140" w="121" /><ent r="1000" t="146" w="1" /><ent r="102" t="146" w="5" /><ent r="6" t="146" w="45" /><ent r="6" t="146" w="69" /><ent r="5" t="146" w="125" /><ent r="4" t="146" w="129" /><ent r="66" t="146" w="155" /><ent r="66" t="146" w="179" /><ent r="66" t="146" w="197" /><ent r="66" t="146" w="213" /><ent r="66" t="146" w="229" /><ent r="66" t="146" w="248" /><ent r="66" t="146" w="262" /><ent r="1000" t="147" w="2" /><ent r="102" t="147" w="5" /><ent r="5" t="147" w="52" /><ent r="4" t="147" w="65" /><ent r="4" t="147" w="328" /><ent r="4" t="147" w="356" /><ent r="4" t="147" w="400" /><ent r="1000" t="148" w="2" /><ent r="102" t="148" w="5" /><ent r="100" t="148" w="8" /><ent r="5" t="148" w="50" /><ent r="4" t="148" w="63" /><ent r="1000" t="149" w="2" /><ent r="102" t="149" w="5" /><ent r="64" t="149" w="27" /><ent r="64" t="149" w="31" /><ent r="64" t="149" w="35" /><ent r="64" t="149" w="40" /><ent r="64" t="149" w="44" /><ent r="64" t="149" w="48" /><ent r="64" t="149" w="52" /><ent r="64" t="149" w="56" /><ent r="64" t="149" w="61" /><ent r="1000" t="150" w="3" /><ent r="102" t="150" w="7" /><ent r="3" t="150" w="20" /><ent r="6" t="150" w="32" /><ent r="6" t="150" w="56" /><ent r="5" t="150" w="91" /><ent r="4" t="150" w="104" /><ent r="1000" t="151" w="3" /><ent r="102" t="151" w="7" /><ent r="3" t="151" w="20" /><ent r="6" t="151" w="32" /><ent r="6" t="151" w="56" /><ent r="5" t="151" w="91" /><ent r="4" t="151" w="104" /><ent r="1000" t="152" w="3" /><ent r="102" t="152" w="7" /><ent r="3" t="152" w="20" /><ent r="6" t="152" w="32" /><ent r="6" t="152" w="56" /><ent r="5" t="152" w="105" /><ent r="4" t="152" w="118" /><ent r="1000" t="153" w="4" /><ent r="102" t="153" w="9" /><ent r="3" t="153" w="20" /><ent r="6" t="153" w="39" /><ent r="6" t="153" w="63" /><ent r="5" t="153" w="100" /><ent r="4" t="153" w="113" /><ent r="1000" t="154" w="3" /><ent r="102" t="154" w="15" /><ent r="3" t="154" w="20" /><ent r="6" t="154" w="35" /><ent r="6" t="154" w="59" /><ent r="5" t="154" w="93" /><ent r="4" t="154" w="106" /><ent r="1000" t="155" w="3" /><ent r="102" t="155" w="7" /><ent r="3" t="155" w="16" /><ent r="6" t="155" w="31" /><ent r="6" t="155" w="55" /><ent r="5" t="155" w="91" /><ent r="4" t="155" w="104" /><ent r="1000" t="156" w="3" /><ent r="102" t="156" w="7" /><ent r="3" t="156" w="17" /><ent r="6" t="156" w="28" /><ent r="6" t="156" w="52" /><ent r="5" t="156" w="87" /><ent r="4" t="156" w="100" /><ent r="1000" t="157" w="3" /><ent r="102" t="157" w="7" /><ent r="3" t="157" w="17" /><ent r="6" t="157" w="28" /><ent r="6" t="157" w="52" /><ent r="5" t="157" w="88" /><ent r="4" t="157" w="101" /><ent r="1000" t="158" w="4" /><ent r="102" t="158" w="9" /><ent r="100" t="158" w="14" /><ent r="3" t="158" w="25" /><ent r="6" t="158" w="38" /><ent r="6" t="158" w="62" /><ent r="5" t="158" w="98" /><ent r="4" t="158" w="111" /><ent r="64" t="159" w="40" /><ent r="64" t="173" w="120" /><ent r="4" t="177" w="215" /><ent r="5" t="186" w="720" /><ent r="4" t="186" w="733" /><ent r="4" t="187" w="428" /><ent r="3" t="187" w="435" /><ent r="6" t="187" w="461" /><ent r="5" t="188" w="360" /><ent r="4" t="188" w="373" /><ent r="4" t="188" w="688" /><ent r="5" t="189" w="599" /><ent r="4" t="189" w="612" /><ent r="5" t="190" w="587" /><ent r="4" t="190" w="600" /><ent r="5" t="190" w="1004" /><ent r="5" t="191" w="283" /><ent r="4" t="193" w="1662" /><ent r="64" t="193" w="1675" /><ent r="4" t="193" w="1789" /><ent r="64" t="194" w="1409" /><ent r="3" t="202" w="166" /><ent r="100" t="206" w="8" /><ent r="3" t="206" w="17" /><ent r="1000" t="207" w="4" /><ent r="100" t="207" w="12" /><ent r="100" t="207" w="15" /><ent r="102" t="207" w="22" /><ent r="100" t="208" w="11" /><ent r="100" t="209" w="11" /><ent r="100" t="210" w="8" /><ent r="3" t="210" w="17" /><ent r="100" t="211" w="8" /><ent r="5" t="211" w="200" /><ent r="1000" t="213" w="3" /><ent r="102" t="213" w="7" /><ent r="100" t="213" w="11" /><ent r="3" t="213" w="72" /><ent r="1000" t="214" w="3" /><ent r="102" t="214" w="7" /><ent r="100" t="214" w="11" /><ent r="3" t="214" w="16" /><ent r="1000" t="215" w="3" /><ent r="102" t="215" w="7" /><ent r="3" t="215" w="17" /><ent r="82" t="215" w="202" /><ent r="82" t="215" w="262" /><ent r="1000" t="216" w="3" /><ent r="102" t="216" w="7" /><ent r="3" t="216" w="16" /><ent r="1000" t="217" w="4" /><ent r="100" t="217" w="9" /><ent r="102" t="217" w="14" /><ent r="3" t="217" w="20" /><ent r="1000" t="218" w="3" /><ent r="100" t="218" w="7" /><ent r="102" t="218" w="11" /><ent r="92" t="218" w="164" /><ent r="102" t="219" w="12" /><ent r="4" t="219" w="18" /><ent r="1000" t="220" w="4" /><ent r="100" t="220" w="9" /><ent r="102" t="220" w="14" /><ent r="92" t="220" w="169" /><ent r="1000" t="221" w="4" /><ent r="102" t="221" w="9" /><ent r="100" t="221" w="14" /><ent r="4" t="221" w="83" /><ent r="1000" t="222" w="4" /><ent r="102" t="222" w="12" /><ent r="4" t="222" w="18" /><ent r="1000" t="223" w="4" /><ent r="100" t="223" w="9" /><ent r="102" t="223" w="14" /><ent r="4" t="223" w="20" /><ent r="1000" t="225" w="2" /><ent r="102" t="225" w="5" /><ent r="3" t="225" w="12" /><ent r="5" t="225" w="93" /><ent r="4" t="225" w="106" /><ent r="5" t="226" w="81" /><ent r="4" t="226" w="85" /><ent r="1000" t="227" w="3" /><ent r="102" t="227" w="7" /><ent r="3" t="227" w="15" /><ent r="6" t="227" w="32" /><ent r="6" t="227" w="56" /><ent r="5" t="227" w="92" /><ent r="4" t="227" w="105" /></phr><phr n="options"><ent r="7" t="9" w="42" /><ent r="3" t="18" w="210" /><ent r="100" t="19" w="10" /><ent r="3" t="19" w="22" /><ent r="3" t="19" w="44" /><ent r="4" t="21" w="505" /><ent r="4" t="23" w="73" /><ent r="3" t="24" w="93" /><ent r="4" t="25" w="71" /><ent r="4" t="25" w="109" /><ent r="4" t="25" w="158" /><ent r="4" t="25" w="184" /><ent r="4" t="26" w="48" /><ent r="4" t="26" w="80" /><ent r="4" t="27" w="403" /><ent r="4" t="29" w="41" /><ent r="4" t="29" w="88" /><ent r="4" t="29" w="130" /><ent r="4" t="29" w="184" /><ent r="4" t="29" w="189" /><ent r="4" t="29" w="242" /><ent r="4" t="29" w="294" /><ent r="4" t="29" w="308" /><ent r="4" t="29" w="312" /><ent r="4" t="30" w="100" /><ent r="3" t="31" w="73" /><ent r="3" t="41" w="83" /><ent r="3" t="41" w="239" /><ent r="3" t="48" w="338" /><ent r="4" t="52" w="108" /><ent r="4" t="54" w="51" /><ent r="4" t="67" w="122" /><ent r="3" t="70" w="87" /><ent r="100" t="71" w="14" /><ent r="4" t="71" w="53" /><ent r="4" t="71" w="235" /><ent r="64" t="77" w="128" /><ent r="64" t="81" w="70" /><ent r="100" t="82" w="8" /><ent r="4" t="82" w="65" /><ent r="4" t="82" w="105" /><ent r="3" t="82" w="130" /><ent r="3" t="82" w="633" /><ent r="4" t="87" w="121" /><ent r="3" t="91" w="108" /><ent r="4" t="101" w="177" /><ent r="100" t="106" w="8" /><ent r="3" t="106" w="13" /><ent r="4" t="106" w="67" /><ent r="4" t="106" w="83" /><ent r="100" t="107" w="11" /><ent r="6" t="107" w="42" /><ent r="6" t="107" w="52" /><ent r="6" t="107" w="69" /><ent r="3" t="107" w="98" /><ent r="4" t="107" w="121" /><ent r="4" t="107" w="257" /><ent r="100" t="108" w="14" /><ent r="4" t="108" w="63" /><ent r="4" t="108" w="135" /><ent r="100" t="109" w="13" /><ent r="3" t="109" w="20" /><ent r="3" t="109" w="27" /><ent r="6" t="109" w="38" /><ent r="6" t="109" w="48" /><ent r="6" t="109" w="65" /><ent r="4" t="109" w="76" /><ent r="5" t="109" w="144" /><ent r="4" t="109" w="154" /><ent r="100" t="110" w="13" /><ent r="3" t="110" w="20" /><ent r="3" t="110" w="27" /><ent r="6" t="110" w="39" /><ent r="6" t="110" w="49" /><ent r="6" t="110" w="66" /><ent r="4" t="110" w="77" /><ent r="4" t="110" w="144" /><ent r="4" t="110" w="154" /><ent r="3" t="110" w="169" /><ent r="3" t="110" w="183" /><ent r="4" t="110" w="286" /><ent r="3" t="111" w="50" /><ent r="3" t="111" w="278" /><ent r="3" t="111" w="294" /><ent r="3" t="117" w="19" /><ent r="100" t="146" w="3" /><ent r="3" t="146" w="17" /><ent r="3" t="146" w="28" /><ent r="3" t="146" w="30" /><ent r="3" t="146" w="37" /><ent r="6" t="146" w="49" /><ent r="6" t="146" w="59" /><ent r="6" t="146" w="76" /><ent r="3" t="146" w="101" /><ent r="3" t="146" w="109" /><ent r="4" t="146" w="146" /><ent r="5" t="146" w="187" /><ent r="5" t="146" w="204" /><ent r="4" t="146" w="284" /><ent r="100" t="147" w="8" /><ent r="100" t="147" w="10" /><ent r="3" t="147" w="14" /><ent r="3" t="147" w="20" /><ent r="4" t="147" w="33" /><ent r="4" t="147" w="108" /><ent r="3" t="147" w="557" /><ent r="3" t="147" w="586" /><ent r="100" t="148" w="10" /><ent r="3" t="148" w="14" /><ent r="3" t="148" w="19" /><ent r="4" t="148" w="31" /><ent r="4" t="148" w="78" /><ent r="4" t="148" w="145" /><ent r="4" t="148" w="348" /><ent r="100" t="149" w="8" /><ent r="3" t="149" w="12" /><ent r="100" t="150" w="11" /><ent r="100" t="150" w="13" /><ent r="3" t="150" w="27" /><ent r="6" t="150" w="36" /><ent r="6" t="150" w="46" /><ent r="6" t="150" w="63" /><ent r="4" t="150" w="73" /><ent r="3" t="150" w="247" /><ent r="100" t="151" w="11" /><ent r="100" t="151" w="13" /><ent r="3" t="151" w="27" /><ent r="6" t="151" w="36" /><ent r="6" t="151" w="46" /><ent r="6" t="151" w="63" /><ent r="4" t="151" w="73" /><ent r="4" t="151" w="286" /><ent r="100" t="152" w="11" /><ent r="100" t="152" w="13" /><ent r="3" t="152" w="27" /><ent r="6" t="152" w="36" /><ent r="6" t="152" w="46" /><ent r="6" t="152" w="63" /><ent r="4" t="152" w="86" /><ent r="4" t="152" w="209" /><ent r="100" t="153" w="14" /><ent r="6" t="153" w="43" /><ent r="6" t="153" w="53" /><ent r="6" t="153" w="70" /><ent r="4" t="153" w="81" /><ent r="4" t="153" w="200" /><ent r="100" t="154" w="7" /><ent r="100" t="154" w="9" /><ent r="3" t="154" w="27" /><ent r="6" t="154" w="39" /><ent r="6" t="154" w="49" /><ent r="6" t="154" w="66" /><ent r="4" t="154" w="76" /><ent r="3" t="154" w="209" /><ent r="100" t="155" w="11" /><ent r="6" t="155" w="35" /><ent r="6" t="155" w="45" /><ent r="6" t="155" w="62" /><ent r="4" t="155" w="72" /><ent r="4" t="155" w="159" /><ent r="100" t="156" w="11" /><ent r="3" t="156" w="22" /><ent r="6" t="156" w="32" /><ent r="6" t="156" w="42" /><ent r="6" t="156" w="59" /><ent r="4" t="156" w="69" /><ent r="4" t="156" w="159" /><ent r="5" t="156" w="187" /><ent r="6" t="156" w="285" /><ent r="6" t="156" w="720" /><ent r="100" t="157" w="11" /><ent r="3" t="157" w="22" /><ent r="6" t="157" w="32" /><ent r="6" t="157" w="42" /><ent r="6" t="157" w="59" /><ent r="4" t="157" w="69" /><ent r="6" t="157" w="135" /><ent r="4" t="157" w="149" /><ent r="3" t="157" w="269" /><ent r="100" t="158" w="16" /><ent r="3" t="158" w="32" /><ent r="6" t="158" w="42" /><ent r="6" t="158" w="52" /><ent r="6" t="158" w="69" /><ent r="4" t="158" w="80" /><ent r="4" t="158" w="266" /><ent r="3" t="170" w="300" /><ent r="3" t="186" w="1007" /><ent r="4" t="186" w="1902" /><ent r="3" t="187" w="1083" /><ent r="3" t="189" w="687" /><ent r="3" t="213" w="300" /><ent r="3" t="214" w="44" /><ent r="3" t="214" w="237" /><ent r="4" t="214" w="279" /><ent r="100" t="215" w="11" /><ent r="3" t="215" w="199" /><ent r="3" t="215" w="206" /><ent r="3" t="215" w="223" /><ent r="100" t="216" w="11" /><ent r="3" t="216" w="42" /><ent r="3" t="218" w="15" /><ent r="3" t="218" w="110" /><ent r="3" t="218" w="173" /><ent r="3" t="220" w="18" /><ent r="3" t="220" w="115" /><ent r="3" t="220" w="178" /><ent r="100" t="225" w="8" /><ent r="3" t="225" w="74" /><ent r="3" t="225" w="116" /><ent r="6" t="227" w="36" /><ent r="6" t="227" w="46" /><ent r="6" t="227" w="63" /><ent r="4" t="227" w="73" /><ent r="4" t="227" w="158" /><ent r="6" t="241" w="229" /><ent r="6" t="241" w="234" /></phr><phr n="option"><ent r="6" t="9" w="48" /><ent r="3" t="40" w="25" /><ent r="3" t="40" w="48" /><ent r="7" t="40" w="142" /><ent r="3" t="41" w="37" /><ent r="3" t="41" w="60" /><ent r="3" t="49" w="20" /><ent r="3" t="53" w="99" /><ent r="4" t="55" w="50" /><ent r="4" t="82" w="70" /><ent r="4" t="82" w="90" /><ent r="3" t="82" w="442" /><ent r="4" t="82" w="644" /><ent r="4" t="82" w="662" /><ent r="3" t="86" w="229" /><ent r="4" t="89" w="57" /><ent r="5" t="91" w="672" /><ent r="7" t="91" w="709" /><ent r="3" t="95" w="11" /><ent r="3" t="98" w="14" /><ent r="3" t="124" w="26" /><ent r="4" t="146" w="151" /><ent r="4" t="150" w="127" /><ent r="4" t="150" w="139" /><ent r="3" t="151" w="175" /><ent r="3" t="151" w="219" /><ent r="4" t="154" w="129" /><ent r="4" t="154" w="141" /><ent r="4" t="156" w="123" /><ent r="4" t="156" w="135" /><ent r="5" t="156" w="177" /><ent r="4" t="156" w="220" /><ent r="4" t="156" w="248" /><ent r="4" t="156" w="258" /><ent r="3" t="157" w="209" /><ent r="3" t="157" w="252" /><ent r="3" t="158" w="183" /><ent r="3" t="158" w="228" /><ent r="5" t="168" w="194" /><ent r="4" t="177" w="198" /><ent r="3" t="178" w="22" /><ent r="3" t="179" w="23" /><ent r="4" t="180" w="341" /><ent r="3" t="186" w="684" /><ent r="3" t="186" w="702" /><ent r="3" t="186" w="916" /><ent r="3" t="187" w="1107" /><ent r="3" t="187" w="1133" /><ent r="4" t="188" w="672" /><ent r="4" t="188" w="1268" /><ent r="4" t="188" w="1687" /><ent r="4" t="206" w="415" /><ent r="4" t="206" w="461" /><ent r="4" t="206" w="480" /><ent r="4" t="206" w="502" /><ent r="4" t="206" w="508" /><ent r="4" t="206" w="536" /><ent r="4" t="206" w="623" /><ent r="4" t="213" w="319" /><ent r="4" t="213" w="334" /></phr><phr n="Optional"><ent r="5" t="30" w="90" /><ent r="66" t="146" w="227" /><ent r="5" t="170" w="375" /><ent r="5" t="177" w="190" /><ent r="5" t="177" w="260" /><ent r="5" t="178" w="221" /><ent r="5" t="180" w="149" /><ent r="5" t="180" w="189" /><ent r="5" t="180" w="247" /><ent r="5" t="181" w="185" /><ent r="5" t="188" w="665" /><ent r="1000" t="227" w="1" /><ent r="102" t="227" w="5" /><ent r="3" t="227" w="13" /><ent r="4" t="227" w="71" /><ent r="5" t="227" w="115" /><ent r="4" t="227" w="125" /></phr><phr n="Option"><ent r="82" t="45" w="111" /><ent r="82" t="45" w="139" /><ent r="82" t="45" w="190" /><ent r="82" t="45" w="259" /><ent r="92" t="49" w="82" /><ent r="92" t="49" w="110" /><ent r="92" t="49" w="385" /><ent r="92" t="49" w="498" /><ent r="92" t="186" w="678" /><ent r="84" t="186" w="838" /><ent r="83" t="186" w="1213" /></phr><phr n="optional"><ent r="3" t="173" w="573" /><ent r="100" t="227" w="9" /><ent r="4" t="227" w="132" /><ent r="4" t="227" w="143" /></phr></stem></index>