<?xml version="1.0" encoding="utf-8"?><index><stem n="on"><phr n="one"><ent r="7" t="6" w="96" /><ent r="7" t="6" w="122" /><ent r="6" t="13" w="213" /><ent r="6" t="14" w="165" /><ent r="6" t="14" w="175" /><ent r="4" t="20" w="211" /><ent r="4" t="26" w="98" /><ent r="4" t="27" w="178" /><ent r="4" t="30" w="89" /><ent r="4" t="32" w="93" /><ent r="3" t="35" w="32" /><ent r="3" t="36" w="28" /><ent r="3" t="36" w="43" /><ent r="3" t="40" w="32" /><ent r="3" t="46" w="596" /><ent r="3" t="50" w="195" /><ent r="3" t="52" w="68" /><ent r="3" t="60" w="128" /><ent r="3" t="65" w="80" /><ent r="65" t="74" w="45" /><ent r="3" t="81" w="35" /><ent r="5" t="92" w="173" /><ent r="4" t="97" w="108" /><ent r="3" t="98" w="25" /><ent r="4" t="110" w="297" /><ent r="4" t="110" w="306" /><ent r="3" t="112" w="22" /><ent r="3" t="119" w="435" /><ent r="3" t="126" w="18" /><ent r="4" t="127" w="78" /><ent r="3" t="129" w="724" /><ent r="3" t="132" w="27" /><ent r="3" t="133" w="33" /><ent r="3" t="138" w="58" /><ent r="3" t="138" w="61" /><ent r="4" t="142" w="68" /><ent r="3" t="144" w="63" /><ent r="3" t="144" w="124" /><ent r="3" t="144" w="131" /><ent r="3" t="146" w="563" /><ent r="3" t="149" w="205" /><ent r="3" t="149" w="212" /><ent r="4" t="157" w="370" /><ent r="4" t="157" w="373" /><ent r="4" t="157" w="377" /><ent r="5" t="157" w="592" /><ent r="4" t="157" w="805" /><ent r="4" t="157" w="808" /><ent r="4" t="157" w="812" /><ent r="5" t="157" w="1027" /><ent r="3" t="169" w="27" /><ent r="5" t="169" w="208" /><ent r="3" t="169" w="337" /><ent r="5" t="169" w="625" /><ent r="3" t="171" w="242" /><ent r="4" t="171" w="581" /><ent r="4" t="171" w="593" /><ent r="3" t="172" w="90" /><ent r="3" t="172" w="117" /><ent r="3" t="174" w="239" /><ent r="3" t="174" w="261" /><ent r="4" t="177" w="213" /><ent r="4" t="178" w="169" /><ent r="4" t="178" w="179" /><ent r="3" t="179" w="60" /><ent r="3" t="179" w="68" /><ent r="4" t="179" w="179" /><ent r="4" t="181" w="132" /><ent r="3" t="182" w="93" /><ent r="4" t="182" w="300" /><ent r="4" t="186" w="1392" /><ent r="3" t="187" w="201" /><ent r="3" t="187" w="351" /><ent r="3" t="187" w="1528" /><ent r="4" t="187" w="1907" /><ent r="3" t="187" w="2643" /><ent r="3" t="188" w="1137" /><ent r="4" t="189" w="810" /><ent r="3" t="189" w="830" /><ent r="3" t="189" w="864" /><ent r="6" t="198" w="57" /><ent r="3" t="201" w="30" /><ent r="3" t="202" w="605" /><ent r="7" t="206" w="684" /><ent r="3" t="207" w="141" /><ent r="3" t="240" w="116" /><ent r="3" t="245" w="299" /><ent r="3" t="245" w="305" /><ent r="3" t="245" w="480" /></phr><phr n="One"><ent r="4" t="49" w="267" /><ent r="3" t="108" w="227" /><ent r="3" t="194" w="124" /><ent r="5" t="201" w="39" /><ent r="4" t="201" w="42" /></phr><phr n="ones"><ent r="5" t="91" w="231" /><ent r="5" t="157" w="646" /><ent r="5" t="157" w="1081" /><ent r="5" t="169" w="709" /></phr></stem><stem n="spatial"><phr n="spatial"><ent r="7" t="6" w="101" /><ent r="4" t="49" w="82" /><ent r="4" t="51" w="116" /><ent r="4" t="101" w="91" /><ent r="3" t="101" w="97" /><ent r="3" t="136" w="42" /><ent r="3" t="136" w="68" /><ent r="3" t="136" w="73" /><ent r="3" t="138" w="30" /><ent r="4" t="138" w="68" /><ent r="3" t="160" w="121" /><ent r="4" t="160" w="793" /><ent r="5" t="173" w="101" /><ent r="3" t="186" w="663" /><ent r="3" t="186" w="751" /><ent r="3" t="186" w="815" /><ent r="3" t="187" w="338" /><ent r="4" t="188" w="542" /><ent r="3" t="220" w="41" /><ent r="3" t="245" w="488" /><ent r="3" t="245" w="510" /></phr><phr n="Spatial"><ent r="5" t="92" w="345" /><ent r="67" t="92" w="363" /><ent r="1000" t="95" w="2" /><ent r="100" t="95" w="6" /><ent r="100" t="95" w="9" /><ent r="102" t="95" w="13" /><ent r="3" t="95" w="17" /><ent r="5" t="95" w="80" /><ent r="4" t="95" w="130" /><ent r="3" t="160" w="146" /><ent r="92" t="160" w="774" /><ent r="3" t="160" w="781" /><ent r="64" t="185" w="342" /><ent r="102" t="188" w="14" /><ent r="4" t="188" w="100" /><ent r="5" t="233" w="241" /><ent r="5" t="233" w="251" /><ent r="5" t="233" w="261" /><ent r="5" t="233" w="271" /><ent r="5" t="233" w="281" /><ent r="5" t="233" w="291" /><ent r="5" t="233" w="301" /><ent r="5" t="233" w="311" /></phr><phr n="spatially"><ent r="3" t="188" w="49" /></phr></stem><stem n="chip"><phr n="Chipping"><ent r="7" t="6" w="111" /><ent r="68" t="6" w="115" /><ent r="1000" t="51" w="2" /><ent r="100" t="51" w="10" /><ent r="102" t="51" w="14" /><ent r="3" t="51" w="19" /><ent r="3" t="51" w="60" /><ent r="3" t="51" w="110" /><ent r="5" t="51" w="140" /><ent r="3" t="51" w="155" /><ent r="5" t="51" w="438" /><ent r="100" t="186" w="85" /><ent r="4" t="186" w="89" /><ent r="4" t="186" w="294" /><ent r="92" t="186" w="2117" /><ent r="5" t="186" w="2130" /><ent r="3" t="186" w="2138" /><ent r="5" t="186" w="2209" /></phr><phr n="Chip"><ent r="64" t="16" w="42" /><ent r="3" t="51" w="162" /><ent r="5" t="51" w="199" /><ent r="64" t="113" w="284" /><ent r="1000" t="114" w="2" /><ent r="102" t="114" w="5" /><ent r="100" t="114" w="8" /><ent r="3" t="114" w="11" /><ent r="5" t="114" w="80" /><ent r="5" t="181" w="221" /><ent r="5" t="181" w="230" /><ent r="4" t="186" w="2150" /><ent r="4" t="186" w="2204" /></phr><phr n="chip"><ent r="100" t="51" w="5" /><ent r="3" t="51" w="26" /><ent r="3" t="51" w="37" /><ent r="3" t="51" w="47" /><ent r="3" t="51" w="77" /><ent r="4" t="51" w="182" /><ent r="4" t="51" w="217" /><ent r="4" t="51" w="235" /><ent r="3" t="51" w="287" /><ent r="4" t="51" w="454" /><ent r="4" t="51" w="465" /><ent r="4" t="51" w="473" /><ent r="4" t="51" w="487" /><ent r="3" t="51" w="527" /><ent r="3" t="51" w="534" /><ent r="3" t="51" w="572" /><ent r="3" t="51" w="586" /><ent r="3" t="51" w="602" /><ent r="3" t="51" w="621" /><ent r="3" t="113" w="272" /><ent r="3" t="114" w="15" /><ent r="3" t="114" w="43" /><ent r="4" t="114" w="66" /><ent r="3" t="182" w="66" /><ent r="4" t="186" w="2231" /><ent r="3" t="189" w="1392" /></phr><phr n="chips"><ent r="3" t="71" w="23" /><ent r="4" t="181" w="216" /><ent r="3" t="182" w="23" /></phr><phr n="chipped"><ent r="3" t="113" w="289" /><ent r="4" t="186" w="2347" /></phr><phr n="Chipped"><ent r="92" t="186" w="2314" /></phr></stem><stem n="allow"><phr n="Allows"><ent r="7" t="6" w="118" /><ent r="7" t="6" w="164" /><ent r="6" t="7" w="65" /><ent r="7" t="7" w="83" /><ent r="6" t="7" w="124" /><ent r="6" t="7" w="218" /><ent r="7" t="8" w="198" /><ent r="7" t="8" w="215" /><ent r="7" t="9" w="33" /><ent r="7" t="9" w="55" /><ent r="7" t="10" w="68" /><ent r="7" t="10" w="114" /><ent r="7" t="11" w="159" /><ent r="7" t="11" w="171" /><ent r="7" t="11" w="180" /><ent r="7" t="11" w="199" /><ent r="7" t="11" w="217" /><ent r="7" t="11" w="264" /><ent r="7" t="11" w="279" /><ent r="7" t="11" w="293" /><ent r="7" t="11" w="307" /><ent r="4" t="20" w="91" /><ent r="4" t="20" w="143" /><ent r="4" t="20" w="155" /><ent r="4" t="20" w="238" /><ent r="4" t="20" w="268" /><ent r="4" t="20" w="327" /><ent r="4" t="20" w="387" /><ent r="4" t="20" w="429" /><ent r="4" t="20" w="451" /><ent r="4" t="20" w="471" /><ent r="4" t="25" w="34" /><ent r="4" t="25" w="82" /><ent r="4" t="25" w="120" /><ent r="4" t="25" w="169" /><ent r="4" t="25" w="196" /><ent r="4" t="25" w="220" /><ent r="4" t="26" w="29" /><ent r="4" t="26" w="61" /><ent r="4" t="26" w="91" /><ent r="4" t="29" w="34" /><ent r="4" t="29" w="53" /><ent r="4" t="29" w="101" /><ent r="4" t="29" w="143" /><ent r="4" t="29" w="201" /><ent r="4" t="29" w="255" /><ent r="7" t="41" w="165" /><ent r="4" t="42" w="88" /><ent r="4" t="42" w="113" /><ent r="4" t="42" w="146" /><ent r="4" t="42" w="169" /><ent r="4" t="42" w="209" /><ent r="3" t="66" w="112" /><ent r="3" t="66" w="124" /><ent r="3" t="66" w="139" /><ent r="3" t="66" w="171" /><ent r="7" t="92" w="326" /><ent r="4" t="93" w="64" /><ent r="4" t="93" w="74" /><ent r="5" t="197" w="251" /><ent r="7" t="206" w="547" /><ent r="7" t="206" w="602" /><ent r="6" t="237" w="171" /><ent r="6" t="237" w="256" /><ent r="6" t="237" w="279" /><ent r="6" t="237" w="341" /><ent r="6" t="237" w="555" /><ent r="6" t="237" w="588" /><ent r="5" t="237" w="607" /><ent r="6" t="237" w="654" /></phr><phr n="allows"><ent r="6" t="7" w="204" /><ent r="3" t="33" w="20" /><ent r="3" t="34" w="12" /><ent r="3" t="37" w="8" /><ent r="3" t="38" w="13" /><ent r="7" t="41" w="150" /><ent r="3" t="50" w="21" /><ent r="3" t="50" w="61" /><ent r="3" t="51" w="21" /><ent r="4" t="51" w="450" /><ent r="3" t="61" w="25" /><ent r="4" t="62" w="17" /><ent r="3" t="66" w="26" /><ent r="3" t="66" w="191" /><ent r="3" t="79" w="233" /><ent r="3" t="85" w="29" /><ent r="3" t="87" w="234" /><ent r="7" t="92" w="697" /><ent r="3" t="94" w="19" /><ent r="3" t="95" w="19" /><ent r="3" t="96" w="12" /><ent r="3" t="97" w="16" /><ent r="3" t="105" w="25" /><ent r="3" t="106" w="31" /><ent r="3" t="111" w="238" /><ent r="3" t="112" w="10" /><ent r="3" t="119" w="43" /><ent r="4" t="121" w="106" /><ent r="3" t="121" w="204" /><ent r="3" t="127" w="24" /><ent r="3" t="127" w="134" /><ent r="3" t="128" w="38" /><ent r="8" t="129" w="427" /><ent r="3" t="129" w="642" /><ent r="3" t="134" w="40" /><ent r="3" t="134" w="71" /><ent r="3" t="134" w="92" /><ent r="3" t="138" w="18" /><ent r="3" t="140" w="29" /><ent r="3" t="152" w="186" /><ent r="3" t="158" w="225" /><ent r="3" t="159" w="199" /><ent r="3" t="160" w="510" /><ent r="3" t="160" w="689" /><ent r="3" t="161" w="483" /><ent r="3" t="161" w="662" /><ent r="3" t="162" w="29" /><ent r="3" t="162" w="480" /><ent r="3" t="162" w="659" /><ent r="3" t="162" w="768" /><ent r="5" t="171" w="313" /><ent r="3" t="171" w="399" /><ent r="3" t="186" w="1524" /><ent r="4" t="186" w="1672" /><ent r="3" t="186" w="1782" /><ent r="4" t="188" w="537" /><ent r="3" t="188" w="743" /><ent r="3" t="192" w="125" /><ent r="3" t="192" w="141" /><ent r="3" t="193" w="91" /><ent r="4" t="193" w="122" /><ent r="4" t="193" w="146" /><ent r="3" t="193" w="1019" /><ent r="3" t="194" w="81" /><ent r="3" t="202" w="459" /><ent r="3" t="220" w="610" /><ent r="3" t="220" w="794" /><ent r="3" t="230" w="20" /><ent r="6" t="237" w="224" /><ent r="6" t="237" w="509" /></phr><phr n="Allow"><ent r="7" t="8" w="179" /><ent r="5" t="147" w="232" /></phr><phr n="allowing"><ent r="3" t="19" w="169" /></phr><phr n="allow"><ent r="3" t="41" w="14" /><ent r="3" t="42" w="14" /><ent r="3" t="50" w="47" /><ent r="4" t="60" w="54" /><ent r="4" t="60" w="92" /><ent r="3" t="92" w="113" /><ent r="3" t="119" w="151" /><ent r="3" t="129" w="617" /><ent r="4" t="157" w="265" /><ent r="4" t="177" w="180" /><ent r="3" t="186" w="745" /><ent r="3" t="188" w="1200" /><ent r="3" t="194" w="900" /><ent r="4" t="194" w="1353" /><ent r="3" t="199" w="109" /><ent r="3" t="236" w="16" /></phr><phr n="allowed"><ent r="3" t="83" w="230" /></phr></stem><stem n="link"><phr n="link"><ent r="7" t="6" w="121" /><ent r="3" t="33" w="74" /><ent r="100" t="50" w="6" /><ent r="100" t="50" w="9" /><ent r="3" t="50" w="24" /><ent r="3" t="50" w="50" /><ent r="3" t="50" w="73" /><ent r="3" t="50" w="181" /><ent r="3" t="50" w="198" /><ent r="4" t="50" w="211" /><ent r="3" t="50" w="240" /><ent r="4" t="50" w="304" /><ent r="5" t="92" w="180" /><ent r="3" t="187" w="68" /><ent r="100" t="187" w="113" /><ent r="3" t="187" w="332" /><ent r="3" t="194" w="84" /></phr><phr n="Link"><ent r="68" t="6" w="128" /><ent r="1000" t="50" w="1" /><ent r="102" t="50" w="14" /><ent r="3" t="50" w="18" /><ent r="3" t="50" w="45" /><ent r="5" t="50" w="93" /><ent r="3" t="50" w="107" /><ent r="4" t="50" w="113" /><ent r="4" t="187" w="116" /><ent r="4" t="187" w="326" /><ent r="4" t="187" w="2374" /><ent r="4" t="187" w="2387" /><ent r="4" t="187" w="2418" /><ent r="4" t="187" w="2463" /><ent r="4" t="187" w="2539" /></phr><phr n="linking"><ent r="4" t="50" w="308" /><ent r="4" t="187" w="2473" /><ent r="4" t="187" w="2483" /></phr><phr n="links"><ent r="3" t="185" w="311" /><ent r="3" t="205" w="119" /></phr><phr n="Linking"><ent r="64" t="185" w="330" /><ent r="102" t="187" w="26" /><ent r="92" t="187" w="2316" /><ent r="4" t="187" w="2493" /></phr><phr n="Links"><ent r="4" t="187" w="2426" /></phr><phr n="linked"><ent r="4" t="187" w="2455" /></phr></stem><stem n="anoth"><phr n="another"><ent r="7" t="6" w="126" /><ent r="3" t="21" w="96" /><ent r="3" t="52" w="54" /><ent r="3" t="112" w="448" /><ent r="3" t="132" w="34" /><ent r="3" t="172" w="118" /><ent r="4" t="177" w="228" /><ent r="3" t="187" w="1527" /><ent r="4" t="187" w="1914" /><ent r="4" t="187" w="2457" /><ent r="3" t="187" w="2647" /><ent r="4" t="188" w="876" /><ent r="4" t="188" w="901" /><ent r="4" t="188" w="1272" /><ent r="3" t="188" w="1502" /><ent r="4" t="191" w="966" /><ent r="3" t="202" w="466" /><ent r="3" t="245" w="484" /></phr><phr n="Another"><ent r="3" t="190" w="345" /></phr></stem><stem n="/unlink"><phr n="/Unlink"><ent r="68" t="6" w="129" /><ent r="1000" t="50" w="2" /><ent r="102" t="50" w="15" /><ent r="3" t="50" w="19" /><ent r="3" t="50" w="46" /><ent r="3" t="50" w="108" /><ent r="4" t="50" w="114" /><ent r="4" t="187" w="2375" /><ent r="4" t="187" w="2388" /><ent r="4" t="187" w="2419" /><ent r="4" t="187" w="2540" /></phr></stem><stem n="link/unlink"><phr n="Link/Unlink"><ent r="68" t="6" w="129" /><ent r="68" t="6" w="128" /><ent r="1000" t="50" w="2" /><ent r="1000" t="50" w="1" /><ent r="102" t="50" w="15" /><ent r="102" t="50" w="14" /><ent r="3" t="50" w="19" /><ent r="3" t="50" w="18" /><ent r="3" t="50" w="46" /><ent r="3" t="50" w="45" /><ent r="5" t="50" w="94" /><ent r="5" t="50" w="93" /><ent r="3" t="50" w="108" /><ent r="3" t="50" w="107" /><ent r="4" t="50" w="114" /><ent r="4" t="50" w="113" /><ent r="4" t="187" w="2375" /><ent r="4" t="187" w="2374" /><ent r="4" t="187" w="2388" /><ent r="4" t="187" w="2387" /><ent r="4" t="187" w="2419" /><ent r="4" t="187" w="2418" /><ent r="4" t="187" w="2540" /><ent r="4" t="187" w="2539" /></phr></stem><stem n="unlink"><phr n="Unlink"><ent r="68" t="6" w="129" /><ent r="1000" t="50" w="2" /><ent r="102" t="50" w="15" /><ent r="3" t="50" w="19" /><ent r="3" t="50" w="46" /><ent r="5" t="50" w="94" /><ent r="3" t="50" w="108" /><ent r="4" t="50" w="114" /><ent r="5" t="50" w="230" /><ent r="4" t="187" w="2375" /><ent r="4" t="187" w="2388" /><ent r="4" t="187" w="2419" /><ent r="4" t="187" w="2540" /></phr><phr n="unlink"><ent r="100" t="50" w="12" /></phr></stem><stem n="edit"><phr n="Edit"><ent r="5" t="6" w="131" /><ent r="66" t="6" w="145" /><ent r="5" t="6" w="150" /><ent r="66" t="6" w="161" /><ent r="68" t="8" w="241" /><ent r="68" t="9" w="64" /><ent r="68" t="10" w="79" /><ent r="6" t="40" w="110" /><ent r="67" t="40" w="117" /><ent r="3" t="40" w="137" /><ent r="1000" t="43" w="1" /><ent r="102" t="43" w="5" /><ent r="3" t="43" w="29" /><ent r="64" t="49" w="217" /><ent r="1000" t="58" w="2" /><ent r="102" t="58" w="6" /><ent r="3" t="58" w="11" /><ent r="3" t="58" w="45" /><ent r="3" t="58" w="70" /><ent r="64" t="64" w="144" /><ent r="65" t="67" w="246" /><ent r="65" t="67" w="288" /><ent r="65" t="69" w="253" /><ent r="4" t="76" w="149" /><ent r="64" t="97" w="276" /><ent r="1000" t="98" w="2" /><ent r="102" t="98" w="7" /><ent r="5" t="98" w="105" /><ent r="64" t="98" w="177" /><ent r="64" t="108" w="203" /><ent r="65" t="110" w="455" /><ent r="4" t="115" w="108" /><ent r="4" t="119" w="190" /><ent r="68" t="120" w="220" /><ent r="64" t="129" w="284" /><ent r="1000" t="130" w="2" /><ent r="102" t="130" w="25" /><ent r="4" t="130" w="392" /><ent r="5" t="131" w="47" /><ent r="64" t="134" w="128" /><ent r="64" t="135" w="226" /><ent r="64" t="136" w="119" /><ent r="1000" t="138" w="1" /><ent r="102" t="138" w="9" /><ent r="3" t="138" w="14" /><ent r="5" t="138" w="81" /><ent r="64" t="152" w="161" /><ent r="64" t="153" w="197" /><ent r="64" t="158" w="200" /><ent r="64" t="159" w="174" /><ent r="64" t="162" w="267" /><ent r="64" t="163" w="158" /><ent r="64" t="164" w="222" /><ent r="64" t="165" w="230" /><ent r="64" t="168" w="171" /><ent r="4" t="191" w="938" /><ent r="4" t="193" w="57" /><ent r="82" t="193" w="712" /><ent r="4" t="193" w="994" /><ent r="1000" t="196" w="1" /><ent r="102" t="196" w="10" /><ent r="4" t="220" w="216" /><ent r="4" t="220" w="233" /><ent r="4" t="220" w="331" /><ent r="4" t="220" w="348" /><ent r="5" t="233" w="136" /><ent r="6" t="237" w="25" /><ent r="67" t="237" w="190" /><ent r="67" t="237" w="359" /><ent r="67" t="237" w="570" /><ent r="92" t="238" w="170" /><ent r="5" t="238" w="206" /><ent r="3" t="238" w="211" /><ent r="4" t="238" w="219" /><ent r="92" t="239" w="116" /><ent r="4" t="239" w="141" /><ent r="4" t="239" w="145" /><ent r="1000" t="246" w="3" /><ent r="100" t="246" w="18" /><ent r="100" t="246" w="25" /><ent r="102" t="246" w="30" /><ent r="3" t="246" w="41" /><ent r="3" t="248" w="41" /><ent r="7" t="248" w="86" /><ent r="68" t="248" w="107" /><ent r="6" t="250" w="32" /><ent r="6" t="250" w="35" /></phr><phr n="edit"><ent r="5" t="6" w="142" /><ent r="5" t="6" w="157" /><ent r="7" t="10" w="117" /><ent r="6" t="13" w="214" /><ent r="3" t="18" w="170" /><ent r="4" t="21" w="319" /><ent r="3" t="28" w="102" /><ent r="100" t="43" w="9" /><ent r="64" t="43" w="24" /><ent r="82" t="46" w="493" /><ent r="4" t="46" w="509" /><ent r="3" t="58" w="26" /><ent r="3" t="58" w="53" /><ent r="3" t="58" w="66" /><ent r="3" t="76" w="39" /><ent r="3" t="76" w="93" /><ent r="4" t="76" w="107" /><ent r="4" t="76" w="165" /><ent r="3" t="85" w="36" /><ent r="3" t="85" w="198" /><ent r="4" t="85" w="210" /><ent r="7" t="92" w="331" /><ent r="4" t="93" w="123" /><ent r="3" t="97" w="268" /><ent r="3" t="98" w="22" /><ent r="100" t="98" w="42" /><ent r="100" t="98" w="48" /><ent r="3" t="98" w="171" /><ent r="3" t="115" w="92" /><ent r="3" t="119" w="47" /><ent r="3" t="119" w="157" /><ent r="3" t="122" w="23" /><ent r="100" t="130" w="10" /><ent r="3" t="130" w="368" /><ent r="4" t="130" w="410" /><ent r="3" t="134" w="95" /><ent r="100" t="138" w="5" /><ent r="3" t="138" w="21" /><ent r="3" t="138" w="51" /><ent r="3" t="161" w="49" /><ent r="3" t="161" w="765" /><ent r="3" t="161" w="781" /><ent r="3" t="162" w="771" /><ent r="3" t="162" w="818" /><ent r="4" t="163" w="117" /><ent r="3" t="166" w="134" /><ent r="3" t="167" w="225" /><ent r="4" t="193" w="149" /><ent r="100" t="196" w="5" /><ent r="100" t="196" w="7" /><ent r="3" t="215" w="117" /><ent r="3" t="215" w="133" /><ent r="3" t="218" w="25" /><ent r="3" t="220" w="93" /><ent r="4" t="220" w="245" /><ent r="4" t="220" w="360" /><ent r="3" t="234" w="174" /><ent r="6" t="237" w="137" /><ent r="6" t="237" w="512" /><ent r="6" t="237" w="591" /><ent r="3" t="238" w="22" /><ent r="3" t="238" w="238" /><ent r="3" t="239" w="10" /><ent r="6" t="250" w="42" /><ent r="6" t="250" w="55" /><ent r="6" t="250" w="67" /><ent r="6" t="250" w="80" /><ent r="6" t="250" w="92" /><ent r="6" t="250" w="105" /><ent r="6" t="250" w="117" /><ent r="6" t="250" w="130" /><ent r="5" t="250" w="143" /><ent r="5" t="250" w="155" /><ent r="5" t="250" w="167" /><ent r="5" t="250" w="180" /><ent r="6" t="250" w="192" /><ent r="6" t="250" w="204" /><ent r="6" t="250" w="227" /><ent r="6" t="250" w="236" /><ent r="6" t="250" w="376" /><ent r="6" t="250" w="395" /><ent r="6" t="250" w="413" /><ent r="6" t="250" w="432" /><ent r="6" t="250" w="450" /><ent r="6" t="250" w="469" /><ent r="6" t="250" w="487" /><ent r="6" t="250" w="506" /><ent r="5" t="250" w="525" /><ent r="5" t="250" w="543" /><ent r="5" t="250" w="561" /><ent r="5" t="250" w="580" /><ent r="6" t="250" w="598" /><ent r="6" t="250" w="616" /><ent r="6" t="250" w="634" /><ent r="6" t="250" w="652" /><ent r="6" t="250" w="667" /></phr><phr n="editing"><ent r="64" t="83" w="197" /><ent r="3" t="98" w="184" /><ent r="3" t="119" w="126" /><ent r="4" t="171" w="1070" /><ent r="3" t="191" w="840" /><ent r="3" t="218" w="37" /><ent r="3" t="245" w="245" /></phr><phr n="Edits"><ent r="7" t="120" w="212" /></phr><phr n="edited"><ent r="3" t="168" w="52" /><ent r="3" t="170" w="40" /><ent r="3" t="215" w="115" /><ent r="3" t="215" w="139" /><ent r="3" t="220" w="412" /></phr><phr n="Edition"><ent r="5" t="206" w="67" /></phr><phr n="edits"><ent r="4" t="222" w="336" /></phr></stem><stem n="turn"><phr n="Turns"><ent r="5" t="6" w="134" /></phr><phr n="turn"><ent r="7" t="10" w="98" /><ent r="3" t="40" w="130" /><ent r="3" t="43" w="14" /><ent r="3" t="58" w="63" /><ent r="3" t="100" w="54" /><ent r="3" t="148" w="346" /><ent r="3" t="168" w="41" /><ent r="3" t="168" w="176" /><ent r="3" t="187" w="368" /><ent r="3" t="187" w="701" /><ent r="4" t="223" w="263" /><ent r="4" t="230" w="108" /></phr><phr n="Turning"><ent r="3" t="88" w="134" /></phr><phr n="turns"><ent r="3" t="88" w="140" /><ent r="3" t="195" w="1022" /></phr><phr n="Turn"><ent r="92" t="100" w="49" /><ent r="92" t="187" w="674" /></phr><phr n="turned"><ent r="4" t="111" w="401" /></phr></stem><stem n="put"><phr n="Puts"><ent r="5" t="6" w="152" /></phr><phr n="puts"><ent r="3" t="58" w="21" /></phr><phr n="put"><ent r="3" t="127" w="357" /></phr></stem><stem n="-in,"><phr n="-in,"><ent r="7" t="6" w="173" /><ent r="7" t="6" w="173" /><ent r="3" t="106" w="82" /><ent r="3" t="106" w="82" /><ent r="4" t="106" w="195" /><ent r="4" t="106" w="195" /><ent r="3" t="112" w="393" /><ent r="3" t="112" w="393" /><ent r="3" t="112" w="407" /><ent r="3" t="112" w="407" /><ent r="3" t="112" w="435" /><ent r="3" t="112" w="435" /><ent r="3" t="112" w="451" /><ent r="3" t="112" w="451" /><ent r="3" t="160" w="23" /><ent r="3" t="160" w="23" /><ent r="3" t="160" w="34" /><ent r="3" t="160" w="34" /><ent r="3" t="160" w="311" /><ent r="3" t="160" w="311" /><ent r="3" t="170" w="106" /><ent r="3" t="170" w="106" /><ent r="3" t="170" w="128" /><ent r="3" t="170" w="128" /><ent r="4" t="178" w="282" /><ent r="4" t="178" w="282" /><ent r="3" t="185" w="139" /><ent r="3" t="185" w="139" /><ent r="3" t="194" w="1003" /><ent r="3" t="194" w="1003" /></phr><phr n="-In,"><ent r="3" t="171" w="210" /><ent r="3" t="171" w="210" /></phr></stem><stem n="element"><phr n="elements"><ent r="7" t="6" w="176" /><ent r="3" t="79" w="342" /><ent r="3" t="113" w="14" /><ent r="3" t="113" w="33" /><ent r="4" t="113" w="187" /><ent r="3" t="113" w="277" /><ent r="3" t="114" w="21" /><ent r="3" t="114" w="124" /><ent r="3" t="161" w="69" /><ent r="3" t="161" w="194" /><ent r="3" t="196" w="25" /></phr><phr n="element"><ent r="4" t="24" w="34" /><ent r="4" t="24" w="42" /><ent r="4" t="27" w="109" /><ent r="100" t="31" w="14" /><ent r="3" t="31" w="24" /><ent r="3" t="31" w="79" /><ent r="4" t="55" w="128" /><ent r="4" t="70" w="88" /><ent r="3" t="113" w="25" /><ent r="3" t="113" w="38" /><ent r="3" t="113" w="62" /><ent r="3" t="113" w="71" /><ent r="3" t="113" w="294" /><ent r="3" t="129" w="29" /><ent r="3" t="141" w="177" /><ent r="3" t="160" w="25" /><ent r="3" t="160" w="36" /><ent r="3" t="160" w="313" /><ent r="3" t="161" w="289" /><ent r="3" t="161" w="760" /><ent r="4" t="183" w="43" /><ent r="4" t="183" w="80" /><ent r="4" t="183" w="110" /><ent r="4" t="183" w="146" /><ent r="3" t="202" w="182" /><ent r="4" t="202" w="422" /><ent r="4" t="220" w="295" /><ent r="3" t="220" w="401" /><ent r="3" t="220" w="408" /><ent r="3" t="220" w="424" /><ent r="3" t="238" w="321" /></phr><phr n="Elements"><ent r="4" t="27" w="112" /><ent r="5" t="45" w="49" /><ent r="3" t="79" w="88" /><ent r="92" t="79" w="333" /><ent r="3" t="79" w="337" /><ent r="64" t="160" w="875" /><ent r="1000" t="161" w="2" /><ent r="100" t="161" w="6" /><ent r="100" t="161" w="11" /><ent r="102" t="161" w="14" /><ent r="3" t="161" w="19" /><ent r="3" t="161" w="77" /><ent r="4" t="161" w="91" /><ent r="3" t="161" w="941" /><ent r="6" t="192" w="525" /><ent r="3" t="202" w="170" /><ent r="5" t="202" w="415" /><ent r="65" t="202" w="449" /><ent r="4" t="220" w="298" /><ent r="64" t="238" w="15" /><ent r="64" t="250" w="19" /></phr><phr n="Element"><ent r="1000" t="31" w="4" /><ent r="102" t="31" w="9" /><ent r="5" t="92" w="591" /><ent r="5" t="149" w="78" /><ent r="5" t="169" w="252" /><ent r="5" t="187" w="748" /><ent r="5" t="188" w="1260" /><ent r="5" t="191" w="1113" /><ent r="3" t="194" w="995" /><ent r="3" t="194" w="1015" /><ent r="3" t="194" w="1018" /><ent r="3" t="194" w="1034" /><ent r="7" t="194" w="1143" /><ent r="7" t="195" w="992" /><ent r="3" t="195" w="1000" /><ent r="3" t="195" w="1005" /><ent r="3" t="195" w="1009" /><ent r="82" t="202" w="320" /><ent r="3" t="202" w="324" /><ent r="4" t="202" w="456" /><ent r="82" t="216" w="138" /><ent r="3" t="216" w="142" /><ent r="64" t="216" w="217" /></phr></stem><stem n="/menu"><phr n="/Menu"><ent r="6" t="7" w="14" /><ent r="7" t="11" w="90" /></phr></stem><stem n="button/menu"><phr n="Button/Menu"><ent r="6" t="7" w="14" /><ent r="6" t="7" w="13" /><ent r="7" t="11" w="90" /><ent r="7" t="11" w="89" /></phr></stem><stem n="must"><phr n="must"><ent r="6" t="7" w="38" /><ent r="6" t="7" w="53" /><ent r="3" t="13" w="32" /><ent r="3" t="19" w="78" /><ent r="4" t="20" w="400" /><ent r="3" t="21" w="210" /><ent r="3" t="22" w="53" /><ent r="4" t="27" w="63" /><ent r="4" t="29" w="231" /><ent r="4" t="32" w="98" /><ent r="3" t="45" w="29" /><ent r="4" t="50" w="160" /><ent r="3" t="60" w="124" /><ent r="3" t="65" w="57" /><ent r="3" t="89" w="178" /><ent r="3" t="98" w="31" /><ent r="4" t="110" w="498" /><ent r="3" t="112" w="259" /><ent r="6" t="115" w="13" /><ent r="3" t="116" w="33" /><ent r="3" t="123" w="151" /><ent r="3" t="133" w="167" /><ent r="3" t="134" w="85" /><ent r="3" t="138" w="56" /><ent r="3" t="141" w="172" /><ent r="5" t="171" w="182" /><ent r="3" t="171" w="424" /><ent r="3" t="178" w="35" /><ent r="4" t="178" w="49" /><ent r="4" t="187" w="1161" /><ent r="4" t="187" w="1546" /><ent r="4" t="189" w="806" /><ent r="3" t="189" w="826" /><ent r="4" t="190" w="676" /><ent r="4" t="193" w="134" /><ent r="4" t="193" w="182" /><ent r="3" t="194" w="881" /><ent r="3" t="194" w="1266" /><ent r="3" t="194" w="1307" /><ent r="3" t="194" w="1468" /><ent r="3" t="195" w="1083" /><ent r="3" t="195" w="1125" /><ent r="4" t="201" w="143" /><ent r="3" t="202" w="476" /><ent r="3" t="206" w="23" /><ent r="3" t="220" w="92" /><ent r="3" t="220" w="410" /><ent r="3" t="222" w="55" /><ent r="4" t="226" w="221" /><ent r="6" t="237" w="292" /><ent r="3" t="245" w="296" /></phr><phr n="Must"><ent r="4" t="204" w="143" /></phr></stem></index>