﻿<?xml version="1.0" encoding="utf-8"?><index><stem n="within"><phr n="within"><ent r="5" t="13" w="74" /><ent r="3" t="21" w="349" /><ent r="4" t="41" w="197" /><ent r="4" t="59" w="60" /><ent r="3" t="77" w="16" /><ent r="3" t="77" w="75" /><ent r="3" t="82" w="237" /><ent r="3" t="112" w="18" /><ent r="3" t="113" w="22" /><ent r="3" t="113" w="117" /><ent r="5" t="119" w="206" /><ent r="5" t="156" w="457" /><ent r="5" t="156" w="892" /><ent r="4" t="157" w="435" /><ent r="5" t="168" w="494" /><ent r="3" t="175" w="21" /><ent r="3" t="185" w="747" /><ent r="3" t="185" w="842" /><ent r="3" t="185" w="1007" /><ent r="4" t="185" w="1563" /><ent r="4" t="185" w="1632" /><ent r="3" t="186" w="295" /><ent r="4" t="186" w="2433" /><ent r="3" t="186" w="3247" /><ent r="3" t="187" w="80" /><ent r="4" t="187" w="971" /><ent r="3" t="193" w="257" /><ent r="4" t="196" w="57" /><ent r="4" t="232" w="93" /><ent r="3" t="233" w="227" /><ent r="3" t="233" w="259" /><ent r="3" t="233" w="451" /><ent r="3" t="236" w="235" /><ent r="7" t="237" w="135" /></phr><phr n="Within"><ent r="3" t="185" w="116" /></phr></stem><stem n="unselect"><phr n="unselected"><ent r="5" t="13" w="79" /></phr></stem><stem n="exist"><phr n="existing"><ent r="5" t="13" w="82" /><ent r="3" t="27" w="36" /><ent r="3" t="27" w="46" /><ent r="4" t="27" w="176" /><ent r="4" t="27" w="607" /><ent r="4" t="54" w="148" /><ent r="3" t="59" w="134" /><ent r="4" t="61" w="133" /><ent r="65" t="73" w="64" /><ent r="3" t="79" w="125" /><ent r="4" t="81" w="80" /><ent r="3" t="84" w="40" /><ent r="3" t="84" w="288" /><ent r="3" t="97" w="24" /><ent r="3" t="115" w="22" /><ent r="7" t="119" w="58" /><ent r="100" t="121" w="13" /><ent r="3" t="121" w="19" /><ent r="4" t="126" w="56" /><ent r="4" t="126" w="327" /><ent r="3" t="136" w="21" /><ent r="3" t="138" w="40" /><ent r="3" t="170" w="237" /><ent r="5" t="170" w="318" /><ent r="3" t="170" w="998" /><ent r="4" t="193" w="1463" /><ent r="3" t="193" w="1635" /><ent r="3" t="193" w="1684" /><ent r="3" t="203" w="23" /><ent r="6" t="226" w="659" /><ent r="3" t="233" w="247" /><ent r="3" t="236" w="287" /><ent r="100" t="239" w="115" /><ent r="7" t="239" w="120" /></phr><phr n="exist"><ent r="4" t="20" w="375" /><ent r="3" t="45" w="60" /><ent r="3" t="126" w="487" /><ent r="4" t="187" w="1289" /><ent r="3" t="189" w="138" /><ent r="3" t="190" w="128" /></phr><phr n="exists"><ent r="3" t="170" w="993" /><ent r="3" t="187" w="1128" /><ent r="4" t="187" w="1340" /></phr></stem><stem n="/hide"><phr n="/Hide"><ent r="7" t="13" w="86" /><ent r="5" t="13" w="99" /><ent r="5" t="13" w="116" /><ent r="7" t="13" w="131" /><ent r="64" t="54" w="235" /><ent r="64" t="55" w="102" /><ent r="1000" t="58" w="2" /><ent r="102" t="58" w="6" /></phr></stem><stem n="show/hid"><phr n="Show/Hide"><ent r="7" t="13" w="86" /><ent r="7" t="13" w="85" /><ent r="5" t="13" w="99" /><ent r="5" t="13" w="98" /><ent r="5" t="13" w="116" /><ent r="5" t="13" w="115" /><ent r="7" t="13" w="131" /><ent r="7" t="13" w="130" /><ent r="64" t="54" w="235" /><ent r="64" t="54" w="234" /><ent r="64" t="55" w="102" /><ent r="64" t="55" w="101" /><ent r="1000" t="58" w="2" /><ent r="1000" t="58" w="1" /><ent r="102" t="58" w="6" /><ent r="102" t="58" w="5" /></phr></stem><stem n="next"><phr n="next"><ent r="5" t="13" w="109" /><ent r="5" t="13" w="124" /><ent r="3" t="18" w="193" /><ent r="4" t="45" w="396" /><ent r="3" t="95" w="155" /><ent r="3" t="97" w="190" /><ent r="4" t="107" w="160" /><ent r="4" t="108" w="102" /><ent r="4" t="109" w="115" /><ent r="4" t="109" w="131" /><ent r="4" t="110" w="116" /><ent r="4" t="110" w="132" /><ent r="3" t="126" w="99" /><ent r="4" t="126" w="295" /><ent r="4" t="126" w="416" /><ent r="4" t="126" w="573" /><ent r="3" t="128" w="582" /><ent r="3" t="128" w="658" /><ent r="4" t="145" w="107" /><ent r="4" t="145" w="151" /><ent r="4" t="145" w="369" /><ent r="3" t="145" w="488" /><ent r="3" t="145" w="588" /><ent r="3" t="145" w="662" /><ent r="4" t="147" w="72" /><ent r="4" t="150" w="111" /><ent r="4" t="151" w="111" /><ent r="4" t="152" w="125" /><ent r="4" t="153" w="120" /><ent r="4" t="154" w="113" /><ent r="4" t="155" w="111" /><ent r="4" t="156" w="107" /><ent r="4" t="157" w="108" /><ent r="4" t="158" w="118" /><ent r="3" t="176" w="65" /><ent r="4" t="178" w="295" /><ent r="3" t="179" w="67" /><ent r="4" t="186" w="1922" /><ent r="4" t="186" w="2504" /><ent r="4" t="188" w="1053" /><ent r="3" t="193" w="908" /><ent r="3" t="193" w="1028" /><ent r="3" t="194" w="847" /><ent r="3" t="194" w="1049" /><ent r="4" t="196" w="93" /><ent r="3" t="214" w="31" /><ent r="3" t="214" w="108" /><ent r="3" t="214" w="127" /><ent r="3" t="216" w="125" /><ent r="4" t="222" w="126" /><ent r="4" t="222" w="143" /><ent r="4" t="224" w="112" /></phr><phr n="Next"><ent r="3" t="95" w="146" /><ent r="5" t="179" w="142" /><ent r="5" t="223" w="244" /></phr></stem><stem n="endpoint"><phr n="endpoints"><ent r="7" t="13" w="159" /><ent r="7" t="60" w="139" /><ent r="7" t="198" w="66" /><ent r="3" t="230" w="27" /></phr><phr n="endpoint"><ent r="7" t="198" w="172" /></phr></stem><stem n="effect"><phr n="effects"><ent r="7" t="13" w="161" /><ent r="7" t="13" w="190" /><ent r="3" t="229" w="32" /><ent r="3" t="230" w="29" /></phr><phr n="effect"><ent r="3" t="110" w="186" /><ent r="4" t="110" w="289" /><ent r="3" t="126" w="97" /><ent r="5" t="156" w="633" /><ent r="5" t="156" w="667" /><ent r="5" t="156" w="1068" /><ent r="5" t="156" w="1102" /><ent r="5" t="168" w="666" /><ent r="5" t="168" w="695" /><ent r="3" t="185" w="1829" /><ent r="3" t="193" w="1728" /></phr></stem><stem n="(right"><phr n="(right"><ent r="6" t="13" w="203" /><ent r="3" t="185" w="1338" /></phr></stem><stem n="time"><phr n="time"><ent r="6" t="13" w="221" /><ent r="7" t="14" w="407" /><ent r="6" t="14" w="469" /><ent r="3" t="33" w="78" /><ent r="3" t="47" w="33" /><ent r="3" t="49" w="326" /><ent r="4" t="59" w="112" /><ent r="3" t="77" w="56" /><ent r="3" t="81" w="41" /><ent r="3" t="82" w="453" /><ent r="3" t="103" w="124" /><ent r="3" t="111" w="263" /><ent r="3" t="112" w="48" /><ent r="3" t="114" w="45" /><ent r="3" t="118" w="66" /><ent r="3" t="126" w="100" /><ent r="4" t="126" w="296" /><ent r="4" t="126" w="417" /><ent r="4" t="126" w="574" /><ent r="3" t="128" w="190" /><ent r="4" t="143" w="112" /><ent r="3" t="143" w="128" /><ent r="3" t="143" w="135" /><ent r="6" t="143" w="148" /><ent r="6" t="143" w="154" /><ent r="6" t="143" w="162" /><ent r="6" t="143" w="168" /><ent r="6" t="143" w="178" /><ent r="6" t="143" w="184" /><ent r="3" t="145" w="31" /><ent r="3" t="145" w="573" /><ent r="4" t="156" w="214" /><ent r="3" t="170" w="41" /><ent r="4" t="177" w="272" /><ent r="3" t="188" w="760" /><ent r="4" t="188" w="1681" /><ent r="4" t="195" w="153" /><ent r="7" t="202" w="483" /><ent r="4" t="216" w="471" /></phr><phr n="times"><ent r="3" t="49" w="44" /><ent r="5" t="186" w="1478" /><ent r="4" t="186" w="1653" /><ent r="4" t="190" w="938" /><ent r="5" t="194" w="159" /><ent r="3" t="200" w="77" /></phr><phr n="Time"><ent r="6" t="143" w="137" /><ent r="5" t="195" w="143" /><ent r="4" t="195" w="164" /></phr></stem><stem n=":anim"><phr n=":Animation"><ent r="100" t="14" w="13" /></phr><phr n=":animation"><ent r="100" t="140" w="8" /><ent r="100" t="142" w="11" /></phr></stem><stem n="how"><phr n="how"><ent r="3" t="14" w="27" /><ent r="3" t="21" w="400" /><ent r="4" t="48" w="252" /><ent r="3" t="97" w="196" /><ent r="3" t="105" w="91" /><ent r="3" t="107" w="212" /><ent r="3" t="110" w="242" /><ent r="3" t="110" w="331" /><ent r="3" t="143" w="17" /><ent r="4" t="150" w="149" /><ent r="4" t="154" w="151" /><ent r="5" t="156" w="179" /><ent r="5" t="156" w="519" /><ent r="5" t="156" w="954" /><ent r="4" t="157" w="496" /><ent r="3" t="163" w="122" /><ent r="3" t="163" w="181" /><ent r="3" t="168" w="238" /><ent r="5" t="168" w="556" /><ent r="4" t="183" w="67" /><ent r="4" t="183" w="114" /><ent r="3" t="185" w="856" /><ent r="4" t="186" w="2671" /><ent r="4" t="187" w="1388" /><ent r="3" t="193" w="290" /><ent r="3" t="193" w="1572" /><ent r="3" t="205" w="210" /><ent r="3" t="207" w="25" /><ent r="3" t="221" w="57" /><ent r="4" t="232" w="155" /></phr><phr n="How"><ent r="3" t="189" w="1072" /></phr></stem><stem n="plai"><phr n="played"><ent r="3" t="14" w="32" /><ent r="3" t="187" w="1532" /></phr><phr n="play"><ent r="7" t="14" w="98" /><ent r="7" t="14" w="107" /><ent r="64" t="78" w="327" /><ent r="100" t="141" w="8" /><ent r="100" t="141" w="10" /><ent r="6" t="197" w="48" /></phr><phr n="Play"><ent r="7" t="14" w="122" /><ent r="6" t="14" w="126" /><ent r="3" t="140" w="103" /><ent r="64" t="140" w="189" /><ent r="1000" t="141" w="1" /><ent r="102" t="141" w="4" /><ent r="3" t="141" w="28" /><ent r="4" t="141" w="59" /><ent r="64" t="142" w="57" /><ent r="7" t="197" w="32" /><ent r="5" t="223" w="73" /></phr><phr n="Plays"><ent r="7" t="14" w="129" /></phr><phr n="playing"><ent r="7" t="14" w="154" /><ent r="5" t="198" w="210" /></phr><phr n="plays"><ent r="6" t="14" w="327" /><ent r="3" t="144" w="35" /><ent r="6" t="197" w="37" /><ent r="6" t="197" w="55" /><ent r="6" t="197" w="61" /></phr></stem><stem n="/control"><phr n="/Control"><ent r="6" t="14" w="78" /></phr></stem><stem n="button/control"><phr n="Button/Control"><ent r="6" t="14" w="78" /><ent r="6" t="14" w="77" /></phr></stem><stem n="stop"><phr n="Stop"><ent r="6" t="14" w="82" /><ent r="3" t="140" w="95" /><ent r="5" t="145" w="423" /><ent r="5" t="181" w="178" /><ent r="5" t="181" w="225" /><ent r="5" t="188" w="1490" /><ent r="5" t="188" w="1515" /><ent r="4" t="208" w="120" /><ent r="3" t="208" w="146" /><ent r="4" t="212" w="125" /><ent r="3" t="212" w="151" /></phr><phr n="Stops"><ent r="7" t="14" w="84" /></phr><phr n="stop"><ent r="3" t="50" w="255" /><ent r="3" t="50" w="260" /><ent r="3" t="80" w="27" /><ent r="3" t="105" w="34" /><ent r="3" t="105" w="168" /><ent r="4" t="105" w="208" /><ent r="3" t="140" w="132" /><ent r="3" t="145" w="26" /><ent r="4" t="145" w="432" /><ent r="4" t="150" w="206" /><ent r="4" t="181" w="346" /><ent r="6" t="226" w="634" /></phr></stem><stem n="frame"><phr n="frame"><ent r="7" t="14" w="91" /><ent r="7" t="14" w="95" /><ent r="7" t="14" w="104" /><ent r="6" t="14" w="164" /><ent r="6" t="14" w="174" /><ent r="6" t="14" w="182" /><ent r="6" t="14" w="189" /><ent r="6" t="14" w="204" /><ent r="5" t="14" w="239" /><ent r="5" t="14" w="246" /><ent r="6" t="14" w="273" /><ent r="6" t="14" w="346" /><ent r="6" t="14" w="357" /><ent r="7" t="14" w="370" /><ent r="6" t="14" w="387" /><ent r="6" t="14" w="394" /><ent r="6" t="14" w="399" /><ent r="3" t="112" w="57" /><ent r="3" t="140" w="115" /><ent r="4" t="141" w="68" /><ent r="100" t="143" w="7" /><ent r="3" t="143" w="11" /><ent r="3" t="143" w="33" /><ent r="4" t="143" w="51" /><ent r="3" t="143" w="55" /><ent r="3" t="143" w="64" /><ent r="3" t="143" w="71" /><ent r="6" t="143" w="92" /><ent r="6" t="143" w="100" /><ent r="3" t="143" w="116" /><ent r="3" t="143" w="202" /><ent r="3" t="144" w="24" /><ent r="3" t="145" w="27" /><ent r="3" t="145" w="30" /><ent r="3" t="145" w="40" /><ent r="3" t="145" w="48" /><ent r="4" t="145" w="84" /><ent r="5" t="145" w="121" /><ent r="4" t="145" w="130" /><ent r="5" t="145" w="167" /><ent r="3" t="145" w="189" /><ent r="4" t="145" w="239" /><ent r="5" t="146" w="169" /><ent r="3" t="197" w="23" /><ent r="6" t="197" w="44" /><ent r="6" t="197" w="70" /><ent r="6" t="197" w="85" /><ent r="5" t="198" w="204" /><ent r="3" t="208" w="102" /><ent r="3" t="208" w="160" /><ent r="3" t="212" w="107" /><ent r="3" t="212" w="165" /><ent r="3" t="221" w="25" /><ent r="3" t="221" w="47" /><ent r="3" t="221" w="51" /><ent r="3" t="221" w="177" /><ent r="3" t="221" w="182" /><ent r="3" t="221" w="192" /><ent r="3" t="221" w="206" /><ent r="3" t="221" w="246" /></phr><phr n="Frame"><ent r="7" t="14" w="193" /><ent r="67" t="14" w="211" /><ent r="7" t="14" w="352" /><ent r="6" t="14" w="378" /><ent r="3" t="140" w="97" /><ent r="1000" t="143" w="1" /><ent r="102" t="143" w="4" /><ent r="6" t="143" w="77" /><ent r="5" t="145" w="230" /><ent r="5" t="145" w="268" /><ent r="4" t="145" w="307" /><ent r="4" t="145" w="314" /><ent r="5" t="145" w="419" /><ent r="5" t="145" w="424" /><ent r="5" t="198" w="191" /><ent r="4" t="208" w="116" /><ent r="4" t="208" w="121" /><ent r="3" t="208" w="144" /><ent r="3" t="208" w="147" /><ent r="4" t="212" w="121" /><ent r="4" t="212" w="126" /><ent r="3" t="212" w="149" /><ent r="3" t="212" w="152" /></phr><phr n="frames"><ent r="3" t="112" w="65" /><ent r="3" t="140" w="136" /><ent r="3" t="140" w="143" /><ent r="3" t="143" w="25" /><ent r="3" t="143" w="41" /><ent r="6" t="143" w="85" /><ent r="3" t="143" w="212" /><ent r="3" t="144" w="19" /><ent r="3" t="144" w="37" /><ent r="3" t="145" w="61" /><ent r="4" t="145" w="433" /><ent r="3" t="145" w="474" /><ent r="3" t="145" w="531" /><ent r="3" t="145" w="646" /><ent r="4" t="188" w="1469" /><ent r="3" t="208" w="134" /><ent r="3" t="212" w="139" /><ent r="3" t="221" w="65" /><ent r="4" t="221" w="126" /></phr><phr n="Frames"><ent r="64" t="143" w="193" /><ent r="1000" t="144" w="3" /><ent r="102" t="144" w="7" /><ent r="3" t="144" w="12" /><ent r="3" t="144" w="29" /><ent r="5" t="144" w="76" /><ent r="3" t="144" w="94" /><ent r="3" t="221" w="132" /></phr></stem><stem n="first"><phr n="first"><ent r="7" t="14" w="94" /><ent r="5" t="27" w="451" /><ent r="5" t="27" w="492" /><ent r="3" t="33" w="77" /><ent r="4" t="49" w="151" /><ent r="3" t="50" w="79" /><ent r="4" t="51" w="163" /><ent r="3" t="78" w="376" /><ent r="3" t="102" w="43" /><ent r="3" t="122" w="128" /><ent r="3" t="128" w="934" /><ent r="3" t="140" w="140" /><ent r="3" t="145" w="471" /><ent r="3" t="145" w="528" /><ent r="3" t="148" w="325" /><ent r="3" t="148" w="332" /><ent r="3" t="148" w="339" /><ent r="4" t="157" w="301" /><ent r="4" t="157" w="321" /><ent r="4" t="157" w="340" /><ent r="4" t="157" w="360" /><ent r="3" t="157" w="380" /><ent r="3" t="170" w="425" /><ent r="3" t="173" w="177" /><ent r="4" t="173" w="349" /><ent r="4" t="176" w="129" /><ent r="3" t="177" w="36" /><ent r="3" t="186" w="693" /><ent r="3" t="187" w="502" /><ent r="4" t="187" w="1483" /><ent r="3" t="193" w="1295" /><ent r="3" t="193" w="1472" /><ent r="7" t="194" w="967" /><ent r="3" t="194" w="1146" /><ent r="6" t="197" w="43" /><ent r="6" t="197" w="84" /><ent r="4" t="200" w="130" /><ent r="3" t="233" w="309" /><ent r="4" t="236" w="70" /><ent r="4" t="236" w="120" /><ent r="4" t="236" w="162" /><ent r="3" t="236" w="251" /></phr><phr n="First"><ent r="5" t="27" w="388" /><ent r="4" t="157" w="536" /><ent r="7" t="202" w="352" /><ent r="7" t="202" w="368" /></phr></stem><stem n="forward"><phr n="forward"><ent r="7" t="14" w="99" /><ent r="7" t="14" w="167" /><ent r="6" t="14" w="172" /><ent r="4" t="141" w="64" /></phr><phr n="Forward"><ent r="3" t="141" w="76" /><ent r="4" t="141" w="114" /></phr></stem><stem n="last"><phr n="last"><ent r="7" t="14" w="103" /><ent r="6" t="14" w="398" /><ent r="3" t="124" w="85" /><ent r="3" t="140" w="142" /><ent r="3" t="145" w="473" /><ent r="3" t="145" w="530" /><ent r="3" t="173" w="181" /><ent r="4" t="173" w="351" /><ent r="3" t="174" w="290" /><ent r="4" t="190" w="946" /><ent r="7" t="193" w="1165" /><ent r="5" t="193" w="1180" /><ent r="3" t="193" w="1556" /></phr></stem><stem n="backward"><phr n="backward"><ent r="7" t="14" w="108" /><ent r="7" t="14" w="157" /></phr><phr n="Backward"><ent r="3" t="141" w="82" /><ent r="4" t="141" w="119" /></phr></stem><stem n="remain"><phr n="remains"><ent r="7" t="14" w="112" /><ent r="7" t="14" w="136" /><ent r="3" t="105" w="107" /><ent r="6" t="110" w="637" /><ent r="5" t="159" w="973" /><ent r="5" t="211" w="156" /></phr><phr n="remaining"><ent r="3" t="227" w="89" /></phr></stem><stem n="depress"><phr n="depressed"><ent r="7" t="14" w="113" /><ent r="7" t="14" w="137" /></phr></stem><stem n="indic"><phr n="indicate"><ent r="7" t="14" w="115" /><ent r="7" t="14" w="139" /><ent r="4" t="50" w="176" /><ent r="4" t="50" w="226" /><ent r="4" t="186" w="2223" /><ent r="3" t="186" w="2286" /><ent r="3" t="193" w="1393" /><ent r="3" t="202" w="31" /><ent r="7" t="202" w="510" /></phr><phr n="indicates"><ent r="4" t="55" w="75" /><ent r="4" t="73" w="128" /><ent r="3" t="78" w="163" /><ent r="3" t="83" w="13" /><ent r="3" t="105" w="90" /><ent r="4" t="125" w="29" /><ent r="4" t="128" w="746" /><ent r="4" t="132" w="44" /><ent r="5" t="156" w="536" /><ent r="5" t="156" w="550" /><ent r="5" t="156" w="971" /><ent r="5" t="156" w="985" /><ent r="4" t="157" w="513" /><ent r="4" t="157" w="526" /><ent r="4" t="159" w="889" /><ent r="3" t="164" w="148" /><ent r="5" t="168" w="573" /><ent r="5" t="168" w="587" /><ent r="3" t="193" w="565" /><ent r="4" t="193" w="1455" /><ent r="4" t="193" w="1461" /><ent r="3" t="193" w="1558" /><ent r="7" t="202" w="460" /><ent r="4" t="211" w="107" /><ent r="4" t="211" w="116" /><ent r="4" t="232" w="172" /><ent r="4" t="232" w="186" /></phr><phr n="indicating"><ent r="3" t="89" w="83" /><ent r="4" t="110" w="538" /><ent r="3" t="112" w="233" /><ent r="3" t="128" w="612" /><ent r="3" t="132" w="286" /><ent r="7" t="202" w="494" /></phr><phr n="Indicates"><ent r="4" t="159" w="1004" /><ent r="7" t="202" w="547" /></phr><phr n="indication"><ent r="3" t="201" w="97" /></phr></stem><stem n="(play)"><phr n="(Play)"><ent r="7" t="14" w="123" /></phr></stem><stem n="paus"><phr n="Pause"><ent r="6" t="14" w="124" /><ent r="6" t="14" w="127" /><ent r="7" t="14" w="148" /><ent r="5" t="223" w="74" /></phr><phr n="pauses"><ent r="7" t="14" w="131" /></phr></stem><stem n="(pause)"><phr n="(Pause)"><ent r="6" t="14" w="125" /></phr></stem><stem n="play/paus"><phr n="Play/Pause"><ent r="6" t="14" w="127" /><ent r="6" t="14" w="126" /><ent r="5" t="223" w="74" /><ent r="5" t="223" w="73" /></phr></stem><stem n="play/pause."><phr n="Play/Pause."><ent r="6" t="14" w="127" /><ent r="6" t="14" w="126" /></phr></stem><stem n="/pause."><phr n="/Pause."><ent r="6" t="14" w="128" /></phr></stem><stem n="switch"><phr n="switches"><ent r="7" t="14" w="145" /><ent r="3" t="75" w="269" /><ent r="3" t="190" w="727" /></phr><phr n="switch"><ent r="3" t="38" w="158" /><ent r="3" t="38" w="168" /><ent r="3" t="45" w="78" /><ent r="5" t="91" w="163" /><ent r="4" t="190" w="1066" /></phr><phr n="Switching"><ent r="3" t="132" w="184" /></phr></stem><stem n="step"><phr n="Step"><ent r="7" t="14" w="156" /><ent r="7" t="14" w="166" /><ent r="3" t="103" w="104" /><ent r="3" t="141" w="75" /><ent r="3" t="141" w="81" /><ent r="4" t="141" w="113" /><ent r="4" t="141" w="118" /><ent r="5" t="177" w="224" /><ent r="3" t="177" w="236" /><ent r="3" t="177" w="319" /><ent r="3" t="177" w="337" /><ent r="4" t="186" w="2450" /><ent r="4" t="186" w="2481" /><ent r="4" t="186" w="2602" /><ent r="4" t="188" w="696" /><ent r="4" t="188" w="796" /></phr><phr n="Steps"><ent r="6" t="14" w="159" /><ent r="6" t="14" w="169" /><ent r="4" t="21" w="495" /><ent r="4" t="97" w="145" /><ent r="3" t="103" w="64" /><ent r="3" t="111" w="426" /></phr><phr n="steps"><ent r="3" t="31" w="18" /><ent r="3" t="79" w="17" /><ent r="3" t="80" w="25" /><ent r="3" t="81" w="17" /><ent r="3" t="86" w="17" /><ent r="3" t="87" w="17" /><ent r="3" t="97" w="156" /><ent r="3" t="103" w="52" /><ent r="3" t="103" w="56" /><ent r="3" t="103" w="69" /><ent r="3" t="103" w="85" /><ent r="3" t="103" w="119" /><ent r="3" t="103" w="133" /><ent r="3" t="126" w="168" /><ent r="3" t="126" w="335" /><ent r="3" t="187" w="847" /><ent r="4" t="190" w="936" /><ent r="3" t="193" w="150" /></phr><phr n="step"><ent r="6" t="91" w="353" /><ent r="3" t="94" w="24" /><ent r="4" t="94" w="142" /><ent r="3" t="103" w="112" /><ent r="3" t="128" w="659" /><ent r="4" t="177" w="202" /><ent r="4" t="177" w="210" /><ent r="3" t="177" w="257" /><ent r="4" t="177" w="270" /><ent r="4" t="177" w="303" /><ent r="3" t="178" w="32" /><ent r="4" t="178" w="296" /><ent r="3" t="179" w="68" /><ent r="4" t="188" w="679" /><ent r="4" t="188" w="683" /><ent r="3" t="188" w="713" /><ent r="3" t="188" w="758" /><ent r="3" t="188" w="784" /><ent r="3" t="233" w="192" /></phr></stem><stem n="back"><phr n="back"><ent r="6" t="14" w="162" /><ent r="3" t="86" w="147" /><ent r="3" t="86" w="213" /><ent r="4" t="141" w="66" /><ent r="3" t="185" w="1813" /><ent r="4" t="185" w="2023" /><ent r="3" t="186" w="2305" /><ent r="4" t="188" w="975" /><ent r="3" t="235" w="232" /></phr><phr n="Back"><ent r="3" t="65" w="135" /><ent r="92" t="86" w="137" /></phr></stem><stem n="slow"><phr n="Slow"><ent r="7" t="14" w="176" /><ent r="5" t="110" w="281" /></phr><phr n="Slows"><ent r="6" t="14" w="179" /></phr><phr n="slow"><ent r="3" t="110" w="308" /></phr><phr n="slowing"><ent r="3" t="144" w="38" /></phr></stem><stem n="reflect"><phr n="reflected"><ent r="6" t="14" w="186" /><ent r="5" t="14" w="243" /><ent r="3" t="85" w="41" /></phr><phr n="reflects"><ent r="3" t="88" w="135" /><ent r="3" t="90" w="28" /></phr><phr n="reflect"><ent r="3" t="95" w="174" /><ent r="5" t="156" w="385" /><ent r="5" t="156" w="820" /><ent r="4" t="157" w="389" /><ent r="5" t="168" w="422" /><ent r="4" t="232" w="21" /></phr><phr n="reflectance"><ent r="5" t="156" w="401" /><ent r="5" t="156" w="836" /><ent r="5" t="168" w="438" /><ent r="3" t="186" w="305" /><ent r="3" t="186" w="312" /><ent r="4" t="232" w="37" /></phr><phr n="Reflectance"><ent r="3" t="202" w="765" /></phr></stem><stem n="field"><phr n="field"><ent r="6" t="14" w="191" /><ent r="5" t="14" w="248" /><ent r="4" t="21" w="309" /><ent r="5" t="21" w="339" /><ent r="4" t="23" w="51" /><ent r="5" t="27" w="477" /><ent r="5" t="27" w="518" /><ent r="3" t="30" w="57" /><ent r="4" t="32" w="80" /><ent r="4" t="32" w="139" /><ent r="4" t="50" w="187" /><ent r="3" t="69" w="54" /><ent r="3" t="82" w="207" /><ent r="3" t="82" w="254" /><ent r="3" t="82" w="383" /><ent r="3" t="82" w="429" /><ent r="6" t="91" w="488" /><ent r="4" t="93" w="129" /><ent r="4" t="100" w="61" /><ent r="3" t="100" w="94" /><ent r="4" t="111" w="506" /><ent r="3" t="112" w="50" /><ent r="4" t="120" w="81" /><ent r="4" t="125" w="210" /><ent r="4" t="126" w="245" /><ent r="4" t="126" w="386" /><ent r="4" t="126" w="525" /><ent r="4" t="129" w="102" /><ent r="4" t="129" w="145" /><ent r="4" t="129" w="213" /><ent r="4" t="132" w="374" /><ent r="4" t="132" w="440" /><ent r="4" t="156" w="359" /><ent r="4" t="156" w="794" /><ent r="4" t="159" w="643" /><ent r="3" t="160" w="225" /><ent r="4" t="160" w="631" /><ent r="4" t="161" w="630" /><ent r="4" t="168" w="410" /><ent r="3" t="171" w="145" /><ent r="4" t="171" w="243" /><ent r="4" t="171" w="279" /><ent r="4" t="171" w="326" /><ent r="5" t="183" w="64" /><ent r="3" t="184" w="97" /><ent r="3" t="186" w="993" /><ent r="3" t="187" w="1406" /><ent r="4" t="190" w="993" /><ent r="3" t="190" w="1207" /><ent r="3" t="190" w="1213" /><ent r="4" t="191" w="257" /><ent r="4" t="191" w="345" /><ent r="4" t="193" w="625" /><ent r="4" t="193" w="648" /><ent r="4" t="193" w="710" /><ent r="4" t="193" w="733" /><ent r="3" t="193" w="1406" /><ent r="3" t="194" w="764" /><ent r="4" t="204" w="246" /><ent r="3" t="207" w="157" /><ent r="3" t="207" w="176" /><ent r="4" t="207" w="202" /><ent r="4" t="207" w="209" /><ent r="4" t="207" w="212" /><ent r="4" t="207" w="234" /><ent r="3" t="207" w="256" /><ent r="4" t="207" w="281" /><ent r="3" t="208" w="148" /><ent r="4" t="210" w="91" /><ent r="3" t="212" w="153" /><ent r="4" t="215" w="764" /><ent r="3" t="216" w="70" /><ent r="3" t="216" w="89" /><ent r="3" t="216" w="100" /><ent r="3" t="216" w="107" /><ent r="3" t="216" w="118" /><ent r="3" t="221" w="148" /><ent r="4" t="228" w="125" /><ent r="3" t="235" w="540" /><ent r="3" t="235" w="655" /></phr><phr n="Fields"><ent r="4" t="21" w="332" /><ent r="92" t="69" w="43" /><ent r="5" t="108" w="123" /><ent r="3" t="207" w="147" /></phr><phr n="fields"><ent r="4" t="27" w="391" /><ent r="3" t="69" w="46" /><ent r="4" t="106" w="46" /><ent r="3" t="108" w="23" /><ent r="3" t="109" w="389" /><ent r="4" t="129" w="414" /><ent r="3" t="147" w="161" /><ent r="3" t="147" w="195" /><ent r="3" t="147" w="264" /><ent r="3" t="147" w="298" /><ent r="3" t="147" w="468" /><ent r="3" t="147" w="502" /><ent r="3" t="147" w="632" /><ent r="3" t="147" w="666" /><ent r="3" t="171" w="171" /><ent r="3" t="190" w="1196" /><ent r="3" t="206" w="258" /><ent r="3" t="208" w="63" /><ent r="3" t="212" w="68" /><ent r="4" t="215" w="223" /><ent r="4" t="215" w="240" /><ent r="4" t="215" w="337" /><ent r="4" t="215" w="354" /><ent r="3" t="216" w="78" /><ent r="3" t="216" w="94" /><ent r="3" t="216" w="104" /><ent r="3" t="216" w="111" /></phr><phr n="Field"><ent r="92" t="207" w="145" /><ent r="5" t="207" w="188" /><ent r="3" t="207" w="194" /><ent r="92" t="207" w="251" /><ent r="5" t="207" w="268" /><ent r="3" t="207" w="274" /><ent r="5" t="207" w="290" /></phr></stem><stem n="increas"><phr n="Increases"><ent r="5" t="14" w="237" /><ent r="7" t="119" w="234" /><ent r="7" t="240" w="136" /></phr><phr n="increase"><ent r="4" t="50" w="481" /><ent r="3" t="185" w="1469" /><ent r="100" t="240" w="6" /></phr><phr n="increases"><ent r="3" t="185" w="861" /><ent r="3" t="188" w="703" /></phr><phr n="Increase"><ent r="4" t="193" w="1253" /><ent r="4" t="193" w="1339" /><ent r="4" t="194" w="1209" /><ent r="7" t="240" w="129" /></phr></stem><stem n="revers"><phr n="Reverses"><ent r="5" t="14" w="253" /></phr><phr n="reversed"><ent r="3" t="145" w="63" /></phr></stem><stem n="playback"><phr n="playback"><ent r="5" t="14" w="258" /><ent r="5" t="14" w="305" /><ent r="3" t="140" w="164" /><ent r="3" t="145" w="17" /></phr><phr n="Playback"><ent r="92" t="208" w="95" /><ent r="92" t="212" w="100" /></phr></stem><stem n="cycl"><phr n="Cycle"><ent r="7" t="14" w="261" /><ent r="67" t="14" w="279" /><ent r="1000" t="197" w="2" /><ent r="102" t="197" w="5" /><ent r="6" t="197" w="30" /><ent r="3" t="221" w="147" /><ent r="64" t="221" w="170" /></phr><phr n="cycles"><ent r="3" t="140" w="17" /><ent r="3" t="193" w="916" /><ent r="3" t="194" w="856" /><ent r="3" t="221" w="166" /></phr><phr n="cycle"><ent r="3" t="140" w="102" /><ent r="3" t="140" w="112" /><ent r="4" t="141" w="14" /><ent r="5" t="146" w="166" /><ent r="100" t="197" w="8" /><ent r="3" t="197" w="12" /><ent r="3" t="221" w="22" /><ent r="3" t="221" w="36" /><ent r="4" t="221" w="140" /><ent r="3" t="221" w="158" /></phr></stem><stem n="determin"><phr n="Determines"><ent r="6" t="14" w="263" /><ent r="4" t="106" w="21" /><ent r="4" t="106" w="44" /><ent r="4" t="161" w="849" /><ent r="7" t="202" w="563" /></phr><phr n="determine"><ent r="3" t="20" w="19" /><ent r="3" t="37" w="16" /><ent r="3" t="107" w="16" /><ent r="3" t="108" w="21" /><ent r="3" t="110" w="170" /><ent r="4" t="110" w="206" /><ent r="4" t="150" w="148" /><ent r="4" t="150" w="186" /><ent r="4" t="150" w="202" /><ent r="4" t="154" w="150" /><ent r="4" t="154" w="170" /><ent r="4" t="154" w="185" /><ent r="3" t="157" w="375" /><ent r="3" t="205" w="207" /></phr><phr n="determined"><ent r="3" t="38" w="107" /><ent r="3" t="112" w="44" /><ent r="4" t="148" w="237" /><ent r="3" t="236" w="246" /></phr><phr n="determines"><ent r="4" t="48" w="251" /><ent r="3" t="82" w="443" /><ent r="3" t="82" w="542" /><ent r="4" t="82" w="645" /><ent r="6" t="91" w="477" /><ent r="3" t="107" w="211" /><ent r="3" t="110" w="330" /><ent r="4" t="111" w="407" /><ent r="4" t="156" w="348" /><ent r="4" t="156" w="783" /><ent r="3" t="157" w="279" /><ent r="3" t="161" w="225" /><ent r="4" t="168" w="399" /><ent r="4" t="174" w="206" /><ent r="3" t="197" w="13" /><ent r="3" t="221" w="37" /><ent r="6" t="226" w="80" /></phr></stem></index>