<?xml version="1.0" encoding="utf-8"?><index><stem n="3"><phr n="3"><ent r="3" t="31" w="82" /><ent r="82" t="69" w="191" /><ent r="92" t="73" w="386" /><ent r="3" t="153" w="67" /><ent r="3" t="192" w="203" /><ent r="3" t="192" w="245" /><ent r="4" t="192" w="444" /><ent r="4" t="192" w="478" /><ent r="3" t="192" w="613" /><ent r="8" t="205" w="1715" /><ent r="4" t="205" w="2168" /><ent r="4" t="205" w="2215" /><ent r="4" t="205" w="2628" /><ent r="3" t="206" w="1530" /><ent r="3" t="209" w="769" /><ent r="3" t="212" w="1379" /><ent r="4" t="212" w="1630" /><ent r="4" t="213" w="724" /><ent r="3" t="213" w="1253" /><ent r="3" t="220" w="119" /><ent r="5" t="222" w="63" /><ent r="7" t="222" w="202" /><ent r="3" t="222" w="797" /><ent r="3" t="247" w="217" /></phr></stem><stem n=".0"><phr n=".0"><ent r="3" t="31" w="83" /><ent r="6" t="240" w="92" /></phr></stem><stem n="gigabyt"><phr n="gigabytes"><ent r="3" t="31" w="84" /></phr></stem><stem n="/hdf5"><phr n="/HDF5"><ent r="4" t="31" w="107" /><ent r="4" t="31" w="140" /></phr></stem><stem n="bitmap"><phr n="Bitmap"><ent r="4" t="31" w="128" /><ent r="67" t="37" w="139" /><ent r="5" t="38" w="49" /><ent r="4" t="38" w="68" /><ent r="65" t="38" w="91" /><ent r="1000" t="230" w="1" /><ent r="100" t="230" w="5" /><ent r="102" t="230" w="10" /><ent r="4" t="230" w="16" /><ent r="4" t="230" w="30" /></phr></stem><stem n="bmp"><phr n="BMP"><ent r="4" t="31" w="129" /><ent r="4" t="38" w="70" /><ent r="4" t="47" w="86" /><ent r="92" t="47" w="119" /></phr></stem><stem n="(bmp)"><phr n="(BMP)"><ent r="4" t="31" w="130" /></phr></stem><stem n="jpeg"><phr n="JPEG"><ent r="4" t="31" w="133" /><ent r="67" t="37" w="125" /><ent r="5" t="38" w="139" /><ent r="6" t="38" w="159" /><ent r="4" t="38" w="167" /><ent r="65" t="38" w="192" /><ent r="5" t="45" w="190" /><ent r="3" t="47" w="24" /><ent r="4" t="47" w="89" /><ent r="92" t="47" w="307" /><ent r="3" t="47" w="417" /><ent r="64" t="203" w="336" /><ent r="102" t="205" w="32" /><ent r="3" t="205" w="79" /><ent r="4" t="205" w="126" /><ent r="100" t="205" w="439" /><ent r="4" t="205" w="442" /><ent r="3" t="205" w="453" /><ent r="5" t="205" w="3221" /><ent r="3" t="205" w="3284" /><ent r="1000" t="232" w="1" /><ent r="100" t="232" w="6" /><ent r="102" t="232" w="9" /><ent r="4" t="232" w="15" /><ent r="4" t="232" w="31" /><ent r="4" t="232" w="37" /></phr><phr n="JPEGs"><ent r="3" t="232" w="123" /><ent r="3" t="232" w="177" /><ent r="3" t="232" w="192" /></phr></stem><stem n="png"><phr n="PNG"><ent r="4" t="31" w="135" /><ent r="67" t="37" w="144" /><ent r="5" t="38" w="264" /><ent r="7" t="38" w="282" /><ent r="4" t="38" w="289" /><ent r="65" t="38" w="310" /><ent r="4" t="47" w="93" /><ent r="92" t="47" w="477" /><ent r="1000" t="234" w="1" /><ent r="100" t="234" w="6" /><ent r="102" t="234" w="11" /><ent r="4" t="234" w="17" /><ent r="4" t="234" w="31" /></phr></stem><stem n="input"><phr n="Input"><ent r="92" t="31" w="147" /><ent r="92" t="31" w="163" /><ent r="4" t="83" w="40" /><ent r="4" t="83" w="64" /><ent r="3" t="144" w="442" /><ent r="4" t="151" w="74" /><ent r="3" t="154" w="115" /><ent r="3" t="154" w="326" /><ent r="82" t="154" w="456" /><ent r="3" t="154" w="470" /><ent r="3" t="154" w="479" /><ent r="3" t="154" w="494" /><ent r="3" t="154" w="498" /><ent r="3" t="154" w="504" /><ent r="3" t="154" w="572" /><ent r="3" t="154" w="666" /><ent r="3" t="154" w="703" /><ent r="4" t="154" w="794" /><ent r="3" t="157" w="31" /><ent r="4" t="157" w="52" /><ent r="4" t="157" w="76" /><ent r="4" t="158" w="86" /><ent r="3" t="158" w="176" /><ent r="3" t="158" w="205" /><ent r="3" t="158" w="277" /><ent r="3" t="174" w="830" /><ent r="92" t="177" w="170" /><ent r="3" t="177" w="174" /><ent r="3" t="177" w="182" /><ent r="4" t="189" w="599" /><ent r="4" t="192" w="356" /><ent r="3" t="207" w="1429" /><ent r="3" t="210" w="378" /><ent r="3" t="212" w="855" /><ent r="3" t="212" w="870" /><ent r="3" t="212" w="893" /><ent r="3" t="212" w="980" /><ent r="3" t="212" w="1012" /><ent r="3" t="212" w="1067" /><ent r="4" t="212" w="1086" /><ent r="8" t="212" w="1106" /><ent r="7" t="212" w="1141" /><ent r="7" t="212" w="1146" /><ent r="7" t="212" w="1162" /><ent r="7" t="212" w="1166" /><ent r="5" t="212" w="1181" /><ent r="5" t="213" w="163" /><ent r="4" t="213" w="196" /><ent r="3" t="213" w="658" /><ent r="3" t="213" w="704" /><ent r="3" t="213" w="832" /><ent r="3" t="213" w="920" /><ent r="3" t="213" w="932" /><ent r="8" t="213" w="936" /><ent r="7" t="213" w="947" /><ent r="7" t="213" w="949" /><ent r="7" t="213" w="965" /><ent r="3" t="213" w="1246" /><ent r="3" t="213" w="1567" /><ent r="3" t="213" w="1579" /><ent r="3" t="220" w="63" /><ent r="3" t="247" w="89" /><ent r="3" t="248" w="67" /><ent r="83" t="248" w="487" /></phr><phr n="inputs"><ent r="3" t="158" w="218" /><ent r="3" t="158" w="247" /><ent r="3" t="184" w="32" /><ent r="4" t="192" w="388" /><ent r="3" t="212" w="199" /><ent r="3" t="212" w="829" /><ent r="3" t="212" w="1049" /></phr></stem><stem n="/output"><phr n="/Output"><ent r="92" t="31" w="148" /><ent r="92" t="31" w="164" /><ent r="7" t="212" w="1147" /></phr></stem><stem n="output"><phr n="Output"><ent r="92" t="31" w="148" /><ent r="92" t="31" w="164" /><ent r="4" t="36" w="148" /><ent r="5" t="85" w="125" /><ent r="3" t="144" w="432" /><ent r="100" t="154" w="93" /><ent r="3" t="154" w="117" /><ent r="3" t="154" w="328" /><ent r="82" t="154" w="458" /><ent r="3" t="154" w="472" /><ent r="3" t="154" w="484" /><ent r="3" t="154" w="519" /><ent r="3" t="154" w="523" /><ent r="3" t="154" w="529" /><ent r="3" t="157" w="24" /><ent r="4" t="157" w="56" /><ent r="4" t="157" w="72" /><ent r="3" t="158" w="178" /><ent r="3" t="158" w="207" /><ent r="3" t="158" w="279" /><ent r="3" t="174" w="848" /><ent r="92" t="177" w="187" /><ent r="4" t="177" w="197" /><ent r="4" t="177" w="234" /><ent r="5" t="189" w="560" /><ent r="4" t="189" w="588" /><ent r="4" t="189" w="611" /><ent r="3" t="189" w="651" /><ent r="3" t="189" w="670" /><ent r="3" t="189" w="683" /><ent r="3" t="189" w="720" /><ent r="3" t="189" w="739" /><ent r="3" t="189" w="752" /><ent r="3" t="192" w="54" /><ent r="3" t="192" w="162" /><ent r="3" t="192" w="209" /><ent r="3" t="192" w="220" /><ent r="4" t="198" w="153" /><ent r="64" t="198" w="163" /><ent r="1000" t="199" w="5" /><ent r="100" t="199" w="8" /><ent r="102" t="199" w="19" /><ent r="3" t="199" w="61" /><ent r="4" t="199" w="134" /><ent r="3" t="205" w="256" /><ent r="5" t="206" w="1222" /><ent r="3" t="206" w="1413" /><ent r="4" t="207" w="1110" /><ent r="92" t="207" w="1150" /><ent r="4" t="207" w="1285" /><ent r="3" t="212" w="857" /><ent r="3" t="212" w="864" /><ent r="3" t="212" w="895" /><ent r="3" t="212" w="969" /><ent r="3" t="212" w="1054" /><ent r="4" t="212" w="1084" /><ent r="8" t="212" w="1104" /><ent r="7" t="212" w="1147" /><ent r="3" t="212" w="1306" /><ent r="3" t="213" w="730" /><ent r="3" t="213" w="834" /><ent r="3" t="213" w="907" /><ent r="3" t="213" w="930" /><ent r="8" t="213" w="934" /><ent r="7" t="213" w="992" /><ent r="7" t="213" w="994" /><ent r="3" t="213" w="1052" /><ent r="3" t="213" w="1157" /><ent r="3" t="213" w="1271" /><ent r="3" t="226" w="225" /><ent r="92" t="229" w="20" /><ent r="3" t="229" w="29" /><ent r="4" t="229" w="83" /><ent r="92" t="233" w="25" /><ent r="3" t="233" w="34" /><ent r="4" t="233" w="88" /><ent r="3" t="248" w="85" /><ent r="3" t="248" w="225" /><ent r="4" t="248" w="687" /></phr><phr n="outputs"><ent r="3" t="158" w="249" /><ent r="3" t="184" w="34" /><ent r="3" t="212" w="201" /><ent r="3" t="212" w="831" /><ent r="3" t="212" w="1051" /></phr></stem><stem n="(*.cgm)"><phr n="(*.cgm)"><ent r="4" t="31" w="153" /></phr></stem><stem n="write"><phr n="Write"><ent r="4" t="31" w="154" /><ent r="4" t="31" w="159" /><ent r="4" t="31" w="170" /><ent r="4" t="31" w="176" /><ent r="4" t="31" w="181" /><ent r="4" t="31" w="186" /><ent r="4" t="31" w="193" /><ent r="4" t="31" w="199" /><ent r="4" t="31" w="204" /><ent r="4" t="31" w="209" /><ent r="3" t="189" w="945" /><ent r="4" t="213" w="1604" /><ent r="3" t="248" w="765" /></phr><phr n="writes"><ent r="3" t="174" w="846" /><ent r="3" t="174" w="852" /><ent r="3" t="226" w="136" /><ent r="3" t="226" w="160" /><ent r="3" t="248" w="83" /><ent r="3" t="248" w="89" /></phr></stem><stem n="(read/write)"><phr n="(Read/Write)"><ent r="4" t="31" w="155" /><ent r="4" t="31" w="160" /><ent r="4" t="31" w="171" /><ent r="4" t="31" w="177" /><ent r="4" t="31" w="182" /><ent r="4" t="31" w="187" /><ent r="4" t="31" w="194" /><ent r="4" t="31" w="200" /><ent r="4" t="31" w="205" /><ent r="4" t="31" w="210" /></phr></stem><stem n="opticks-specif"><phr n="Opticks-Specific"><ent r="92" t="31" w="161" /></phr></stem><stem n="wiz"><phr n="wiz"><ent r="4" t="31" w="168" /><ent r="4" t="212" w="1770" /><ent r="5" t="213" w="459" /><ent r="5" t="213" w="480" /><ent r="5" t="213" w="1349" /></phr></stem><stem n="(*.wiz)"><phr n="(*.wiz)"><ent r="4" t="31" w="169" /></phr></stem><stem n="batch"><phr n="Batch"><ent r="4" t="31" w="172" /><ent r="4" t="146" w="152" /><ent r="4" t="146" w="159" /><ent r="4" t="146" w="173" /><ent r="4" t="146" w="182" /><ent r="5" t="151" w="62" /><ent r="4" t="151" w="69" /><ent r="4" t="151" w="79" /><ent r="4" t="151" w="134" /><ent r="3" t="151" w="145" /><ent r="3" t="151" w="171" /><ent r="4" t="151" w="224" /><ent r="100" t="154" w="781" /><ent r="5" t="154" w="783" /><ent r="100" t="154" w="786" /><ent r="4" t="154" w="789" /><ent r="3" t="154" w="822" /><ent r="3" t="154" w="857" /><ent r="3" t="154" w="867" /><ent r="3" t="154" w="888" /><ent r="3" t="157" w="189" /><ent r="3" t="157" w="220" /><ent r="3" t="157" w="224" /><ent r="5" t="158" w="78" /><ent r="4" t="158" w="81" /><ent r="4" t="158" w="124" /><ent r="3" t="158" w="135" /><ent r="3" t="158" w="161" /><ent r="3" t="158" w="212" /><ent r="3" t="158" w="223" /><ent r="3" t="158" w="238" /><ent r="3" t="158" w="319" /><ent r="3" t="158" w="327" /><ent r="5" t="158" w="378" /><ent r="3" t="192" w="317" /><ent r="3" t="192" w="565" /><ent r="64" t="203" w="389" /><ent r="3" t="212" w="91" /><ent r="5" t="212" w="547" /><ent r="3" t="212" w="587" /><ent r="1000" t="213" w="6" /><ent r="100" t="213" w="9" /><ent r="103" t="213" w="19" /><ent r="3" t="213" w="39" /><ent r="4" t="213" w="105" /><ent r="4" t="213" w="122" /><ent r="3" t="213" w="126" /><ent r="3" t="213" w="129" /><ent r="3" t="213" w="137" /><ent r="5" t="213" w="176" /><ent r="5" t="213" w="514" /><ent r="4" t="213" w="530" /><ent r="4" t="213" w="1359" /><ent r="92" t="213" w="1416" /><ent r="4" t="213" w="1595" /><ent r="3" t="213" w="1634" /></phr></stem><stem n="batchwiz"><phr n="batchwiz"><ent r="4" t="31" w="174" /><ent r="4" t="213" w="1362" /><ent r="3" t="213" w="1570" /><ent r="3" t="213" w="1582" /></phr></stem><stem n="(*.batchwiz)"><phr n="(*.batchwiz)"><ent r="4" t="31" w="175" /></phr></stem><stem n="templat"><phr n="Template"><ent r="4" t="31" w="178" /><ent r="64" t="159" w="122" /><ent r="64" t="159" w="126" /><ent r="3" t="160" w="31" /><ent r="3" t="160" w="34" /><ent r="3" t="160" w="60" /><ent r="3" t="160" w="66" /><ent r="3" t="160" w="70" /><ent r="3" t="160" w="78" /><ent r="4" t="160" w="93" /><ent r="5" t="160" w="141" /><ent r="4" t="160" w="154" /><ent r="4" t="160" w="168" /><ent r="3" t="160" w="176" /><ent r="3" t="160" w="183" /><ent r="64" t="160" w="220" /><ent r="64" t="160" w="224" /><ent r="3" t="161" w="27" /><ent r="3" t="161" w="49" /><ent r="64" t="161" w="113" /><ent r="64" t="161" w="117" /><ent r="1000" t="162" w="3" /><ent r="100" t="162" w="5" /><ent r="100" t="162" w="9" /><ent r="102" t="162" w="13" /><ent r="3" t="162" w="19" /><ent r="3" t="162" w="32" /><ent r="5" t="162" w="47" /><ent r="4" t="162" w="53" /><ent r="4" t="162" w="59" /><ent r="64" t="162" w="84" /><ent r="64" t="163" w="104" /><ent r="64" t="163" w="108" /><ent r="1000" t="164" w="3" /><ent r="100" t="164" w="5" /><ent r="100" t="164" w="9" /><ent r="102" t="164" w="13" /><ent r="3" t="164" w="24" /><ent r="3" t="164" w="37" /><ent r="5" t="164" w="53" /><ent r="4" t="164" w="59" /><ent r="4" t="164" w="69" /><ent r="64" t="164" w="85" /><ent r="4" t="237" w="432" /><ent r="3" t="237" w="436" /><ent r="3" t="237" w="465" /></phr><phr n="templates"><ent r="3" t="164" w="16" /></phr></stem><stem n="spg"><phr n="spg"><ent r="4" t="31" w="179" /></phr></stem><stem n="(*.spg)"><phr n="(*.spg)"><ent r="4" t="31" w="180" /></phr></stem><stem n="ano"><phr n="ano"><ent r="4" t="31" w="184" /></phr></stem><stem n="(*.ano)"><phr n="(*.ano)"><ent r="4" t="31" w="185" /></phr></stem><stem n="ground"><phr n="Ground"><ent r="4" t="31" w="188" /><ent r="3" t="98" w="8" /><ent r="3" t="99" w="12" /><ent r="3" t="136" w="29" /><ent r="4" t="195" w="162" /><ent r="3" t="204" w="758" /><ent r="3" t="205" w="151" /><ent r="3" t="205" w="945" /><ent r="4" t="205" w="1282" /><ent r="3" t="205" w="3076" /><ent r="93" t="246" w="146" /><ent r="100" t="246" w="150" /><ent r="3" t="246" w="157" /><ent r="3" t="246" w="344" /></phr></stem><stem n="(*.gcp)"><phr n="(*.gcp)"><ent r="4" t="31" w="192" /></phr></stem><stem n="tpl"><phr n="tpl"><ent r="4" t="31" w="197" /></phr></stem><stem n="(*.tpl)"><phr n="(*.tpl)"><ent r="4" t="31" w="198" /></phr></stem><stem n="(*.aoi)"><phr n="(*.aoi)"><ent r="4" t="31" w="203" /></phr></stem><stem n="(*.session)"><phr n="(*.session)"><ent r="4" t="31" w="208" /></phr></stem><stem n="extens"><phr n="extensive"><ent r="4" t="32" w="90" /></phr><phr n="Extension"><ent r="3" t="41" w="16" /><ent r="4" t="105" w="214" /><ent r="3" t="122" w="299" /><ent r="3" t="127" w="31" /><ent r="5" t="189" w="333" /><ent r="3" t="204" w="1592" /><ent r="4" t="248" w="521" /><ent r="4" t="248" w="748" /></phr><phr n="Extensions"><ent r="5" t="214" w="63" /><ent r="4" t="214" w="72" /><ent r="4" t="214" w="80" /><ent r="4" t="214" w="94" /></phr></stem><stem n="nitf-specif"><phr n="NITF-specific"><ent r="4" t="32" w="97" /></phr></stem><stem n="updat"><phr n="update"><ent r="3" t="32" w="104" /><ent r="4" t="121" w="144" /><ent r="4" t="121" w="164" /><ent r="3" t="125" w="156" /><ent r="4" t="132" w="176" /><ent r="4" t="133" w="96" /><ent r="4" t="134" w="137" /><ent r="4" t="135" w="138" /><ent r="64" t="146" w="276" /><ent r="3" t="148" w="153" /><ent r="4" t="148" w="167" /><ent r="1000" t="150" w="1" /><ent r="102" t="150" w="5" /><ent r="100" t="150" w="9" /><ent r="100" t="150" w="15" /><ent r="3" t="150" w="17" /><ent r="3" t="150" w="22" /><ent r="4" t="150" w="62" /><ent r="3" t="150" w="86" /><ent r="4" t="152" w="119" /><ent r="5" t="152" w="283" /><ent r="5" t="152" w="561" /><ent r="3" t="179" w="24" /><ent r="4" t="189" w="1081" /><ent r="4" t="205" w="2723" /><ent r="3" t="212" w="1735" /><ent r="4" t="212" w="1747" /><ent r="5" t="212" w="1896" /></phr><phr n="updates"><ent r="4" t="47" w="99" /><ent r="4" t="48" w="217" /><ent r="3" t="205" w="2597" /><ent r="5" t="217" w="229" /><ent r="5" t="217" w="244" /></phr><phr n="updated"><ent r="4" t="99" w="206" /><ent r="3" t="228" w="986" /><ent r="3" t="228" w="1081" /><ent r="4" t="248" w="588" /></phr><phr n="updating"><ent r="4" t="106" w="134" /><ent r="4" t="180" w="92" /><ent r="4" t="182" w="124" /><ent r="4" t="237" w="103" /><ent r="4" t="238" w="121" /></phr></stem><stem n=":export"><phr n=":export"><ent r="100" t="33" w="11" /><ent r="100" t="36" w="5" /><ent r="100" t="37" w="7" /><ent r="100" t="39" w="7" /><ent r="100" t="47" w="11" /><ent r="100" t="209" w="8" /></phr></stem><stem n="hdr"><phr n="hdr"><ent r="4" t="34" w="48" /><ent r="4" t="42" w="192" /><ent r="3" t="43" w="56" /><ent r="4" t="204" w="563" /><ent r="5" t="206" w="422" /><ent r="5" t="210" w="278" /></phr></stem><stem n="(.hdr)"><phr n="(.hdr)"><ent r="4" t="34" w="49" /></phr></stem><stem n="correspond"><phr n="corresponding"><ent r="4" t="34" w="62" /><ent r="3" t="42" w="49" /><ent r="4" t="42" w="223" /><ent r="3" t="43" w="97" /><ent r="3" t="44" w="22" /><ent r="4" t="121" w="154" /><ent r="4" t="135" w="428" /><ent r="3" t="192" w="208" /><ent r="3" t="193" w="174" /><ent r="3" t="204" w="241" /><ent r="4" t="204" w="556" /><ent r="4" t="204" w="1161" /><ent r="4" t="205" w="2823" /><ent r="4" t="210" w="289" /><ent r="3" t="223" w="33" /><ent r="4" t="223" w="312" /></phr><phr n="correspond"><ent r="5" t="57" w="412" /><ent r="5" t="57" w="847" /><ent r="3" t="136" w="217" /><ent r="5" t="182" w="449" /><ent r="3" t="205" w="1434" /><ent r="4" t="245" w="47" /><ent r="3" t="246" w="538" /></phr></stem><stem n="(.re.ice.h5)"><phr n="(.re.ice.h5)"><ent r="4" t="34" w="138" /></phr></stem><stem n="defin"><phr n="definable"><ent r="4" t="34" w="139" /></phr><phr n="defined"><ent r="4" t="36" w="89" /><ent r="3" t="128" w="57" /><ent r="3" t="142" w="372" /><ent r="3" t="154" w="245" /><ent r="3" t="185" w="259" /><ent r="3" t="192" w="188" /><ent r="7" t="222" w="168" /><ent r="6" t="240" w="126" /></phr><phr n="define"><ent r="3" t="88" w="26" /><ent r="3" t="142" w="203" /><ent r="3" t="207" w="1161" /></phr><phr n="defines"><ent r="3" t="100" w="13" /><ent r="7" t="116" w="212" /><ent r="3" t="136" w="165" /><ent r="3" t="219" w="24" /><ent r="3" t="220" w="21" /><ent r="3" t="246" w="69" /><ent r="3" t="246" w="212" /></phr></stem><stem n="dimens"><phr n="dimensions"><ent r="4" t="34" w="141" /></phr></stem><stem n="lossless"><phr n="lossless"><ent r="4" t="34" w="179" /><ent r="3" t="226" w="23" /></phr></stem><stem n="compress"><phr n="compression"><ent r="4" t="34" w="180" /><ent r="4" t="38" w="183" /><ent r="82" t="47" w="227" /><ent r="4" t="47" w="232" /><ent r="3" t="47" w="241" /><ent r="3" t="47" w="258" /><ent r="4" t="47" w="269" /><ent r="82" t="47" w="413" /><ent r="82" t="47" w="586" /><ent r="4" t="47" w="594" /><ent r="3" t="47" w="617" /><ent r="3" t="224" w="43" /><ent r="3" t="224" w="236" /><ent r="4" t="224" w="355" /><ent r="4" t="224" w="368" /><ent r="3" t="225" w="31" /><ent r="3" t="225" w="195" /><ent r="82" t="225" w="201" /><ent r="3" t="225" w="205" /><ent r="4" t="225" w="233" /><ent r="3" t="225" w="251" /><ent r="3" t="225" w="257" /><ent r="3" t="225" w="288" /><ent r="3" t="226" w="24" /><ent r="4" t="231" w="82" /><ent r="4" t="231" w="110" /><ent r="4" t="232" w="27" /><ent r="4" t="232" w="38" /><ent r="4" t="232" w="53" /><ent r="4" t="232" w="102" /><ent r="4" t="232" w="112" /><ent r="4" t="232" w="118" /><ent r="5" t="232" w="127" /><ent r="5" t="232" w="130" /></phr><phr n="compress"><ent r="3" t="189" w="51" /></phr><phr n="compressed"><ent r="3" t="225" w="214" /></phr><phr n="Compressing"><ent r="3" t="225" w="215" /></phr><phr n="compresses"><ent r="4" t="225" w="246" /></phr></stem><stem n="-bit"><phr n="-bit"><ent r="4" t="34" w="184" /><ent r="4" t="34" w="184" /><ent r="4" t="38" w="60" /><ent r="4" t="38" w="60" /><ent r="4" t="38" w="150" /><ent r="4" t="38" w="150" /><ent r="3" t="103" w="56" /><ent r="3" t="103" w="56" /><ent r="3" t="103" w="63" /><ent r="3" t="103" w="63" /><ent r="7" t="222" w="192" /><ent r="7" t="222" w="192" /><ent r="7" t="222" w="197" /><ent r="7" t="222" w="197" /><ent r="7" t="222" w="203" /><ent r="7" t="222" w="203" /><ent r="7" t="222" w="210" /><ent r="7" t="222" w="210" /><ent r="7" t="222" w="216" /><ent r="7" t="222" w="216" /><ent r="6" t="222" w="224" /><ent r="6" t="222" w="224" /><ent r="6" t="222" w="235" /><ent r="6" t="222" w="235" /><ent r="6" t="222" w="252" /><ent r="6" t="222" w="252" /><ent r="6" t="222" w="258" /><ent r="6" t="222" w="258" /><ent r="6" t="222" w="265" /><ent r="6" t="222" w="265" /><ent r="7" t="222" w="275" /><ent r="7" t="222" w="275" /><ent r="3" t="226" w="32" /><ent r="3" t="226" w="32" /><ent r="3" t="226" w="35" /><ent r="3" t="226" w="35" /><ent r="3" t="226" w="43" /><ent r="3" t="226" w="43" /></phr></stem><stem n="simpl"><phr n="simple"><ent r="4" t="34" w="240" /><ent r="3" t="212" w="224" /></phr></stem><stem n="ascii"><phr n="ASCII"><ent r="4" t="34" w="241" /><ent r="4" t="36" w="76" /><ent r="3" t="127" w="40" /><ent r="3" t="204" w="1584" /><ent r="3" t="249" w="34" /></phr></stem><stem n="e"><phr n="e"><ent r="4" t="34" w="249" /><ent r="4" t="34" w="270" /><ent r="7" t="218" w="76" /><ent r="7" t="218" w="94" /><ent r="3" t="219" w="183" /><ent r="5" t="236" w="357" /><ent r="7" t="250" w="141" /></phr></stem><stem n="g"><phr n="g"><ent r="4" t="34" w="250" /><ent r="4" t="34" w="271" /><ent r="5" t="116" w="613" /><ent r="5" t="182" w="275" /><ent r="7" t="222" w="477" /><ent r="5" t="236" w="289" /></phr></stem><stem n="(e.g.,"><phr n="(e.g.,"><ent r="4" t="34" w="251" /><ent r="4" t="34" w="272" /></phr></stem><stem n=":layer"><phr n=":layer"><ent r="100" t="35" w="8" /><ent r="100" t="178" w="6" /></phr><phr n=":layers"><ent r="100" t="198" w="8" /></phr></stem><stem n="psl"><phr n="psl"><ent r="4" t="35" w="40" /></phr></stem><stem n="(.psl.ice.h5)."><phr n="(.psl.ice.h5)."><ent r="4" t="35" w="43" /></phr></stem><stem n="thl"><phr n="thl"><ent r="4" t="35" w="72" /></phr></stem><stem n="(.thl.ice.h5)."><phr n="(.thl.ice.h5)."><ent r="4" t="35" w="75" /></phr></stem><stem n="kml"><phr n="KML"><ent r="5" t="35" w="88" /><ent r="4" t="35" w="105" /><ent r="5" t="38" w="198" /></phr></stem><stem n=":result"><phr n=":results"><ent r="100" t="36" w="8" /></phr></stem><stem n="replac"><phr n="replace"><ent r="3" t="36" w="41" /><ent r="4" t="93" w="179" /><ent r="3" t="228" w="271" /><ent r="3" t="228" w="293" /></phr><phr n="Replacements"><ent r="92" t="93" w="142" /><ent r="3" t="93" w="146" /></phr><phr n="replacing"><ent r="3" t="228" w="230" /></phr></stem><stem n="rl"><phr n="rls"><ent r="4" t="36" w="73" /></phr></stem><stem n="(*.rls)"><phr n="(*.rls)"><ent r="4" t="36" w="74" /></phr></stem><stem n="pass"><phr n="pass"><ent r="4" t="36" w="86" /><ent r="5" t="36" w="383" /><ent r="6" t="58" w="131" /><ent r="92" t="58" w="258" /><ent r="3" t="58" w="263" /><ent r="4" t="58" w="274" /><ent r="3" t="58" w="279" /><ent r="4" t="58" w="369" /><ent r="4" t="183" w="163" /><ent r="3" t="183" w="168" /><ent r="4" t="183" w="258" /></phr><phr n="passed"><ent r="3" t="202" w="26" /><ent r="3" t="237" w="503" /></phr></stem><stem n="-defin"><phr n="-defined"><ent r="4" t="36" w="88" /><ent r="4" t="36" w="88" /><ent r="3" t="185" w="258" /><ent r="3" t="185" w="258" /><ent r="7" t="222" w="167" /><ent r="7" t="222" w="167" /></phr></stem><stem n="user-defin"><phr n="user-defined"><ent r="4" t="36" w="88" /><ent r="3" t="154" w="244" /><ent r="3" t="185" w="258" /></phr></stem><stem n="written"><phr n="written"><ent r="4" t="36" w="398" /><ent r="3" t="226" w="176" /></phr></stem><stem n="greater"><phr n="Greater"><ent r="6" t="36" w="423" /><ent r="5" t="36" w="432" /><ent r="5" t="36" w="448" /><ent r="5" t="36" w="495" /><ent r="5" t="57" w="555" /><ent r="5" t="57" w="990" /><ent r="5" t="58" w="307" /><ent r="4" t="58" w="316" /><ent r="4" t="58" w="335" /><ent r="4" t="58" w="361" /><ent r="4" t="58" w="527" /><ent r="3" t="154" w="337" /><ent r="5" t="182" w="592" /><ent r="5" t="183" w="196" /><ent r="4" t="183" w="205" /><ent r="4" t="183" w="224" /><ent r="4" t="183" w="250" /><ent r="4" t="183" w="412" /><ent r="4" t="185" w="148" /><ent r="4" t="185" w="166" /><ent r="3" t="220" w="48" /><ent r="3" t="221" w="126" /><ent r="4" t="245" w="190" /></phr></stem><stem n="(latitude/longitude,"><phr n="(latitude/longitude,"><ent r="4" t="36" w="545" /></phr></stem><stem n="utm"><phr n="UTM"><ent r="4" t="36" w="545" /><ent r="3" t="48" w="176" /><ent r="5" t="98" w="27" /><ent r="3" t="98" w="87" /><ent r="5" t="99" w="246" /><ent r="3" t="136" w="87" /><ent r="3" t="136" w="255" /><ent r="5" t="180" w="173" /><ent r="3" t="205" w="1015" /><ent r="3" t="220" w="35" /><ent r="7" t="222" w="417" /><ent r="7" t="222" w="444" /><ent r="3" t="222" w="739" /><ent r="7" t="244" w="84" /></phr></stem><stem n="mgr"><phr n="MGRS"><ent r="4" t="36" w="547" /><ent r="3" t="48" w="178" /><ent r="5" t="98" w="35" /><ent r="3" t="98" w="89" /><ent r="5" t="99" w="253" /><ent r="3" t="136" w="93" /><ent r="3" t="136" w="257" /><ent r="5" t="180" w="181" /><ent r="3" t="205" w="1017" /><ent r="3" t="220" w="37" /><ent r="7" t="244" w="92" /></phr></stem><stem n=":product"><phr n=":product"><ent r="100" t="37" w="10" /><ent r="100" t="38" w="10" /><ent r="100" t="160" w="10" /><ent r="100" t="175" w="10" /></phr></stem><stem n="pictur"><phr n="picture"><ent r="4" t="37" w="23" /></phr></stem><stem n="i"><phr n="I"><ent r="4" t="37" w="25" /><ent r="3" t="219" w="182" /></phr></stem><stem n="n"><phr n="n"><ent r="5" t="37" w="27" /><ent r="5" t="236" w="325" /><ent r="3" t="247" w="116" /><ent r="3" t="247" w="120" /><ent r="3" t="247" w="130" /><ent r="3" t="247" w="188" /><ent r="3" t="247" w="198" /><ent r="3" t="247" w="207" /><ent r="3" t="247" w="212" /><ent r="3" t="247" w="219" /><ent r="3" t="247" w="224" /><ent r="7" t="252" w="110" /><ent r="5" t="254" w="732" /></phr></stem><stem n="avi"><phr n="AVI"><ent r="67" t="37" w="116" /><ent r="5" t="38" w="30" /><ent r="65" t="38" w="44" /><ent r="4" t="205" w="3216" /><ent r="1000" t="229" w="1" /><ent r="100" t="229" w="5" /><ent r="102" t="229" w="9" /></phr><phr n="AVIs"><ent r="3" t="229" w="18" /></phr></stem><stem n="mjpeg"><phr n="MJPEG"><ent r="67" t="37" w="130" /><ent r="5" t="38" w="235" /><ent r="65" t="38" w="243" /></phr></stem><stem n="-1"><phr n="-1"><ent r="67" t="37" w="134" /><ent r="67" t="37" w="134" /><ent r="5" t="38" w="248" /><ent r="5" t="38" w="248" /><ent r="65" t="38" w="258" /><ent r="65" t="38" w="258" /><ent r="3" t="205" w="2291" /><ent r="3" t="205" w="2291" /><ent r="1000" t="233" w="1" /><ent r="1000" t="233" w="1" /><ent r="100" t="233" w="6" /><ent r="100" t="233" w="6" /><ent r="102" t="233" w="11" /><ent r="102" t="233" w="11" /><ent r="3" t="233" w="21" /><ent r="3" t="233" w="21" /></phr></stem><stem n="mpeg"><phr n="MPEG"><ent r="67" t="37" w="134" /><ent r="5" t="38" w="248" /><ent r="65" t="38" w="258" /><ent r="1000" t="233" w="1" /><ent r="100" t="233" w="6" /><ent r="102" t="233" w="11" /><ent r="3" t="233" w="21" /></phr></stem><stem n="mpeg-1"><phr n="MPEG-1"><ent r="67" t="37" w="134" /><ent r="5" t="38" w="248" /><ent r="65" t="38" w="258" /><ent r="1000" t="233" w="1" /><ent r="100" t="233" w="6" /><ent r="102" t="233" w="11" /><ent r="3" t="233" w="21" /></phr></stem><stem n="-dimension"><phr n="-dimensional"><ent r="4" t="38" w="58" /><ent r="4" t="38" w="58" /><ent r="4" t="38" w="106" /><ent r="4" t="38" w="106" /><ent r="4" t="38" w="148" /><ent r="4" t="38" w="148" /><ent r="4" t="38" w="273" /><ent r="4" t="38" w="273" /><ent r="4" t="204" w="1122" /><ent r="4" t="204" w="1122" /><ent r="3" t="231" w="25" /><ent r="3" t="231" w="25" /></phr></stem></index>