﻿<?xml version="1.0" encoding="utf-8"?><index><stem n="re-run"><phr n="Re-run"><ent r="4" t="206" w="1721" /></phr></stem><stem n="(gis)"><phr n="(GIS)"><ent r="3" t="207" w="105" /><ent r="3" t="208" w="95" /></phr></stem><stem n="arcview"><phr n="ArcView"><ent r="3" t="207" w="157" /><ent r="3" t="208" w="147" /></phr></stem><stem n="vendor"><phr n="vendors"><ent r="3" t="207" w="170" /><ent r="3" t="208" w="160" /></phr></stem><stem n="-base"><phr n="-based"><ent r="3" t="207" w="184" /><ent r="3" t="207" w="184" /><ent r="3" t="208" w="174" /><ent r="3" t="208" w="174" /></phr></stem><stem n="vector-bas"><phr n="vector-based"><ent r="3" t="207" w="184" /><ent r="3" t="208" w="174" /></phr></stem><stem n="multi-point"><phr n="multi-points"><ent r="3" t="207" w="192" /><ent r="3" t="208" w="182" /></phr><phr n="multi-point"><ent r="3" t="207" w="204" /><ent r="3" t="208" w="194" /><ent r="3" t="208" w="1328" /></phr><phr n="Multi-point"><ent r="3" t="207" w="214" /><ent r="3" t="208" w="204" /></phr><phr n="Multi-Point"><ent r="3" t="208" w="1242" /></phr></stem><stem n="-points,"><phr n="-points,"><ent r="3" t="207" w="194" /><ent r="3" t="207" w="194" /><ent r="3" t="208" w="184" /><ent r="3" t="208" w="184" /></phr></stem><stem n="-point"><phr n="-point"><ent r="3" t="207" w="204" /><ent r="3" t="207" w="204" /><ent r="3" t="207" w="214" /><ent r="3" t="207" w="214" /><ent r="3" t="208" w="194" /><ent r="3" t="208" w="194" /><ent r="3" t="208" w="204" /><ent r="3" t="208" w="204" /><ent r="3" t="208" w="1328" /><ent r="3" t="208" w="1328" /></phr></stem><stem n="unord"><phr n="unordered"><ent r="3" t="207" w="219" /><ent r="3" t="208" w="209" /></phr></stem><stem n="entiti"><phr n="entity"><ent r="3" t="207" w="227" /><ent r="3" t="208" w="217" /></phr></stem><stem n="railroad"><phr n="railroads"><ent r="3" t="207" w="255" /><ent r="3" t="208" w="245" /></phr></stem><stem n="could"><phr n="could"><ent r="3" t="207" w="296" /><ent r="3" t="207" w="304" /><ent r="3" t="208" w="286" /><ent r="3" t="208" w="294" /></phr></stem><stem n="compos"><phr n="composed"><ent r="3" t="207" w="298" /><ent r="3" t="208" w="288" /></phr></stem><stem n="plan"><phr n="plan"><ent r="3" t="207" w="372" /><ent r="3" t="208" w="362" /></phr></stem><stem n="ast"><phr n="AST"><ent r="5" t="207" w="724" /><ent r="5" t="211" w="1852" /><ent r="4" t="212" w="714" /><ent r="4" t="212" w="739" /><ent r="4" t="212" w="768" /></phr></stem><stem n="ast_lib"><phr n="AST_LIB"><ent r="5" t="207" w="725" /><ent r="5" t="207" w="724" /><ent r="5" t="211" w="1853" /><ent r="5" t="211" w="1852" /><ent r="4" t="212" w="715" /><ent r="4" t="212" w="714" /><ent r="4" t="212" w="740" /><ent r="4" t="212" w="739" /></phr></stem><stem n="lib"><phr n="LIB"><ent r="5" t="207" w="725" /><ent r="5" t="211" w="1853" /><ent r="4" t="212" w="715" /><ent r="4" t="212" w="740" /><ent r="4" t="212" w="769" /></phr></stem><stem n="ast_lib_00304282006155031"><phr n="AST_LIB_00304282006155031"><ent r="5" t="207" w="726" /><ent r="5" t="207" w="724" /></phr></stem><stem n="00304282006155031"><phr n="00304282006155031"><ent r="5" t="207" w="726" /></phr></stem><stem n="ast_lib_00304282006155031_05022006131334"><phr n="AST_LIB_00304282006155031_05022006131334"><ent r="5" t="207" w="727" /><ent r="5" t="207" w="724" /></phr></stem><stem n="05022006131334"><phr n="05022006131334"><ent r="5" t="207" w="727" /></phr></stem><stem n="ast_lib_00304282006155031_05022006131334_swir"><phr n="AST_LIB_00304282006155031_05022006131334_SWIR"><ent r="5" t="207" w="728" /><ent r="5" t="207" w="724" /></phr></stem><stem n="ast_lib_00304282006155031_05022006131334_swir_swath"><phr n="AST_LIB_00304282006155031_05022006131334_SWIR_Swath"><ent r="5" t="207" w="729" /><ent r="5" t="207" w="724" /></phr></stem><stem n="_lib_00304282006155031_05022006131334_swir_swath.tif"><phr n="_LIB_00304282006155031_05022006131334_SWIR_Swath.tif"><ent r="5" t="207" w="730" /></phr></stem><stem n="ast_lib_00304282006155031_05022006131334_swir_swath.tif"><phr n="AST_LIB_00304282006155031_05022006131334_SWIR_Swath.tif"><ent r="5" t="207" w="730" /><ent r="5" t="207" w="724" /></phr></stem><stem n="fe"><phr n="fe"><ent r="5" t="207" w="838" /><ent r="4" t="207" w="1000" /></phr></stem><stem n="fe_2007"><phr n="fe_2007"><ent r="5" t="207" w="839" /><ent r="5" t="207" w="838" /><ent r="4" t="207" w="1001" /><ent r="4" t="207" w="1000" /></phr></stem><stem n="2007"><phr n="2007"><ent r="5" t="207" w="839" /><ent r="4" t="207" w="1001" /></phr></stem><stem n="fe_2007_36047"><phr n="fe_2007_36047"><ent r="5" t="207" w="840" /><ent r="5" t="207" w="838" /><ent r="4" t="207" w="1002" /><ent r="4" t="207" w="1000" /></phr></stem><stem n="36047"><phr n="36047"><ent r="5" t="207" w="840" /><ent r="4" t="207" w="1002" /></phr></stem><stem n="fe_2007_36047_arealm"><phr n="fe_2007_36047_arealm"><ent r="5" t="207" w="841" /><ent r="5" t="207" w="838" /><ent r="4" t="207" w="1003" /><ent r="4" t="207" w="1000" /></phr></stem><stem n="arealm"><phr n="arealm"><ent r="5" t="207" w="841" /><ent r="4" t="207" w="1003" /></phr></stem><stem n="_2007_36047_arealm.shp"><phr n="_2007_36047_arealm.shp"><ent r="5" t="207" w="842" /><ent r="4" t="207" w="1004" /></phr></stem><stem n="fe_2007_36047_arealm.shp"><phr n="fe_2007_36047_arealm.shp"><ent r="5" t="207" w="842" /><ent r="5" t="207" w="838" /><ent r="4" t="207" w="1004" /><ent r="4" t="207" w="1000" /></phr></stem><stem n="shp"><phr n="shp"><ent r="5" t="207" w="842" /><ent r="4" t="207" w="1004" /></phr></stem><stem n="&quot;connection:"><phr n="&quot;Connection:"><ent r="3" t="207" w="861" /></phr></stem><stem n="clearli"><phr n="clearly"><ent r="3" t="207" w="1074" /><ent r="4" t="212" w="610" /></phr></stem><stem n="thick"><phr n="thickness"><ent r="3" t="207" w="1081" /></phr></stem><stem n="arcmap"><phr n="ArcMap"><ent r="4" t="208" w="72" /><ent r="92" t="208" w="1190" /><ent r="4" t="208" w="1203" /><ent r="4" t="208" w="1222" /><ent r="3" t="208" w="1356" /></phr></stem><stem n="pyramid"><phr n="pyramids"><ent r="5" t="208" w="721" /><ent r="4" t="208" w="873" /><ent r="5" t="210" w="521" /><ent r="5" t="210" w="560" /><ent r="5" t="210" w="724" /><ent r="5" t="210" w="848" /><ent r="5" t="210" w="1075" /></phr><phr n="pyramid"><ent r="5" t="208" w="1101" /></phr></stem><stem n="pyramids_psh"><phr n="pyramids_psh"><ent r="5" t="208" w="722" /><ent r="5" t="208" w="721" /><ent r="5" t="210" w="522" /><ent r="5" t="210" w="521" /><ent r="5" t="210" w="561" /><ent r="5" t="210" w="560" /><ent r="5" t="210" w="849" /><ent r="5" t="210" w="848" /><ent r="5" t="210" w="1076" /><ent r="5" t="210" w="1075" /></phr></stem><stem n="psh"><phr n="psh"><ent r="5" t="208" w="722" /><ent r="5" t="210" w="522" /><ent r="5" t="210" w="561" /><ent r="5" t="210" w="725" /><ent r="5" t="210" w="849" /><ent r="5" t="210" w="1076" /></phr></stem><stem n="pyramids_psh_2feb2002"><phr n="pyramids_psh_2feb2002"><ent r="5" t="208" w="723" /><ent r="5" t="208" w="721" /><ent r="5" t="210" w="523" /><ent r="5" t="210" w="521" /><ent r="5" t="210" w="562" /><ent r="5" t="210" w="560" /><ent r="5" t="210" w="850" /><ent r="5" t="210" w="848" /><ent r="5" t="210" w="1077" /><ent r="5" t="210" w="1075" /></phr></stem><stem n="2feb2002"><phr n="2feb2002"><ent r="5" t="208" w="723" /><ent r="5" t="210" w="523" /><ent r="5" t="210" w="562" /><ent r="5" t="210" w="726" /><ent r="5" t="210" w="850" /><ent r="5" t="210" w="1077" /></phr></stem><stem n="pyramids_psh_2feb2002_8bitgeotiff"><phr n="pyramids_psh_2feb2002_8bitgeotiff"><ent r="5" t="208" w="724" /><ent r="5" t="208" w="721" /><ent r="5" t="210" w="524" /><ent r="5" t="210" w="521" /><ent r="5" t="210" w="563" /><ent r="5" t="210" w="560" /><ent r="5" t="210" w="851" /><ent r="5" t="210" w="848" /><ent r="5" t="210" w="1078" /><ent r="5" t="210" w="1075" /></phr></stem><stem n="8bitgeotiff"><phr n="8bitgeotiff"><ent r="5" t="208" w="724" /><ent r="5" t="210" w="524" /><ent r="5" t="210" w="563" /><ent r="5" t="210" w="727" /><ent r="5" t="210" w="851" /><ent r="5" t="210" w="1078" /></phr></stem><stem n="_psh_2feb2002_8bitgeotiff.tif"><phr n="_psh_2feb2002_8bitgeotiff.tif"><ent r="5" t="208" w="725" /><ent r="5" t="210" w="525" /><ent r="5" t="210" w="564" /><ent r="5" t="210" w="852" /><ent r="5" t="210" w="1079" /></phr></stem><stem n="pyramids_psh_2feb2002_8bitgeotiff.tif"><phr n="pyramids_psh_2feb2002_8bitgeotiff.tif"><ent r="5" t="208" w="725" /><ent r="5" t="208" w="721" /><ent r="5" t="210" w="525" /><ent r="5" t="210" w="521" /><ent r="5" t="210" w="564" /><ent r="5" t="210" w="560" /><ent r="5" t="210" w="852" /><ent r="5" t="210" w="848" /><ent r="5" t="210" w="1079" /><ent r="5" t="210" w="1075" /></phr></stem><stem n="3r2g1bt"><phr n="3r2g1bt"><ent r="4" t="208" w="764" /></phr></stem><stem n="3r"><phr n="3r"><ent r="3" t="208" w="767" /></phr></stem><stem n="“3r”"><phr n="“3r”"><ent r="3" t="208" w="768" /></phr></stem><stem n="2g"><phr n="2g"><ent r="3" t="208" w="773" /></phr></stem><stem n="“2g”"><phr n="“2g”"><ent r="3" t="208" w="774" /></phr></stem><stem n="1b"><phr n="1b"><ent r="3" t="208" w="779" /></phr></stem><stem n="“1b”"><phr n="“1b”"><ent r="3" t="208" w="780" /></phr></stem><stem n="“t”"><phr n="“t”"><ent r="3" t="208" w="786" /></phr></stem><stem n="(try"><phr n="(Try"><ent r="3" t="208" w="809" /></phr></stem><stem n="%.)"><phr n="%.)"><ent r="3" t="208" w="814" /></phr></stem><stem n="maneuv"><phr n="maneuver"><ent r="4" t="208" w="911" /></phr></stem><stem n="“roads.”"><phr n="“Roads.”"><ent r="4" t="208" w="950" /></phr></stem><stem n="-activ"><phr n="-activate"><ent r="4" t="208" w="951" /><ent r="4" t="208" w="951" /></phr></stem><stem n="re-activ"><phr n="Re-activate"><ent r="4" t="208" w="951" /></phr></stem><stem n="_road"><phr n="_roads"><ent r="5" t="208" w="1102" /></phr></stem><stem n="pyramid_road"><phr n="pyramid_roads"><ent r="5" t="208" w="1102" /><ent r="5" t="208" w="1101" /></phr></stem><stem n="“point”"><phr n="“Point”"><ent r="3" t="208" w="1241" /></phr></stem><stem n="“multi-point”"><phr n="“Multi-Point”"><ent r="3" t="208" w="1244" /></phr></stem><stem n="“shape:”"><phr n="“Shape:”"><ent r="3" t="208" w="1247" /></phr></stem><stem n="“add"><phr n="“Add"><ent r="3" t="208" w="1265" /></phr></stem><stem n="“name”"><phr n="“Name”"><ent r="3" t="208" w="1275" /></phr></stem><stem n="hyperspectr"><phr n="hyperspectral"><ent r="4" t="209" w="66" /><ent r="4" t="209" w="107" /><ent r="3" t="209" w="168" /><ent r="3" t="209" w="590" /><ent r="3" t="243" w="77" /></phr></stem><stem n="(fwhm)."><phr n="(FWHM)."><ent r="4" t="209" w="97" /></phr></stem><stem n="(f970620t01p02_r03_sc01.a.bip)"><phr n="(f970620t01p02_r03_sc01.a.bip)"><ent r="4" t="209" w="297" /></phr></stem><stem n=".00"><phr n=".00"><ent r="5" t="209" w="339" /></phr></stem><stem n="1.00"><phr n="1.00"><ent r="5" t="209" w="339" /><ent r="5" t="209" w="338" /></phr></stem><stem n="00"><phr n="00"><ent r="5" t="209" w="339" /><ent r="3" t="220" w="757" /><ent r="3" t="220" w="759" /></phr></stem><stem n="sensor'"><phr n="sensor's"><ent r="3" t="209" w="369" /><ent r="3" t="209" w="368" /></phr></stem><stem n="estim"><phr n="estimates"><ent r="3" t="209" w="372" /></phr><phr n="estimated"><ent r="3" t="243" w="101" /></phr></stem><stem n="popul"><phr n="populated"><ent r="3" t="209" w="407" /></phr><phr n="populate"><ent r="3" t="210" w="936" /></phr></stem><stem n="&quot;wavelength"><phr n="&quot;Wavelength"><ent r="4" t="209" w="477" /></phr></stem><stem n="improv"><phr n="improve"><ent r="3" t="209" w="525" /></phr></stem><stem n="exploit"><phr n="exploitation"><ent r="3" t="209" w="528" /></phr></stem><stem n="_r03_sc01.a.bip"><phr n="_r03_sc01.a.bip"><ent r="6" t="209" w="553" /></phr></stem><stem n="/review:"><phr n="/Review:"><ent r="4" t="209" w="581" /></phr></stem><stem n="scratch"><phr n="scratch"><ent r="4" t="210" w="224" /></phr></stem><stem n="whatev"><phr n="whatever"><ent r="4" t="210" w="234" /></phr></stem><stem n="seen"><phr n="seen"><ent r="4" t="210" w="238" /></phr></stem><stem n="whichev"><phr n="Whichever"><ent r="4" t="210" w="249" /></phr></stem><stem n="“exercise”"><phr n="“Exercise”"><ent r="3" t="210" w="604" /></phr></stem><stem n="48"><phr n="48"><ent r="5" t="210" w="636" /></phr></stem><stem n="1/layout"><phr n="1/Layout"><ent r="5" t="210" w="721" /><ent r="5" t="210" w="720" /></phr></stem><stem n="/layout/view"><phr n="/Layout/View"><ent r="5" t="210" w="722" /></phr></stem><stem n="1/layout/view"><phr n="1/Layout/View"><ent r="5" t="210" w="722" /><ent r="5" t="210" w="720" /></phr></stem><stem n="1/pyramid"><phr n="1/pyramids"><ent r="5" t="210" w="724" /><ent r="5" t="210" w="723" /></phr></stem><stem n="1/pyramids_psh"><phr n="1/pyramids_psh"><ent r="5" t="210" w="725" /><ent r="5" t="210" w="723" /></phr></stem><stem n="1/pyramids_psh_2feb2002"><phr n="1/pyramids_psh_2feb2002"><ent r="5" t="210" w="726" /><ent r="5" t="210" w="723" /></phr></stem><stem n="1/pyramids_psh_2feb2002_8bitgeotiff"><phr n="1/pyramids_psh_2feb2002_8bitgeotiff"><ent r="5" t="210" w="727" /><ent r="5" t="210" w="723" /></phr></stem><stem n="1/pyramids_psh_2feb2002_8bitgeotiff.tif"><phr n="1/pyramids_psh_2feb2002_8bitgeotiff.tif"><ent r="5" t="210" w="728" /><ent r="5" t="210" w="723" /></phr></stem><stem n="/pyramids_psh_2feb2002_8bitgeotiff.tif/annot"><phr n="/pyramids_psh_2feb2002_8bitgeotiff.tif/Annotation"><ent r="5" t="210" w="729" /></phr></stem><stem n="1/pyramids_psh_2feb2002_8bitgeotiff.tif/annot"><phr n="1/pyramids_psh_2feb2002_8bitgeotiff.tif/Annotation"><ent r="5" t="210" w="729" /><ent r="5" t="210" w="723" /></phr></stem><stem n="“color”"><phr n="“Color”"><ent r="4" t="210" w="772" /></phr></stem><stem n="“text”"><phr n="“Text”"><ent r="4" t="210" w="775" /></phr></stem><stem n="/past"><phr n="/pasting"><ent r="3" t="210" w="962" /></phr></stem><stem n="copying/past"><phr n="copying/pasting"><ent r="3" t="210" w="962" /><ent r="3" t="210" w="961" /></phr></stem><stem n="(paint"><phr n="(paint"><ent r="3" t="210" w="1033" /></phr></stem><stem n="paint"><phr n="paint"><ent r="3" t="210" w="1033" /><ent r="3" t="210" w="1151" /></phr></stem><stem n="brush"><phr n="brush"><ent r="3" t="210" w="1034" /><ent r="3" t="210" w="1152" /></phr></stem><stem n="&quot;exercise&quot;"><phr n="&quot;Exercise&quot;"><ent r="3" t="210" w="1168" /></phr></stem><stem n="-autom"><phr n="-automated"><ent r="3" t="211" w="34" /><ent r="3" t="211" w="34" /><ent r="3" t="211" w="1931" /><ent r="3" t="211" w="1931" /></phr></stem><stem n="semi"><phr n="semi"><ent r="3" t="211" w="34" /><ent r="3" t="211" w="1931" /></phr></stem><stem n="semi-autom"><phr n="semi-automated"><ent r="3" t="211" w="34" /><ent r="3" t="211" w="1931" /></phr></stem><stem n="partial"><phr n="partially"><ent r="3" t="211" w="103" /></phr><phr n="partial"><ent r="3" t="235" w="77" /></phr></stem><stem n="-to-us"><phr n="-to-use"><ent r="3" t="211" w="113" /><ent r="3" t="211" w="114" /></phr></stem><stem n="easi"><phr n="easy"><ent r="3" t="211" w="113" /></phr></stem><stem n="easy-to"><phr n="easy-to"><ent r="3" t="211" w="113" /></phr></stem><stem n="easy-to-us"><phr n="easy-to-use"><ent r="3" t="211" w="113" /></phr></stem><stem n="to-us"><phr n="to-use"><ent r="3" t="211" w="114" /></phr></stem><stem n="rememb"><phr n="remember"><ent r="3" t="211" w="127" /></phr></stem><stem n="concept"><phr n="concept"><ent r="3" t="211" w="138" /></phr></stem><stem n="&quot;wizard&quot;"><phr n="&quot;Wizard&quot;"><ent r="4" t="211" w="188" /></phr></stem><stem n="boolean"><phr n="Boolean"><ent r="3" t="211" w="240" /></phr></stem><stem n="(true"><phr n="(true"><ent r="3" t="211" w="241" /></phr></stem><stem n="fals"><phr n="false"><ent r="3" t="211" w="243" /><ent r="6" t="250" w="678" /></phr><phr n="False"><ent r="3" t="212" w="694" /><ent r="6" t="250" w="233" /></phr></stem><stem n="&quot;string&quot;"><phr n="&quot;string&quot;"><ent r="4" t="211" w="606" /><ent r="4" t="211" w="640" /></phr></stem><stem n="-express"><phr n="-expression"><ent r="3" t="211" w="663" /><ent r="3" t="211" w="663" /><ent r="7" t="211" w="1154" /><ent r="7" t="211" w="1154" /><ent r="4" t="211" w="1228" /><ent r="4" t="211" w="1228" /><ent r="3" t="211" w="1376" /><ent r="3" t="211" w="1376" /><ent r="7" t="212" w="957" /><ent r="7" t="212" w="957" /><ent r="3" t="212" w="1254" /><ent r="3" t="212" w="1254" /></phr><phr n="-Expression"><ent r="4" t="211" w="1097" /><ent r="4" t="211" w="1097" /></phr></stem><stem n="value-express"><phr n="Value-expression"><ent r="3" t="211" w="663" /><ent r="7" t="211" w="1154" /><ent r="4" t="211" w="1228" /><ent r="3" t="211" w="1376" /><ent r="7" t="212" w="957" /><ent r="3" t="212" w="1254" /></phr><phr n="Value-Expression"><ent r="4" t="211" w="1097" /></phr></stem><stem n="bool"><phr n="bool"><ent r="4" t="211" w="690" /><ent r="4" t="211" w="724" /><ent r="3" t="212" w="688" /><ent r="6" t="250" w="225" /></phr></stem><stem n="&quot;bool&quot;"><phr n="&quot;bool&quot;"><ent r="4" t="211" w="691" /><ent r="4" t="211" w="725" /></phr></stem><stem n="-displai"><phr n="-display"><ent r="4" t="211" w="746" /><ent r="4" t="211" w="746" /><ent r="5" t="211" w="1169" /><ent r="5" t="211" w="1169" /><ent r="3" t="211" w="1380" /><ent r="3" t="211" w="1380" /><ent r="7" t="212" w="980" /><ent r="7" t="212" w="980" /><ent r="3" t="212" w="1258" /><ent r="3" t="212" w="1258" /></phr></stem><stem n="value-displai"><phr n="Value-display"><ent r="4" t="211" w="746" /><ent r="5" t="211" w="1169" /><ent r="3" t="211" w="1380" /><ent r="7" t="212" w="980" /><ent r="3" t="212" w="1258" /></phr></stem><stem n="explan"><phr n="explanation"><ent r="3" t="211" w="770" /><ent r="3" t="211" w="785" /><ent r="3" t="235" w="91" /></phr></stem><stem n="unlik"><phr n="unlike"><ent r="3" t="211" w="886" /></phr></stem><stem n="let"><phr n="let"><ent r="3" t="211" w="992" /></phr><phr n="Let"><ent r="3" t="237" w="7" /></phr></stem><stem n="exactli"><phr n="exactly"><ent r="3" t="211" w="1007" /></phr></stem><stem n="(note:"><phr n="(Note:"><ent r="7" t="211" w="1129" /></phr></stem><stem n="(fourth"><phr n="(fourth"><ent r="7" t="211" w="1164" /></phr></stem><stem n="fourth"><phr n="fourth"><ent r="7" t="211" w="1164" /><ent r="4" t="245" w="214" /></phr></stem><stem n="—green)"><phr n="—green)"><ent r="7" t="211" w="1168" /><ent r="5" t="211" w="1183" /></phr></stem><stem n="(third"><phr n="(third"><ent r="5" t="211" w="1179" /></phr></stem><stem n="incorrect"><phr n="incorrect"><ent r="6" t="211" w="1190" /><ent r="3" t="212" w="1074" /></phr></stem><stem n="misconnect"><phr n="misconnected"><ent r="6" t="211" w="1200" /><ent r="3" t="212" w="1084" /></phr></stem><stem n="hit"><phr n="hitting"><ent r="6" t="211" w="1214" /><ent r="3" t="212" w="1100" /></phr></stem><stem n="(lower"><phr n="(lower"><ent r="3" t="211" w="1273" /><ent r="3" t="212" w="1124" /></phr></stem><stem n="twice"><phr n="twice"><ent r="4" t="211" w="1343" /></phr></stem><stem n="([,])"><phr n="([,])"><ent r="4" t="211" w="1449" /></phr></stem><stem n="slash"><phr n="slash"><ent r="4" t="211" w="1454" /><ent r="3" t="211" w="1477" /><ent r="3" t="211" w="1507" /><ent r="3" t="211" w="1550" /><ent r="3" t="211" w="1557" /></phr><phr n="Slashes"><ent r="6" t="250" w="256" /><ent r="6" t="250" w="714" /></phr></stem><stem n="(/)"><phr n="(/)"><ent r="4" t="211" w="1455" /></phr></stem><stem n="submenu"><phr n="submenu"><ent r="4" t="211" w="1456" /></phr><phr n="submenus"><ent r="3" t="211" w="1486" /></phr></stem><stem n="[wizards]/mywizard"><phr n="[Wizards]/MyWizard"><ent r="4" t="211" w="1621" /></phr></stem><stem n="&amp;help/mywizard"><phr n="&amp;Help/MyWizard"><ent r="4" t="211" w="1642" /></phr></stem><stem n="help/mywizard"><phr n="Help/MyWizard"><ent r="4" t="211" w="1642" /><ent r="4" t="211" w="1641" /></phr></stem><stem n="[geo]/mywizard"><phr n="[Geo]/MyWizard"><ent r="4" t="211" w="1690" /></phr></stem><stem n="mywizard.wiz"><phr n="MyWizard.wiz"><ent r="4" t="211" w="1770" /><ent r="4" t="211" w="1769" /><ent r="5" t="212" w="459" /><ent r="5" t="212" w="458" /><ent r="5" t="212" w="480" /><ent r="5" t="212" w="479" /></phr></stem><stem n="(mywizard.wiz)"><phr n="(MyWizard.wiz)"><ent r="4" t="211" w="1771" /></phr></stem><stem n="/file"><phr n="/File"><ent r="4" t="211" w="1784" /><ent r="64" t="212" w="1404" /></phr></stem><stem n="session/fil"><phr n="Session/File"><ent r="4" t="211" w="1784" /><ent r="4" t="211" w="1783" /><ent r="64" t="212" w="1404" /><ent r="64" t="212" w="1403" /></phr></stem><stem n="ast_lib_00305042006183231"><phr n="AST_LIB_00305042006183231"><ent r="5" t="211" w="1854" /><ent r="5" t="211" w="1852" /><ent r="4" t="212" w="716" /><ent r="4" t="212" w="714" /><ent r="4" t="212" w="741" /><ent r="4" t="212" w="739" /></phr></stem><stem n="00305042006183231"><phr n="00305042006183231"><ent r="5" t="211" w="1854" /><ent r="4" t="212" w="716" /><ent r="4" t="212" w="741" /><ent r="4" t="212" w="770" /></phr></stem><stem n="ast_lib_00305042006183231_05082006132132"><phr n="AST_LIB_00305042006183231_05082006132132"><ent r="5" t="211" w="1855" /><ent r="5" t="211" w="1852" /><ent r="4" t="212" w="717" /><ent r="4" t="212" w="714" /><ent r="4" t="212" w="742" /><ent r="4" t="212" w="739" /></phr></stem><stem n="05082006132132"><phr n="05082006132132"><ent r="5" t="211" w="1855" /><ent r="4" t="212" w="717" /><ent r="4" t="212" w="742" /><ent r="4" t="212" w="771" /></phr></stem><stem n="ast_lib_00305042006183231_05082006132132_tir"><phr n="AST_LIB_00305042006183231_05082006132132_TIR"><ent r="5" t="211" w="1856" /><ent r="5" t="211" w="1852" /><ent r="4" t="212" w="718" /><ent r="4" t="212" w="714" /><ent r="4" t="212" w="743" /><ent r="4" t="212" w="739" /></phr></stem><stem n="tir"><phr n="TIR"><ent r="5" t="211" w="1856" /><ent r="4" t="212" w="718" /><ent r="4" t="212" w="743" /><ent r="4" t="212" w="772" /></phr></stem><stem n="ast_lib_00305042006183231_05082006132132_tir_swath"><phr n="AST_LIB_00305042006183231_05082006132132_TIR_Swath"><ent r="5" t="211" w="1857" /><ent r="5" t="211" w="1852" /><ent r="4" t="212" w="719" /><ent r="4" t="212" w="714" /><ent r="4" t="212" w="744" /><ent r="4" t="212" w="739" /></phr></stem><stem n="_lib_00305042006183231_05082006132132_tir_swath.tif"><phr n="_LIB_00305042006183231_05082006132132_TIR_Swath.tif"><ent r="5" t="211" w="1858" /><ent r="4" t="212" w="720" /></phr></stem><stem n="ast_lib_00305042006183231_05082006132132_tir_swath.tif"><phr n="AST_LIB_00305042006183231_05082006132132_TIR_Swath.tif"><ent r="5" t="211" w="1858" /><ent r="5" t="211" w="1852" /><ent r="4" t="212" w="720" /><ent r="4" t="212" w="714" /><ent r="4" t="212" w="745" /><ent r="4" t="212" w="739" /></phr></stem><stem n="/plug-in"><phr n="/Plug-In"><ent r="4" t="212" w="79" /></phr></stem><stem n="item/item"><phr n="Item/Item"><ent r="4" t="212" w="81" /><ent r="4" t="212" w="78" /></phr></stem><stem n="/valu"><phr n="/Value"><ent r="4" t="212" w="82" /></phr></stem><stem n="item/item/valu"><phr n="Item/Item/Value"><ent r="4" t="212" w="82" /><ent r="4" t="212" w="78" /></phr></stem><stem n="consecut"><phr n="consecutively"><ent r="5" t="212" w="160" /></phr></stem><stem n=".wiz"><phr n=".wiz"><ent r="5" t="212" w="459" /><ent r="5" t="212" w="480" /><ent r="5" t="212" w="1349" /></phr></stem><stem n="usedegre"><phr n="useDegrees"><ent r="3" t="212" w="691" /><ent r="7" t="212" w="971" /><ent r="7" t="212" w="973" /><ent r="4" t="212" w="1225" /><ent r="3" t="212" w="1263" /></phr></stem><stem n="ast_lib_00305042006183231_05082006132132_tir_swath.tif."><phr n="AST_LIB_00305042006183231_05082006132132_TIR_Swath.tif."><ent r="4" t="212" w="745" /><ent r="4" t="212" w="739" /></phr></stem><stem n="_lib_00305042006183231_05082006132132_tir_swath.tif."><phr n="_LIB_00305042006183231_05082006132132_TIR_Swath.tif."><ent r="4" t="212" w="746" /></phr></stem><stem n="new_ast"><phr n="new_AST"><ent r="4" t="212" w="768" /><ent r="4" t="212" w="767" /></phr></stem><stem n="new_ast_lib"><phr n="new_AST_LIB"><ent r="4" t="212" w="769" /><ent r="4" t="212" w="767" /></phr></stem><stem n="new_ast_lib_00305042006183231"><phr n="new_AST_LIB_00305042006183231"><ent r="4" t="212" w="770" /><ent r="4" t="212" w="767" /></phr></stem><stem n="new_ast_lib_00305042006183231_05082006132132"><phr n="new_AST_LIB_00305042006183231_05082006132132"><ent r="4" t="212" w="771" /><ent r="4" t="212" w="767" /></phr></stem><stem n="new_ast_lib_00305042006183231_05082006132132_tir"><phr n="new_AST_LIB_00305042006183231_05082006132132_TIR"><ent r="4" t="212" w="772" /><ent r="4" t="212" w="767" /></phr></stem><stem n="new_ast_lib_00305042006183231_05082006132132_tir_swath"><phr n="new_AST_LIB_00305042006183231_05082006132132_TIR_Swath"><ent r="4" t="212" w="773" /><ent r="4" t="212" w="767" /></phr></stem><stem n="_ast_lib_00305042006183231_05082006132132_tir_swath.tif"><phr n="_AST_LIB_00305042006183231_05082006132132_TIR_Swath.tif"><ent r="4" t="212" w="774" /></phr></stem><stem n="new_ast_lib_00305042006183231_05082006132132_tir_swath.tif"><phr n="new_AST_LIB_00305042006183231_05082006132132_TIR_Swath.tif"><ent r="4" t="212" w="774" /><ent r="4" t="212" w="767" /></phr></stem><stem n="worri"><phr n="worry"><ent r="4" t="212" w="800" /></phr></stem><stem n="-input"><phr n="-input"><ent r="7" t="212" w="946" /><ent r="7" t="212" w="946" /><ent r="3" t="212" w="1245" /><ent r="3" t="212" w="1245" /></phr></stem><stem n="value-input"><phr n="Value-input"><ent r="7" t="212" w="946" /><ent r="3" t="212" w="1245" /></phr></stem><stem n="(first"><phr n="(first"><ent r="7" t="212" w="967" /></phr></stem><stem n="greeninput"><phr n="greeninput"><ent r="7" t="212" w="968" /></phr></stem><stem n="-usedegre"><phr n="-useDegrees"><ent r="7" t="212" w="970" /><ent r="7" t="212" w="970" /><ent r="3" t="212" w="1262" /><ent r="3" t="212" w="1262" /></phr></stem><stem n="value-usedegre"><phr n="Value-useDegrees"><ent r="7" t="212" w="970" /><ent r="3" t="212" w="1262" /></phr></stem><stem n="displayresult"><phr n="displayResults"><ent r="7" t="212" w="983" /><ent r="5" t="212" w="1197" /></phr></stem><stem n="-output"><phr n="-output"><ent r="7" t="212" w="991" /><ent r="7" t="212" w="991" /><ent r="3" t="212" w="1270" /><ent r="3" t="212" w="1270" /></phr></stem><stem n="value-output"><phr n="Value-output"><ent r="7" t="212" w="991" /><ent r="3" t="212" w="1270" /></phr></stem><stem n="**import"><phr n="**Import"><ent r="7" t="212" w="1016" /></phr></stem><stem n="**to"><phr n="**To"><ent r="3" t="212" w="1029" /></phr></stem><stem n="(next"><phr n="(next"><ent r="3" t="212" w="1049" /></phr></stem><stem n="&quot;save"><phr n="&quot;Save"><ent r="6" t="212" w="1318" /></phr></stem><stem n="&quot;save&quot;"><phr n="&quot;Save&quot;"><ent r="6" t="212" w="1323" /></phr></stem><stem n="bandmath"><phr n="BandMath"><ent r="5" t="212" w="1348" /></phr><phr n="bandmath"><ent r="3" t="212" w="1569" /><ent r="3" t="212" w="1581" /></phr></stem><stem n="bandmath.wiz"><phr n="BandMath.wiz"><ent r="5" t="212" w="1349" /><ent r="5" t="212" w="1348" /></phr></stem><stem n=".batchwiz"><phr n=".batchwiz"><ent r="4" t="212" w="1362" /></phr></stem><stem n="cmd"><phr n="cmd"><ent r="4" t="212" w="1481" /></phr></stem><stem n="termin"><phr n="terminal"><ent r="3" t="212" w="1510" /></phr></stem><stem n=":\program"><phr n=":\Program"><ent r="4" t="212" w="1527" /></phr></stem><stem n="\opticks\&lt;vers"><phr n="\Opticks\&lt;version"><ent r="4" t="212" w="1530" /></phr></stem><stem n="&lt;version"><phr n="&lt;version"><ent r="4" t="212" w="1530" /><ent r="4" t="212" w="1542" /></phr></stem><stem n="number&gt;"><phr n="number&gt;"><ent r="4" t="212" w="1531" /><ent r="4" t="212" w="1543" /></phr></stem><stem n="opt"><phr n="opt"><ent r="4" t="212" w="1540" /></phr></stem><stem n="opt/optick"><phr n="opt/Opticks"><ent r="4" t="212" w="1541" /><ent r="4" t="212" w="1540" /></phr></stem><stem n="/opt/opticks/&lt;vers"><phr n="/opt/Opticks/&lt;version"><ent r="4" t="212" w="1542" /></phr></stem><stem n="opt/opticks/&lt;vers"><phr n="opt/Opticks/&lt;version"><ent r="4" t="212" w="1542" /><ent r="4" t="212" w="1540" /></phr></stem></index>