﻿<?xml version="1.0" encoding="utf-8"?><index><stem n="back"><phr n="back"><ent r="6" t="14" w="166" /><ent r="3" t="75" w="149" /><ent r="3" t="75" w="217" /><ent r="4" t="124" w="67" /><ent r="3" t="161" w="1715" /><ent r="4" t="161" w="1917" /><ent r="4" t="161" w="1940" /><ent r="4" t="162" w="1515" /><ent r="3" t="162" w="2080" /><ent r="4" t="164" w="886" /><ent r="4" t="164" w="1080" /></phr><phr n="Back"><ent r="3" t="56" w="135" /><ent r="92" t="75" w="139" /></phr></stem><stem n="slow"><phr n="Slow"><ent r="7" t="14" w="180" /><ent r="5" t="97" w="280" /></phr><phr n="Slows"><ent r="6" t="14" w="183" /></phr><phr n="slowing"><ent r="6" t="14" w="505" /></phr><phr n="slow"><ent r="3" t="97" w="307" /></phr></stem><stem n="speed"><phr n="speed"><ent r="6" t="14" w="187" /><ent r="6" t="14" w="196" /><ent r="7" t="14" w="201" /><ent r="6" t="14" w="212" /><ent r="5" t="14" w="246" /><ent r="5" t="14" w="253" /><ent r="6" t="14" w="495" /><ent r="3" t="39" w="105" /><ent r="3" t="39" w="109" /><ent r="3" t="97" w="251" /><ent r="3" t="97" w="317" /><ent r="3" t="123" w="96" /><ent r="3" t="123" w="114" /><ent r="100" t="173" w="8" /><ent r="3" t="173" w="12" /><ent r="3" t="173" w="56" /><ent r="3" t="173" w="117" /><ent r="3" t="173" w="192" /><ent r="3" t="173" w="212" /><ent r="3" t="203" w="177" /><ent r="3" t="203" w="191" /><ent r="4" t="203" w="214" /><ent r="3" t="203" w="226" /><ent r="4" t="203" w="230" /></phr><phr n="Speed"><ent r="67" t="14" w="219" /><ent r="6" t="14" w="240" /><ent r="92" t="97" w="232" /><ent r="3" t="97" w="236" /><ent r="1000" t="173" w="2" /><ent r="102" t="173" w="5" /><ent r="6" t="173" w="78" /></phr><phr n="speeds"><ent r="5" t="128" w="170" /><ent r="3" t="173" w="72" /><ent r="3" t="203" w="26" /><ent r="3" t="203" w="52" /><ent r="3" t="203" w="162" /><ent r="3" t="203" w="167" /><ent r="3" t="203" w="170" /></phr></stem><stem n="reflect"><phr n="reflected"><ent r="6" t="14" w="192" /><ent r="5" t="14" w="249" /><ent r="3" t="74" w="41" /></phr><phr n="reflects"><ent r="3" t="77" w="135" /><ent r="3" t="79" w="28" /></phr><phr n="reflect"><ent r="3" t="84" w="125" /><ent r="4" t="136" w="489" /><ent r="4" t="136" w="890" /><ent r="4" t="137" w="388" /><ent r="5" t="144" w="258" /><ent r="5" t="149" w="407" /><ent r="4" t="211" w="21" /></phr><phr n="reflectance"><ent r="4" t="136" w="505" /><ent r="4" t="136" w="906" /><ent r="5" t="144" w="274" /><ent r="5" t="149" w="423" /><ent r="3" t="162" w="303" /><ent r="3" t="162" w="310" /><ent r="4" t="211" w="37" /></phr><phr n="Reflectance"><ent r="3" t="177" w="781" /></phr></stem><stem n="field"><phr n="field"><ent r="6" t="14" w="197" /><ent r="5" t="14" w="254" /><ent r="4" t="21" w="321" /><ent r="5" t="21" w="351" /><ent r="4" t="23" w="51" /><ent r="5" t="26" w="478" /><ent r="5" t="26" w="519" /><ent r="3" t="29" w="58" /><ent r="4" t="42" w="187" /><ent r="3" t="71" w="236" /><ent r="6" t="80" w="314" /><ent r="4" t="82" w="130" /><ent r="4" t="98" w="446" /><ent r="4" t="105" w="82" /><ent r="4" t="110" w="210" /><ent r="4" t="111" w="245" /><ent r="4" t="111" w="388" /><ent r="4" t="111" w="527" /><ent r="4" t="113" w="98" /><ent r="4" t="113" w="130" /><ent r="4" t="115" w="374" /><ent r="4" t="115" w="440" /><ent r="4" t="127" w="554" /><ent r="4" t="136" w="467" /><ent r="4" t="136" w="884" /><ent r="3" t="140" w="227" /><ent r="4" t="144" w="246" /><ent r="4" t="149" w="395" /><ent r="3" t="153" w="146" /><ent r="4" t="153" w="230" /><ent r="4" t="153" w="266" /><ent r="4" t="153" w="313" /><ent r="3" t="160" w="97" /><ent r="3" t="162" w="871" /><ent r="3" t="163" w="1393" /><ent r="4" t="166" w="1015" /><ent r="3" t="166" w="1227" /><ent r="3" t="166" w="1233" /><ent r="4" t="168" w="790" /><ent r="4" t="168" w="811" /><ent r="4" t="168" w="896" /><ent r="4" t="168" w="917" /><ent r="3" t="169" w="785" /><ent r="4" t="178" w="91" /><ent r="3" t="186" w="70" /><ent r="3" t="186" w="89" /><ent r="3" t="186" w="100" /><ent r="3" t="186" w="107" /><ent r="3" t="186" w="118" /><ent r="4" t="192" w="246" /><ent r="3" t="195" w="152" /><ent r="3" t="195" w="171" /><ent r="4" t="195" w="197" /><ent r="4" t="195" w="204" /><ent r="4" t="195" w="207" /><ent r="4" t="195" w="229" /><ent r="3" t="195" w="251" /><ent r="4" t="195" w="276" /><ent r="3" t="196" w="149" /><ent r="3" t="198" w="153" /><ent r="4" t="199" w="91" /><ent r="3" t="203" w="132" /><ent r="4" t="207" w="104" /></phr><phr n="Fields"><ent r="4" t="21" w="344" /><ent r="5" t="95" w="122" /><ent r="3" t="195" w="142" /></phr><phr n="fields"><ent r="4" t="26" w="392" /><ent r="4" t="93" w="46" /><ent r="3" t="95" w="23" /><ent r="3" t="96" w="388" /><ent r="4" t="113" w="186" /><ent r="4" t="127" w="221" /><ent r="4" t="127" w="238" /><ent r="3" t="129" w="158" /><ent r="3" t="129" w="192" /><ent r="3" t="129" w="261" /><ent r="3" t="129" w="295" /><ent r="3" t="129" w="465" /><ent r="3" t="129" w="499" /><ent r="3" t="129" w="629" /><ent r="3" t="129" w="663" /><ent r="3" t="153" w="172" /><ent r="3" t="166" w="1216" /><ent r="3" t="176" w="87" /><ent r="3" t="186" w="78" /><ent r="3" t="186" w="94" /><ent r="3" t="186" w="104" /><ent r="3" t="186" w="111" /><ent r="3" t="194" w="258" /><ent r="3" t="196" w="60" /><ent r="3" t="198" w="64" /></phr><phr n="Field"><ent r="92" t="195" w="140" /><ent r="5" t="195" w="183" /><ent r="3" t="195" w="189" /><ent r="92" t="195" w="246" /><ent r="5" t="195" w="263" /><ent r="3" t="195" w="269" /><ent r="5" t="195" w="285" /></phr></stem><stem n="increas"><phr n="Increases"><ent r="5" t="14" w="243" /><ent r="7" t="104" w="234" /><ent r="7" t="215" w="136" /></phr><phr n="increase"><ent r="4" t="42" w="283" /><ent r="3" t="161" w="1431" /><ent r="100" t="215" w="6" /></phr><phr n="increases"><ent r="3" t="161" w="827" /><ent r="3" t="164" w="578" /></phr><phr n="Increase"><ent r="7" t="215" w="129" /></phr></stem><stem n="direct"><phr n="Direction"><ent r="6" t="14" w="257" /><ent r="64" t="16" w="37" /><ent r="1000" t="62" w="3" /><ent r="102" t="62" w="11" /><ent r="3" t="62" w="15" /><ent r="5" t="62" w="98" /><ent r="4" t="62" w="105" /></phr><phr n="direction"><ent r="5" t="14" w="261" /><ent r="100" t="62" w="7" /><ent r="4" t="62" w="76" /><ent r="4" t="62" w="85" /><ent r="3" t="62" w="128" /><ent r="3" t="126" w="50" /><ent r="6" t="172" w="47" /><ent r="6" t="172" w="56" /><ent r="6" t="172" w="71" /></phr><phr n="directed"><ent r="4" t="154" w="264" /></phr><phr n="directions"><ent r="7" t="177" w="536" /><ent r="3" t="212" w="414" /></phr></stem><stem n="revers"><phr n="Reverses"><ent r="5" t="14" w="259" /></phr><phr n="reversed"><ent r="3" t="126" w="60" /></phr></stem><stem n="playback"><phr n="playback"><ent r="5" t="14" w="264" /><ent r="5" t="14" w="308" /><ent r="3" t="126" w="14" /></phr></stem><stem n="cycl"><phr n="Cycle"><ent r="7" t="14" w="267" /><ent r="67" t="14" w="285" /><ent r="1000" t="172" w="2" /><ent r="102" t="172" w="5" /><ent r="6" t="172" w="30" /><ent r="3" t="203" w="131" /><ent r="64" t="203" w="154" /></phr><phr n="cycles"><ent r="3" t="123" w="17" /><ent r="3" t="168" w="1103" /><ent r="3" t="169" w="861" /><ent r="3" t="203" w="150" /></phr><phr n="cycle"><ent r="3" t="123" w="100" /><ent r="3" t="123" w="110" /><ent r="4" t="124" w="14" /><ent r="5" t="128" w="166" /><ent r="100" t="172" w="8" /><ent r="3" t="172" w="12" /><ent r="3" t="203" w="22" /><ent r="3" t="203" w="36" /><ent r="4" t="203" w="124" /><ent r="3" t="203" w="142" /></phr></stem><stem n="determin"><phr n="Determines"><ent r="6" t="14" w="269" /><ent r="4" t="93" w="21" /><ent r="4" t="93" w="44" /><ent r="4" t="141" w="349" /><ent r="7" t="177" w="579" /></phr><phr n="determine"><ent r="3" t="20" w="19" /><ent r="3" t="36" w="16" /><ent r="3" t="94" w="16" /><ent r="3" t="95" w="21" /><ent r="3" t="97" w="169" /><ent r="4" t="97" w="205" /><ent r="4" t="131" w="147" /><ent r="4" t="131" w="185" /><ent r="4" t="131" w="201" /><ent r="3" t="137" w="374" /></phr><phr n="determines"><ent r="4" t="40" w="248" /><ent r="3" t="71" w="250" /><ent r="4" t="71" w="361" /><ent r="6" t="80" w="303" /><ent r="3" t="94" w="210" /><ent r="4" t="98" w="377" /><ent r="4" t="136" w="456" /><ent r="4" t="136" w="873" /><ent r="3" t="137" w="278" /><ent r="3" t="141" w="225" /><ent r="4" t="144" w="235" /><ent r="4" t="149" w="384" /><ent r="4" t="152" w="206" /><ent r="3" t="172" w="13" /><ent r="3" t="203" w="37" /><ent r="6" t="206" w="80" /></phr></stem><stem n="behavior"><phr n="behavior"><ent r="6" t="14" w="271" /><ent r="3" t="172" w="15" /><ent r="3" t="203" w="39" /></phr><phr n="Behavior"><ent r="3" t="160" w="61" /></phr></stem><stem n="player"><phr n="player"><ent r="6" t="14" w="275" /><ent r="6" t="14" w="365" /><ent r="3" t="172" w="19" /><ent r="3" t="173" w="21" /><ent r="3" t="203" w="43" /><ent r="3" t="203" w="61" /></phr><phr n="players"><ent r="6" t="14" w="368" /><ent r="6" t="14" w="405" /><ent r="3" t="173" w="46" /><ent r="3" t="173" w="106" /></phr></stem><stem n="final"><phr n="final"><ent r="6" t="14" w="278" /><ent r="3" t="172" w="22" /><ent r="3" t="203" w="46" /></phr></stem><stem n="bumper"><phr n="bumpers"><ent r="5" t="14" w="304" /><ent r="3" t="123" w="126" /><ent r="4" t="126" w="69" /><ent r="4" t="126" w="160" /><ent r="4" t="126" w="263" /><ent r="3" t="126" w="321" /><ent r="3" t="126" w="330" /><ent r="3" t="126" w="343" /><ent r="3" t="126" w="449" /><ent r="3" t="126" w="452" /><ent r="3" t="126" w="502" /><ent r="3" t="126" w="521" /><ent r="3" t="126" w="528" /><ent r="3" t="126" w="536" /><ent r="3" t="126" w="556" /><ent r="3" t="126" w="597" /><ent r="3" t="126" w="611" /><ent r="3" t="126" w="617" /><ent r="3" t="126" w="667" /><ent r="3" t="126" w="675" /></phr><phr n="Bumpers"><ent r="66" t="14" w="316" /><ent r="64" t="123" w="145" /><ent r="1000" t="126" w="2" /><ent r="102" t="126" w="5" /><ent r="3" t="126" w="8" /><ent r="92" t="126" w="64" /><ent r="4" t="126" w="102" /><ent r="4" t="126" w="141" /><ent r="4" t="126" w="280" /><ent r="4" t="126" w="282" /><ent r="4" t="126" w="286" /><ent r="4" t="126" w="289" /><ent r="4" t="126" w="306" /><ent r="3" t="126" w="324" /><ent r="92" t="126" w="337" /><ent r="4" t="126" w="356" /><ent r="5" t="126" w="363" /><ent r="4" t="126" w="388" /><ent r="92" t="126" w="445" /><ent r="4" t="126" w="477" /><ent r="4" t="126" w="498" /><ent r="92" t="126" w="517" /><ent r="4" t="126" w="572" /><ent r="4" t="126" w="593" /><ent r="92" t="126" w="607" /><ent r="4" t="126" w="641" /><ent r="4" t="126" w="663" /></phr><phr n="bumper"><ent r="3" t="126" w="33" /><ent r="3" t="126" w="41" /><ent r="4" t="126" w="90" /><ent r="4" t="126" w="131" /><ent r="3" t="126" w="185" /><ent r="4" t="126" w="236" /></phr><phr n="Bumper"><ent r="5" t="126" w="110" /><ent r="5" t="126" w="151" /><ent r="5" t="126" w="215" /><ent r="5" t="126" w="254" /><ent r="4" t="126" w="293" /><ent r="4" t="126" w="300" /><ent r="3" t="126" w="393" /><ent r="3" t="126" w="470" /><ent r="3" t="126" w="565" /><ent r="3" t="126" w="634" /></phr></stem><stem n="limit"><phr n="limit"><ent r="5" t="14" w="306" /><ent r="3" t="22" w="37" /><ent r="3" t="22" w="70" /><ent r="3" t="97" w="312" /><ent r="4" t="97" w="531" /><ent r="4" t="97" w="546" /><ent r="3" t="126" w="12" /><ent r="3" t="139" w="264" /><ent r="3" t="151" w="402" /></phr><phr n="limits"><ent r="4" t="41" w="299" /><ent r="4" t="97" w="472" /><ent r="3" t="97" w="484" /><ent r="3" t="97" w="506" /></phr><phr n="Limits"><ent r="92" t="97" w="465" /></phr><phr n="Limit"><ent r="5" t="97" w="468" /><ent r="3" t="97" w="477" /><ent r="3" t="97" w="487" /><ent r="3" t="97" w="500" /><ent r="4" t="139" w="260" /></phr><phr n="limited"><ent r="3" t="151" w="532" /></phr><phr n="limitations"><ent r="3" t="165" w="326" /><ent r="3" t="166" w="313" /><ent r="3" t="173" w="200" /></phr><phr n="limitation"><ent r="3" t="165" w="346" /><ent r="3" t="166" w="333" /></phr></stem><stem n="progress"><phr n="Progress"><ent r="7" t="14" w="319" /><ent r="4" t="71" w="316" /></phr><phr n="progress"><ent r="6" t="14" w="324" /><ent r="3" t="71" w="329" /><ent r="3" t="92" w="42" /><ent r="3" t="92" w="58" /><ent r="3" t="92" w="71" /><ent r="3" t="92" w="87" /><ent r="3" t="92" w="218" /></phr></stem><stem n="channel"><phr n="channel"><ent r="6" t="14" w="344" /></phr><phr n="channels"><ent r="5" t="149" w="324" /></phr></stem><stem n="increment"><phr n="increment"><ent r="6" t="14" w="346" /></phr><phr n="incrementally"><ent r="4" t="161" w="858" /><ent r="3" t="161" w="1766" /></phr></stem><stem n="small"><phr n="small"><ent r="6" t="14" w="352" /><ent r="3" t="21" w="195" /><ent r="3" t="39" w="28" /><ent r="3" t="40" w="15" /><ent r="4" t="57" w="96" /><ent r="4" t="58" w="116" /><ent r="4" t="127" w="382" /><ent r="3" t="161" w="1429" /><ent r="4" t="165" w="842" /><ent r="4" t="167" w="1275" /><ent r="3" t="186" w="654" /></phr></stem><stem n="movi"><phr n="movie"><ent r="6" t="14" w="364" /><ent r="6" t="14" w="486" /><ent r="6" t="14" w="500" /><ent r="5" t="128" w="192" /><ent r="3" t="129" w="26" /><ent r="3" t="129" w="559" /><ent r="3" t="172" w="18" /><ent r="3" t="173" w="127" /><ent r="6" t="173" w="147" /><ent r="6" t="173" w="161" /><ent r="6" t="173" w="177" /><ent r="3" t="203" w="42" /></phr><phr n="Movie"><ent r="4" t="129" w="89" /><ent r="92" t="129" w="548" /></phr></stem><stem n="/y"><phr n="/y"><ent r="6" t="14" w="383" /><ent r="3" t="159" w="60" /><ent r="3" t="164" w="1252" /></phr></stem><stem n="x/y"><phr n="x/y"><ent r="6" t="14" w="383" /><ent r="6" t="14" w="382" /><ent r="3" t="159" w="60" /><ent r="3" t="159" w="59" /><ent r="3" t="164" w="1252" /><ent r="3" t="164" w="1251" /></phr></stem><stem n="yyyi"><phr n="yyyy"><ent r="6" t="14" w="418" /><ent r="7" t="14" w="426" /></phr><phr n="YYYY"><ent r="6" t="217" w="209" /></phr></stem><stem n="yyyy/mm"><phr n="yyyy/MM"><ent r="6" t="14" w="419" /><ent r="6" t="14" w="418" /></phr></stem><stem n="mm"><phr n="MM"><ent r="6" t="14" w="419" /><ent r="7" t="14" w="432" /><ent r="6" t="217" w="207" /><ent r="6" t="217" w="212" /></phr><phr n="mm"><ent r="6" t="14" w="422" /><ent r="7" t="14" w="450" /></phr></stem><stem n="/mm/dd"><phr n="/MM/dd"><ent r="6" t="14" w="420" /></phr></stem><stem n="yyyy/mm/dd"><phr n="yyyy/MM/dd"><ent r="6" t="14" w="420" /><ent r="6" t="14" w="418" /></phr></stem><stem n="dd"><phr n="dd"><ent r="6" t="14" w="420" /><ent r="7" t="14" w="438" /></phr><phr n="DD"><ent r="6" t="217" w="208" /></phr></stem><stem n="hh"><phr n="hh"><ent r="6" t="14" w="421" /><ent r="7" t="14" w="444" /></phr><phr n="HH"><ent r="6" t="217" w="211" /></phr></stem><stem n="hh.mm"><phr n="hh.mm"><ent r="6" t="14" w="422" /><ent r="6" t="14" w="421" /></phr></stem><stem n="hh.mm.ss"><phr n="hh.mm.ss"><ent r="6" t="14" w="423" /><ent r="6" t="14" w="421" /></phr></stem><stem n="ss"><phr n="ss"><ent r="6" t="14" w="423" /><ent r="7" t="14" w="456" /></phr><phr n="SS"><ent r="6" t="217" w="213" /></phr></stem><stem n=".mm.ss.zzzz"><phr n=".mm.ss.zzzZ"><ent r="6" t="14" w="424" /></phr></stem><stem n="hh.mm.ss.zzzz"><phr n="hh.mm.ss.zzzZ"><ent r="6" t="14" w="424" /><ent r="6" t="14" w="421" /></phr></stem><stem n="zzzz"><phr n="zzzZ"><ent r="6" t="14" w="424" /></phr></stem><stem n="year"><phr n="year"><ent r="6" t="14" w="430" /><ent r="4" t="127" w="471" /><ent r="4" t="127" w="516" /></phr></stem><stem n="month"><phr n="month"><ent r="6" t="14" w="436" /><ent r="4" t="127" w="468" /><ent r="4" t="127" w="513" /><ent r="3" t="164" w="54" /></phr></stem><stem n="dai"><phr n="day"><ent r="6" t="14" w="442" /></phr></stem><stem n="hour"><phr n="hour"><ent r="6" t="14" w="448" /></phr></stem><stem n="minut"><phr n="minute"><ent r="6" t="14" w="454" /><ent r="3" t="162" w="1404" /></phr><phr n="minutes"><ent r="3" t="66" w="117" /><ent r="3" t="70" w="60" /><ent r="4" t="71" w="404" /><ent r="3" t="106" w="145" /><ent r="3" t="134" w="164" /><ent r="4" t="162" w="1336" /><ent r="7" t="209" w="54" /><ent r="7" t="209" w="63" /><ent r="7" t="209" w="66" /><ent r="7" t="209" w="74" /></phr></stem><stem n="second"><phr n="second"><ent r="6" t="14" w="460" /><ent r="5" t="26" w="458" /><ent r="5" t="26" w="499" /><ent r="4" t="43" w="218" /><ent r="3" t="89" w="51" /><ent r="3" t="112" w="843" /><ent r="4" t="137" w="303" /><ent r="4" t="137" w="323" /><ent r="4" t="137" w="345" /><ent r="4" t="137" w="365" /><ent r="3" t="137" w="381" /><ent r="3" t="151" w="94" /><ent r="3" t="151" w="238" /><ent r="5" t="151" w="350" /><ent r="3" t="162" w="1406" /><ent r="4" t="164" w="1300" /><ent r="3" t="173" w="43" /><ent r="3" t="173" w="66" /><ent r="6" t="173" w="87" /><ent r="6" t="173" w="94" /><ent r="3" t="173" w="125" /><ent r="3" t="173" w="132" /><ent r="6" t="173" w="151" /><ent r="6" t="173" w="159" /><ent r="6" t="173" w="165" /><ent r="6" t="173" w="181" /></phr><phr n="Second"><ent r="6" t="26" w="475" /><ent r="6" t="26" w="516" /><ent r="4" t="137" w="540" /><ent r="3" t="151" w="199" /><ent r="3" t="151" w="206" /><ent r="3" t="151" w="222" /><ent r="3" t="151" w="263" /><ent r="3" t="151" w="303" /><ent r="92" t="169" w="582" /></phr><phr n="seconds"><ent r="3" t="134" w="165" /><ent r="4" t="162" w="1338" /><ent r="6" t="173" w="103" /><ent r="6" t="173" w="145" /><ent r="6" t="173" w="175" /><ent r="7" t="209" w="67" /><ent r="7" t="209" w="77" /></phr></stem><stem n="zzz"><phr n="zzz"><ent r="7" t="14" w="462" /></phr></stem><stem n="millisecond"><phr n="millisecond"><ent r="6" t="14" w="466" /></phr></stem><stem n="zulu"><phr n="Zulu"><ent r="6" t="14" w="471" /></phr></stem><stem n="),"><phr n="),"><ent r="6" t="14" w="485" /><ent r="3" t="56" w="182" /><ent r="3" t="56" w="187" /><ent r="3" t="90" w="105" /><ent r="5" t="136" w="193" /><ent r="3" t="157" w="83" /><ent r="3" t="163" w="52" /><ent r="3" t="168" w="257" /><ent r="3" t="186" w="316" /></phr></stem><stem n="maintain"><phr n="maintain"><ent r="6" t="14" w="491" /><ent r="3" t="129" w="539" /></phr></stem><stem n="request"><phr n="requested"><ent r="6" t="14" w="493" /><ent r="3" t="173" w="190" /><ent r="3" t="173" w="211" /></phr></stem><stem n=":aspam"><phr n=":ASPAM"><ent r="100" t="15" w="8" /><ent r="100" t="178" w="13" /></phr></stem><stem n="viewer"><phr n="Viewer"><ent r="64" t="15" w="22" /><ent r="8" t="112" w="421" /><ent r="1000" t="176" w="2" /><ent r="102" t="176" w="5" /><ent r="100" t="176" w="8" /><ent r="3" t="176" w="37" /><ent r="3" t="176" w="63" /><ent r="92" t="176" w="72" /><ent r="3" t="176" w="219" /><ent r="4" t="176" w="247" /><ent r="64" t="178" w="182" /></phr><phr n="viewer"><ent r="8" t="112" w="424" /><ent r="3" t="176" w="14" /></phr></stem><stem n="band"><phr n="Band"><ent r="64" t="16" w="21" /><ent r="4" t="26" w="308" /><ent r="4" t="26" w="313" /><ent r="68" t="80" w="239" /><ent r="5" t="80" w="326" /><ent r="1000" t="82" w="1" /><ent r="102" t="82" w="12" /><ent r="3" t="82" w="16" /><ent r="4" t="82" w="114" /><ent r="1000" t="84" w="2" /><ent r="100" t="84" w="5" /><ent r="102" t="84" w="8" /><ent r="5" t="84" w="70" /><ent r="4" t="84" w="104" /><ent r="5" t="144" w="175" /><ent r="1000" t="152" w="1" /><ent r="102" t="152" w="7" /><ent r="3" t="152" w="11" /><ent r="3" t="152" w="59" /><ent r="5" t="152" w="73" /><ent r="3" t="152" w="78" /><ent r="3" t="152" w="109" /><ent r="3" t="152" w="235" /><ent r="64" t="160" w="330" /><ent r="4" t="161" w="1910" /><ent r="1000" t="162" w="5" /><ent r="102" t="162" w="24" /><ent r="4" t="162" w="225" /><ent r="92" t="162" w="1781" /><ent r="5" t="162" w="1818" /><ent r="3" t="162" w="1823" /><ent r="3" t="162" w="1841" /><ent r="4" t="162" w="1891" /><ent r="3" t="162" w="1908" /><ent r="4" t="162" w="1921" /><ent r="4" t="162" w="1955" /><ent r="4" t="162" w="1968" /><ent r="4" t="162" w="2375" /><ent r="4" t="162" w="2416" /><ent r="4" t="162" w="2430" /><ent r="4" t="162" w="2571" /><ent r="4" t="163" w="481" /><ent r="4" t="163" w="483" /><ent r="5" t="168" w="644" /><ent r="4" t="168" w="682" /><ent r="4" t="168" w="702" /><ent r="3" t="168" w="1170" /><ent r="3" t="168" w="1197" /><ent r="3" t="168" w="1218" /><ent r="4" t="168" w="1396" /><ent r="7" t="168" w="1426" /><ent r="7" t="168" w="1437" /><ent r="3" t="168" w="1643" /><ent r="7" t="169" w="1090" /><ent r="7" t="169" w="1103" /><ent r="7" t="169" w="1113" /><ent r="7" t="169" w="1131" /><ent r="7" t="169" w="1134" /><ent r="7" t="169" w="1151" /><ent r="3" t="169" w="1160" /><ent r="3" t="169" w="1394" /><ent r="1000" t="175" w="1" /><ent r="102" t="175" w="9" /><ent r="3" t="177" w="800" /><ent r="3" t="177" w="806" /><ent r="3" t="177" w="812" /><ent r="3" t="177" w="818" /><ent r="3" t="177" w="824" /><ent r="3" t="177" w="830" /><ent r="3" t="177" w="836" /><ent r="3" t="186" w="255" /><ent r="4" t="189" w="80" /><ent r="4" t="189" w="85" /><ent r="4" t="191" w="234" /><ent r="4" t="191" w="239" /><ent r="4" t="192" w="170" /><ent r="4" t="192" w="175" /><ent r="4" t="193" w="123" /><ent r="4" t="193" w="128" /><ent r="4" t="194" w="168" /><ent r="4" t="194" w="173" /><ent r="5" t="202" w="234" /><ent r="5" t="202" w="244" /></phr><phr n="bands"><ent r="3" t="26" w="213" /><ent r="4" t="26" w="258" /><ent r="4" t="82" w="154" /><ent r="4" t="82" w="191" /><ent r="3" t="83" w="46" /><ent r="3" t="123" w="20" /><ent r="4" t="144" w="181" /><ent r="3" t="149" w="290" /><ent r="4" t="149" w="334" /><ent r="3" t="151" w="22" /><ent r="3" t="151" w="33" /><ent r="3" t="151" w="89" /><ent r="3" t="151" w="538" /><ent r="3" t="152" w="137" /><ent r="4" t="152" w="151" /><ent r="3" t="161" w="212" /><ent r="4" t="161" w="1935" /><ent r="4" t="161" w="1968" /><ent r="3" t="162" w="239" /><ent r="3" t="162" w="1833" /><ent r="4" t="163" w="94" /><ent r="4" t="163" w="438" /><ent r="4" t="163" w="443" /><ent r="3" t="163" w="497" /><ent r="5" t="163" w="1165" /><ent r="3" t="163" w="1403" /><ent r="4" t="163" w="1488" /><ent r="4" t="163" w="1499" /><ent r="3" t="163" w="1581" /><ent r="7" t="177" w="114" /><ent r="7" t="177" w="118" /><ent r="7" t="177" w="472" /><ent r="7" t="177" w="682" /><ent r="7" t="177" w="687" /><ent r="3" t="177" w="725" /><ent r="3" t="186" w="110" /><ent r="3" t="189" w="36" /><ent r="4" t="191" w="184" /><ent r="4" t="192" w="120" /><ent r="4" t="193" w="73" /><ent r="4" t="194" w="118" /></phr><phr n="Bands"><ent r="5" t="26" w="253" /><ent r="5" t="26" w="289" /><ent r="4" t="26" w="339" /><ent r="4" t="82" w="162" /><ent r="5" t="149" w="327" /><ent r="3" t="162" w="1837" /><ent r="4" t="163" w="464" /><ent r="7" t="177" w="486" /><ent r="4" t="189" w="61" /><ent r="3" t="189" w="111" /><ent r="5" t="191" w="179" /><ent r="5" t="191" w="215" /><ent r="4" t="191" w="265" /><ent r="5" t="192" w="115" /><ent r="5" t="192" w="151" /><ent r="4" t="192" w="201" /><ent r="5" t="193" w="68" /><ent r="5" t="193" w="104" /><ent r="4" t="193" w="154" /><ent r="5" t="194" w="113" /><ent r="5" t="194" w="149" /><ent r="4" t="194" w="199" /></phr><phr n="band"><ent r="3" t="67" w="160" /><ent r="3" t="67" w="182" /><ent r="3" t="77" w="89" /><ent r="6" t="80" w="320" /><ent r="5" t="80" w="333" /><ent r="100" t="82" w="8" /><ent r="3" t="82" w="31" /><ent r="4" t="82" w="178" /><ent r="3" t="84" w="17" /><ent r="4" t="84" w="109" /><ent r="3" t="84" w="129" /><ent r="3" t="89" w="65" /><ent r="4" t="136" w="473" /><ent r="4" t="136" w="692" /><ent r="4" t="136" w="1093" /><ent r="4" t="142" w="73" /><ent r="4" t="144" w="189" /><ent r="4" t="144" w="227" /><ent r="4" t="149" w="342" /><ent r="4" t="149" w="376" /><ent r="3" t="151" w="122" /><ent r="100" t="152" w="4" /><ent r="3" t="152" w="22" /><ent r="3" t="152" w="163" /><ent r="3" t="152" w="178" /><ent r="3" t="152" w="265" /><ent r="4" t="154" w="130" /><ent r="4" t="161" w="1108" /><ent r="3" t="161" w="1178" /><ent r="3" t="161" w="1207" /><ent r="3" t="161" w="1227" /><ent r="3" t="161" w="1243" /><ent r="3" t="161" w="1308" /><ent r="3" t="161" w="1336" /><ent r="3" t="161" w="1347" /><ent r="3" t="161" w="1359" /><ent r="4" t="161" w="1576" /><ent r="3" t="161" w="1765" /><ent r="4" t="161" w="1890" /><ent r="4" t="161" w="1952" /><ent r="100" t="162" w="8" /><ent r="3" t="162" w="64" /><ent r="4" t="162" w="109" /><ent r="3" t="162" w="249" /><ent r="3" t="162" w="255" /><ent r="3" t="162" w="2067" /><ent r="3" t="162" w="2083" /><ent r="4" t="162" w="2532" /><ent r="4" t="162" w="2544" /><ent r="3" t="162" w="2959" /><ent r="3" t="163" w="1524" /><ent r="3" t="163" w="1533" /><ent r="3" t="163" w="1543" /><ent r="3" t="166" w="687" /><ent r="3" t="166" w="693" /><ent r="3" t="166" w="698" /><ent r="100" t="175" w="5" /><ent r="7" t="177" w="101" /><ent r="7" t="177" w="112" /><ent r="7" t="177" w="305" /><ent r="7" t="177" w="308" /><ent r="7" t="177" w="314" /><ent r="7" t="177" w="478" /><ent r="7" t="177" w="599" /><ent r="7" t="177" w="609" /><ent r="7" t="177" w="623" /><ent r="7" t="177" w="649" /><ent r="7" t="177" w="669" /><ent r="7" t="177" w="674" /><ent r="3" t="177" w="796" /><ent r="3" t="186" w="269" /><ent r="5" t="202" w="254" /><ent r="5" t="202" w="264" /><ent r="5" t="202" w="284" /><ent r="5" t="202" w="304" /></phr></stem><stem n="math"><phr n="Math"><ent r="64" t="16" w="22" /><ent r="1000" t="152" w="2" /><ent r="102" t="152" w="8" /><ent r="3" t="152" w="12" /><ent r="3" t="152" w="60" /><ent r="5" t="152" w="74" /><ent r="3" t="152" w="79" /><ent r="3" t="152" w="110" /><ent r="3" t="152" w="236" /><ent r="64" t="160" w="331" /><ent r="1000" t="162" w="6" /><ent r="102" t="162" w="25" /><ent r="92" t="162" w="1782" /><ent r="5" t="162" w="1819" /><ent r="3" t="162" w="1824" /><ent r="3" t="162" w="1842" /><ent r="3" t="162" w="1909" /><ent r="4" t="162" w="2376" /><ent r="4" t="162" w="2417" /><ent r="4" t="162" w="2431" /><ent r="4" t="162" w="2572" /><ent r="5" t="168" w="645" /><ent r="4" t="168" w="683" /><ent r="4" t="168" w="703" /><ent r="3" t="168" w="1171" /><ent r="3" t="168" w="1198" /><ent r="3" t="168" w="1219" /><ent r="4" t="168" w="1397" /><ent r="7" t="168" w="1427" /><ent r="7" t="168" w="1438" /><ent r="3" t="168" w="1644" /><ent r="7" t="169" w="1091" /><ent r="7" t="169" w="1104" /><ent r="7" t="169" w="1114" /><ent r="7" t="169" w="1132" /><ent r="7" t="169" w="1135" /><ent r="7" t="169" w="1152" /><ent r="3" t="169" w="1161" /><ent r="3" t="169" w="1395" /><ent r="1000" t="175" w="2" /><ent r="102" t="175" w="10" /><ent r="3" t="186" w="256" /></phr><phr n="math"><ent r="100" t="152" w="5" /><ent r="100" t="162" w="9" /><ent r="3" t="162" w="65" /><ent r="4" t="162" w="110" /><ent r="4" t="162" w="226" /><ent r="3" t="162" w="250" /><ent r="3" t="162" w="262" /><ent r="3" t="162" w="2068" /><ent r="3" t="162" w="2084" /><ent r="4" t="162" w="2533" /><ent r="4" t="162" w="2545" /><ent r="3" t="162" w="2960" /><ent r="100" t="175" w="6" /></phr></stem></index>