<?xml version="1.0" encoding="utf-8"?><index><stem n="purpl"><phr n="purple"><ent r="6" t="154" w="387" /></phr></stem><stem n="turquois"><phr n="turquoise"><ent r="6" t="154" w="403" /><ent r="4" t="206" w="966" /></phr></stem><stem n="maroon"><phr n="maroon"><ent r="6" t="154" w="419" /></phr></stem><stem n="viewer"><phr n="Viewer"><ent r="8" t="154" w="421" /><ent r="8" t="154" w="424" /></phr></stem><stem n="thing"><phr n="things"><ent r="8" t="154" w="432" /></phr><phr n="thing"><ent r="3" t="205" w="694" /><ent r="3" t="212" w="125" /></phr></stem><stem n="yellow"><phr n="yellow"><ent r="5" t="154" w="445" /><ent r="6" t="154" w="454" /><ent r="4" t="208" w="890" /><ent r="4" t="211" w="656" /><ent r="4" t="211" w="768" /></phr></stem><stem n="lavend"><phr n="Lavender"><ent r="5" t="154" w="449" /></phr></stem><stem n="hard"><phr n="hard"><ent r="3" t="154" w="489" /></phr></stem><stem n="hard-cod"><phr n="hard-coded"><ent r="3" t="154" w="489" /></phr></stem><stem n="-coded."><phr n="-coded."><ent r="3" t="154" w="548" /><ent r="3" t="154" w="548" /></phr></stem><stem n="(s),"><phr n="(s),"><ent r="3" t="154" w="556" /></phr></stem><stem n="&quot;get...&quot;"><phr n="&quot;Get...&quot;"><ent r="82" t="154" w="618" /><ent r="3" t="154" w="621" /><ent r="3" t="154" w="675" /><ent r="3" t="154" w="688" /><ent r="3" t="154" w="709" /></phr></stem><stem n="&quot;get"><phr n="&quot;Get"><ent r="3" t="154" w="634" /><ent r="3" t="154" w="717" /></phr></stem><stem n="compat"><phr n="compatible"><ent r="3" t="154" w="670" /></phr></stem><stem n=":interact"><phr n=":interactive"><ent r="100" t="154" w="736" /></phr></stem><stem n=":batch"><phr n=":batch"><ent r="100" t="154" w="781" /></phr></stem><stem n="intern"><phr n="internally"><ent r="4" t="154" w="807" /></phr></stem><stem n="black"><phr n="black"><ent r="4" t="154" w="816" /><ent r="3" t="158" w="231" /><ent r="4" t="204" w="2019" /></phr></stem><stem n="“1”"><phr n="“1”"><ent r="3" t="154" w="932" /></phr></stem><stem n="“2”"><phr n="“2”"><ent r="3" t="154" w="942" /></phr></stem><stem n=":valu"><phr n=":Value"><ent r="100" t="155" w="8" /><ent r="100" t="155" w="11" /><ent r="100" t="155" w="15" /><ent r="100" t="155" w="22" /></phr></stem><stem n="-and-drop:"><phr n="-and-drop:"><ent r="3" t="155" w="39" /><ent r="3" t="155" w="40" /></phr></stem><stem n="w"><phr n="W"><ent r="5" t="155" w="49" /><ent r="5" t="204" w="1184" /><ent r="3" t="205" w="1643" /><ent r="3" t="222" w="692" /><ent r="5" t="236" w="235" /></phr></stem><stem n="izard"><phr n="izard"><ent r="4" t="155" w="51" /></phr></stem><stem n="easiest"><phr n="easiest"><ent r="4" t="155" w="280" /></phr></stem><stem n="extern"><phr n="External"><ent r="64" t="155" w="427" /><ent r="1000" t="156" w="3" /><ent r="102" t="156" w="8" /><ent r="3" t="156" w="20" /><ent r="3" t="156" w="64" /><ent r="3" t="237" w="478" /><ent r="3" t="237" w="557" /></phr><phr n="externally"><ent r="3" t="202" w="22" /></phr></stem><stem n="vector&lt;string&gt;"><phr n="vector&lt;string&gt;"><ent r="3" t="156" w="14" /><ent r="4" t="156" w="35" /><ent r="6" t="254" w="687" /></phr></stem><stem n="&quot;vector&lt;string&gt;&quot;"><phr n="&quot;vector&lt;string&gt;&quot;"><ent r="3" t="156" w="15" /></phr></stem><stem n="launch"><phr n="launch"><ent r="3" t="156" w="18" /><ent r="4" t="156" w="27" /></phr><phr n="launches"><ent r="3" t="189" w="261" /></phr></stem><stem n="notepad"><phr n="Notepad"><ent r="3" t="156" w="24" /></phr></stem><stem n=":connect"><phr n=":connect"><ent r="100" t="157" w="11" /></phr></stem><stem n="(a)"><phr n="(A)"><ent r="4" t="157" w="52" /><ent r="4" t="157" w="72" /></phr></stem><stem n="(b)"><phr n="(B)"><ent r="4" t="157" w="56" /><ent r="4" t="157" w="76" /></phr></stem><stem n="disappear"><phr n="disappears"><ent r="3" t="157" w="107" /></phr><phr n="disappear"><ent r="4" t="197" w="199" /><ent r="4" t="207" w="1064" /></phr></stem><stem n="destroi"><phr n="destroys"><ent r="3" t="158" w="186" /></phr></stem><stem n="preserv"><phr n="preserved"><ent r="3" t="158" w="197" /></phr><phr n="preserve"><ent r="3" t="169" w="220" /></phr></stem><stem n="occasion"><phr n="Occasionally"><ent r="3" t="158" w="257" /></phr></stem><stem n="unsupport"><phr n="unsupported"><ent r="3" t="158" w="272" /></phr></stem><stem n="brown"><phr n="brown"><ent r="3" t="158" w="284" /><ent r="4" t="205" w="1909" /><ent r="4" t="205" w="1980" /><ent r="3" t="213" w="1058" /></phr></stem><stem n="(unless"><phr n="(unless"><ent r="3" t="158" w="312" /></phr></stem><stem n="’ve"><phr n="’ve"><ent r="3" t="159" w="12" /></phr></stem><stem n="arrang"><phr n="arranging"><ent r="3" t="159" w="47" /><ent r="3" t="175" w="35" /><ent r="3" t="211" w="97" /></phr><phr n="arrange"><ent r="4" t="205" w="3134" /><ent r="4" t="213" w="603" /></phr></stem><stem n="virtual"><phr n="virtual"><ent r="3" t="159" w="52" /><ent r="3" t="159" w="104" /><ent r="3" t="175" w="40" /><ent r="3" t="211" w="102" /><ent r="4" t="211" w="158" /></phr></stem><stem n="sheet"><phr n="sheet"><ent r="3" t="159" w="53" /><ent r="3" t="175" w="41" /><ent r="3" t="211" w="103" /></phr></stem><stem n="(on"><phr n="(on"><ent r="4" t="160" w="132" /><ent r="4" t="160" w="160" /><ent r="3" t="212" w="1739" /></phr></stem><stem n="particular"><phr n="particular"><ent r="3" t="160" w="190" /><ent r="3" t="203" w="126" /><ent r="4" t="204" w="2015" /><ent r="3" t="205" w="960" /><ent r="4" t="206" w="1281" /></phr></stem><stem n=":deriv"><phr n=":derive"><ent r="100" t="161" w="6" /></phr></stem><stem n=":load"><phr n=":load"><ent r="100" t="162" w="6" /></phr></stem><stem n=":templat"><phr n=":template"><ent r="100" t="162" w="9" /><ent r="100" t="164" w="9" /></phr></stem><stem n=":select"><phr n=":selected"><ent r="100" t="163" w="6" /></phr><phr n=":select"><ent r="100" t="199" w="10" /><ent r="100" t="199" w="13" /></phr></stem><stem n=":paper"><phr n=":paper"><ent r="100" t="165" w="12" /></phr></stem><stem n="portrait"><phr n="portrait"><ent r="4" t="165" w="76" /></phr></stem><stem n="landscap"><phr n="landscape"><ent r="4" t="165" w="78" /></phr></stem><stem n="onc"><phr n="once"><ent r="3" t="166" w="102" /><ent r="4" t="204" w="2066" /><ent r="3" t="205" w="213" /><ent r="3" t="205" w="3169" /><ent r="4" t="206" w="756" /><ent r="7" t="216" w="33" /><ent r="6" t="216" w="38" /></phr></stem><stem n="&quot;bumpers&quot;"><phr n="&quot;bumpers&quot;"><ent r="3" t="166" w="127" /></phr></stem><stem n="video"><phr n="video"><ent r="3" t="166" w="161" /></phr></stem><stem n=":plai"><phr n=":play"><ent r="100" t="167" w="8" /></phr></stem><stem n="rate"><phr n="rate"><ent r="3" t="169" w="34" /><ent r="3" t="200" w="72" /><ent r="4" t="200" w="162" /><ent r="4" t="200" w="172" /><ent r="4" t="200" w="218" /><ent r="3" t="207" w="1481" /><ent r="4" t="207" w="1536" /><ent r="4" t="207" w="1548" /><ent r="4" t="207" w="1575" /><ent r="3" t="229" w="137" /><ent r="3" t="229" w="140" /><ent r="3" t="233" w="142" /><ent r="3" t="233" w="145" /></phr></stem><stem n="strict"><phr n="strict"><ent r="3" t="169" w="37" /></phr></stem><stem n=".25"><phr n=".25"><ent r="6" t="169" w="97" /><ent r="6" t="169" w="171" /><ent r="6" t="169" w="174" /></phr></stem><stem n="request"><phr n="requested"><ent r="3" t="169" w="201" /><ent r="3" t="169" w="222" /><ent r="3" t="171" w="23" /></phr></stem><stem n="achiev"><phr n="achieved"><ent r="3" t="169" w="206" /><ent r="3" t="247" w="162" /></phr></stem><stem n="due"><phr n="due"><ent r="3" t="169" w="207" /><ent r="3" t="189" w="645" /><ent r="3" t="189" w="714" /></phr></stem><stem n="&quot;can"><phr n="&quot;Can"><ent r="3" t="171" w="10" /><ent r="3" t="171" w="27" /><ent r="3" t="171" w="94" /></phr></stem><stem n="&quot;left"><phr n="&quot;left"><ent r="3" t="172" w="35" /></phr></stem><stem n="&quot;start&quot;"><phr n="&quot;start&quot;"><ent r="3" t="172" w="40" /></phr></stem><stem n="&quot;right"><phr n="&quot;right"><ent r="3" t="172" w="43" /></phr></stem><stem n="&quot;end&quot;"><phr n="&quot;end&quot;"><ent r="3" t="172" w="48" /></phr></stem><stem n="elect"><phr n="elect"><ent r="6" t="172" w="213" /><ent r="3" t="204" w="800" /><ent r="4" t="209" w="717" /></phr></stem><stem n="-click,"><phr n="-click,"><ent r="4" t="172" w="223" /><ent r="4" t="172" w="223" /><ent r="4" t="172" w="261" /><ent r="4" t="172" w="261" /></phr></stem><stem n="/off"><phr n="/off"><ent r="3" t="172" w="553" /></phr></stem><stem n="overwritten"><phr n="overwritten"><ent r="3" t="172" w="571" /><ent r="3" t="204" w="279" /></phr></stem><stem n="hasn"><phr n="hasn"><ent r="3" t="173" w="49" /></phr></stem><stem n="yet"><phr n="yet"><ent r="3" t="173" w="53" /><ent r="4" t="213" w="806" /></phr></stem><stem n="sub-tab"><phr n="sub-tabs"><ent r="3" t="173" w="302" /><ent r="3" t="174" w="294" /><ent r="3" t="175" w="291" /></phr><phr n="Sub-Tab"><ent r="83" t="173" w="313" /><ent r="83" t="173" w="488" /><ent r="83" t="174" w="305" /><ent r="83" t="174" w="477" /><ent r="83" t="175" w="302" /><ent r="83" t="175" w="475" /></phr></stem><stem n="-tabs:"><phr n="-tabs:"><ent r="3" t="173" w="304" /><ent r="3" t="173" w="304" /><ent r="3" t="174" w="296" /><ent r="3" t="174" w="296" /><ent r="3" t="175" w="293" /><ent r="3" t="175" w="293" /></phr></stem><stem n="-tab"><phr n="-Tab"><ent r="83" t="173" w="313" /><ent r="83" t="173" w="313" /><ent r="83" t="173" w="488" /><ent r="83" t="173" w="488" /><ent r="83" t="174" w="305" /><ent r="83" t="174" w="305" /><ent r="83" t="174" w="477" /><ent r="83" t="174" w="477" /><ent r="83" t="175" w="302" /><ent r="83" t="175" w="302" /><ent r="83" t="175" w="475" /><ent r="83" t="175" w="475" /></phr></stem><stem n="shown"><phr n="shown"><ent r="4" t="173" w="808" /><ent r="7" t="203" w="288" /><ent r="7" t="204" w="505" /><ent r="7" t="205" w="654" /><ent r="4" t="205" w="1179" /><ent r="7" t="206" w="370" /><ent r="7" t="207" w="330" /><ent r="4" t="207" w="998" /><ent r="7" t="208" w="568" /><ent r="7" t="209" w="557" /><ent r="7" t="210" w="214" /><ent r="7" t="211" w="481" /><ent r="7" t="212" w="400" /><ent r="3" t="212" w="1713" /><ent r="7" t="213" w="390" /></phr></stem><stem n="occupi"><phr n="occupy"><ent r="4" t="173" w="817" /></phr></stem><stem n="sharp"><phr n="sharp"><ent r="4" t="173" w="838" /></phr></stem><stem n="soften"><phr n="softened"><ent r="4" t="173" w="851" /></phr></stem><stem n="read-onli"><phr n="read-only"><ent r="3" t="174" w="44" /></phr></stem><stem n="-only."><phr n="-only."><ent r="3" t="174" w="46" /><ent r="3" t="174" w="46" /></phr></stem><stem n="six"><phr n="six"><ent r="3" t="174" w="112" /><ent r="3" t="205" w="2078" /></phr></stem><stem n="review"><phr n="review"><ent r="3" t="174" w="887" /><ent r="4" t="204" w="2421" /><ent r="5" t="205" w="3254" /><ent r="4" t="206" w="1558" /><ent r="4" t="208" w="1157" /><ent r="4" t="209" w="1293" /><ent r="4" t="210" w="580" /><ent r="4" t="211" w="1207" /><ent r="4" t="212" w="1913" /><ent r="3" t="248" w="124" /></phr></stem><stem n="(start,"><phr n="(start,"><ent r="3" t="174" w="907" /><ent r="3" t="248" w="142" /></phr></stem><stem n="engrda"><phr n="ENGRDA"><ent r="92" t="174" w="1138" /><ent r="3" t="174" w="1147" /><ent r="3" t="174" w="1156" /></phr></stem><stem n="tre"><phr n="TREs"><ent r="3" t="174" w="1148" /></phr></stem><stem n="’re"><phr n="’re"><ent r="4" t="175" w="152" /><ent r="4" t="180" w="90" /></phr></stem><stem n="(upper"><phr n="(upper"><ent r="3" t="175" w="238" /></phr></stem><stem n="&quot;paper&quot;"><phr n="&quot;paper&quot;"><ent r="3" t="175" w="759" /></phr></stem><stem n="refin"><phr n="refine"><ent r="3" t="176" w="148" /><ent r="3" t="228" w="24" /></phr></stem><stem n=":script"><phr n=":Scripting"><ent r="100" t="177" w="10" /></phr></stem><stem n="buffer"><phr n="Buffer"><ent r="4" t="177" w="119" /><ent r="3" t="177" w="140" /><ent r="4" t="237" w="213" /></phr></stem><stem n="“line”"><phr n="“line”"><ent r="3" t="177" w="143" /></phr></stem><stem n="(normal"><phr n="(normal"><ent r="3" t="177" w="154" /></phr></stem><stem n="512"><phr n="512"><ent r="3" t="177" w="168" /></phr></stem><stem n="“gcp"><phr n="“GCP"><ent r="3" t="178" w="37" /></phr></stem><stem n="“corner"><phr n="“Corner"><ent r="3" t="178" w="41" /></phr></stem><stem n="(“corner"><phr n="(“Corner"><ent r="3" t="178" w="43" /></phr></stem><stem n="-screen"><phr n="-screen"><ent r="3" t="178" w="187" /><ent r="3" t="178" w="187" /></phr></stem><stem n="on-screen"><phr n="on-screen"><ent r="3" t="178" w="187" /></phr></stem><stem n="ident"><phr n="identical"><ent r="3" t="179" w="49" /></phr></stem><stem n=":latitude/longitud"><phr n=":Latitude/Longitude"><ent r="100" t="180" w="13" /></phr></stem><stem n="autogrid"><phr n="Autogrid"><ent r="3" t="180" w="275" /></phr></stem><stem n=":raster"><phr n=":Raster"><ent r="100" t="182" w="10" /></phr></stem><stem n="sometim"><phr n="sometimes"><ent r="3" t="182" w="51" /><ent r="3" t="246" w="339" /></phr></stem><stem n=":threshold"><phr n=":threshold"><ent r="100" t="183" w="14" /></phr></stem><stem n=":plug-in"><phr n=":Plug-In"><ent r="100" t="184" w="10" /></phr></stem><stem n="modul"><phr n="modules"><ent r="3" t="184" w="84" /><ent r="3" t="184" w="178" /></phr><phr n="module"><ent r="3" t="184" w="92" /><ent r="3" t="184" w="101" /><ent r="3" t="184" w="125" /><ent r="3" t="184" w="134" /></phr></stem><stem n="(dll"><phr n="(DLLs"><ent r="3" t="184" w="85" /></phr></stem><stem n="dll"><phr n="DLLs"><ent r="3" t="184" w="85" /></phr></stem><stem n="-ins.)"><phr n="-ins.)"><ent r="3" t="184" w="182" /><ent r="3" t="184" w="182" /></phr></stem><stem n="-data"><phr n="-data"><ent r="3" t="185" w="47" /><ent r="3" t="185" w="47" /></phr></stem><stem n="non-data"><phr n="non-data"><ent r="3" t="185" w="47" /></phr></stem><stem n="orthocorrect"><phr n="orthocorrected"><ent r="3" t="185" w="62" /></phr></stem><stem n="exclud"><phr n="exclude"><ent r="3" t="185" w="77" /><ent r="3" t="185" w="118" /></phr><phr n="excluding"><ent r="3" t="192" w="290" /></phr></stem><stem n="problem"><phr n="problems"><ent r="3" t="185" w="84" /><ent r="4" t="195" w="258" /></phr></stem><stem n="too"><phr n="too"><ent r="3" t="185" w="87" /><ent r="3" t="232" w="174" /></phr></stem><stem n="dwell"><phr n="dwell"><ent r="3" t="185" w="90" /></phr></stem><stem n="satur"><phr n="saturated"><ent r="3" t="185" w="97" /></phr></stem><stem n="lead"><phr n="leading"><ent r="3" t="185" w="99" /></phr></stem><stem n="rollov"><phr n="rollover"><ent r="3" t="185" w="101" /></phr></stem><stem n="consid"><phr n="considered"><ent r="4" t="185" w="136" /><ent r="4" t="185" w="154" /><ent r="4" t="185" w="190" /><ent r="4" t="185" w="206" /><ent r="3" t="203" w="230" /></phr></stem><stem n="-2,"><phr n="-2,"><ent r="3" t="185" w="222" /><ent r="3" t="185" w="222" /></phr></stem><stem n="56789"><phr n="56789"><ent r="3" t="185" w="223" /></phr></stem><stem n=".56789,"><phr n=".56789,"><ent r="3" t="185" w="224" /></phr></stem><stem n="+3"><phr n="+3"><ent r="3" t="185" w="224" /></phr></stem><stem n="2345e2"><phr n="2345e2"><ent r="3" t="185" w="225" /></phr></stem><stem n=".2345e2."><phr n=".2345e2."><ent r="3" t="185" w="226" /></phr></stem><stem n="preclud"><phr n="preclude"><ent r="3" t="185" w="240" /></phr></stem><stem n="round"><phr n="round"><ent r="3" t="185" w="241" /><ent r="4" t="207" w="542" /></phr><phr n="rounded"><ent r="7" t="217" w="50" /><ent r="5" t="228" w="94" /><ent r="6" t="240" w="149" /><ent r="6" t="240" w="199" /><ent r="6" t="240" w="241" /><ent r="6" t="240" w="303" /><ent r="6" t="240" w="371" /><ent r="6" t="240" w="413" /><ent r="6" t="240" w="452" /><ent r="6" t="240" w="487" /><ent r="6" t="240" w="533" /></phr></stem><stem n="decid"><phr n="decide"><ent r="3" t="185" w="271" /></phr></stem><stem n="="><phr n="="><ent r="3" t="185" w="281" /><ent r="3" t="185" w="286" /><ent r="3" t="185" w="292" /><ent r="3" t="185" w="307" /><ent r="7" t="222" w="192" /><ent r="7" t="222" w="197" /><ent r="7" t="222" w="203" /><ent r="7" t="222" w="210" /><ent r="7" t="222" w="216" /><ent r="6" t="222" w="224" /><ent r="6" t="222" w="235" /><ent r="6" t="222" w="252" /><ent r="6" t="222" w="258" /><ent r="6" t="222" w="265" /><ent r="7" t="222" w="275" /><ent r="3" t="222" w="685" /><ent r="3" t="222" w="704" /><ent r="3" t="222" w="707" /><ent r="3" t="222" w="710" /><ent r="3" t="222" w="714" /><ent r="3" t="222" w="718" /><ent r="3" t="222" w="723" /><ent r="3" t="222" w="726" /><ent r="3" t="222" w="730" /><ent r="3" t="222" w="735" /><ent r="3" t="222" w="739" /><ent r="3" t="222" w="756" /><ent r="3" t="222" w="764" /><ent r="3" t="222" w="769" /><ent r="3" t="222" w="776" /><ent r="3" t="222" w="782" /><ent r="3" t="222" w="827" /><ent r="3" t="222" w="844" /><ent r="3" t="247" w="46" /><ent r="3" t="247" w="193" /><ent r="3" t="247" w="211" /><ent r="3" t="247" w="223" /></phr></stem><stem n=".003"><phr n=".003"><ent r="3" t="185" w="282" /></phr></stem><stem n="003"><phr n="003"><ent r="3" t="185" w="282" /></phr></stem><stem n=".002"><phr n=".002"><ent r="3" t="185" w="287" /></phr></stem><stem n="002"><phr n="002"><ent r="3" t="185" w="287" /></phr></stem><stem n="001"><phr n="001"><ent r="3" t="185" w="293" /></phr></stem><stem n=".001,"><phr n=".001,"><ent r="3" t="185" w="294" /></phr></stem><stem n="evalu"><phr n="evaluate"><ent r="3" t="185" w="299" /><ent r="3" t="185" w="314" /></phr><phr n="evaluated"><ent r="3" t="193" w="171" /></phr></stem><stem n="01"><phr n="01"><ent r="3" t="185" w="308" /></phr></stem><stem n=".01,"><phr n=".01,"><ent r="3" t="185" w="309" /></phr></stem><stem n="(includ"><phr n="(including"><ent r="3" t="185" w="323" /></phr></stem><stem n="syntax"><phr n="syntax"><ent r="3" t="186" w="193" /><ent r="3" t="188" w="181" /></phr></stem><stem n="criterion"><phr n="criterion"><ent r="5" t="186" w="197" /><ent r="5" t="188" w="185" /></phr></stem><stem n="comma"><phr n="comma"><ent r="5" t="186" w="200" /><ent r="5" t="188" w="188" /></phr></stem><stem n="prefac"><phr n="prefacing"><ent r="5" t="186" w="208" /><ent r="5" t="186" w="228" /><ent r="5" t="188" w="196" /><ent r="5" t="188" w="216" /></phr></stem><stem n="charact"><phr n="character"><ent r="5" t="186" w="214" /><ent r="5" t="186" w="234" /><ent r="5" t="188" w="202" /><ent r="5" t="188" w="222" /><ent r="7" t="222" w="81" /><ent r="3" t="241" w="31" /><ent r="3" t="241" w="67" /><ent r="3" t="241" w="117" /></phr><phr n="characters"><ent r="5" t="186" w="273" /><ent r="5" t="188" w="261" /><ent r="4" t="212" w="1448" /><ent r="4" t="228" w="734" /><ent r="4" t="228" w="782" /><ent r="3" t="239" w="87" /><ent r="3" t="239" w="94" /><ent r="1000" t="241" w="2" /><ent r="102" t="241" w="5" /><ent r="3" t="241" w="36" /><ent r="3" t="241" w="110" /></phr></stem><stem n="&lt;"><phr n="&lt;"><ent r="6" t="186" w="216" /><ent r="6" t="188" w="204" /></phr></stem><stem n="&lt;2"><phr n="&lt;2"><ent r="5" t="186" w="220" /><ent r="5" t="188" w="208" /></phr></stem><stem n=".5."><phr n=".5."><ent r="5" t="186" w="222" /><ent r="5" t="186" w="242" /><ent r="5" t="188" w="210" /><ent r="5" t="188" w="230" /></phr></stem><stem n="&gt;200"><phr n="&gt;200"><ent r="5" t="186" w="240" /><ent r="5" t="188" w="228" /></phr></stem><stem n="&lt;&gt;"><phr n="&lt;&gt;"><ent r="6" t="186" w="253" /><ent r="6" t="188" w="241" /></phr></stem><stem n="5&lt;&gt;1"><phr n="5&lt;&gt;1"><ent r="5" t="186" w="262" /><ent r="5" t="188" w="250" /></phr></stem><stem n="4e1"><phr n="4e1"><ent r="5" t="186" w="263" /><ent r="5" t="188" w="251" /></phr></stem><stem n=".4e1."><phr n=".4e1."><ent r="5" t="186" w="264" /><ent r="5" t="188" w="252" /></phr></stem><stem n="5e1"><phr n="5e1"><ent r="5" t="186" w="278" /><ent r="5" t="188" w="266" /></phr></stem><stem n=".5e1."><phr n=".5e1."><ent r="5" t="186" w="279" /><ent r="5" t="188" w="267" /></phr></stem><stem n=":individu"><phr n=":individual"><ent r="100" t="187" w="18" /></phr></stem><stem n="(go"><phr n="(Go"><ent r="4" t="187" w="59" /></phr></stem><stem n="phrase"><phr n="phrase"><ent r="3" t="188" w="123" /></phr></stem><stem n="high"><phr n="high"><ent r="3" t="189" w="25" /><ent r="3" t="205" w="311" /></phr></stem><stem n="extract"><phr n="extracted"><ent r="3" t="189" w="30" /></phr></stem><stem n="redund"><phr n="redundant"><ent r="3" t="189" w="36" /><ent r="3" t="189" w="71" /><ent r="3" t="206" w="170" /><ent r="5" t="232" w="143" /></phr></stem><stem n="repetit"><phr n="repetitive"><ent r="3" t="189" w="38" /><ent r="3" t="189" w="53" /><ent r="3" t="212" w="106" /></phr></stem><stem n="amplifi"><phr n="amplifies"><ent r="3" t="189" w="58" /><ent r="3" t="206" w="158" /></phr></stem><stem n="variat"><phr n="variations"><ent r="3" t="189" w="59" /><ent r="3" t="206" w="159" /></phr><phr n="variation"><ent r="3" t="189" w="490" /></phr></stem><stem n="pca"><phr n="PCA"><ent r="100" t="189" w="74" /><ent r="3" t="189" w="80" /><ent r="3" t="189" w="228" /><ent r="3" t="189" w="258" /><ent r="3" t="189" w="293" /><ent r="3" t="189" w="443" /><ent r="4" t="189" w="589" /><ent r="3" t="189" w="632" /><ent r="3" t="189" w="653" /><ent r="3" t="189" w="661" /><ent r="3" t="189" w="722" /><ent r="3" t="189" w="730" /><ent r="5" t="189" w="874" /><ent r="3" t="189" w="933" /><ent r="3" t="189" w="1006" /><ent r="64" t="203" w="350" /><ent r="1000" t="206" w="5" /><ent r="100" t="206" w="7" /><ent r="102" t="206" w="22" /><ent r="3" t="206" w="64" /><ent r="3" t="206" w="84" /><ent r="4" t="206" w="114" /><ent r="3" t="206" w="153" /><ent r="3" t="206" w="175" /><ent r="92" t="206" w="1026" /><ent r="4" t="206" w="1076" /><ent r="3" t="206" w="1114" /><ent r="3" t="206" w="1136" /><ent r="4" t="206" w="1275" /><ent r="5" t="206" w="1353" /><ent r="4" t="206" w="1395" /><ent r="3" t="206" w="1415" /><ent r="3" t="206" w="1455" /><ent r="4" t="206" w="1470" /><ent r="3" t="206" w="1575" /></phr></stem><stem n="(pca)"><phr n="(PCA)"><ent r="3" t="189" w="81" /><ent r="3" t="206" w="65" /><ent r="92" t="206" w="1027" /></phr></stem><stem n="util"><phr n="utilize"><ent r="3" t="189" w="92" /></phr></stem><stem n="moment"><phr n="moment"><ent r="3" t="189" w="95" /><ent r="3" t="189" w="200" /><ent r="3" t="189" w="207" /><ent r="3" t="189" w="223" /><ent r="3" t="189" w="239" /><ent r="3" t="189" w="264" /><ent r="3" t="189" w="304" /><ent r="5" t="189" w="351" /></phr></stem><stem n="covari"><phr n="covariance"><ent r="3" t="189" w="96" /><ent r="3" t="189" w="272" /><ent r="3" t="189" w="286" /><ent r="5" t="189" w="354" /><ent r="4" t="206" w="1167" /><ent r="4" t="206" w="1285" /><ent r="4" t="206" w="1301" /><ent r="4" t="206" w="1307" /><ent r="4" t="206" w="1319" /></phr></stem><stem n="correl"><phr n="correlation"><ent r="3" t="189" w="98" /><ent r="3" t="189" w="274" /><ent r="3" t="189" w="277" /><ent r="5" t="189" w="358" /><ent r="4" t="189" w="802" /></phr></stem><stem n="matric"><phr n="matrices"><ent r="3" t="189" w="288" /></phr></stem><stem n="pcaxxx"><phr n="pcaxxx"><ent r="5" t="189" w="335" /><ent r="3" t="189" w="975" /></phr></stem><stem n="“.pcaxxx”"><phr n="“.pcaxxx”"><ent r="5" t="189" w="336" /><ent r="3" t="189" w="976" /></phr></stem><stem n="xxx"><phr n="xxx"><ent r="5" t="189" w="337" /><ent r="3" t="189" w="977" /></phr></stem><stem n="pcasmm"><phr n="pcasmm"><ent r="5" t="189" w="348" /></phr></stem><stem n="“.pcasmm”"><phr n="“.pcasmm”"><ent r="5" t="189" w="349" /></phr></stem><stem n="pcacvm"><phr n="pcacvm"><ent r="5" t="189" w="352" /></phr></stem><stem n="“.pcacvm”"><phr n="“.pcacvm”"><ent r="5" t="189" w="353" /></phr></stem><stem n="pcaccm"><phr n="pcaccm"><ent r="5" t="189" w="356" /></phr></stem><stem n="“.pcaccm”"><phr n="“.pcaccm”"><ent r="5" t="189" w="357" /></phr></stem><stem n="(roi)"><phr n="(ROI)"><ent r="5" t="189" w="384" /><ent r="4" t="198" w="152" /><ent r="3" t="199" w="39" /><ent r="5" t="206" w="1252" /></phr></stem><stem n="“area"><phr n="“Area"><ent r="3" t="189" w="428" /></phr></stem><stem n="eigen"><phr n="Eigen"><ent r="4" t="189" w="479" /><ent r="65" t="189" w="483" /><ent r="92" t="189" w="1033" /><ent r="3" t="189" w="1047" /><ent r="3" t="189" w="1050" /><ent r="4" t="189" w="1088" /><ent r="4" t="206" w="1197" /><ent r="4" t="206" w="1359" /></phr></stem><stem n="mainli"><phr n="mainly"><ent r="3" t="189" w="508" /></phr></stem><stem n="nois"><phr n="noise"><ent r="3" t="189" w="510" /></phr></stem><stem n="thu"><phr n="Thus"><ent r="3" t="189" w="511" /></phr></stem><stem n="littl"><phr n="little"><ent r="3" t="189" w="514" /><ent r="3" t="189" w="525" /><ent r="4" t="213" w="192" /></phr></stem><stem n="highest"><phr n="highest"><ent r="3" t="189" w="519" /><ent r="4" t="189" w="1075" /></phr></stem><stem n="landsat"><phr n="LANDSAT"><ent r="4" t="189" w="576" /><ent r="3" t="205" w="938" /><ent r="4" t="205" w="1161" /><ent r="3" t="205" w="2112" /><ent r="7" t="222" w="317" /><ent r="3" t="222" w="730" /><ent r="3" t="246" w="514" /></phr></stem><stem n="imageri"><phr n="imagery"><ent r="4" t="189" w="577" /><ent r="3" t="195" w="93" /><ent r="3" t="204" w="105" /></phr></stem><stem n="unsign"><phr n="unsigned"><ent r="4" t="189" w="580" /><ent r="4" t="189" w="592" /><ent r="6" t="222" w="254" /><ent r="6" t="222" w="260" /><ent r="6" t="222" w="267" /><ent r="7" t="222" w="277" /><ent r="4" t="226" w="72" /><ent r="4" t="226" w="84" /><ent r="4" t="226" w="96" /><ent r="3" t="226" w="117" /><ent r="3" t="226" w="121" /><ent r="3" t="226" w="145" /><ent r="6" t="254" w="63" /><ent r="6" t="254" w="88" /><ent r="6" t="254" w="113" /><ent r="6" t="254" w="138" /></phr></stem><stem n="byte"><phr n="byte"><ent r="4" t="189" w="582" /><ent r="4" t="189" w="594" /><ent r="3" t="192" w="142" /><ent r="7" t="222" w="194" /><ent r="7" t="222" w="323" /><ent r="7" t="222" w="345" /><ent r="7" t="222" w="351" /><ent r="7" t="222" w="361" /><ent r="7" t="222" w="367" /><ent r="3" t="222" w="733" /><ent r="3" t="226" w="50" /><ent r="4" t="226" w="71" /><ent r="4" t="226" w="77" /><ent r="4" t="226" w="83" /><ent r="4" t="226" w="89" /><ent r="4" t="226" w="95" /><ent r="4" t="226" w="101" /><ent r="4" t="226" w="107" /><ent r="3" t="226" w="116" /><ent r="3" t="226" w="120" /><ent r="3" t="226" w="124" /><ent r="3" t="226" w="129" /><ent r="3" t="226" w="144" /><ent r="3" t="226" w="148" /><ent r="3" t="226" w="153" /></phr><phr n="bytes"><ent r="7" t="222" w="131" /><ent r="7" t="222" w="143" /><ent r="7" t="222" w="151" /><ent r="7" t="222" w="331" /></phr></stem><stem n="-byte"><phr n="-byte"><ent r="4" t="189" w="593" /><ent r="4" t="189" w="593" /><ent r="3" t="192" w="141" /><ent r="3" t="192" w="141" /><ent r="3" t="226" w="49" /><ent r="3" t="226" w="49" /><ent r="4" t="226" w="70" /><ent r="4" t="226" w="70" /><ent r="4" t="226" w="76" /><ent r="4" t="226" w="76" /><ent r="4" t="226" w="82" /><ent r="4" t="226" w="82" /><ent r="4" t="226" w="88" /><ent r="4" t="226" w="88" /><ent r="4" t="226" w="94" /><ent r="4" t="226" w="94" /><ent r="4" t="226" w="100" /><ent r="4" t="226" w="100" /><ent r="4" t="226" w="106" /><ent r="4" t="226" w="106" /><ent r="3" t="226" w="115" /><ent r="3" t="226" w="115" /><ent r="3" t="226" w="119" /><ent r="3" t="226" w="119" /><ent r="3" t="226" w="123" /><ent r="3" t="226" w="123" /><ent r="3" t="226" w="128" /><ent r="3" t="226" w="128" /><ent r="3" t="226" w="143" /><ent r="3" t="226" w="143" /><ent r="3" t="226" w="147" /><ent r="3" t="226" w="147" /><ent r="3" t="226" w="152" /><ent r="3" t="226" w="152" /></phr></stem><stem n="one-byt"><phr n="one-byte"><ent r="4" t="189" w="593" /></phr></stem><stem n="max"><phr n="Max"><ent r="5" t="189" w="621" /><ent r="5" t="206" w="1228" /><ent r="4" t="210" w="95" /><ent r="7" t="222" w="629" /><ent r="3" t="248" w="605" /></phr></stem></index>