<?xml version="1.0" encoding="utf-8"?><index><stem n="direct"><phr n="Direction"><ent r="5" t="3" w="76" /><ent r="5" t="3" w="104" /><ent r="6" t="14" w="251" /><ent r="5" t="14" w="255" /><ent r="64" t="15" w="29" /><ent r="4" t="62" w="84" /><ent r="1000" t="97" w="3" /><ent r="100" t="97" w="7" /><ent r="102" t="97" w="11" /><ent r="3" t="97" w="15" /><ent r="4" t="97" w="96" /><ent r="4" t="97" w="105" /><ent r="5" t="97" w="118" /><ent r="4" t="97" w="125" /><ent r="3" t="97" w="152" /><ent r="3" t="172" w="53" /><ent r="6" t="216" w="49" /><ent r="6" t="216" w="58" /><ent r="6" t="216" w="65" /><ent r="6" t="216" w="80" /><ent r="4" t="237" w="327" /><ent r="3" t="237" w="331" /><ent r="4" t="237" w="342" /><ent r="4" t="237" w="377" /><ent r="3" t="247" w="24" /></phr><phr n="directed"><ent r="4" t="195" w="264" /></phr><phr n="direct"><ent r="3" t="214" w="11" /></phr><phr n="directions"><ent r="7" t="222" w="520" /><ent r="3" t="246" w="414" /></phr></stem><stem n="+"><phr n="+"><ent r="6" t="3" w="114" /><ent r="5" t="3" w="139" /><ent r="5" t="3" w="154" /><ent r="7" t="5" w="34" /><ent r="7" t="5" w="91" /><ent r="7" t="5" w="127" /><ent r="7" t="5" w="164" /><ent r="7" t="5" w="215" /><ent r="7" t="5" w="261" /><ent r="7" t="7" w="310" /><ent r="3" t="17" w="85" /><ent r="3" t="22" w="170" /><ent r="100" t="22" w="228" /><ent r="65" t="22" w="233" /><ent r="100" t="22" w="342" /><ent r="65" t="22" w="347" /><ent r="92" t="22" w="434" /><ent r="3" t="22" w="441" /><ent r="4" t="22" w="544" /><ent r="3" t="22" w="845" /><ent r="3" t="42" w="163" /><ent r="4" t="47" w="71" /><ent r="3" t="47" w="247" /><ent r="4" t="49" w="111" /><ent r="4" t="51" w="110" /><ent r="4" t="52" w="110" /><ent r="4" t="53" w="124" /><ent r="4" t="54" w="119" /><ent r="4" t="55" w="112" /><ent r="4" t="56" w="110" /><ent r="4" t="57" w="106" /><ent r="4" t="58" w="107" /><ent r="4" t="59" w="117" /><ent r="4" t="69" w="395" /><ent r="3" t="71" w="159" /><ent r="3" t="71" w="172" /><ent r="3" t="71" w="176" /><ent r="3" t="75" w="120" /><ent r="3" t="75" w="124" /><ent r="3" t="76" w="68" /><ent r="4" t="76" w="96" /><ent r="3" t="89" w="233" /><ent r="3" t="126" w="157" /><ent r="3" t="127" w="161" /><ent r="3" t="128" w="138" /><ent r="4" t="132" w="159" /><ent r="4" t="134" w="110" /><ent r="4" t="134" w="126" /><ent r="4" t="135" w="111" /><ent r="4" t="135" w="127" /><ent r="3" t="135" w="176" /><ent r="4" t="135" w="255" /><ent r="4" t="135" w="257" /><ent r="4" t="135" w="270" /><ent r="3" t="147" w="83" /><ent r="3" t="149" w="44" /><ent r="3" t="173" w="305" /><ent r="83" t="173" w="311" /><ent r="3" t="173" w="319" /><ent r="4" t="173" w="422" /><ent r="3" t="173" w="719" /><ent r="3" t="174" w="297" /><ent r="83" t="174" w="303" /><ent r="3" t="174" w="311" /><ent r="4" t="174" w="411" /><ent r="3" t="174" w="708" /><ent r="3" t="175" w="294" /><ent r="83" t="175" w="300" /><ent r="3" t="175" w="308" /><ent r="4" t="175" w="409" /><ent r="3" t="175" w="706" /><ent r="3" t="192" w="155" /><ent r="4" t="235" w="125" /><ent r="3" t="235" w="195" /><ent r="5" t="236" w="87" /><ent r="5" t="236" w="97" /><ent r="5" t="236" w="107" /><ent r="5" t="236" w="117" /><ent r="5" t="236" w="125" /><ent r="5" t="236" w="133" /><ent r="5" t="236" w="142" /><ent r="5" t="236" w="149" /><ent r="5" t="236" w="156" /><ent r="5" t="236" w="166" /><ent r="5" t="236" w="174" /><ent r="5" t="236" w="184" /><ent r="5" t="236" w="193" /><ent r="5" t="236" w="200" /><ent r="5" t="236" w="209" /><ent r="5" t="236" w="315" /><ent r="5" t="236" w="317" /><ent r="5" t="236" w="348" /><ent r="3" t="247" w="117" /><ent r="3" t="247" w="227" /><ent r="7" t="250" w="106" /><ent r="7" t="250" w="107" /><ent r="6" t="250" w="121" /><ent r="7" t="251" w="100" /><ent r="7" t="251" w="136" /><ent r="7" t="251" w="175" /><ent r="7" t="252" w="109" /><ent r="7" t="252" w="145" /><ent r="7" t="252" w="156" /><ent r="6" t="253" w="82" /><ent r="5" t="253" w="126" /></phr></stem><stem n="ctrl"><phr n="Ctrl"><ent r="6" t="3" w="115" /><ent r="5" t="3" w="140" /><ent r="7" t="5" w="33" /><ent r="7" t="7" w="309" /><ent r="4" t="17" w="83" /><ent r="4" t="17" w="125" /><ent r="4" t="22" w="168" /><ent r="4" t="42" w="161" /><ent r="4" t="71" w="157" /><ent r="4" t="71" w="170" /><ent r="4" t="73" w="406" /><ent r="4" t="75" w="118" /><ent r="4" t="76" w="66" /><ent r="4" t="76" w="95" /><ent r="5" t="85" w="62" /><ent r="3" t="89" w="158" /><ent r="4" t="89" w="231" /><ent r="3" t="118" w="230" /><ent r="3" t="118" w="317" /><ent r="4" t="126" w="155" /><ent r="4" t="127" w="159" /><ent r="3" t="135" w="177" /><ent r="4" t="135" w="254" /><ent r="4" t="135" w="269" /><ent r="4" t="147" w="81" /><ent r="4" t="149" w="42" /><ent r="4" t="154" w="199" /><ent r="4" t="155" w="314" /><ent r="3" t="186" w="499" /><ent r="3" t="186" w="586" /><ent r="3" t="187" w="209" /><ent r="3" t="187" w="296" /><ent r="3" t="188" w="486" /><ent r="3" t="188" w="573" /><ent r="4" t="198" w="132" /><ent r="3" t="204" w="1533" /><ent r="5" t="236" w="86" /><ent r="5" t="236" w="96" /><ent r="5" t="236" w="106" /><ent r="5" t="236" w="116" /><ent r="5" t="236" w="124" /><ent r="5" t="236" w="132" /><ent r="5" t="236" w="141" /><ent r="5" t="236" w="148" /><ent r="5" t="236" w="155" /><ent r="5" t="236" w="165" /><ent r="5" t="236" w="173" /><ent r="5" t="236" w="183" /><ent r="5" t="236" w="192" /><ent r="5" t="236" w="199" /><ent r="5" t="236" w="208" /><ent r="5" t="236" w="314" /><ent r="7" t="250" w="105" /><ent r="6" t="250" w="120" /><ent r="7" t="251" w="99" /><ent r="7" t="251" w="135" /><ent r="7" t="251" w="174" /><ent r="7" t="252" w="108" /><ent r="7" t="252" w="144" /><ent r="7" t="252" w="155" /><ent r="6" t="253" w="81" /><ent r="5" t="253" w="125" /></phr></stem><stem n="dynam"><phr n="dynamic"><ent r="6" t="3" w="119" /><ent r="5" t="57" w="202" /><ent r="92" t="135" w="161" /><ent r="3" t="135" w="171" /><ent r="92" t="182" w="751" /><ent r="5" t="182" w="756" /></phr><phr n="dynamically"><ent r="4" t="137" w="204" /><ent r="4" t="182" w="764" /></phr></stem><stem n="inset"><phr n="inset"><ent r="6" t="3" w="120" /><ent r="92" t="135" w="162" /><ent r="3" t="135" w="172" /><ent r="5" t="236" w="337" /><ent r="5" t="236" w="363" /></phr></stem><stem n="(the"><phr n="(the"><ent r="6" t="3" w="121" /><ent r="4" t="34" w="95" /><ent r="3" t="98" w="52" /><ent r="3" t="184" w="171" /><ent r="3" t="189" w="276" /><ent r="3" t="191" w="90" /><ent r="4" t="204" w="1652" /><ent r="3" t="205" w="2302" /><ent r="3" t="205" w="2604" /><ent r="3" t="237" w="460" /><ent r="3" t="248" w="656" /></phr></stem><stem n="zoomed-in"><phr n="zoomed-in"><ent r="6" t="3" w="122" /><ent r="3" t="204" w="729" /><ent r="3" t="204" w="744" /><ent r="3" t="204" w="1722" /></phr></stem><stem n="region"><phr n="region"><ent r="6" t="3" w="124" /><ent r="4" t="51" w="216" /><ent r="4" t="83" w="71" /><ent r="4" t="83" w="87" /><ent r="3" t="109" w="62" /><ent r="4" t="109" w="84" /><ent r="4" t="109" w="105" /><ent r="4" t="121" w="157" /><ent r="5" t="189" w="380" /><ent r="3" t="189" w="420" /><ent r="3" t="198" w="61" /><ent r="4" t="198" w="148" /><ent r="3" t="199" w="35" /><ent r="5" t="199" w="115" /><ent r="3" t="204" w="1525" /><ent r="3" t="204" w="1541" /><ent r="4" t="204" w="1748" /><ent r="3" t="205" w="309" /><ent r="3" t="205" w="317" /><ent r="5" t="206" w="1248" /><ent r="4" t="207" w="1227" /><ent r="4" t="207" w="1262" /><ent r="4" t="207" w="1266" /></phr><phr n="regions"><ent r="3" t="109" w="28" /></phr></stem><stem n="scene"><phr n="scene"><ent r="6" t="3" w="127" /><ent r="6" t="11" w="148" /><ent r="3" t="74" w="537" /><ent r="4" t="83" w="62" /><ent r="4" t="83" w="74" /><ent r="4" t="83" w="107" /><ent r="4" t="100" w="50" /><ent r="4" t="108" w="161" /><ent r="4" t="108" w="174" /><ent r="3" t="109" w="37" /><ent r="3" t="109" w="45" /><ent r="3" t="109" w="55" /><ent r="4" t="173" w="788" /><ent r="4" t="204" w="1025" /><ent r="4" t="204" w="1060" /><ent r="3" t="205" w="297" /><ent r="4" t="205" w="1162" /><ent r="3" t="205" w="2114" /><ent r="4" t="208" w="1018" /><ent r="4" t="208" w="1028" /><ent r="3" t="246" w="515" /></phr><phr n="scenes"><ent r="3" t="107" w="19" /><ent r="3" t="107" w="44" /><ent r="3" t="181" w="60" /><ent r="4" t="197" w="120" /><ent r="3" t="205" w="421" /><ent r="4" t="205" w="2566" /><ent r="4" t="205" w="2576" /><ent r="4" t="207" w="1273" /></phr></stem><stem n=".)"><phr n=".)"><ent r="6" t="3" w="128" /><ent r="3" t="4" w="113" /><ent r="7" t="10" w="110" /><ent r="4" t="34" w="104" /><ent r="3" t="65" w="32" /><ent r="4" t="75" w="166" /><ent r="4" t="75" w="221" /><ent r="4" t="79" w="64" /><ent r="4" t="95" w="132" /><ent r="3" t="98" w="71" /><ent r="4" t="113" w="71" /><ent r="3" t="118" w="232" /><ent r="3" t="118" w="319" /><ent r="3" t="120" w="165" /><ent r="3" t="122" w="186" /><ent r="4" t="134" w="237" /><ent r="4" t="135" w="594" /><ent r="4" t="137" w="172" /><ent r="3" t="144" w="411" /><ent r="4" t="155" w="245" /><ent r="4" t="173" w="935" /><ent r="3" t="178" w="66" /><ent r="3" t="186" w="501" /><ent r="3" t="186" w="588" /><ent r="4" t="187" w="72" /><ent r="3" t="187" w="211" /><ent r="3" t="187" w="298" /><ent r="3" t="188" w="488" /><ent r="3" t="188" w="575" /><ent r="3" t="191" w="96" /><ent r="3" t="205" w="983" /><ent r="3" t="205" w="1030" /><ent r="4" t="205" w="1071" /><ent r="4" t="205" w="1189" /><ent r="3" t="205" w="1475" /><ent r="4" t="205" w="1927" /><ent r="4" t="206" w="613" /><ent r="3" t="206" w="937" /><ent r="3" t="206" w="1538" /><ent r="4" t="207" w="1088" /><ent r="7" t="212" w="1153" /><ent r="3" t="212" w="1751" /><ent r="6" t="213" w="1336" /><ent r="4" t="215" w="61" /><ent r="3" t="236" w="48" /><ent r="6" t="240" w="443" /><ent r="3" t="242" w="307" /></phr></stem><stem n="context"><phr n="context"><ent r="5" t="3" w="134" /><ent r="3" t="18" w="207" /><ent r="4" t="36" w="122" /><ent r="4" t="170" w="95" /><ent r="4" t="171" w="72" /><ent r="4" t="187" w="82" /><ent r="4" t="188" w="78" /><ent r="3" t="207" w="803" /><ent r="3" t="208" w="132" /><ent r="3" t="209" w="122" /></phr></stem><stem n="copi"><phr n="Copies"><ent r="6" t="3" w="142" /><ent r="7" t="5" w="100" /><ent r="5" t="22" w="781" /><ent r="4" t="78" w="220" /><ent r="5" t="116" w="638" /><ent r="7" t="145" w="115" /><ent r="5" t="173" w="660" /><ent r="5" t="174" w="649" /><ent r="5" t="175" w="647" /><ent r="7" t="251" w="105" /></phr><phr n="copied"><ent r="7" t="5" w="113" /><ent r="3" t="193" w="51" /><ent r="3" t="198" w="87" /><ent r="4" t="199" w="238" /></phr><phr n="copy"><ent r="7" t="5" w="138" /><ent r="4" t="20" w="567" /><ent r="4" t="20" w="582" /><ent r="4" t="20" w="626" /><ent r="4" t="20" w="637" /><ent r="3" t="20" w="714" /><ent r="5" t="22" w="773" /><ent r="3" t="47" w="179" /><ent r="3" t="47" w="367" /><ent r="3" t="47" w="537" /><ent r="3" t="47" w="680" /><ent r="4" t="73" w="211" /><ent r="1000" t="75" w="1" /><ent r="102" t="75" w="4" /><ent r="100" t="75" w="8" /><ent r="100" t="75" w="10" /><ent r="3" t="75" w="36" /><ent r="5" t="75" w="154" /><ent r="4" t="75" w="163" /><ent r="4" t="75" w="177" /><ent r="5" t="75" w="209" /><ent r="4" t="75" w="218" /><ent r="3" t="75" w="223" /><ent r="4" t="75" w="231" /><ent r="4" t="75" w="249" /><ent r="5" t="78" w="132" /><ent r="4" t="78" w="144" /><ent r="5" t="78" w="217" /><ent r="5" t="116" w="635" /><ent r="92" t="134" w="308" /><ent r="4" t="134" w="360" /><ent r="5" t="173" w="652" /><ent r="5" t="174" w="641" /><ent r="5" t="175" w="639" /><ent r="100" t="198" w="7" /><ent r="4" t="199" w="200" /><ent r="5" t="236" w="138" /><ent r="100" t="251" w="10" /><ent r="7" t="251" w="103" /></phr><phr n="Copying"><ent r="64" t="196" w="324" /><ent r="65" t="197" w="298" /><ent r="64" t="197" w="305" /><ent r="1000" t="198" w="1" /><ent r="100" t="198" w="5" /><ent r="102" t="198" w="10" /><ent r="3" t="211" w="961" /></phr></stem><stem n="shift"><phr n="Shift"><ent r="5" t="3" w="155" /><ent r="4" t="17" w="121" /><ent r="3" t="17" w="219" /><ent r="4" t="71" w="174" /><ent r="4" t="73" w="402" /><ent r="4" t="74" w="543" /><ent r="4" t="75" w="122" /><ent r="5" t="85" w="66" /><ent r="4" t="89" w="97" /><ent r="3" t="118" w="228" /><ent r="3" t="118" w="315" /><ent r="4" t="137" w="163" /><ent r="4" t="154" w="195" /><ent r="3" t="186" w="497" /><ent r="3" t="186" w="584" /><ent r="3" t="187" w="207" /><ent r="3" t="187" w="294" /><ent r="3" t="188" w="484" /><ent r="3" t="188" w="571" /><ent r="4" t="198" w="130" /><ent r="3" t="204" w="1517" /><ent r="4" t="205" w="1294" /><ent r="5" t="236" w="316" /><ent r="5" t="236" w="347" /></phr></stem><stem n="extend"><phr n="Extends"><ent r="6" t="3" w="157" /><ent r="6" t="190" w="215" /></phr><phr n="extend"><ent r="6" t="190" w="212" /></phr></stem><stem n="/shrink"><phr n="/shrinks"><ent r="6" t="3" w="158" /></phr></stem><stem n="shrink"><phr n="shrinks"><ent r="6" t="3" w="158" /></phr><phr n="shrink"><ent r="4" t="201" w="116" /></phr></stem><stem n="/unselect"><phr n="/unselecting"><ent r="6" t="3" w="164" /></phr></stem><stem n="unselect"><phr n="unselecting"><ent r="6" t="3" w="164" /></phr><phr n="unselected"><ent r="5" t="13" w="79" /></phr></stem><stem n="featur"><phr n="feature"><ent r="6" t="3" w="167" /><ent r="5" t="29" w="335" /><ent r="4" t="75" w="16" /><ent r="3" t="107" w="15" /><ent r="3" t="107" w="32" /><ent r="3" t="139" w="127" /><ent r="3" t="139" w="131" /><ent r="3" t="140" w="63" /><ent r="3" t="141" w="47" /><ent r="3" t="197" w="40" /><ent r="3" t="200" w="157" /><ent r="4" t="200" w="189" /><ent r="3" t="200" w="213" /><ent r="3" t="207" w="1531" /><ent r="3" t="207" w="1570" /><ent r="3" t="208" w="206" /><ent r="3" t="208" w="1095" /><ent r="3" t="208" w="1099" /><ent r="3" t="209" w="196" /><ent r="4" t="209" w="1152" /><ent r="3" t="209" w="1213" /><ent r="3" t="221" w="18" /><ent r="3" t="228" w="198" /><ent r="3" t="228" w="339" /><ent r="92" t="228" w="351" /><ent r="3" t="228" w="357" /><ent r="3" t="228" w="377" /><ent r="3" t="228" w="442" /><ent r="3" t="228" w="487" /><ent r="5" t="228" w="499" /><ent r="3" t="228" w="520" /><ent r="4" t="228" w="528" /><ent r="92" t="228" w="542" /><ent r="3" t="228" w="547" /><ent r="4" t="228" w="557" /><ent r="5" t="228" w="573" /><ent r="4" t="228" w="589" /><ent r="3" t="228" w="593" /><ent r="3" t="228" w="863" /><ent r="3" t="228" w="942" /><ent r="3" t="228" w="948" /><ent r="3" t="228" w="966" /><ent r="3" t="228" w="994" /><ent r="3" t="228" w="1010" /><ent r="3" t="228" w="1035" /></phr><phr n="Features"><ent r="64" t="4" w="259" /><ent r="1000" t="16" w="2" /><ent r="102" t="16" w="6" /><ent r="100" t="16" w="10" /><ent r="64" t="16" w="21" /><ent r="3" t="30" w="35" /><ent r="3" t="30" w="39" /><ent r="65" t="30" w="474" /><ent r="5" t="30" w="484" /><ent r="4" t="34" w="178" /><ent r="4" t="39" w="127" /><ent r="65" t="39" w="134" /><ent r="5" t="57" w="639" /><ent r="5" t="57" w="674" /><ent r="5" t="57" w="1074" /><ent r="5" t="57" w="1109" /><ent r="5" t="114" w="165" /><ent r="5" t="114" w="196" /><ent r="1000" t="139" w="2" /><ent r="102" t="139" w="5" /><ent r="6" t="139" w="11" /><ent r="100" t="139" w="22" /><ent r="3" t="139" w="25" /><ent r="3" t="139" w="79" /><ent r="4" t="139" w="84" /><ent r="3" t="139" w="100" /><ent r="4" t="139" w="105" /><ent r="3" t="139" w="123" /><ent r="92" t="139" w="168" /><ent r="3" t="139" w="175" /><ent r="3" t="139" w="182" /><ent r="4" t="139" w="188" /><ent r="4" t="139" w="190" /><ent r="3" t="139" w="199" /><ent r="64" t="139" w="206" /><ent r="1000" t="140" w="2" /><ent r="102" t="140" w="6" /><ent r="100" t="140" w="10" /><ent r="3" t="140" w="17" /><ent r="3" t="140" w="24" /><ent r="4" t="140" w="30" /><ent r="4" t="140" w="32" /><ent r="3" t="140" w="41" /><ent r="64" t="140" w="122" /><ent r="3" t="142" w="85" /><ent r="5" t="182" w="673" /><ent r="5" t="182" w="701" /><ent r="3" t="195" w="68" /><ent r="3" t="195" w="81" /><ent r="3" t="208" w="105" /><ent r="3" t="208" w="109" /><ent r="3" t="208" w="125" /><ent r="3" t="208" w="181" /><ent r="3" t="208" w="213" /><ent r="3" t="208" w="216" /><ent r="3" t="208" w="260" /><ent r="3" t="208" w="282" /><ent r="64" t="208" w="392" /><ent r="4" t="208" w="779" /><ent r="5" t="208" w="791" /><ent r="4" t="208" w="797" /><ent r="5" t="208" w="804" /><ent r="4" t="208" w="923" /><ent r="4" t="208" w="960" /><ent r="3" t="208" w="1117" /><ent r="3" t="209" w="95" /><ent r="3" t="209" w="99" /><ent r="3" t="209" w="115" /><ent r="3" t="209" w="171" /><ent r="3" t="209" w="203" /><ent r="3" t="209" w="206" /><ent r="3" t="209" w="250" /><ent r="3" t="209" w="272" /><ent r="3" t="209" w="822" /><ent r="3" t="209" w="1184" /><ent r="3" t="209" w="1286" /><ent r="1000" t="221" w="2" /><ent r="102" t="221" w="6" /><ent r="3" t="226" w="22" /><ent r="3" t="228" w="221" /><ent r="3" t="228" w="234" /><ent r="3" t="228" w="262" /><ent r="3" t="228" w="274" /><ent r="3" t="228" w="278" /><ent r="3" t="228" w="295" /><ent r="3" t="228" w="297" /><ent r="3" t="228" w="321" /><ent r="3" t="228" w="447" /><ent r="3" t="228" w="509" /><ent r="4" t="228" w="515" /><ent r="4" t="228" w="530" /><ent r="4" t="228" w="559" /><ent r="4" t="228" w="566" /><ent r="3" t="228" w="583" /><ent r="3" t="228" w="595" /><ent r="92" t="228" w="603" /><ent r="3" t="228" w="608" /><ent r="3" t="228" w="611" /><ent r="3" t="228" w="624" /><ent r="4" t="228" w="630" /><ent r="3" t="228" w="641" /><ent r="3" t="228" w="653" /><ent r="3" t="228" w="681" /><ent r="4" t="228" w="698" /><ent r="4" t="228" w="777" /><ent r="4" t="228" w="883" /></phr></stem><stem n="load"><phr n="load"><ent r="3" t="4" w="73" /><ent r="4" t="20" w="385" /><ent r="4" t="20" w="559" /><ent r="4" t="20" w="635" /><ent r="3" t="20" w="707" /><ent r="3" t="23" w="23" /><ent r="82" t="25" w="163" /><ent r="3" t="25" w="166" /><ent r="92" t="28" w="24" /><ent r="3" t="28" w="51" /><ent r="3" t="29" w="11" /><ent r="4" t="29" w="108" /><ent r="4" t="29" w="120" /><ent r="4" t="29" w="290" /><ent r="4" t="29" w="350" /><ent r="4" t="29" w="379" /><ent r="4" t="29" w="399" /><ent r="4" t="29" w="421" /><ent r="4" t="29" w="459" /><ent r="3" t="30" w="461" /><ent r="3" t="31" w="64" /><ent r="3" t="31" w="91" /><ent r="3" t="32" w="16" /><ent r="3" t="42" w="15" /><ent r="3" t="42" w="36" /><ent r="3" t="43" w="68" /><ent r="6" t="45" w="55" /><ent r="3" t="47" w="780" /><ent r="6" t="49" w="42" /><ent r="6" t="51" w="42" /><ent r="6" t="52" w="42" /><ent r="6" t="53" w="42" /><ent r="6" t="54" w="49" /><ent r="6" t="55" w="45" /><ent r="6" t="56" w="41" /><ent r="6" t="57" w="38" /><ent r="6" t="58" w="38" /><ent r="6" t="59" w="48" /><ent r="3" t="103" w="61" /><ent r="3" t="107" w="42" /><ent r="100" t="121" w="4" /><ent r="3" t="121" w="45" /><ent r="5" t="121" w="101" /><ent r="4" t="121" w="131" /><ent r="3" t="122" w="303" /><ent r="4" t="122" w="311" /><ent r="6" t="132" w="48" /><ent r="6" t="134" w="41" /><ent r="6" t="135" w="42" /><ent r="3" t="139" w="40" /><ent r="3" t="139" w="50" /><ent r="3" t="153" w="55" /><ent r="64" t="159" w="120" /><ent r="64" t="160" w="218" /><ent r="64" t="161" w="111" /><ent r="1000" t="162" w="1" /><ent r="100" t="162" w="6" /><ent r="100" t="162" w="8" /><ent r="102" t="162" w="11" /><ent r="3" t="162" w="17" /><ent r="5" t="162" w="46" /><ent r="4" t="162" w="52" /><ent r="4" t="162" w="64" /><ent r="64" t="163" w="102" /><ent r="64" t="164" w="83" /><ent r="3" t="174" w="801" /><ent r="4" t="174" w="1031" /><ent r="3" t="174" w="1040" /><ent r="3" t="174" w="1059" /><ent r="6" t="189" w="308" /><ent r="5" t="189" w="316" /><ent r="92" t="190" w="259" /><ent r="3" t="190" w="265" /><ent r="5" t="190" w="302" /><ent r="4" t="192" w="364" /><ent r="4" t="192" w="382" /><ent r="3" t="192" w="548" /><ent r="3" t="196" w="37" /><ent r="4" t="204" w="2410" /><ent r="3" t="205" w="928" /><ent r="3" t="206" w="149" /><ent r="4" t="206" w="597" /><ent r="4" t="206" w="1097" /><ent r="4" t="206" w="1103" /><ent r="4" t="207" w="86" /><ent r="4" t="209" w="68" /><ent r="92" t="209" w="1140" /><ent r="4" t="209" w="1153" /><ent r="3" t="221" w="67" /><ent r="7" t="222" w="466" /><ent r="3" t="224" w="288" /><ent r="3" t="225" w="280" /><ent r="3" t="248" w="38" /><ent r="82" t="248" w="343" /><ent r="3" t="248" w="346" /><ent r="5" t="248" w="506" /><ent r="3" t="249" w="286" /></phr><phr n="loading"><ent r="3" t="17" w="173" /><ent r="3" t="95" w="35" /><ent r="6" t="116" w="435" /><ent r="3" t="121" w="30" /><ent r="5" t="182" w="199" /><ent r="3" t="189" w="551" /><ent r="4" t="206" w="612" /><ent r="3" t="208" w="327" /><ent r="3" t="208" w="334" /><ent r="3" t="209" w="317" /><ent r="3" t="209" w="324" /></phr><phr n="loaded"><ent r="3" t="20" w="244" /><ent r="3" t="20" w="283" /><ent r="4" t="20" w="499" /><ent r="4" t="20" w="653" /><ent r="3" t="26" w="174" /><ent r="92" t="28" w="100" /><ent r="3" t="28" w="116" /><ent r="3" t="28" w="135" /><ent r="4" t="29" w="488" /><ent r="3" t="29" w="554" /><ent r="3" t="30" w="64" /><ent r="4" t="34" w="99" /><ent r="6" t="45" w="68" /><ent r="6" t="49" w="55" /><ent r="6" t="51" w="55" /><ent r="6" t="52" w="55" /><ent r="6" t="53" w="55" /><ent r="6" t="54" w="62" /><ent r="6" t="55" w="58" /><ent r="6" t="56" w="54" /><ent r="6" t="57" w="51" /><ent r="6" t="58" w="51" /><ent r="6" t="59" w="61" /><ent r="3" t="72" w="24" /><ent r="4" t="93" w="68" /><ent r="3" t="94" w="112" /><ent r="4" t="95" w="178" /><ent r="3" t="102" w="198" /><ent r="3" t="102" w="345" /><ent r="3" t="102" w="368" /><ent r="3" t="103" w="142" /><ent r="4" t="121" w="111" /><ent r="6" t="132" w="61" /><ent r="6" t="134" w="54" /><ent r="6" t="135" w="55" /><ent r="3" t="136" w="454" /><ent r="3" t="137" w="84" /><ent r="4" t="137" w="127" /><ent r="4" t="137" w="146" /><ent r="6" t="139" w="17" /><ent r="3" t="140" w="66" /><ent r="3" t="142" w="41" /><ent r="3" t="144" w="115" /><ent r="3" t="174" w="814" /><ent r="3" t="174" w="1142" /><ent r="3" t="178" w="58" /><ent r="3" t="189" w="451" /><ent r="3" t="189" w="537" /><ent r="4" t="204" w="2135" /><ent r="4" t="206" w="449" /><ent r="4" t="206" w="1189" /><ent r="4" t="207" w="612" /><ent r="4" t="208" w="957" /><ent r="4" t="208" w="972" /><ent r="3" t="210" w="133" /><ent r="4" t="211" w="184" /><ent r="3" t="211" w="966" /><ent r="3" t="211" w="977" /><ent r="3" t="248" w="51" /><ent r="83" t="248" w="402" /><ent r="4" t="248" w="530" /><ent r="3" t="248" w="543" /><ent r="3" t="249" w="297" /></phr><phr n="loads"><ent r="3" t="25" w="168" /><ent r="4" t="29" w="94" /><ent r="4" t="29" w="172" /><ent r="4" t="29" w="310" /><ent r="4" t="29" w="515" /><ent r="3" t="43" w="31" /><ent r="3" t="160" w="28" /><ent r="3" t="161" w="24" /><ent r="3" t="248" w="348" /><ent r="3" t="249" w="19" /></phr></stem><stem n="follow"><phr n="following"><ent r="3" t="4" w="87" /><ent r="3" t="29" w="45" /><ent r="3" t="30" w="136" /><ent r="3" t="31" w="17" /><ent r="3" t="31" w="93" /><ent r="3" t="31" w="122" /><ent r="3" t="34" w="18" /><ent r="3" t="35" w="14" /><ent r="4" t="35" w="101" /><ent r="3" t="38" w="18" /><ent r="3" t="68" w="82" /><ent r="4" t="78" w="50" /><ent r="4" t="80" w="83" /><ent r="4" t="96" w="76" /><ent r="5" t="106" w="75" /><ent r="3" t="108" w="144" /><ent r="3" t="110" w="23" /><ent r="6" t="116" w="542" /><ent r="3" t="131" w="11" /><ent r="3" t="151" w="21" /><ent r="3" t="154" w="732" /><ent r="3" t="158" w="36" /><ent r="5" t="172" w="288" /><ent r="3" t="193" w="40" /><ent r="3" t="200" w="96" /><ent r="4" t="200" w="312" /><ent r="3" t="203" w="215" /><ent r="3" t="204" w="53" /><ent r="3" t="205" w="93" /><ent r="4" t="205" w="1688" /><ent r="4" t="205" w="1802" /><ent r="3" t="206" w="89" /><ent r="3" t="206" w="846" /><ent r="3" t="206" w="1545" /><ent r="3" t="207" w="72" /><ent r="4" t="207" w="383" /><ent r="4" t="207" w="466" /><ent r="3" t="208" w="58" /><ent r="4" t="208" w="621" /><ent r="3" t="208" w="857" /><ent r="3" t="209" w="50" /><ent r="4" t="209" w="610" /><ent r="3" t="210" w="61" /><ent r="3" t="211" w="50" /><ent r="3" t="212" w="1479" /><ent r="3" t="213" w="142" /><ent r="4" t="213" w="639" /><ent r="4" t="213" w="1240" /><ent r="3" t="214" w="37" /><ent r="3" t="226" w="66" /><ent r="3" t="228" w="945" /><ent r="5" t="238" w="74" /><ent r="3" t="249" w="33" /><ent r="3" t="250" w="22" /><ent r="3" t="251" w="34" /><ent r="3" t="252" w="37" /><ent r="3" t="253" w="34" /></phr><phr n="Follow"><ent r="3" t="40" w="16" /><ent r="3" t="103" w="15" /><ent r="3" t="104" w="23" /><ent r="3" t="105" w="15" /><ent r="3" t="110" w="15" /><ent r="3" t="111" w="15" /><ent r="3" t="152" w="166" /><ent r="3" t="152" w="333" /><ent r="3" t="211" w="1096" /><ent r="3" t="212" w="1510" /></phr><phr n="follows"><ent r="4" t="68" w="115" /><ent r="4" t="152" w="251" /><ent r="3" t="152" w="309" /><ent r="4" t="152" w="392" /><ent r="3" t="152" w="441" /><ent r="4" t="152" w="531" /><ent r="3" t="152" w="587" /><ent r="3" t="154" w="354" /><ent r="3" t="192" w="418" /><ent r="3" t="205" w="2117" /><ent r="4" t="209" w="754" /><ent r="3" t="212" w="1368" /><ent r="3" t="219" w="28" /><ent r="3" t="228" w="59" /></phr><phr n="followed"><ent r="4" t="100" w="62" /><ent r="4" t="201" w="34" /><ent r="4" t="201" w="137" /></phr></stem><stem n="aoi"><phr n="AOI"><ent r="3" t="4" w="98" /><ent r="64" t="4" w="232" /><ent r="1000" t="8" w="1" /><ent r="100" t="8" w="4" /><ent r="100" t="8" w="8" /><ent r="102" t="8" w="10" /><ent r="3" t="8" w="14" /><ent r="3" t="8" w="25" /><ent r="3" t="8" w="30" /><ent r="7" t="8" w="57" /><ent r="7" t="8" w="62" /><ent r="7" t="8" w="67" /><ent r="7" t="8" w="73" /><ent r="7" t="8" w="78" /><ent r="7" t="8" w="85" /><ent r="7" t="8" w="98" /><ent r="7" t="8" w="115" /><ent r="7" t="8" w="124" /><ent r="7" t="8" w="131" /><ent r="7" t="8" w="140" /><ent r="7" t="8" w="150" /><ent r="68" t="8" w="160" /><ent r="7" t="8" w="167" /><ent r="7" t="8" w="173" /><ent r="7" t="8" w="188" /><ent r="7" t="8" w="196" /><ent r="68" t="8" w="201" /><ent r="7" t="8" w="205" /><ent r="7" t="8" w="213" /><ent r="64" t="15" w="41" /><ent r="4" t="31" w="201" /><ent r="4" t="31" w="202" /><ent r="5" t="35" w="111" /><ent r="64" t="50" w="242" /><ent r="1000" t="52" w="1" /><ent r="102" t="52" w="5" /><ent r="100" t="52" w="9" /><ent r="100" t="52" w="14" /><ent r="3" t="52" w="18" /><ent r="4" t="52" w="71" /><ent r="5" t="52" w="122" /><ent r="3" t="52" w="200" /><ent r="4" t="52" w="244" /><ent r="65" t="52" w="272" /><ent r="3" t="62" w="171" /><ent r="3" t="73" w="67" /><ent r="4" t="73" w="185" /><ent r="4" t="78" w="125" /><ent r="4" t="80" w="89" /><ent r="1000" t="83" w="1" /><ent r="100" t="83" w="4" /><ent r="100" t="83" w="7" /><ent r="100" t="83" w="9" /><ent r="102" t="83" w="11" /><ent r="3" t="83" w="21" /><ent r="100" t="83" w="116" /><ent r="3" t="83" w="129" /><ent r="3" t="83" w="146" /><ent r="4" t="83" w="166" /><ent r="5" t="83" w="186" /><ent r="4" t="83" w="201" /><ent r="4" t="83" w="204" /><ent r="4" t="83" w="211" /><ent r="4" t="83" w="223" /><ent r="65" t="83" w="229" /><ent r="100" t="83" w="232" /><ent r="4" t="83" w="239" /><ent r="4" t="83" w="254" /><ent r="64" t="83" w="304" /><ent r="64" t="83" w="308" /><ent r="1000" t="84" w="1" /><ent r="100" t="84" w="10" /><ent r="102" t="84" w="15" /><ent r="3" t="84" w="21" /><ent r="3" t="84" w="33" /><ent r="64" t="84" w="46" /><ent r="3" t="84" w="54" /><ent r="64" t="84" w="62" /><ent r="3" t="84" w="72" /><ent r="100" t="85" w="7" /><ent r="65" t="85" w="33" /><ent r="3" t="85" w="43" /><ent r="5" t="85" w="126" /><ent r="4" t="85" w="134" /><ent r="1000" t="86" w="2" /><ent r="100" t="86" w="6" /><ent r="102" t="86" w="12" /><ent r="3" t="86" w="22" /><ent r="65" t="86" w="29" /><ent r="4" t="86" w="34" /><ent r="1000" t="87" w="1" /><ent r="100" t="87" w="5" /><ent r="100" t="87" w="10" /><ent r="102" t="87" w="13" /><ent r="3" t="87" w="19" /><ent r="4" t="87" w="36" /><ent r="4" t="87" w="53" /><ent r="3" t="87" w="69" /><ent r="3" t="87" w="161" /><ent r="64" t="124" w="80" /><ent r="1000" t="125" w="1" /><ent r="102" t="125" w="4" /><ent r="100" t="125" w="12" /><ent r="3" t="125" w="20" /><ent r="65" t="125" w="24" /><ent r="3" t="125" w="158" /><ent r="3" t="135" w="294" /><ent r="65" t="138" w="55" /><ent r="4" t="138" w="86" /><ent r="4" t="138" w="93" /><ent r="3" t="138" w="119" /><ent r="64" t="189" w="433" /><ent r="4" t="189" w="815" /><ent r="4" t="189" w="849" /><ent r="3" t="189" w="859" /><ent r="4" t="191" w="111" /><ent r="4" t="191" w="125" /><ent r="4" t="194" w="61" /><ent r="4" t="199" w="92" /><ent r="65" t="199" w="101" /><ent r="1000" t="201" w="1" /><ent r="102" t="201" w="4" /><ent r="100" t="201" w="7" /><ent r="3" t="201" w="13" /><ent r="3" t="201" w="166" /><ent r="5" t="201" w="181" /><ent r="3" t="202" w="29" /><ent r="64" t="203" w="348" /><ent r="1000" t="206" w="3" /><ent r="100" t="206" w="9" /><ent r="102" t="206" w="20" /><ent r="3" t="206" w="57" /><ent r="3" t="206" w="75" /><ent r="3" t="206" w="82" /><ent r="4" t="206" w="111" /><ent r="3" t="206" w="135" /><ent r="3" t="206" w="144" /><ent r="64" t="206" w="187" /><ent r="92" t="206" w="670" /><ent r="4" t="206" w="675" /><ent r="5" t="206" w="708" /><ent r="4" t="206" w="714" /><ent r="4" t="206" w="720" /><ent r="4" t="206" w="727" /><ent r="3" t="206" w="735" /><ent r="3" t="206" w="753" /><ent r="4" t="206" w="764" /><ent r="4" t="206" w="765" /><ent r="4" t="206" w="777" /><ent r="4" t="206" w="796" /><ent r="92" t="206" w="843" /><ent r="3" t="206" w="856" /><ent r="5" t="206" w="874" /><ent r="4" t="206" w="879" /><ent r="4" t="206" w="883" /><ent r="4" t="206" w="889" /><ent r="4" t="206" w="904" /><ent r="4" t="206" w="907" /><ent r="5" t="206" w="925" /><ent r="4" t="206" w="940" /><ent r="4" t="206" w="947" /><ent r="4" t="206" w="977" /><ent r="4" t="206" w="983" /><ent r="5" t="206" w="1261" /><ent r="64" t="207" w="150" /><ent r="4" t="207" w="1108" /><ent r="4" t="207" w="1124" /><ent r="92" t="207" w="1148" /><ent r="3" t="207" w="1163" /><ent r="3" t="207" w="1171" /><ent r="4" t="207" w="1223" /><ent r="4" t="207" w="1243" /><ent r="4" t="207" w="1247" /><ent r="4" t="207" w="1344" /><ent r="4" t="209" w="61" /><ent r="64" t="209" w="378" /><ent r="92" t="209" w="817" /><ent r="3" t="209" w="843" /><ent r="3" t="209" w="850" /><ent r="5" t="209" w="886" /><ent r="4" t="209" w="891" /><ent r="4" t="209" w="897" /><ent r="4" t="209" w="937" /><ent r="4" t="209" w="947" /><ent r="4" t="209" w="957" /><ent r="3" t="209" w="1272" /><ent r="3" t="228" w="56" /><ent r="3" t="228" w="127" /><ent r="3" t="228" w="137" /><ent r="3" t="228" w="157" /><ent r="3" t="228" w="206" /><ent r="3" t="228" w="246" /><ent r="3" t="228" w="282" /><ent r="3" t="228" w="301" /><ent r="3" t="228" w="368" /><ent r="3" t="228" w="381" /><ent r="3" t="228" w="400" /><ent r="3" t="228" w="410" /><ent r="3" t="228" w="432" /><ent r="3" t="228" w="459" /><ent r="3" t="228" w="473" /><ent r="3" t="228" w="1076" /></phr><phr n="AOIs"><ent r="7" t="8" w="178" /><ent r="7" t="8" w="183" /><ent r="68" t="8" w="186" /><ent r="3" t="52" w="30" /><ent r="64" t="62" w="43" /><ent r="3" t="83" w="122" /><ent r="3" t="83" w="277" /><ent r="1000" t="85" w="2" /><ent r="100" t="85" w="5" /><ent r="102" t="85" w="11" /><ent r="4" t="85" w="15" /><ent r="4" t="85" w="24" /><ent r="3" t="85" w="28" /><ent r="4" t="85" w="39" /><ent r="4" t="85" w="53" /><ent r="4" t="85" w="72" /><ent r="3" t="85" w="103" /><ent r="3" t="85" w="120" /><ent r="3" t="128" w="38" /><ent r="4" t="191" w="113" /><ent r="4" t="191" w="130" /><ent r="3" t="201" w="23" /><ent r="3" t="206" w="118" /><ent r="3" t="206" w="129" /><ent r="3" t="206" w="147" /><ent r="3" t="206" w="151" /><ent r="3" t="206" w="1571" /><ent r="3" t="209" w="820" /><ent r="3" t="209" w="831" /><ent r="3" t="209" w="1238" /><ent r="3" t="209" w="1259" /><ent r="4" t="211" w="206" /></phr></stem></index>