<?xml version="1.0" encoding="utf-8"?><index><stem n="geo"><phr n="Geo"><ent r="3" t="4" w="100" /><ent r="64" t="4" w="235" /><ent r="1000" t="9" w="1" /><ent r="100" t="9" w="4" /><ent r="100" t="9" w="8" /><ent r="102" t="9" w="10" /><ent r="7" t="9" w="24" /><ent r="64" t="99" w="75" /><ent r="65" t="100" w="59" /><ent r="6" t="133" w="112" /><ent r="5" t="135" w="347" /><ent r="4" t="135" w="353" /><ent r="4" t="135" w="363" /><ent r="65" t="136" w="321" /><ent r="4" t="136" w="326" /><ent r="65" t="137" w="97" /><ent r="5" t="137" w="105" /><ent r="3" t="137" w="114" /><ent r="3" t="138" w="24" /><ent r="3" t="138" w="47" /><ent r="3" t="204" w="768" /><ent r="65" t="205" w="462" /><ent r="4" t="205" w="846" /><ent r="5" t="205" w="858" /><ent r="4" t="205" w="863" /><ent r="5" t="205" w="868" /><ent r="3" t="205" w="1147" /><ent r="3" t="205" w="1371" /><ent r="4" t="205" w="1773" /><ent r="5" t="205" w="1779" /><ent r="4" t="205" w="1878" /><ent r="5" t="205" w="1883" /><ent r="5" t="205" w="2338" /><ent r="4" t="205" w="2345" /><ent r="5" t="205" w="3230" /><ent r="64" t="207" w="147" /><ent r="64" t="208" w="385" /><ent r="64" t="209" w="375" /><ent r="4" t="212" w="1689" /></phr></stem><stem n="tie"><phr n="Tie"><ent r="3" t="4" w="102" /><ent r="64" t="4" w="238" /><ent r="1000" t="10" w="1" /><ent r="100" t="10" w="5" /><ent r="100" t="10" w="10" /><ent r="102" t="10" w="13" /><ent r="4" t="10" w="20" /><ent r="4" t="10" w="29" /><ent r="3" t="10" w="47" /><ent r="7" t="10" w="64" /><ent r="7" t="10" w="73" /><ent r="7" t="10" w="91" /><ent r="7" t="10" w="111" /><ent r="7" t="10" w="119" /><ent r="68" t="10" w="124" /><ent r="4" t="31" w="195" /><ent r="4" t="47" w="753" /><ent r="64" t="50" w="271" /><ent r="1000" t="59" w="1" /><ent r="102" t="59" w="6" /><ent r="100" t="59" w="11" /><ent r="100" t="59" w="17" /><ent r="3" t="59" w="22" /><ent r="3" t="59" w="35" /><ent r="4" t="59" w="77" /><ent r="5" t="59" w="129" /><ent r="3" t="59" w="208" /><ent r="3" t="59" w="240" /><ent r="4" t="80" w="93" /><ent r="1000" t="107" w="1" /><ent r="100" t="107" w="4" /><ent r="102" t="107" w="7" /><ent r="3" t="107" w="11" /><ent r="3" t="107" w="34" /><ent r="3" t="107" w="50" /><ent r="3" t="107" w="55" /><ent r="3" t="107" w="72" /><ent r="64" t="107" w="79" /><ent r="64" t="107" w="83" /><ent r="64" t="107" w="88" /><ent r="1000" t="108" w="1" /><ent r="100" t="108" w="5" /><ent r="102" t="108" w="9" /><ent r="3" t="108" w="14" /><ent r="3" t="108" w="21" /><ent r="3" t="108" w="25" /><ent r="3" t="108" w="34" /><ent r="3" t="108" w="41" /><ent r="3" t="108" w="46" /><ent r="3" t="108" w="55" /><ent r="3" t="108" w="97" /><ent r="64" t="108" w="104" /><ent r="3" t="108" w="110" /><ent r="4" t="108" w="125" /><ent r="3" t="108" w="131" /><ent r="4" t="108" w="193" /><ent r="3" t="108" w="199" /><ent r="3" t="108" w="221" /><ent r="4" t="108" w="245" /><ent r="3" t="108" w="256" /><ent r="4" t="108" w="283" /><ent r="3" t="108" w="289" /><ent r="4" t="108" w="300" /><ent r="4" t="108" w="317" /><ent r="1000" t="109" w="2" /><ent r="100" t="109" w="5" /><ent r="100" t="109" w="10" /><ent r="102" t="109" w="14" /><ent r="3" t="109" w="19" /><ent r="3" t="109" w="30" /><ent r="3" t="109" w="49" /><ent r="3" t="109" w="60" /><ent r="65" t="109" w="68" /><ent r="4" t="109" w="91" /><ent r="1000" t="181" w="1" /><ent r="100" t="181" w="6" /><ent r="100" t="181" w="12" /><ent r="102" t="181" w="16" /><ent r="3" t="181" w="23" /><ent r="3" t="181" w="35" /><ent r="4" t="181" w="65" /><ent r="4" t="181" w="82" /><ent r="3" t="181" w="100" /><ent r="4" t="196" w="205" /><ent r="5" t="196" w="222" /><ent r="3" t="196" w="234" /><ent r="3" t="196" w="255" /><ent r="4" t="196" w="268" /><ent r="4" t="196" w="301" /><ent r="3" t="196" w="317" /><ent r="3" t="196" w="335" /><ent r="64" t="196" w="343" /><ent r="1000" t="197" w="2" /><ent r="100" t="197" w="6" /><ent r="102" t="197" w="10" /><ent r="3" t="197" w="25" /><ent r="3" t="197" w="30" /><ent r="3" t="197" w="35" /><ent r="3" t="197" w="49" /><ent r="3" t="197" w="61" /><ent r="100" t="197" w="72" /><ent r="3" t="197" w="79" /><ent r="4" t="197" w="193" /><ent r="3" t="197" w="207" /><ent r="4" t="197" w="225" /><ent r="4" t="197" w="249" /><ent r="4" t="197" w="262" /><ent r="4" t="207" w="90" /><ent r="4" t="207" w="738" /><ent r="4" t="207" w="755" /><ent r="3" t="207" w="762" /><ent r="3" t="207" w="809" /><ent r="3" t="207" w="817" /><ent r="3" t="207" w="843" /><ent r="4" t="207" w="855" /><ent r="4" t="207" w="887" /><ent r="4" t="207" w="895" /><ent r="92" t="207" w="900" /><ent r="3" t="207" w="915" /><ent r="3" t="207" w="918" /><ent r="3" t="207" w="932" /><ent r="3" t="207" w="949" /><ent r="3" t="207" w="1058" /><ent r="4" t="207" w="1067" /><ent r="4" t="207" w="1081" /><ent r="3" t="207" w="1157" /><ent r="4" t="207" w="1746" /><ent r="4" t="224" w="261" /></phr></stem><stem n="(see"><phr n="(See"><ent r="3" t="4" w="104" /><ent r="3" t="120" w="160" /><ent r="3" t="122" w="175" /><ent r="3" t="205" w="1023" /><ent r="4" t="205" w="1182" /></phr></stem><stem n=":displai"><phr n=":displaying"><ent r="100" t="4" w="115" /></phr><phr n=":Display"><ent r="100" t="7" w="8" /></phr></stem><stem n="two"><phr n="two"><ent r="3" t="4" w="123" /><ent r="3" t="13" w="23" /><ent r="4" t="38" w="58" /><ent r="4" t="38" w="106" /><ent r="4" t="38" w="148" /><ent r="4" t="38" w="273" /><ent r="5" t="57" w="608" /><ent r="5" t="57" w="1043" /><ent r="3" t="69" w="346" /><ent r="3" t="73" w="27" /><ent r="3" t="73" w="42" /><ent r="4" t="73" w="301" /><ent r="3" t="83" w="34" /><ent r="7" t="84" w="138" /><ent r="4" t="85" w="21" /><ent r="3" t="98" w="16" /><ent r="3" t="100" w="27" /><ent r="3" t="107" w="18" /><ent r="3" t="107" w="43" /><ent r="4" t="108" w="183" /><ent r="3" t="117" w="23" /><ent r="3" t="127" w="37" /><ent r="3" t="142" w="230" /><ent r="3" t="142" w="245" /><ent r="3" t="148" w="17" /><ent r="3" t="173" w="301" /><ent r="3" t="174" w="293" /><ent r="3" t="175" w="50" /><ent r="3" t="175" w="290" /><ent r="5" t="182" w="640" /><ent r="3" t="185" w="268" /><ent r="3" t="189" w="218" /><ent r="3" t="195" w="119" /><ent r="4" t="196" w="51" /><ent r="3" t="196" w="246" /><ent r="3" t="197" w="42" /><ent r="4" t="197" w="177" /><ent r="4" t="199" w="351" /><ent r="3" t="200" w="21" /><ent r="4" t="200" w="304" /><ent r="4" t="204" w="1122" /><ent r="3" t="205" w="69" /><ent r="3" t="205" w="334" /><ent r="3" t="205" w="829" /><ent r="3" t="205" w="1018" /><ent r="4" t="205" w="1683" /><ent r="4" t="205" w="2407" /><ent r="4" t="205" w="2592" /><ent r="3" t="206" w="1081" /><ent r="3" t="207" w="925" /><ent r="3" t="207" w="1046" /><ent r="4" t="207" w="1348" /><ent r="3" t="207" w="1644" /><ent r="4" t="209" w="1014" /><ent r="4" t="211" w="110" /><ent r="4" t="211" w="163" /><ent r="4" t="211" w="265" /><ent r="3" t="212" w="885" /><ent r="4" t="212" w="1879" /><ent r="4" t="214" w="102" /><ent r="7" t="217" w="65" /><ent r="3" t="223" w="75" /><ent r="3" t="223" w="299" /><ent r="3" t="224" w="19" /><ent r="3" t="227" w="19" /><ent r="3" t="231" w="25" /><ent r="3" t="237" w="74" /><ent r="3" t="241" w="109" /><ent r="3" t="246" w="165" /><ent r="3" t="246" w="191" /><ent r="5" t="249" w="57" /><ent r="4" t="249" w="60" /></phr></stem><stem n="toolbox"><phr n="Toolbox"><ent r="64" t="4" w="225" /><ent r="1000" t="6" w="1" /><ent r="100" t="6" w="4" /><ent r="100" t="6" w="8" /><ent r="102" t="6" w="10" /><ent r="67" t="63" w="113" /><ent r="64" t="63" w="145" /><ent r="64" t="66" w="37" /><ent r="64" t="72" w="59" /><ent r="65" t="73" w="100" /><ent r="64" t="73" w="141" /><ent r="64" t="74" w="149" /><ent r="64" t="81" w="18" /><ent r="64" t="81" w="78" /><ent r="65" t="102" w="66" /><ent r="64" t="110" w="253" /><ent r="64" t="112" w="79" /><ent r="64" t="128" w="180" /><ent r="3" t="128" w="256" /><ent r="64" t="129" w="113" /><ent r="64" t="173" w="84" /><ent r="64" t="204" w="323" /><ent r="3" t="204" w="1197" /><ent r="4" t="204" w="1930" /><ent r="3" t="204" w="2214" /><ent r="65" t="205" w="468" /><ent r="4" t="205" w="2464" /><ent r="64" t="209" w="381" /><ent r="4" t="209" w="969" /><ent r="4" t="211" w="999" /></phr></stem><stem n="bright"><phr n="Brightness"><ent r="64" t="4" w="245" /><ent r="1000" t="12" w="1" /><ent r="100" t="12" w="4" /><ent r="100" t="12" w="7" /><ent r="100" t="12" w="11" /><ent r="102" t="12" w="13" /><ent r="7" t="12" w="26" /><ent r="7" t="12" w="64" /><ent r="6" t="12" w="93" /><ent r="5" t="57" w="614" /><ent r="5" t="57" w="1049" /><ent r="3" t="112" w="27" /><ent r="64" t="112" w="203" /><ent r="3" t="112" w="209" /><ent r="5" t="114" w="142" /><ent r="3" t="182" w="33" /><ent r="5" t="182" w="646" /><ent r="100" t="204" w="70" /><ent r="4" t="204" w="73" /><ent r="3" t="204" w="155" /><ent r="4" t="204" w="199" /><ent r="3" t="204" w="207" /><ent r="64" t="204" w="326" /><ent r="3" t="204" w="1500" /><ent r="64" t="204" w="1507" /><ent r="3" t="204" w="1513" /><ent r="92" t="204" w="1831" /><ent r="3" t="204" w="1838" /><ent r="3" t="204" w="1857" /><ent r="4" t="204" w="1869" /><ent r="5" t="204" w="1882" /><ent r="4" t="204" w="1887" /><ent r="4" t="204" w="1934" /><ent r="4" t="204" w="1954" /><ent r="4" t="204" w="1977" /><ent r="4" t="204" w="2037" /><ent r="4" t="204" w="2042" /><ent r="3" t="204" w="2075" /><ent r="5" t="204" w="2089" /><ent r="3" t="204" w="2450" /></phr><phr n="bright"><ent r="4" t="205" w="2915" /></phr></stem><stem n="measur"><phr n="Measurement"><ent r="64" t="4" w="248" /><ent r="1000" t="13" w="1" /><ent r="100" t="13" w="4" /><ent r="100" t="13" w="8" /><ent r="102" t="13" w="10" /><ent r="3" t="13" w="15" /><ent r="7" t="13" w="54" /><ent r="5" t="13" w="62" /><ent r="5" t="13" w="70" /><ent r="5" t="13" w="83" /><ent r="6" t="13" w="95" /><ent r="5" t="13" w="112" /><ent r="5" t="13" w="127" /><ent r="7" t="13" w="145" /><ent r="7" t="13" w="158" /><ent r="6" t="13" w="209" /><ent r="64" t="50" w="255" /><ent r="1000" t="55" w="1" /><ent r="100" t="55" w="5" /><ent r="100" t="55" w="10" /><ent r="102" t="55" w="13" /><ent r="3" t="55" w="18" /><ent r="64" t="55" w="31" /><ent r="4" t="55" w="74" /><ent r="5" t="55" w="124" /><ent r="4" t="55" w="153" /><ent r="4" t="55" w="172" /><ent r="4" t="55" w="187" /><ent r="6" t="63" w="120" /><ent r="67" t="63" w="123" /><ent r="67" t="63" w="126" /><ent r="64" t="203" w="326" /><ent r="1000" t="205" w="3" /><ent r="102" t="205" w="22" /><ent r="100" t="205" w="40" /><ent r="3" t="205" w="61" /><ent r="4" t="205" w="106" /><ent r="4" t="205" w="174" /><ent r="65" t="205" w="465" /><ent r="92" t="205" w="1839" /><ent r="4" t="205" w="1931" /><ent r="5" t="205" w="1948" /><ent r="4" t="205" w="1953" /><ent r="4" t="205" w="1957" /><ent r="4" t="205" w="2002" /><ent r="4" t="205" w="2014" /><ent r="6" t="240" w="156" /><ent r="64" t="243" w="13" /><ent r="64" t="244" w="13" /><ent r="3" t="244" w="26" /></phr><phr n="measure"><ent r="3" t="13" w="18" /><ent r="3" t="25" w="139" /><ent r="3" t="46" w="55" /><ent r="4" t="91" w="119" /><ent r="3" t="169" w="15" /><ent r="3" t="205" w="56" /><ent r="4" t="205" w="1991" /><ent r="3" t="248" w="319" /></phr><phr n="measurements"><ent r="7" t="13" w="164" /><ent r="7" t="13" w="193" /><ent r="3" t="243" w="35" /><ent r="3" t="244" w="32" /></phr><phr n="measured"><ent r="3" t="47" w="303" /><ent r="3" t="91" w="41" /><ent r="3" t="246" w="381" /><ent r="3" t="247" w="21" /></phr><phr n="measurable"><ent r="3" t="246" w="350" /></phr></stem><stem n="anim"><phr n="Animation"><ent r="64" t="4" w="251" /><ent r="1000" t="14" w="1" /><ent r="102" t="14" w="4" /><ent r="100" t="14" w="7" /><ent r="100" t="14" w="9" /><ent r="100" t="14" w="13" /><ent r="3" t="14" w="17" /><ent r="3" t="14" w="29" /><ent r="4" t="14" w="37" /><ent r="4" t="14" w="51" /><ent r="3" t="14" w="61" /><ent r="4" t="14" w="74" /><ent r="6" t="14" w="80" /><ent r="7" t="14" w="86" /><ent r="7" t="14" w="118" /><ent r="7" t="14" w="133" /><ent r="7" t="14" w="142" /><ent r="7" t="14" w="152" /><ent r="6" t="14" w="161" /><ent r="6" t="14" w="171" /><ent r="67" t="14" w="230" /><ent r="7" t="14" w="260" /><ent r="6" t="14" w="268" /><ent r="67" t="14" w="278" /><ent r="67" t="14" w="290" /><ent r="6" t="14" w="294" /><ent r="5" t="14" w="309" /><ent r="66" t="14" w="312" /><ent r="6" t="14" w="324" /><ent r="4" t="38" w="38" /><ent r="66" t="45" w="154" /><ent r="5" t="45" w="165" /><ent r="66" t="45" w="174" /><ent r="1000" t="46" w="1" /><ent r="102" t="46" w="4" /><ent r="100" t="46" w="7" /><ent r="3" t="46" w="11" /><ent r="3" t="46" w="21" /><ent r="64" t="46" w="30" /><ent r="3" t="46" w="35" /><ent r="3" t="46" w="60" /><ent r="3" t="46" w="68" /><ent r="5" t="46" w="110" /><ent r="3" t="46" w="114" /><ent r="4" t="46" w="122" /><ent r="4" t="46" w="139" /><ent r="4" t="46" w="146" /><ent r="3" t="46" w="164" /><ent r="3" t="46" w="180" /><ent r="4" t="46" w="192" /><ent r="4" t="46" w="200" /><ent r="3" t="46" w="220" /><ent r="64" t="46" w="224" /><ent r="3" t="46" w="254" /><ent r="64" t="102" w="317" /><ent r="3" t="137" w="56" /><ent r="3" t="137" w="64" /><ent r="5" t="137" w="177" /><ent r="4" t="137" w="183" /><ent r="4" t="137" w="207" /><ent r="3" t="137" w="252" /><ent r="3" t="137" w="258" /><ent r="64" t="137" w="266" /><ent r="3" t="138" w="28" /><ent r="3" t="138" w="36" /><ent r="3" t="138" w="51" /><ent r="1000" t="166" w="2" /><ent r="102" t="166" w="5" /><ent r="100" t="166" w="8" /><ent r="100" t="166" w="10" /><ent r="3" t="166" w="16" /><ent r="4" t="166" w="34" /><ent r="5" t="166" w="60" /><ent r="3" t="166" w="66" /><ent r="64" t="166" w="80" /><ent r="3" t="166" w="84" /><ent r="3" t="166" w="91" /><ent r="3" t="166" w="99" /><ent r="3" t="166" w="109" /><ent r="64" t="166" w="118" /><ent r="3" t="166" w="132" /><ent r="64" t="166" w="144" /><ent r="64" t="166" w="188" /><ent r="64" t="166" w="191" /><ent r="1000" t="167" w="2" /><ent r="102" t="167" w="5" /><ent r="100" t="167" w="7" /><ent r="100" t="167" w="11" /><ent r="4" t="167" w="18" /><ent r="64" t="167" w="23" /><ent r="3" t="167" w="72" /><ent r="64" t="167" w="126" /><ent r="64" t="167" w="137" /><ent r="1000" t="168" w="2" /><ent r="102" t="168" w="5" /><ent r="100" t="168" w="7" /><ent r="100" t="168" w="11" /><ent r="4" t="168" w="16" /><ent r="64" t="168" w="55" /><ent r="64" t="168" w="58" /><ent r="3" t="169" w="20" /><ent r="3" t="169" w="28" /><ent r="64" t="170" w="18" /><ent r="3" t="170" w="29" /><ent r="64" t="170" w="49" /><ent r="3" t="170" w="60" /><ent r="4" t="170" w="71" /><ent r="4" t="170" w="90" /><ent r="3" t="170" w="120" /><ent r="64" t="170" w="135" /><ent r="3" t="171" w="16" /><ent r="3" t="171" w="34" /><ent r="4" t="171" w="68" /><ent r="64" t="171" w="102" /><ent r="1000" t="172" w="1" /><ent r="100" t="172" w="4" /><ent r="102" t="172" w="7" /><ent r="3" t="172" w="10" /><ent r="3" t="172" w="21" /><ent r="3" t="172" w="56" /><ent r="4" t="172" w="75" /><ent r="4" t="172" w="81" /><ent r="65" t="172" w="100" /><ent r="4" t="172" w="127" /><ent r="4" t="172" w="145" /><ent r="4" t="172" w="176" /><ent r="3" t="172" w="186" /><ent r="4" t="172" w="208" /><ent r="6" t="172" w="219" /><ent r="4" t="172" w="236" /><ent r="4" t="172" w="258" /><ent r="4" t="172" w="363" /><ent r="3" t="172" w="386" /><ent r="3" t="172" w="399" /><ent r="3" t="172" w="477" /><ent r="3" t="172" w="482" /><ent r="3" t="172" w="505" /><ent r="3" t="172" w="513" /><ent r="3" t="172" w="534" /><ent r="3" t="172" w="582" /><ent r="3" t="172" w="605" /><ent r="3" t="172" w="613" /><ent r="3" t="172" w="656" /><ent r="3" t="172" w="679" /><ent r="3" t="172" w="687" /><ent r="1000" t="216" w="1" /><ent r="102" t="216" w="4" /><ent r="100" t="216" w="7" /><ent r="3" t="216" w="11" /><ent r="6" t="216" w="29" /><ent r="6" t="216" w="36" /><ent r="6" t="216" w="54" /><ent r="6" t="216" w="75" /><ent r="5" t="217" w="199" /><ent r="5" t="217" w="208" /><ent r="3" t="229" w="162" /><ent r="3" t="233" w="167" /><ent r="3" t="235" w="29" /><ent r="4" t="235" w="153" /><ent r="5" t="236" w="71" /></phr><phr n="animate"><ent r="7" t="14" w="367" /><ent r="7" t="14" w="404" /><ent r="7" t="14" w="474" /><ent r="3" t="169" w="48" /><ent r="3" t="169" w="108" /></phr><phr n="Animations"><ent r="3" t="102" w="89" /><ent r="92" t="102" w="309" /><ent r="3" t="102" w="320" /><ent r="3" t="137" w="17" /><ent r="4" t="167" w="45" /><ent r="4" t="167" w="99" /><ent r="6" t="168" w="29" /><ent r="3" t="170" w="46" /><ent r="4" t="170" w="81" /><ent r="5" t="171" w="58" /></phr></stem><stem n="geograph"><phr n="Geographic"><ent r="64" t="4" w="258" /><ent r="1000" t="16" w="1" /><ent r="102" t="16" w="5" /><ent r="100" t="16" w="9" /><ent r="64" t="16" w="20" /><ent r="5" t="29" w="334" /><ent r="5" t="30" w="31" /><ent r="3" t="30" w="51" /><ent r="65" t="30" w="473" /><ent r="5" t="30" w="483" /><ent r="4" t="39" w="126" /><ent r="65" t="39" w="133" /><ent r="3" t="47" w="739" /><ent r="1000" t="139" w="1" /><ent r="102" t="139" w="4" /><ent r="6" t="139" w="10" /><ent r="100" t="139" w="21" /><ent r="3" t="139" w="24" /><ent r="3" t="139" w="78" /><ent r="4" t="139" w="83" /><ent r="3" t="139" w="99" /><ent r="4" t="139" w="104" /><ent r="3" t="139" w="126" /><ent r="92" t="139" w="167" /><ent r="3" t="139" w="174" /><ent r="3" t="139" w="181" /><ent r="4" t="139" w="187" /><ent r="4" t="139" w="189" /><ent r="3" t="139" w="198" /><ent r="64" t="139" w="205" /><ent r="1000" t="140" w="1" /><ent r="102" t="140" w="5" /><ent r="100" t="140" w="9" /><ent r="3" t="140" w="16" /><ent r="3" t="140" w="23" /><ent r="4" t="140" w="29" /><ent r="4" t="140" w="31" /><ent r="3" t="140" w="40" /><ent r="3" t="140" w="62" /><ent r="64" t="140" w="121" /><ent r="3" t="142" w="84" /><ent r="3" t="208" w="101" /><ent r="3" t="208" w="121" /><ent r="64" t="208" w="391" /><ent r="4" t="208" w="778" /><ent r="5" t="208" w="790" /><ent r="4" t="208" w="796" /><ent r="5" t="208" w="803" /><ent r="3" t="209" w="91" /><ent r="3" t="209" w="111" /><ent r="3" t="209" w="821" /><ent r="1000" t="221" w="1" /><ent r="102" t="221" w="5" /><ent r="7" t="222" w="409" /><ent r="3" t="224" w="247" /></phr><phr n="geographical"><ent r="3" t="107" w="31" /><ent r="3" t="137" w="35" /></phr></stem><stem n=":standard"><phr n=":Standard"><ent r="100" t="5" w="8" /></phr></stem><stem n="(if"><phr n="(if"><ent r="7" t="5" w="22" /><ent r="7" t="14" w="96" /><ent r="7" t="14" w="105" /><ent r="4" t="95" w="112" /><ent r="3" t="146" w="252" /><ent r="4" t="155" w="214" /><ent r="4" t="191" w="112" /><ent r="4" t="205" w="1060" /><ent r="4" t="206" w="600" /><ent r="6" t="240" w="540" /><ent r="4" t="242" w="93" /><ent r="4" t="242" w="105" /><ent r="6" t="250" w="49" /><ent r="6" t="250" w="55" /><ent r="6" t="252" w="64" /><ent r="6" t="252" w="70" /><ent r="6" t="253" w="61" /><ent r="6" t="253" w="67" /></phr></stem><stem n="if"><phr n="if"><ent r="7" t="5" w="22" /><ent r="3" t="8" w="19" /><ent r="3" t="8" w="28" /><ent r="4" t="10" w="27" /><ent r="4" t="11" w="18" /><ent r="4" t="11" w="27" /><ent r="3" t="14" w="56" /><ent r="7" t="14" w="96" /><ent r="7" t="14" w="105" /><ent r="4" t="17" w="140" /><ent r="3" t="17" w="162" /><ent r="3" t="17" w="214" /><ent r="3" t="18" w="68" /><ent r="3" t="18" w="177" /><ent r="3" t="20" w="133" /><ent r="3" t="20" w="323" /><ent r="4" t="20" w="398" /><ent r="3" t="21" w="22" /><ent r="3" t="22" w="60" /><ent r="3" t="22" w="79" /><ent r="4" t="22" w="248" /><ent r="4" t="22" w="362" /><ent r="3" t="23" w="72" /><ent r="3" t="23" w="106" /><ent r="3" t="26" w="50" /><ent r="3" t="26" w="136" /><ent r="3" t="26" w="153" /><ent r="3" t="26" w="168" /><ent r="3" t="26" w="184" /><ent r="3" t="26" w="198" /><ent r="3" t="27" w="36" /><ent r="3" t="29" w="20" /><ent r="4" t="29" w="77" /><ent r="4" t="29" w="241" /><ent r="3" t="30" w="90" /><ent r="3" t="30" w="169" /><ent r="3" t="30" w="182" /><ent r="4" t="30" w="257" /><ent r="4" t="30" w="307" /><ent r="3" t="30" w="360" /><ent r="3" t="33" w="62" /><ent r="4" t="36" w="262" /><ent r="3" t="36" w="299" /><ent r="4" t="36" w="333" /><ent r="4" t="36" w="522" /><ent r="4" t="36" w="548" /><ent r="4" t="37" w="71" /><ent r="3" t="40" w="56" /><ent r="4" t="41" w="88" /><ent r="3" t="46" w="157" /><ent r="3" t="47" w="124" /><ent r="3" t="47" w="181" /><ent r="3" t="47" w="200" /><ent r="3" t="47" w="235" /><ent r="3" t="47" w="312" /><ent r="3" t="47" w="369" /><ent r="3" t="47" w="388" /><ent r="3" t="47" w="482" /><ent r="3" t="47" w="539" /><ent r="3" t="47" w="558" /><ent r="3" t="47" w="625" /><ent r="3" t="47" w="682" /><ent r="3" t="47" w="701" /><ent r="3" t="48" w="180" /><ent r="4" t="50" w="76" /><ent r="4" t="50" w="153" /><ent r="3" t="50" w="184" /><ent r="3" t="52" w="211" /><ent r="4" t="57" w="222" /><ent r="4" t="57" w="233" /><ent r="4" t="57" w="263" /><ent r="5" t="57" w="396" /><ent r="5" t="57" w="831" /><ent r="3" t="58" w="242" /><ent r="3" t="59" w="220" /><ent r="3" t="69" w="42" /><ent r="3" t="69" w="496" /><ent r="3" t="69" w="597" /><ent r="3" t="69" w="679" /><ent r="3" t="74" w="72" /><ent r="5" t="74" w="383" /><ent r="5" t="74" w="417" /><ent r="4" t="74" w="630" /><ent r="3" t="75" w="63" /><ent r="4" t="76" w="86" /><ent r="3" t="76" w="117" /><ent r="4" t="77" w="24" /><ent r="3" t="77" w="91" /><ent r="4" t="78" w="91" /><ent r="4" t="79" w="54" /><ent r="3" t="81" w="31" /><ent r="3" t="82" w="89" /><ent r="4" t="83" w="209" /><ent r="3" t="88" w="68" /><ent r="3" t="91" w="44" /><ent r="3" t="91" w="53" /><ent r="4" t="95" w="112" /><ent r="4" t="99" w="207" /><ent r="4" t="104" w="70" /><ent r="3" t="104" w="101" /><ent r="4" t="113" w="61" /><ent r="3" t="115" w="108" /><ent r="5" t="116" w="369" /><ent r="5" t="116" w="398" /><ent r="4" t="120" w="128" /><ent r="3" t="125" w="154" /><ent r="3" t="126" w="19" /><ent r="3" t="126" w="52" /><ent r="4" t="130" w="184" /><ent r="4" t="130" w="232" /><ent r="5" t="133" w="135" /><ent r="5" t="133" w="140" /><ent r="3" t="134" w="395" /><ent r="4" t="134" w="528" /><ent r="4" t="135" w="361" /><ent r="3" t="136" w="416" /><ent r="3" t="136" w="433" /><ent r="3" t="136" w="448" /><ent r="3" t="136" w="464" /><ent r="3" t="136" w="478" /><ent r="4" t="136" w="528" /><ent r="4" t="137" w="122" /><ent r="4" t="137" w="188" /><ent r="3" t="137" w="246" /><ent r="3" t="140" w="60" /><ent r="3" t="141" w="26" /><ent r="3" t="141" w="49" /><ent r="3" t="142" w="45" /><ent r="3" t="142" w="155" /><ent r="3" t="142" w="213" /><ent r="3" t="142" w="227" /><ent r="3" t="142" w="247" /><ent r="3" t="144" w="362" /><ent r="7" t="145" w="34" /><ent r="7" t="145" w="48" /><ent r="3" t="146" w="252" /><ent r="4" t="149" w="63" /><ent r="3" t="150" w="90" /><ent r="3" t="151" w="123" /><ent r="3" t="151" w="149" /><ent r="3" t="152" w="105" /><ent r="3" t="152" w="478" /><ent r="3" t="153" w="53" /><ent r="3" t="154" w="660" /><ent r="3" t="154" w="849" /><ent r="3" t="154" w="870" /><ent r="4" t="155" w="170" /><ent r="4" t="155" w="214" /><ent r="3" t="157" w="99" /><ent r="3" t="157" w="178" /><ent r="3" t="157" w="207" /><ent r="3" t="158" w="113" /><ent r="3" t="158" w="139" /><ent r="3" t="160" w="72" /><ent r="3" t="160" w="171" /><ent r="3" t="161" w="46" /><ent r="3" t="161" w="71" /><ent r="3" t="166" w="148" /><ent r="3" t="169" w="188" /><ent r="3" t="172" w="49" /><ent r="3" t="174" w="52" /><ent r="3" t="174" w="252" /><ent r="3" t="174" w="896" /><ent r="3" t="174" w="1036" /><ent r="3" t="174" w="1140" /><ent r="3" t="175" w="779" /><ent r="3" t="176" w="154" /><ent r="3" t="178" w="59" /><ent r="3" t="180" w="306" /><ent r="5" t="182" w="433" /><ent r="3" t="185" w="289" /><ent r="3" t="185" w="304" /><ent r="3" t="186" w="50" /><ent r="3" t="188" w="94" /><ent r="3" t="188" w="108" /><ent r="3" t="189" w="220" /><ent r="3" t="189" w="241" /><ent r="3" t="189" w="255" /><ent r="3" t="189" w="436" /><ent r="3" t="189" w="550" /><ent r="3" t="189" w="820" /><ent r="3" t="189" w="845" /><ent r="3" t="189" w="942" /><ent r="3" t="189" w="986" /><ent r="3" t="189" w="1036" /><ent r="3" t="190" w="82" /><ent r="3" t="190" w="103" /><ent r="4" t="191" w="112" /><ent r="3" t="192" w="554" /><ent r="3" t="192" w="601" /><ent r="4" t="193" w="218" /><ent r="3" t="193" w="233" /><ent r="3" t="193" w="252" /><ent r="3" t="195" w="53" /><ent r="4" t="196" w="104" /><ent r="4" t="196" w="262" /><ent r="3" t="196" w="312" /><ent r="3" t="196" w="328" /><ent r="4" t="197" w="109" /><ent r="3" t="197" w="203" /><ent r="4" t="197" w="264" /><ent r="3" t="198" w="70" /><ent r="3" t="198" w="89" /><ent r="4" t="199" w="191" /><ent r="4" t="199" w="249" /><ent r="4" t="199" w="305" /><ent r="3" t="200" w="79" /><ent r="4" t="200" w="339" /><ent r="4" t="200" w="366" /><ent r="4" t="200" w="396" /><ent r="3" t="204" w="1224" /><ent r="3" t="204" w="1246" /><ent r="3" t="204" w="1369" /><ent r="3" t="204" w="1380" /><ent r="3" t="204" w="1392" /><ent r="3" t="205" w="185" /><ent r="3" t="205" w="977" /><ent r="4" t="205" w="1060" /><ent r="3" t="205" w="1081" /><ent r="4" t="205" w="1207" /><ent r="3" t="205" w="1439" /><ent r="3" t="205" w="1448" /><ent r="3" t="205" w="1542" /><ent r="4" t="205" w="2243" /><ent r="3" t="205" w="2268" /><ent r="4" t="205" w="2564" /><ent r="4" t="205" w="2574" /><ent r="4" t="205" w="2652" /><ent r="4" t="206" w="600" /><ent r="3" t="206" w="1112" /><ent r="4" t="206" w="1273" /><ent r="4" t="206" w="1331" /><ent r="4" t="206" w="1428" /><ent r="3" t="206" w="1447" /><ent r="3" t="207" w="126" /><ent r="3" t="207" w="694" /><ent r="3" t="207" w="776" /><ent r="4" t="207" w="1194" /><ent r="3" t="207" w="1400" /><ent r="3" t="207" w="1420" /><ent r="3" t="207" w="1483" /><ent r="4" t="207" w="1777" /><ent r="3" t="208" w="370" /><ent r="3" t="208" w="853" /><ent r="3" t="208" w="1063" /><ent r="3" t="209" w="360" /><ent r="3" t="209" w="795" /><ent r="3" t="212" w="779" /><ent r="3" t="212" w="837" /><ent r="3" t="212" w="961" /><ent r="6" t="212" w="1186" /><ent r="3" t="212" w="1505" /><ent r="3" t="212" w="1524" /><ent r="4" t="212" w="1791" /><ent r="3" t="213" w="1070" /><ent r="3" t="213" w="1368" /><ent r="4" t="213" w="1449" /><ent r="4" t="215" w="123" /><ent r="4" t="219" w="147" /><ent r="3" t="221" w="59" /><ent r="3" t="221" w="76" /><ent r="7" t="222" w="394" /><ent r="7" t="222" w="458" /><ent r="4" t="223" w="194" /><ent r="3" t="223" w="231" /><ent r="4" t="223" w="265" /><ent r="4" t="223" w="327" /><ent r="4" t="224" w="125" /><ent r="3" t="224" w="162" /><ent r="4" t="224" w="196" /><ent r="4" t="225" w="84" /><ent r="3" t="225" w="121" /><ent r="4" t="225" w="155" /><ent r="3" t="225" w="208" /><ent r="3" t="225" w="282" /><ent r="4" t="227" w="123" /><ent r="3" t="227" w="160" /><ent r="4" t="227" w="194" /><ent r="3" t="227" w="244" /><ent r="3" t="227" w="262" /><ent r="3" t="228" w="131" /><ent r="3" t="228" w="154" /><ent r="3" t="228" w="289" /><ent r="3" t="228" w="425" /><ent r="3" t="228" w="451" /><ent r="3" t="228" w="804" /><ent r="4" t="229" w="32" /><ent r="4" t="229" w="52" /><ent r="4" t="229" w="94" /><ent r="3" t="232" w="169" /><ent r="4" t="233" w="37" /><ent r="4" t="233" w="57" /><ent r="4" t="233" w="99" /><ent r="3" t="237" w="272" /><ent r="3" t="237" w="455" /><ent r="3" t="237" w="507" /><ent r="3" t="237" w="516" /><ent r="4" t="237" w="592" /><ent r="6" t="240" w="45" /><ent r="6" t="240" w="54" /><ent r="6" t="240" w="540" /><ent r="3" t="241" w="38" /><ent r="3" t="241" w="69" /><ent r="3" t="242" w="63" /><ent r="4" t="242" w="93" /><ent r="4" t="242" w="105" /><ent r="4" t="242" w="181" /><ent r="4" t="242" w="263" /><ent r="4" t="242" w="331" /><ent r="4" t="245" w="31" /><ent r="3" t="246" w="526" /><ent r="3" t="247" w="87" /><ent r="3" t="247" w="163" /><ent r="3" t="248" w="132" /><ent r="3" t="248" w="202" /><ent r="4" t="248" w="549" /><ent r="3" t="248" w="594" /><ent r="4" t="248" w="720" /><ent r="4" t="248" w="734" /><ent r="4" t="249" w="87" /><ent r="4" t="249" w="179" /><ent r="6" t="250" w="49" /><ent r="6" t="250" w="55" /><ent r="6" t="252" w="64" /><ent r="6" t="252" w="70" /><ent r="7" t="252" w="86" /><ent r="7" t="252" w="100" /><ent r="7" t="252" w="122" /><ent r="7" t="252" w="136" /><ent r="7" t="252" w="199" /><ent r="7" t="252" w="213" /><ent r="6" t="253" w="61" /><ent r="6" t="253" w="67" /></phr></stem></index>